commodity_name,market_name,arrival_date,modal_price
Alasande+Gram,Bagalakot,22-05-2019,46.46
Alasande+Gram,Bangalore,22-05-2019,50.5
Alasande+Gram,Laxmeshwar,22-05-2019,36.54
Antawala,Chikkamagalore,22-05-2019,20
Arhar+Dal(Tur+Dal),Bangalore,22-05-2019,83
Arhar+Dal(Tur+Dal),Mysore (Bandipalya),22-05-2019,86
Arhar+Dal(Tur+Dal),Shimoga,22-05-2019,91.5
Avare+Dal,Bangalore,22-05-2019,42
Banana,Channapatana,22-05-2019,9
Beans,Chikkamagalore,22-05-2019,50
Beans,Kolar,22-05-2019,85
Beans,Ramanagara,22-05-2019,75
Beetroot,Chikkamagalore,22-05-2019,10
Beetroot,Honnali,22-05-2019,11
Beetroot,Kolar,22-05-2019,19
Black+pepper,Chikkamagalore,22-05-2019,238.6
Black+pepper,Gonikappal,22-05-2019,270
Bottle+gourd,Kolar,22-05-2019,1.3
Brinjal,Honnali,22-05-2019,5
Brinjal,Kolar,22-05-2019,11
Brinjal,Ramanagara,22-05-2019,30
Cabbage,Honnali,22-05-2019,12
Cabbage,Kolar,22-05-2019,12
Cabbage,Ramanagara,22-05-2019,26
Capsicum,Kolar,22-05-2019,23
Carrot,Kolar,22-05-2019,33
Cashewnuts,Kundapura,22-05-2019,105.57
Cauliflower,Chikkamagalore,22-05-2019,10.58
Cauliflower,Kolar,22-05-2019,20
Chapparad+Avare,Kolar,22-05-2019,27
Chennangi+Dal,Bangalore,22-05-2019,56
Chili+Red,Shimoga,22-05-2019,117.5
Chilly+Capsicum,Kolar,22-05-2019,42
Chilly+Capsicum,Ramanagara,22-05-2019,51
Coconut,Arasikere,22-05-2019,160
Coconut,Bangalore,22-05-2019,170
Coconut,Honnali,22-05-2019,130
Coconut,Kadur,22-05-2019,122
Coconut,Kanakapura,22-05-2019,100
Coconut,Kundapura,22-05-2019,161.31
Copra,Tiptur,22-05-2019,150
Cotton,Bijapur,22-05-2019,63.37
Cotton,Dharwar,22-05-2019,62.3
Cotton,Raichur,22-05-2019,59.62
Cucumbar(Kheera),Bangarpet,22-05-2019,1.8
Cucumbar(Kheera),Channapatana,22-05-2019,10
Cucumbar(Kheera),Honnali,22-05-2019,12
Cucumbar(Kheera),Kolar,22-05-2019,4
Cucumbar(Kheera),Ramanagara,22-05-2019,24
Dry+Chillies,Bangalore,22-05-2019,98
Dry+Chillies,Hubli (Amaragol),22-05-2019,31
Dry+Chillies,Sindhanur,22-05-2019,90
Elephant+Yam+(Suran),Arasikere,22-05-2019,19
Garlic,Bangalore,22-05-2019,64
Garlic,Mysore (Bandipalya),22-05-2019,65
Ginger(Green),Bangalore,22-05-2019,71
Ginger(Green),Hirekerur,22-05-2019,25
Ginger(Green),Ramanagara,22-05-2019,125
Grapes,Kolar,22-05-2019,15.83
Green+Chilli,Chikkamagalore,22-05-2019,28.57
Green+Chilli,Davangere,22-05-2019,32.5
Green+Chilli,Kolar,22-05-2019,45
Green+Chilli,Ramanagara,22-05-2019,45
Green+Peas,Bangalore,22-05-2019,77
Ground+Nut+Seed,Bangalore,22-05-2019,95
Ground+Nut+Seed,Hiriyur,22-05-2019,87.53
Groundnut,Bagalakot,22-05-2019,52.82
Groundnut,Bangalore,22-05-2019,51.5
Groundnut,Bellary,22-05-2019,58.62
Groundnut,Chitradurga,22-05-2019,54.38
Groundnut,Davangere,22-05-2019,46.53
Groundnut,Gadag,22-05-2019,39.58
Groundnut,Hubli (Amaragol),22-05-2019,42.99
Groundnut,Laxmeshwar,22-05-2019,48.11
Groundnut,Mundaragi,22-05-2019,58.15
Groundnut,Raichur,22-05-2019,55.89
Groundnut,Savanur,22-05-2019,57
Gur(Jaggery),Bangalore,22-05-2019,43
Gur(Jaggery),Bangarpet,22-05-2019,32
Gur(Jaggery),Basava Kalayana,22-05-2019,28
Gur(Jaggery),Mandya,22-05-2019,34
Gur(Jaggery),Mhalingapur,22-05-2019,31.25
Jowar(Sorghum),Bangalore,22-05-2019,25.5
Jowar(Sorghum),Basava Kalayana,22-05-2019,32
Jowar(Sorghum),Bellary,22-05-2019,23.35
Jowar(Sorghum),Bidar,22-05-2019,35
Jowar(Sorghum),Dharwar,22-05-2019,27
Jowar(Sorghum),Gadag,22-05-2019,24.15
Jowar(Sorghum),Manvi,22-05-2019,10.5
Jowar(Sorghum),Sindhanur,22-05-2019,15.5
Knool+Khol,Chikkamagalore,22-05-2019,12.06
Knool+Khol,Kolar,22-05-2019,13
Kulthi(Horse+Gram),Bangalore,22-05-2019,38
Maize,Bagalakot,22-05-2019,22
Maize,Bangalore,22-05-2019,26
Maize,Bellary,22-05-2019,22.78
Maize,Chitradurga,22-05-2019,21.39
Maize,Davangere,22-05-2019,21.09
Maize,Dharwar,22-05-2019,22.25
Maize,Gadag,22-05-2019,21.34
Maize,Hanagal,22-05-2019,20
Maize,Hirekerur,22-05-2019,20.1
Maize,Honnali,22-05-2019,19.8
Maize,Kudchi,22-05-2019,28
Maize,Mundaragi,22-05-2019,23.23
Maize,Shikaripura,22-05-2019,20
Maize,Sorabha,22-05-2019,20
Mango,Kolar,22-05-2019,15
Mango,Srinivasapur,22-05-2019,12.69
Mango+(Raw-Ripe),Tarikere,22-05-2019,4
Mustard,Bangalore,22-05-2019,51
Onion,Bagepalli,22-05-2019,11.7
Onion,Bangalore,22-05-2019,9
Onion,Chikkamagalore,22-05-2019,11.53
Onion,Davangere,22-05-2019,9
Onion,Hubli (Amaragol),22-05-2019,7.5
Onion,Kolar,22-05-2019,15.38
Onion,Mysore (Bandipalya),22-05-2019,12
Onion,Raichur,22-05-2019,4.49
Paddy(Dhan)(Common),Bangarpet,22-05-2019,16.8
Paddy(Dhan)(Common),Bhadravathi,22-05-2019,16
Paddy(Dhan)(Common),Channagiri,22-05-2019,17
Paddy(Dhan)(Common),Davangere,22-05-2019,18.7
Paddy(Dhan)(Common),Dharwar,22-05-2019,17
Paddy(Dhan)(Common),Haliyala,22-05-2019,17.5
Paddy(Dhan)(Common),Hanagal,22-05-2019,17
Paddy(Dhan)(Common),Harihara,22-05-2019,17.5
Paddy(Dhan)(Common),Kundapura,22-05-2019,19
Paddy(Dhan)(Common),Mysore (Bandipalya),22-05-2019,15.78
Paddy(Dhan)(Common),Nanjangud,22-05-2019,17.5
Paddy(Dhan)(Common),Raichur,22-05-2019,18.88
Paddy(Dhan)(Common),Shikaripura,22-05-2019,15
Papaya,Ramanagara,22-05-2019,19
Potato,Bagepalli,22-05-2019,12.5
Potato,Bangalore,22-05-2019,12
Potato,Chikkamagalore,22-05-2019,13.27
Potato,Hubli (Amaragol),22-05-2019,12
Potato,Mysore (Bandipalya),22-05-2019,12.5
Raddish,Chikkamagalore,22-05-2019,10
Raddish,Kolar,22-05-2019,9
Raddish,Ramanagara,22-05-2019,22
Ragi+(Finger+Millet),Arasikere,22-05-2019,22.9
Ragi+(Finger+Millet),Bangalore,22-05-2019,31.5
Ragi+(Finger+Millet),Kadur,22-05-2019,25
Ragi+(Finger+Millet),Mandya,22-05-2019,24
Ragi+(Finger+Millet),Mysore (Bandipalya),22-05-2019,23.26
Ragi+(Finger+Millet),Piriya Pattana,22-05-2019,23
Rice,Bangalore,22-05-2019,45.5
Rice,Bangarpet,22-05-2019,29.5
Rice,Bidar,22-05-2019,45
Rice,Gangavathi,22-05-2019,18.2
Rice,Kolar,22-05-2019,58.68
Rice,Mysore (Bandipalya),22-05-2019,51
Rice,Nippani,22-05-2019,35
Rice,Shikaripura,22-05-2019,15
Rice,Shimoga,22-05-2019,27.5
Rice,Sindhanur,22-05-2019,43
Ridgeguard(Tori),Chikkamagalore,22-05-2019,19.56
Ridgeguard(Tori),Kolar,22-05-2019,45
Safflower,Gadag,22-05-2019,43.1
Soyabean,Bidar,22-05-2019,36.2
Soyabean,Dharwar,22-05-2019,35.7
Soyabean,Hanagal,22-05-2019,35.97
Suvarna+Gadde,Somvarpet,22-05-2019,10
Tamarind+Fruit,Bagepalli,22-05-2019,95.5
Tamarind+Fruit,Bangalore,22-05-2019,80
Tamarind+Fruit,Shimoga,22-05-2019,95
Tender+Coconut,K.R. Pet,22-05-2019,80
Tender+Coconut,Mandya,22-05-2019,100
Tomato,Bagepalli,22-05-2019,38.4
Tomato,Bangarpet,22-05-2019,17.5
Tomato,Channapatana,22-05-2019,20
Tomato,Chikkamagalore,22-05-2019,24.07
Tomato,Davangere,22-05-2019,38.25
Tomato,Kolar,22-05-2019,18.33
Tomato,Ramanagara,22-05-2019,37.5
Tomato,Srinivasapur,22-05-2019,23.73
Turmeric,Bangalore,22-05-2019,112.5
Turmeric,Nippani,22-05-2019,47
Wheat,Bangalore,22-05-2019,29
Wheat,Basava Kalayana,22-05-2019,21
Wheat,Bidar,22-05-2019,26
Wheat,Gadag,22-05-2019,24.54
Wheat,Mysore (Bandipalya),22-05-2019,27.5
Wheat,Shimoga,22-05-2019,29
Alasande+Gram,Dharwar,23-05-2019,48
Alasande+Gram,Laxmeshwar,24-05-2019,40.96
Brinjal,Honnali,23-05-2019,5.8
Brinjal,Ramanagara,23-05-2019,22
Beans,Kolar,23-05-2019,73
Cabbage,Honnali,23-05-2019,12.5
Cabbage,Ramanagara,23-05-2019,22
Beans,Ramanagara,23-05-2019,65
Chilly+Capsicum,Ramanagara,23-05-2019,44
Maize,Haliyala,23-05-2019,18
Maize,Honnali,23-05-2019,19.8
Coconut,Kanakapura,23-05-2019,140
Mango,Madhugiri,23-05-2019,10
Black+pepper,Somvarpet,23-05-2019,325
Corriander+seed,Bangalore,23-05-2019,91
Corriander+seed,Gowribidanoor,23-05-2019,75
Cotton,Manvi,23-05-2019,60
Cucumbar(Kheera),Honnali,23-05-2019,12
Paddy(Dhan)(Common),Haliyala,23-05-2019,18
Paddy(Dhan)(Common),Harihara,23-05-2019,17.75
Paddy(Dhan)(Common),Lingasugur,23-05-2019,27.5
Papaya,Ramanagara,23-05-2019,20
Drumstick,Ramanagara,23-05-2019,32
Dry+Chillies,Bangalore,23-05-2019,141.5
Tamarind+Fruit,Chintamani,23-05-2019,40
Tomato,Chintamani,23-05-2019,21.33
Tomato,Ramanagara,23-05-2019,40
Jowar(Sorghum),Manvi,23-05-2019,13.5
Tender+Coconut,Hunsur,23-05-2019,0.12
Soyabean,Bangalore,23-05-2019,46
Kulthi(Horse+Gram),Chintamani,23-05-2019,36
Ginger(Green),Hunsur,23-05-2019,30
Alasande+Gram,Laxmeshwar,27-05-2019,40.7
Rice,Chintamani,23-05-2019,44
Rice,Gowribidanoor,23-05-2019,20
Black+pepper,Chikkamagalore,23-05-2019,226.62
Gur(Jaggery),Kudchi,23-05-2019,31
Soyabean,Hubli (Amaragol),24-05-2019,31.01
Capsicum,Kolar,23-05-2019,23
Carrot,Kolar,23-05-2019,27
Cauliflower,Kolar,23-05-2019,17
Gur(Jaggery),Kudchi,26-05-2024,25
Arhar+Dal(Tur+Dal),Shimoga,24-05-2019,90
Chilly+Capsicum,Kolar,23-05-2019,37
Coconut,Kolar,23-05-2019,100
Banana,Channapatana,24-05-2019,9
Banana,Malur,24-05-2019,20
Cucumbar(Kheera),Channapatana,23-05-2019,9.5
Cucumbar(Kheera),Kolar,23-05-2019,3.5
Cabbage,Kolar,24-05-2019,11
Cabbage,Ramanagara,24-05-2019,21
Capsicum,Kolar,24-05-2019,23
Carrot,Kolar,24-05-2019,20
Green+Chilli,Ramanagara,23-05-2019,48
Coconut,Arasikere,23-05-2019,128.9
Coconut,Kadur,23-05-2019,150
Coconut,Kumta,23-05-2019,172.6
Coconut,Kundapura,23-05-2019,124.11
Ginger(Dry),Shikaripura,23-05-2019,110
Ginger(Green),Kolar,23-05-2019,66.67
Beans,Malur,24-05-2019,66.66
Grapes,Kolar,23-05-2019,22.35
Cotton,Annigeri,23-05-2019,62.75
Cotton,Bijapur,23-05-2019,61.22
Green+Chilli,Kolar,23-05-2019,53
Paddy(Dhan)(Common),Haliyala,24-05-2019,16.5
Paddy(Dhan)(Common),Hanagal,24-05-2019,14.4
Paddy(Dhan)(Common),Harihara,24-05-2019,18
Paddy(Dhan)(Common),Shorapur,24-05-2019,23.13
Paddy(Dhan)(Common),Somvarpet,24-05-2019,17
Suvarna+Gadde,Ramanagara,27-05-2019,23
Barley+(Jau),Mhalingapur,24-05-2019,33.7
Groundnut,Mundaragi,23-05-2019,54.76
Groundnut,Savanur,23-05-2019,51.34
Gur(Jaggery),Basava Kalayana,23-05-2019,28
Beans,Gowribidanoor,24-05-2019,15.6
Black+pepper,Gonikappal,24-05-2019,309.99
Jowar(Sorghum),Basava Kalayana,23-05-2019,33
Jowar(Sorghum),Gadag,23-05-2019,23.28
Jowar(Sorghum),Harappana Halli,23-05-2019,18
Dry+Chillies,Annigeri,23-05-2019,100
Dry+Chillies,Byadagi,23-05-2019,94.19
Elephant+Yam+(Suran),Arasikere,23-05-2019,17.5
Suvarna+Gadde,Ramanagara,24-05-2019,22
Tamarind+Fruit,Madhugiri,24-05-2019,40
Knool+Khol,Kolar,23-05-2019,12
Snakeguard,Ramanagara,24-05-2019,16
Raddish,Gowribidanoor,26-05-2024,15
Maize,Haveri,23-05-2019,21
Maize,Mundaragi,23-05-2019,23.99
Maize,Shikaripura,23-05-2019,20
Mango,Kolar,23-05-2019,20
Mango,Srinivasapur,23-05-2019,11.83
Green+Chilli,Kolar,26-05-2019,47
Beetroot,Honnali,26-05-2024,8.5
Beetroot,Ramanagara,26-05-2024,26
Green+Chilli,Chikkamagalore,23-05-2019,27.77
Green+Chilli,Davangere,23-05-2019,37.5
Ragi+(Finger+Millet),Davangere,24-05-2019,23
Ragi+(Finger+Millet),Tarikere,24-05-2019,30
Onion,Kolar,23-05-2019,14.44
Rice,Bangarpet,24-05-2019,28.5
Rice,Bhadravathi,24-05-2019,26.93
Rice,Gangavathi,24-05-2019,20.5
Rice,Gulbarga,24-05-2019,41.05
Rice,Haveri,24-05-2019,17.5
Rice,Gulbarga,26-05-2024,41.1
Black+pepper,Somvarpet,26-05-2024,359
Gur(Jaggery),Bijapur,23-05-2019,30
Gur(Jaggery),Mhalingapur,23-05-2019,30.76
Paddy(Dhan)(Common),Moodigere,23-05-2019,20
Paddy(Dhan)(Common),Raichur,23-05-2019,18.89
Paddy(Dhan)(Common),Shorapur,23-05-2019,21.85
Paddy(Dhan)(Common),Srirangapattana,23-05-2019,16.5
Raddish,Kolar,23-05-2019,11
Ragi+(Finger+Millet),Harappana Halli,23-05-2019,23.02
Kulthi(Horse+Gram),Kadur,23-05-2019,39
Rice,Kolar,23-05-2019,53.79
Ridgeguard(Tori),Kolar,23-05-2019,37
Lime,Bijapur,23-05-2019,11
Tender+Coconut,Mandya,23-05-2019,120
Maize,Davangere,23-05-2019,21.1
Maize,Dharwar,23-05-2019,21.18
Maize,Hanagal,23-05-2019,21
Maize,Holalkere,23-05-2019,19.7
Maize,Shimoga,23-05-2019,23.1
Raddish,Kolar,26-05-2019,8
Tomato,Channapatana,23-05-2019,25
Tomato,Kolar,23-05-2019,19.33
Tomato,Srinivasapur,23-05-2019,24
Cabbage,Chikkamagalore,24-05-2019,8
Ridgeguard(Tori),Gowribidanoor,24-05-2019,5.5
Methi(Leaves),Shimoga,23-05-2019,67.5
Cucumbar(Kheera),Kolar,24-05-2019,4
Cucumbar(Kheera),Ramanagara,24-05-2019,22
Brinjal,Honnali,26-05-2024,4
Brinjal,Ramanagara,26-05-2024,24
Dry+Chillies,Sindhanur,24-05-2019,38
Dry+Grapes,Bangalore,24-05-2019,250
Onion,Bijapur,23-05-2019,7
Onion,Davangere,23-05-2019,8.5
Onion,Hubli (Amaragol),23-05-2019,7.7
Kulthi(Horse+Gram),Laxmeshwar,24-05-2019,30.48
Safflower,Gadag,24-05-2019,42.6
Safflower,Gulbarga,24-05-2019,40.75
Cabbage,Honnali,26-05-2024,11
She+Buffalo,Nippani,24-05-2019,400
Sheep,Nippani,24-05-2019,60
Cabbage,Ramanagara,26-05-2024,21
Banana+-+Green,Kundapura,26-05-2024,15.5
Brinjal,Gowribidanoor,24-05-2019,4.5
Carrot,Chikkamagalore,24-05-2019,35
Paddy(Dhan)(Common),Bhadravathi,23-05-2019,15
Paddy(Dhan)(Common),Chikkamagalore,23-05-2019,40
Paddy(Dhan)(Common),Davangere,23-05-2019,19
Paddy(Dhan)(Common),Dharwar,23-05-2019,16
Paddy(Dhan)(Common),Hanagal,23-05-2019,16
Paddy(Dhan)(Common),Mysore (Bandipalya),23-05-2019,16.53
Paddy(Dhan)(Common),Udupi,23-05-2019,17.5
Soyabean,Dharwar,24-05-2019,37.34
Soyabean,Haveri,24-05-2019,36
Cauliflower,Chikkamagalore,24-05-2019,10
Wheat,Basava Kalayana,24-05-2019,21
Rice,Gundlupet,24-05-2019,26.5
Sunflower,Gulbarga,24-05-2019,36.25
Tomato,Chintamani,24-05-2019,22.66
Tomato,Kolar,24-05-2019,20.67
Tomato,Mulabagilu,24-05-2019,23.35
Tomato,Ramanagara,24-05-2019,38
Coconut,Sira,24-05-2019,76.36
Wheat,Harappana Halli,24-05-2019,16.81
Cotton,Bijapur,24-05-2019,63.49
Maize,Hanagal,24-05-2019,21
Maize,Holalkere,24-05-2019,22.14
Maize,Honnali,24-05-2019,20
Maize,Kudchi,24-05-2019,18
Ragi+(Finger+Millet),Arasikere,23-05-2019,22.8
Ragi+(Finger+Millet),Bhadravathi,23-05-2019,22.88
Ragi+(Finger+Millet),Davangere,23-05-2019,22.5
Ragi+(Finger+Millet),Holalkere,23-05-2019,18.52
Ragi+(Finger+Millet),Kadur,23-05-2019,22
Ragi+(Finger+Millet),Shimoga,23-05-2019,29.5
Mango,Kolar,24-05-2019,22.59
Ragi+(Finger+Millet),Harappana Halli,24-05-2019,22.49
Mango,Mulabagilu,24-05-2019,9
Rice,Bhadravathi,23-05-2019,17.78
Rice,Honnali,24-05-2019,18.9
Antawala,Chikkamagalore,28-05-2019,17
Beans,Kolar,24-05-2019,70
Beans,Ramanagara,24-05-2019,70
Tomato,Bangarpet,24-05-2019,25
Beetroot,Kolar,24-05-2019,17
Cucumbar(Kheera),Channapatana,24-05-2019,10
Cucumbar(Kheera),Chikkamagalore,24-05-2019,6.25
Tomato,Gowribidanoor,24-05-2019,7.5
Ridgeguard(Tori),Honnali,24-05-2019,8.5
Ridgeguard(Tori),Kolar,24-05-2019,35
Ridgeguard(Tori),Ramanagara,24-05-2019,42
Bitter+gourd,Ramanagara,24-05-2019,42
Ridgeguard(Tori),Chikkamagalore,23-05-2019,20
Cowpea(Veg),Honnali,26-05-2024,19
Beans,Chikkamagalore,26-05-2024,50
Beetroot,Chikkamagalore,26-05-2024,10
Brinjal,Honnali,24-05-2019,3
Brinjal,Kolar,24-05-2019,13
Brinjal,Ramanagara,24-05-2019,18
Dry+Chillies,Byadagi,24-05-2019,96.89
Dry+Chillies,Hubli (Amaragol),24-05-2019,35
Tomato,Chikkamagalore,23-05-2019,22.22
Tomato,Davangere,23-05-2019,37
Tomato,Gundlupet,23-05-2019,30
Jowar(Sorghum),Manvi,24-05-2019,10
Jowar(Sorghum),Sindhanur,24-05-2019,19.5
Coconut,Honnali,24-05-2019,80
Turmeric,Gundlupet,23-05-2019,72.1
Ginger(Green),Nanjangud,26-05-2024,23
Coconut,Bhadravathi,24-05-2019,158.7
Coconut,Davangere,24-05-2019,100
Coconut,Tarikere,24-05-2019,100
Grapes,Kolar,24-05-2019,20
Wheat,Dharwar,24-05-2019,21
Wheat,Gadag,24-05-2019,22.79
Wheat,Shimoga,24-05-2019,29.5
Copra,Arasikere,24-05-2019,148.64
Green+Chilli,Ramanagara,24-05-2019,55
Black+pepper,Chikkamagalore,26-05-2024,277.77
Cotton,Davangere,24-05-2019,56.14
Cotton,Gadag,24-05-2019,54.33
Cucumbar(Kheera),Bangarpet,24-05-2019,4
Maize,Mundaragi,24-05-2019,24.11
Maize,Santhesargur,24-05-2019,15
Mango,Malur,24-05-2019,38.46
Mango,Srinivasapur,24-05-2019,12.13
Beans,Kolar,27-05-2019,90
Beetroot,Honnali,27-05-2019,11.45
Beetroot,Kolar,27-05-2019,17
Sheep,Hiriyur,26-05-2024,50
Snakeguard,Ramanagara,26-05-2024,14
Tomato,Kolar,26-05-2024,20.33
Tomato,Ramanagara,26-05-2024,33
Elephant+Yam+(Suran),Turvekere,24-05-2019,11.4
Wheat,Gadag,23-05-2019,20.01
Wheat,Nargunda,24-05-2019,22.5
Goat,Nippani,24-05-2019,50
Potato,Chikkamagalore,24-05-2019,13.88
Potato,Hubli (Amaragol),24-05-2019,12
Potato,Malur,24-05-2019,15
Cabbage,Malur,26-05-2024,5
Groundnut,Davangere,24-05-2019,47
Groundnut,Gadag,24-05-2019,39.5
Groundnut,Koppal,24-05-2019,57.69
Groundnut,Kottur,24-05-2019,57.25
Gur(Jaggery),Bangarpet,24-05-2019,32
Gur(Jaggery),Gulbarga,24-05-2019,27.26
Gur(Jaggery),Mandya,24-05-2019,34
Gur(Jaggery),Mhalingapur,24-05-2019,30.72
Gur(Jaggery),Shimoga,24-05-2019,38.5
Arhar+Dal(Tur+Dal),Mysore (Bandipalya),28-05-2019,87
Chilly+Capsicum,Kolar,24-05-2019,43
Chilly+Capsicum,Ramanagara,24-05-2019,42
Jowar(Sorghum),Gadag,24-05-2019,23.91
Jowar(Sorghum),Gangavathi,24-05-2019,18.75
Jowar(Sorghum),Gulbarga,24-05-2019,35.85
Alasande+Gram,Sira,13-06-2019,50
Tomato,Channapatana,24-05-2019,25
Tomato,Chikkamagalore,24-05-2019,24.55
Tomato,Srinivasapur,24-05-2019,26
Maize,Davangere,24-05-2019,21.5
Maize,Dharwar,24-05-2019,21.55
Maize,Gadag,24-05-2019,22.37
Maize,Gulbarga,24-05-2019,20.85
Maize,Mhalingapur,24-05-2019,21.5
Groundnut,Bagalakot,24-05-2019,52.79
Gur(Jaggery),Gundlupet,24-05-2019,30
Cauliflower,Chikkamagalore,26-05-2024,11.05
Kulthi(Horse+Gram),Gundlupet,24-05-2019,42
Coconut,Kadur,26-05-2024,100
Coconut,Kundapura,26-05-2024,155
Coconut,Malur,26-05-2024,100
Coconut,Udupi,26-05-2024,150
Beans,Chikkamagalore,27-05-2019,54.16
Chilly+Capsicum,Kolar,27-05-2019,45
Coconut,Chintamani,27-05-2019,120
Coconut,Honnali,27-05-2019,90
Coconut,Santhesargur,27-05-2019,80
Beetroot,Chikkamagalore,27-05-2019,12.12
Maize,Bagalakot,24-05-2019,22.06
Maize,Nargunda,24-05-2019,22.8
Cucumbar(Kheera),Kolar,26-05-2019,5.5
Jowar(Sorghum),Basava Kalayana,24-05-2019,31
Jowar(Sorghum),Bellary,24-05-2019,21.78
Jowar(Sorghum),Laxmeshwar,24-05-2019,20.7
Jowar(Sorghum),Raichur,24-05-2019,21
Cotton,Dharwar,26-05-2024,61.86
Rice,Shikaripura,24-05-2019,27
Paddy(Dhan)(Common),Bangarpet,24-05-2019,17.6
Paddy(Dhan)(Common),Bhadravathi,24-05-2019,23.09
Ridgeguard(Tori),Chikkamagalore,24-05-2019,20
Paddy(Dhan)(Common),Davangere,24-05-2019,18.7
Paddy(Dhan)(Common),Sorabha,24-05-2019,17
Paddy(Dhan)(Common),Udupi,24-05-2019,18.1
Maize,Hanagal,26-05-2024,22.5
Suvarna+Gadde,Ramanagara,26-05-2024,21
Dry+Chillies,Hubli (Amaragol),26-05-2024,45
Elephant+Yam+(Suran),Turvekere,26-05-2024,12
Cucumbar(Kheera),Ramanagara,26-05-2024,27
Jowar(Sorghum),Manvi,27-05-2019,22.98
Drumstick,Ramanagara,26-05-2024,30
Dry+Chillies,Sindhanur,26-05-2024,39
Onion,Gundlupet,24-05-2019,16
Tomato,Ramanagara,29-05-2019,42.5
Black+pepper,Chikkamagalore,27-05-2019,230
Goat,Hiriyur,26-05-2024,48
Ragi+(Finger+Millet),Piriya Pattana,26-05-2024,22
Green+Chilli,Ramanagara,26-05-2024,51
Coconut,Kolar,26-05-2019,110
Ridgeguard(Tori),Ramanagara,26-05-2024,41
Tomato,Chintamani,27-05-2019,22.66
Tomato,Kolar,27-05-2019,20
Methi+Seeds,Bangalore,27-05-2019,60
Moath+Dal,Bangalore,27-05-2019,58
Green+Chilli,Chikkamagalore,26-05-2024,29.82
Banana,Channapatana,29-05-2019,36
Paddy(Dhan)(Common),Chikkamagalore,24-05-2019,34
Paddy(Dhan)(Common),Raichur,24-05-2019,17.69
Paddy(Dhan)(Common),Santhesargur,24-05-2019,15.5
Cabbage,Honnali,28-05-2019,12.39
Cabbage,Ramanagara,28-05-2019,19
Brinjal,Honnali,27-05-2019,6
Brinjal,Ramanagara,27-05-2019,21
Ginger(Green),Santhesargur,24-05-2019,25
Onion,Bangalore,27-05-2019,10.5
Safflower,Bidar,26-05-2024,43
Safflower,Gadag,26-05-2024,43.41
Safflower,Gulbarga,26-05-2024,40.75
Capsicum,Kolar,28-05-2019,30
Raddish,Ramanagara,27-05-2019,19
Carrot,Kolar,28-05-2019,30
Onion,Chikkamagalore,24-05-2019,11.9
Onion,Hubli (Amaragol),24-05-2019,7.7
Black+pepper,Kadur,28-05-2019,140
Groundnut,Bagalakot,26-05-2024,54.75
Groundnut,Davangere,26-05-2024,46.52
Groundnut,Dharwar,26-05-2024,15.41
Groundnut,Hubli (Amaragol),26-05-2024,42.35
Groundnut,Rona,26-05-2024,55.89
Mango,Kolar,26-05-2019,21.57
Gur(Jaggery),Belgaum,26-05-2024,28.5
Gur(Jaggery),Mandya,26-05-2024,33.5
Goat,Ramdurga,26-05-2019,50
Cabbage,Chikkamagalore,27-05-2019,7.35
Cauliflower,Kolar,26-05-2019,21
Chapparad+Avare,Kolar,26-05-2019,30
Groundnut,Ramdurga,26-05-2019,55.68
Gur(Jaggery),Mhalingapur,26-05-2019,30.62
Jowar(Sorghum),Ramdurga,26-05-2019,28
Drumstick,Kolar,28-05-2019,17
Green+Chilli,Ramanagara,27-05-2019,50
Jowar(Sorghum),Belgaum,26-05-2024,28
Jowar(Sorghum),Dharwar,26-05-2024,21.21
Jowar(Sorghum),Gangavathi,26-05-2024,22.3
Jowar(Sorghum),Hubli (Amaragol),26-05-2024,23.26
Carrot,Chikkamagalore,27-05-2019,20
Cashewnuts,Kundapura,27-05-2019,90
Paddy(Dhan)(Common),Channagiri,26-05-2024,18
Paddy(Dhan)(Common),Hanagal,26-05-2024,15.5
Paddy(Dhan)(Common),Harihara,26-05-2024,17
Paddy(Dhan)(Common),Lingasugur,26-05-2024,27.5
Papaya,Ramanagara,26-05-2024,18
Cauliflower,Chikkamagalore,27-05-2019,10.47
Carrot,Kolar,26-05-2019,33
Wheat,Bidar,26-05-2024,26
Wheat,Gadag,26-05-2024,21.86
Kulthi(Horse+Gram),Kadur,26-05-2024,38
Sheep,Ramdurga,26-05-2019,55
Cabbage,Chikkamagalore,28-05-2019,7.81
Chili+Red,Shimoga,27-05-2019,120
Wheat,Ramdurga,26-05-2019,26
Green+Chilli,Chikkamagalore,24-05-2019,27.5
Cabbage,Honnali,29-05-2019,12.2
Cabbage,Kolar,29-05-2019,13
Coconut,Gubbi,27-05-2019,105
Coconut,Kundapura,27-05-2019,127.8
Coconut,Tumkur,27-05-2019,115
Cabbage,Gowribidanoor,26-05-2024,2.8
Black+pepper,Chikkamagalore,28-05-2019,239.42
Black+pepper,Yellapur,28-05-2019,318.19
Soyabean,Bidar,26-05-2024,36.8
Copra,Gubbi,27-05-2019,120
Carrot,Gowribidanoor,26-05-2024,9
Corriander+seed,Bhadravathi,27-05-2019,92.42
Sunflower,Gulbarga,26-05-2024,35.75
Sunflower,Mundaragi,26-05-2024,36.8
Tamarind+Fruit,Shimoga,26-05-2024,87.5
Tamarind+Fruit,Tumkur,26-05-2024,72
Coconut,Bhadravathi,26-05-2024,119
Coconut,Kumta,26-05-2024,125.2
Coconut,Tumkur,26-05-2024,120
Maize,Athani,26-05-2024,18
Maize,Bagalakot,26-05-2024,22.15
Maize,Davangere,26-05-2024,21.5
Maize,Hubli (Amaragol),26-05-2024,20.11
Maize,Shikaripura,26-05-2024,21
Tender+Coconut,Mandya,27-05-2019,110
Tender+Coconut,Santhesargur,27-05-2019,90
Copra,Tiptur,26-05-2024,150
Coriander(Leaves),Tumkur,26-05-2024,88
Knool+Khol,Kolar,26-05-2019,12
Alasande+Gram,Bagalakot,29-05-2019,48.11
Capsicum,Kolar,29-05-2019,27
Mango,Malur,26-05-2024,32
Cashewnuts,Chintamani,28-05-2019,132
Carrot,Kolar,29-05-2019,40
Rice,Karatgi,26-05-2024,33.3
Dry+Chillies,Byadagi,27-05-2019,93
Dry+Chillies,Hubli (Amaragol),27-05-2019,37
Elephant+Yam+(Suran),Turvekere,27-05-2019,18
Paddy(Dhan)(Common),Hanagal,28-05-2019,14
Paddy(Dhan)(Common),Honnali,28-05-2019,19.82
Paddy(Dhan)(Common),Mandya,28-05-2019,16.5
Paddy(Dhan)(Common),Manvi,28-05-2019,12
Green+Peas,Shimoga,26-05-2024,75.5
Groundnut,Gadag,26-05-2024,38.85
Groundnut,Laxmeshwar,26-05-2024,54.19
Groundnut,Mundaragi,26-05-2024,57.48
Groundnut,Raichur,26-05-2024,47.99
Groundnut,Savanur,26-05-2024,54.36
Banana,Kolar,26-05-2019,60
Gur(Jaggery),Gulbarga,26-05-2024,28
Beans,Kolar,26-05-2019,80
Beetroot,Kolar,26-05-2019,17
Copra,Bangalore,27-05-2019,190
Ginger(Green),Tarikere,27-05-2019,22
Jowar(Sorghum),Bellary,26-05-2024,19.93
Jowar(Sorghum),Gadag,26-05-2024,24.35
Jowar(Sorghum),Gulbarga,26-05-2024,36.75
Soyabean,Hanagal,27-05-2019,35.01
Cucumbar(Kheera),Honnali,27-05-2019,12.3
Cucumbar(Kheera),Kolar,27-05-2019,4
Cucumbar(Kheera),Ramanagara,27-05-2019,23
Ridgeguard(Tori),Kolar,26-05-2019,43
Goat,Turvekere,27-05-2019,105
Maize,Gadag,26-05-2024,22.39
Maize,Mundaragi,26-05-2024,23.87
Maize,Tumkur,26-05-2024,20
Coconut,Harihara,28-05-2019,75
Coconut,Tarikere,28-05-2019,147.07
Mango,Srinivasapur,26-05-2024,9.75
Green+Chilli,Chikkamagalore,27-05-2019,28.57
Capsicum,Kolar,27-05-2019,27
Ground+Nut+Seed,Hiriyur,26-05-2019,86
Copra,Arasikere,28-05-2019,150.45
Onion,Gowribidanoor,26-05-2024,9
Cotton,Bijapur,28-05-2019,64.9
Cotton,Chitradurga,28-05-2019,54.23
Green+Peas,Bhadravathi,27-05-2019,64.73
Groundnut,Bagalakot,27-05-2019,54.51
Groundnut,Gadag,27-05-2019,38.95
Groundnut,Hubli (Amaragol),27-05-2019,48.09
Groundnut,Laxmeshwar,27-05-2019,48.75
Groundnut,Mulabagilu,27-05-2019,35.25
Gur(Jaggery),Bhadravathi,27-05-2019,39.72
Gur(Jaggery),Gulbarga,27-05-2019,28.05
Gur(Jaggery),Mandya,27-05-2019,33
Gur(Jaggery),Mhalingapur,27-05-2019,30.86
Gur(Jaggery),Shimoga,27-05-2019,37
Gur(Jaggery),Srirangapattana,27-05-2019,30
Paddy(Dhan)(Common),Kumta,26-05-2024,17.2
Paddy(Dhan)(Common),Raichur,26-05-2024,18.91
Cowpea(Veg),Honnali,29-05-2019,19.5
Jowar(Sorghum),Gadag,27-05-2019,25.19
Jowar(Sorghum),Gulbarga,27-05-2019,36.75
Jowar(Sorghum),Koppal,27-05-2019,18.55
Jowar(Sorghum),Laxmeshwar,27-05-2019,20.33
Arhar+Dal(Tur+Dal),Haveri,27-05-2019,53.75
Tamarind+Seed,Kolar,27-05-2019,12
Cucumbar(Kheera),Kolar,29-05-2019,4.5
Onion,Belgaum,26-05-2024,12
Onion,Chikkamagalore,26-05-2024,10.62
Onion,Davangere,26-05-2024,10
Onion,Hubli (Amaragol),26-05-2024,7.8
Banana,Channapatana,27-05-2019,37.5
Kulthi(Horse+Gram),Koppal,27-05-2019,30.44
Dry+Chillies,Byadagi,28-05-2019,99.09
Maize,Bagalakot,27-05-2019,22.02
Maize,Gubbi,27-05-2019,16
Maize,Koppal,27-05-2019,23.18
Maize,Nippani,27-05-2019,18
Maize,Shimoga,27-05-2019,22.9
Maize,Tumkur,27-05-2019,20
Black+pepper,Gonikappal,27-05-2019,260
Black+pepper,Somvarpet,27-05-2019,325.97
Paddy(Dhan)(Common),Channagiri,27-05-2019,18
Paddy(Dhan)(Common),Haliyala,27-05-2019,16.5
Paddy(Dhan)(Common),Hanagal,27-05-2019,18
Paddy(Dhan)(Common),Lingasugur,27-05-2019,22.6
Paddy(Dhan)(Common),Santhesargur,27-05-2019,17
Paddy(Dhan)(Common),Chikkamagalore,26-05-2024,30.4
Paddy(Dhan)(Common),Davangere,26-05-2024,18.9
Paddy(Dhan)(Common),Siddapur,26-05-2024,16.5
Mango,Mulabagilu,27-05-2019,9.35
Ridgeguard(Tori),Honnali,27-05-2019,8.93
Maize,Hanagal,27-05-2019,21
Maize,Honnali,27-05-2019,20
Maize,Kustagi,27-05-2019,23
Mango,Kolar,27-05-2019,15
Mango,Malur,27-05-2019,24.7
Mustard,Bhadravathi,27-05-2019,41.5
Groundnut,Bellary,24-05-2019,60.15
Groundnut,Chitradurga,24-05-2019,51.93
Groundnut,Hubli (Amaragol),24-05-2019,41.99
Groundnut,Laxmeshwar,24-05-2019,53.08
Groundnut,Mundaragi,24-05-2019,60.22
Gur(Jaggery),Bijapur,24-05-2019,30
Green+Chilli,Chikkamagalore,28-05-2019,25
Potato,Chikkamagalore,26-05-2024,14.53
Potato,Hubli (Amaragol),26-05-2024,11.5
Coconut,Udupi,27-05-2019,120
Onion,Chikkamagalore,27-05-2019,11.76
Onion,Hubli (Amaragol),27-05-2019,7.6
Potato,Belgaum,26-05-2024,13.5
Copra,Mandya,27-05-2019,40
Cotton,Bijapur,27-05-2019,64.57
Cotton,Haveri,27-05-2019,52.2
Cotton,Raichur,27-05-2019,56
Cotton,Savanur,27-05-2019,61.88
Cucumbar(Kheera),Channapatana,27-05-2019,7.5
Cashewnuts,Kundapura,28-05-2019,98
Groundnut,Hubli (Amaragol),28-05-2019,48.89
Groundnut,Mundaragi,28-05-2019,58.06
Groundnut,Raichur,28-05-2019,56.56
Groundnut,Yadgir,28-05-2019,54.39
Cabbage,Honnali,27-05-2019,11.5
Cabbage,Ramanagara,27-05-2019,20
Gur(Jaggery),Bijapur,28-05-2019,29
Paddy(Dhan)(Common),Bhadravathi,27-05-2019,15.53
Paddy(Dhan)(Common),Chikkamagalore,27-05-2019,17.5
Paddy(Dhan)(Common),Shikaripura,27-05-2019,16
Paddy(Dhan)(Common),Shimoga,27-05-2019,17
Paddy(Dhan)(Common),Siddapur,27-05-2019,18
Paddy(Dhan)(Common),Srirangapattana,27-05-2019,15
Paddy(Dhan)(Common),Tarikere,27-05-2019,16
Kulthi(Horse+Gram),Haliyala,29-05-2019,36
Ginger(Green),Somvarpet,27-05-2019,25
Jowar(Sorghum),Bellary,28-05-2019,21.03
Jowar(Sorghum),Haveri,28-05-2019,25
Jowar(Sorghum),Hubli (Amaragol),28-05-2019,24.69
Jowar(Sorghum),Raichur,28-05-2019,22.18
Raddish,Chikkamagalore,26-05-2024,10
Knool+Khol,Ramanagara,29-05-2019,28
Chili+Red,Shimoga,28-05-2019,117.5
Kulthi(Horse+Gram),Haveri,28-05-2019,34
Beans,Malur,29-05-2019,68.33
Beetroot,Chikkamagalore,29-05-2019,12.29
Brinjal,Kolar,28-05-2019,13
Groundnut,Bellary,27-05-2019,60.47
Groundnut,Chitradurga,27-05-2019,50.91
Groundnut,Mundaragi,27-05-2019,57.89
Groundnut,Raichur,27-05-2019,53.88
Groundnut,Savanur,27-05-2019,53.33
Groundnut,Yadgir,27-05-2019,51.65
Gur(Jaggery),Bijapur,27-05-2019,30
Maize,Bellary,28-05-2019,23.25
Maize,Chintamani,28-05-2019,25
Maize,Haveri,28-05-2019,22
Maize,Mundaragi,28-05-2019,23.43
Potato,Chikkamagalore,27-05-2019,13.52
Potato,Hubli (Amaragol),27-05-2019,11.5
Copra,Tumkur,28-05-2019,158
Jowar(Sorghum),Bellary,27-05-2019,21.45
Jowar(Sorghum),Haveri,27-05-2019,19.5
Jowar(Sorghum),Nargunda,27-05-2019,22.75
Coriander(Leaves),Tumkur,28-05-2019,91
Soyabean,Hubli (Amaragol),26-05-2024,35.01
Mango+(Raw-Ripe),Tarikere,28-05-2019,3.5
Corriander+seed,Mysore (Bandipalya),28-05-2019,85
Lime,Bijapur,27-05-2019,14
Cotton,Annigeri,28-05-2019,63
Copra,Mandya,28-05-2019,120
Cotton,Bijapur,29-05-2019,64.09
Cotton,Hirekerur,29-05-2019,68
Maize,Bellary,27-05-2019,21.99
Maize,Chitradurga,27-05-2019,22.97
Cotton,Raichur,29-05-2019,64.59
Maize,Haveri,27-05-2019,21
Maize,Kudchi,27-05-2019,19.5
Maize,Mundaragi,27-05-2019,22.98
Maize,Nargunda,27-05-2019,23
Maize,Ramdurga,27-05-2019,19.5
Cotton,Manvi,28-05-2019,60.5
Mango,Srinivasapur,27-05-2019,12.28
Cucumbar(Kheera),Channapatana,28-05-2019,29.5
Cucumbar(Kheera),Honnali,28-05-2019,12.44
Cucumbar(Kheera),Ramanagara,28-05-2019,21
Tamarind+Fruit,Mysore (Bandipalya),26-05-2024,53.02
Cucumbar(Kheera),Channapatana,29-05-2019,5
Black+pepper,Chikkamagalore,29-05-2019,303.17
Black+pepper,Gonikappal,29-05-2019,310
Beans,Chikkamagalore,10-06-2019,50.58
Onion,Chikkamagalore,28-05-2019,12.38
Onion,Hubli (Amaragol),28-05-2019,7.8
Grapes,Kolar,28-05-2019,20
Onion,Raichur,28-05-2019,11.7
Beans,Kolar,10-06-2019,110
Onion,Bijapur,27-05-2019,10
Onion,Raichur,27-05-2019,9.5
Beetroot,Chikkamagalore,10-06-2019,12.57
Green+Chilli,Kolar,28-05-2019,50
Green+Chilli,Ramanagara,28-05-2019,46
Rice,Hanagal,28-05-2019,19
Rice,Honnali,28-05-2019,17.5
Rice,Kolar,28-05-2019,58.6
Ragi+(Finger+Millet),Chikkamagalore,27-05-2019,18
Ragi+(Finger+Millet),Gubbi,27-05-2019,21
Ram,Annigeri,27-05-2019,70
Ginger(Dry),Hunsur,24-05-2019,110
Rice,Bhadravathi,27-05-2019,24
Rice,Gulbarga,27-05-2019,41.25
Green+Peas,Bangalore,28-05-2019,74
Ground+Nut+Seed,Bangalore,28-05-2019,95.5
Ground+Nut+Seed,Kolar,28-05-2019,80.92
Paddy(Dhan)(Common),Raichur,27-05-2019,18.69
Paddy(Dhan)(Common),Somvarpet,27-05-2019,15
Green+Chilli,Ramanagara,29-05-2019,44
Potato,Belgaum,30-05-2019,14
Kulthi(Horse+Gram),Bangalore,28-05-2019,37
Potato,Kolar,30-05-2019,19.4
Ridgeguard(Tori),Chikkamagalore,27-05-2019,16.33
Dry+Chillies,Mysore (Bandipalya),28-05-2019,100
Dry+Chillies,Nippani,28-05-2019,148.01
Elephant+Yam+(Suran),Sira,28-05-2019,12
Coconut,Harihara,30-05-2019,70
Coconut,Kolar,30-05-2019,180
Tender+Coconut,Mandya,28-05-2019,100
Thondekai,Ramanagara,28-05-2019,19
Wheat,Hubli (Amaragol),26-05-2024,23.09
Safflower,Gadag,27-05-2019,39.73
Sheep,Annigeri,27-05-2019,54
Sheep,Turvekere,27-05-2019,85
Paddy(Dhan)(Common),Bhadravathi,28-05-2019,16
Paddy(Dhan)(Common),Chikkamagalore,28-05-2019,28.63
Paddy(Dhan)(Common),Raichur,28-05-2019,18.89
Garlic,Mysore (Bandipalya),28-05-2019,47.5
Tomato,Channapatana,28-05-2019,27
Tomato,Kolar,28-05-2019,21.67
Tomato,Ramanagara,28-05-2019,31.5
Cotton,Manvi,30-05-2019,61.5
Sunflower,Gulbarga,27-05-2019,35.75
Ginger(Green),Ramanagara,29-05-2019,115
Tamarind+Fruit,Tumkur,27-05-2019,81
Tamarind+Seed,Tarikere,27-05-2019,12
Tender+Coconut,Srirangapattana,27-05-2019,105
Tomato,Chikkamagalore,27-05-2019,27.61
Tomato,Gundlupet,27-05-2019,31
Tomato,Mulabagilu,27-05-2019,26.65
Potato,Hubli (Amaragol),28-05-2019,12
Potato,Srinivasapur,28-05-2019,12.5
Tomato,Srinivasapur,26-05-2024,22.87
Rice,Gangavathi,27-05-2019,18
Turmeric,Gundlupet,27-05-2019,71.9
Ragi+(Finger+Millet),Piriya Pattana,30-05-2019,24
Rice,Hiriyur,30-05-2019,20.64
Rice,Holenarsipura,30-05-2019,19
Soyabean,Bidar,27-05-2019,36.85
Wheat,Annigeri,27-05-2019,22
Wheat,Bhadravathi,27-05-2019,25.16
Wheat,Gadag,27-05-2019,25.52
Wheat,Hubli (Amaragol),27-05-2019,19.29
Wheat,Shimoga,27-05-2019,28.5
Tender+Coconut,Mandya,27-05-2019,110
Ridgeguard(Tori),Honnali,30-05-2019,8.59
Tomato,Channapatana,27-05-2019,24
Tomato,Srinivasapur,27-05-2019,27.67
Snakeguard,Ramanagara,30-05-2019,15
Groundnut,Bagalakot,28-05-2019,54.53
Groundnut,Gadag,28-05-2019,38.69
Groundnut,Laxmeshwar,28-05-2019,53.36
Groundnut,Rona,28-05-2019,55.17
Wheat,Haveri,27-05-2019,23.75
Wheat,Nargunda,27-05-2019,21.37
Bottle+gourd,Kolar,10-06-2019,1.1
Gur(Jaggery),Bangarpet,28-05-2019,33
Gur(Jaggery),Mhalingapur,28-05-2019,30.98
Rice,Kadur,28-05-2019,33.33
Cabbage,Chikkamagalore,29-05-2019,7.04
Groundnut,Bellary,29-05-2019,59.69
Groundnut,Chitradurga,29-05-2019,53.56
Groundnut,Hubli (Amaragol),29-05-2019,46.99
Groundnut,Laxmeshwar,29-05-2019,51.42
Groundnut,Raichur,29-05-2019,52.68
Groundnut,Savanur,29-05-2019,48.91
Groundnut,Yadgir,29-05-2019,47.01
Ginger(Green),Kolar,30-05-2019,65
Ginger(Green),Piriya Pattana,30-05-2019,25
Tomato,Kolar,30-05-2019,20.67
Tomato,Ramanagara,30-05-2019,49
Jowar(Sorghum),Dharwar,28-05-2019,18.26
Jowar(Sorghum),Gadag,28-05-2019,24.75
Jowar(Sorghum),Gangavathi,28-05-2019,22.5
Soyabean,Hubli (Amaragol),28-05-2019,36.61
Honge+seed,Gowribidanoor,29-05-2019,29
Jowar(Sorghum),Bellary,29-05-2019,21.95
Jowar(Sorghum),Gangavathi,29-05-2019,22.5
Jowar(Sorghum),Hubli (Amaragol),29-05-2019,26.99
Jowar(Sorghum),Raichur,29-05-2019,17.6
Green+Chilli,Ramanagara,30-05-2019,38
Beans,Kolar,28-05-2019,77
Beans,Ramanagara,28-05-2019,83
Beetroot,Honnali,28-05-2019,11.56
Tomato,Chintamani,28-05-2019,22.66
Tomato,Srinivasapur,28-05-2019,31.33
Potato,Malur,28-05-2019,15
Maize,Bagalakot,28-05-2019,22.01
Jowar(Sorghum),Belgaum,30-05-2019,28
Maize,Dharwar,28-05-2019,19.5
Maize,Gadag,28-05-2019,21.87
Jowar(Sorghum),Lingasugur,30-05-2019,28
Maize,Mhalingapur,28-05-2019,20
Maize,Shikaripura,28-05-2019,22
Maize,Tumkur,28-05-2019,19.5
Cashewnuts,Kundapura,29-05-2019,83
Raddish,Ramanagara,28-05-2019,18
Maize,Bellary,29-05-2019,21.51
Maize,Chitradurga,29-05-2019,22.96
Maize,Haveri,29-05-2019,23
Maize,Hirekerur,29-05-2019,21
Maize,Hubli (Amaragol),29-05-2019,20
Banana,T. Narasipura,11-06-2019,0.29
Mango,Srinivasapur,29-05-2019,13.99
Chilly+Capsicum,Kolar,29-05-2019,50
Coconut,Honnali,29-05-2019,80
Mustard,Mysore (Bandipalya),28-05-2019,44
Chili+Red,Shimoga,29-05-2019,117.5
Beans,Ramanagara,29-05-2019,110
Tomato,Ramanagara,13-06-2019,32.5
Onion,Mysore (Bandipalya),28-05-2019,13.5
Onion,Hubli (Amaragol),29-05-2019,8
Cotton,Annigeri,29-05-2019,62.5
Cotton,Sindhanur,29-05-2019,57
Paddy(Dhan)(Common),Channagiri,29-05-2019,18
Paddy(Dhan)(Common),Haliyala,29-05-2019,16.5
Paddy(Dhan)(Common),Hanagal,29-05-2019,22
Paddy(Dhan)(Common),Harihara,29-05-2019,17.6
Paddy(Dhan)(Common),Honnali,29-05-2019,19.39
Paddy(Dhan)(Common),Somvarpet,29-05-2019,18
Cabbage,Chikkamagalore,10-06-2019,7.3
Cabbage,Malur,10-06-2019,5
Cabbage,Ramanagara,10-06-2019,18
Cucumbar(Kheera),Chikkamagalore,29-05-2019,6.54
Paddy(Dhan)(Common),Bangarpet,28-05-2019,16.8
Paddy(Dhan)(Common),Karwar,28-05-2019,17.5
Paddy(Dhan)(Common),Mysore (Bandipalya),28-05-2019,16.68
Paddy(Dhan)(Common),Shikaripura,28-05-2019,15.35
Jowar(Sorghum),Manvi,29-05-2019,22.02
Paddy(Dhan)(Common),Raichur,29-05-2019,17.86
White+Pumpkin,Ramanagara,13-06-2019,19
Carrot,Kolar,10-06-2019,43
Arhar+Dal(Tur+Dal),Bangalore,28-05-2019,86
Arhar+Dal(Tur+Dal),Kolar,28-05-2019,68
Cauliflower,Chikkamagalore,10-06-2019,10.76
Potato,Mysore (Bandipalya),28-05-2019,13.5
Avare+Dal,Bangalore,28-05-2019,51
Banana,Channapatana,28-05-2019,36.5
Potato,Hubli (Amaragol),29-05-2019,11.7
Chapparad+Avare,Kolar,10-06-2019,45
Chilly+Capsicum,Kolar,10-06-2019,55
Chilly+Capsicum,Ramanagara,10-06-2019,48
Coconut,Hosadurga,10-06-2019,100
Coconut,Kadur,10-06-2019,80
Coconut,Kanakapura,10-06-2019,110
Coconut,Santhesargur,10-06-2019,80
Green+Chilli,Chikkamagalore,29-05-2019,35.82
Corriander+seed,Shimoga,10-06-2019,102.5
Cotton,Raichur,10-06-2019,56
Cotton,Savanur,10-06-2019,48.4
Cow,Chintamani,10-06-2019,400
Ragi+(Finger+Millet),Sira,28-05-2019,28
Ragi+(Finger+Millet),Tumkur,28-05-2019,19
Cucumbar(Kheera),Chikkamagalore,10-06-2019,8.33
Cucumbar(Kheera),Kolar,10-06-2019,3
Cucumbar(Kheera),Ramanagara,10-06-2019,25
Rice,Bangarpet,28-05-2019,38.5
Rice,Gangavathi,28-05-2019,17.5
Rice,Mysore (Bandipalya),28-05-2019,50
Rice,Nippani,28-05-2019,31.5
Rice,Gangavathi,29-05-2019,18.2
Ground+Nut+Seed,Mysore (Bandipalya),29-05-2019,88
Groundnut,Bagalakot,29-05-2019,52.34
Groundnut,Gadag,29-05-2019,39.58
Safflower,Gadag,28-05-2019,43.6
Soyabean,Bidar,29-05-2019,36.7
Soyabean,Hubli (Amaragol),29-05-2019,35.55
Soyabean,Bidar,28-05-2019,36.9
Soyabean,Dharwar,28-05-2019,37.13
Gur(Jaggery),Bangarpet,29-05-2019,32.5
Gur(Jaggery),Malur,29-05-2019,40
Gur(Jaggery),Mandya,29-05-2019,33
Gur(Jaggery),Mhalingapur,29-05-2019,30.34
Gur(Jaggery),Mysore (Bandipalya),29-05-2019,41.5
Maize,Bangalore,28-05-2019,25.5
Maize,Hanagal,28-05-2019,21
Maize,Kudchi,28-05-2019,18
Maize,Somvarpet,28-05-2019,20
Dry+Chillies,Hubli (Amaragol),10-06-2019,40.06
Tamarind+Fruit,Tumkur,28-05-2019,80
Tamarind+Seed,Shikaripura,28-05-2019,50
Mango,Malur,28-05-2019,20
Mango,Srinivasapur,28-05-2019,11.68
Tamarind+Seed,Tumkur,28-05-2019,16
Elephant+Yam+(Suran),Hosadurga,10-06-2019,9
Chennangi+Dal,Bangalore,28-05-2019,56
Chilly+Capsicum,Kolar,28-05-2019,45
Jowar(Sorghum),Dharwar,29-05-2019,20.15
Jowar(Sorghum),Gadag,29-05-2019,24.72
Jowar(Sorghum),Sindhanur,29-05-2019,21.5
Tomato,Channapatana,29-05-2019,26
Tomato,Chickkaballapura,28-05-2019,22
Tomato,Gundlupet,28-05-2019,38
Knool+Khol,Chikkamagalore,29-05-2019,11.11
Green+Chilli,Chikkamagalore,10-06-2019,31.46
Green+Chilli,Ramanagara,10-06-2019,42
Green+Chilli,Somvarpet,10-06-2019,10
Wheat,Bagalakot,28-05-2019,21.21
Wheat,Gadag,28-05-2019,22.3
Wheat,Mysore (Bandipalya),28-05-2019,28
Maize,Bagalakot,29-05-2019,22.22
Maize,Davangere,29-05-2019,22.9
Maize,Dharwar,29-05-2019,22.33
Maize,Gundlupet,29-05-2019,17
Maize,Mhalingapur,29-05-2019,22.5
Maize,Shimoga,29-05-2019,22.35
Chilly+Capsicum,Kolar,30-05-2019,35
Maize,Hanagal,29-05-2019,20.99
Maize,Honnali,29-05-2019,19.8
Maize,Kudchi,29-05-2019,18
Maize,Somvarpet,29-05-2019,16
Mango,Kolar,29-05-2019,20.57
Sweet+Pumpkin,Ramanagara,13-06-2019,18
Capsicum,Kolar,11-06-2019,33
Groundnut,Bellary,10-06-2019,60.56
Groundnut,Chitradurga,10-06-2019,50.69
Groundnut,Hubli (Amaragol),10-06-2019,43.39
Methi(Leaves),Shimoga,29-05-2019,60
Groundnut,Mundaragi,10-06-2019,53.7
Groundnut,Raichur,10-06-2019,56.88
Groundnut,Savanur,10-06-2019,51.43
Gur(Jaggery),Holalkere,10-06-2019,31.17
Maize,Hanagal,12-06-2019,22
Jowar(Sorghum),Bellary,10-06-2019,21.82
Jowar(Sorghum),Hubli (Amaragol),10-06-2019,24.09
Jowar(Sorghum),Manvi,10-06-2019,17.41
Jowar(Sorghum),Raichur,10-06-2019,23
Cashewnuts,Chintamani,11-06-2019,110
Onion,Chikkamagalore,29-05-2019,12.5
Onion,Davangere,29-05-2019,12
Knool+Khol,Kolar,10-06-2019,17
Maize,Bellary,10-06-2019,22.21
Maize,H.B. Halli,10-06-2019,23.5
Maize,Kustagi,10-06-2019,22.6
Maize,Mundaragi,10-06-2019,22.11
Maize,Ramdurga,10-06-2019,19.5
Maize,Shikaripura,10-06-2019,22.5
Maize,Shimoga,10-06-2019,22.3
Paddy(Dhan)(Common),Bangarpet,29-05-2019,18.5
Paddy(Dhan)(Common),Bhadravathi,29-05-2019,18
Paddy(Dhan)(Common),Davangere,29-05-2019,18.1
Paddy(Dhan)(Common),Gonikappal,29-05-2019,13
Paddy(Dhan)(Common),Mysore (Bandipalya),29-05-2019,15.55
Paddy(Dhan)(Common),Sorabha,29-05-2019,18
Chilly+Capsicum,Ramanagara,11-06-2019,38
Coconut,Chamaraj Nagar,11-06-2019,100
Onion,Kolar,30-05-2019,11
Wheat,Gadag,12-06-2019,24.12
Paddy(Dhan)(Common),Channagiri,30-05-2019,17.5
Paddy(Dhan)(Common),Harihara,30-05-2019,17.95
Paddy(Dhan)(Common),Lingasugur,30-05-2019,23.56
Potato,Chikkamagalore,29-05-2019,13.15
Potato,Malur,29-05-2019,15
Potato,Bangalore,29-05-2019,15
Potato,Kolar,29-05-2019,13
Neem+Seed,H.B. Halli,10-06-2019,7
Onion,Bangalore,10-06-2019,11
Onion,Chikkamagalore,10-06-2019,11.49
Onion,Hubli (Amaragol),10-06-2019,9
Arhar+Dal(Tur+Dal),Bangarpet,13-06-2019,75
Rice,Honnali,29-05-2019,17.35
Ox,Chintamani,10-06-2019,350
Paddy(Dhan)(Common),Chikkamagalore,10-06-2019,25.72
Paddy(Dhan)(Common),H.B. Halli,10-06-2019,18.5
Paddy(Dhan)(Common),Haliyala,10-06-2019,17
Paddy(Dhan)(Common),Harihara,10-06-2019,18.45
Paddy(Dhan)(Common),Holenarsipura,10-06-2019,12
Paddy(Dhan)(Common),Nanjangud,10-06-2019,17.5
Paddy(Dhan)(Common),Raichur,10-06-2019,18.55
Ragi+(Finger+Millet),Davangere,29-05-2019,25
Ragi+(Finger+Millet),Mysore (Bandipalya),29-05-2019,24.1
Tomato,Chickkaballapura,29-05-2019,24
Tomato,Kolar,29-05-2019,19.33
Rice,Bangarpet,29-05-2019,42.6
Beetroot,Kolar,13-06-2019,23
Soyabean,Dharwar,29-05-2019,36.41
Potato,Bangalore,10-06-2019,14
Potato,Chikkamagalore,10-06-2019,13.91
Potato,Hubli (Amaragol),10-06-2019,13.5
Tamarind+Fruit,Mysore (Bandipalya),29-05-2019,60.44
Tamarind+Seed,Mysore (Bandipalya),29-05-2019,11.8
Tender+Coconut,Mandya,29-05-2019,100
Tomato,Chikkamagalore,29-05-2019,40.38
Tomato,Davangere,29-05-2019,41
Tomato,Gundlupet,29-05-2019,40
Carrot,Kolar,30-05-2019,32
Ragi+(Finger+Millet),Chintamani,10-06-2019,24
Ragi+(Finger+Millet),Kadur,10-06-2019,24
Ragi+(Finger+Millet),Shimoga,10-06-2019,29
Wheat,Gadag,29-05-2019,20.92
Rice,Haveri,10-06-2019,17.4
Rice,Shimoga,10-06-2019,27
Ridgeguard(Tori),Ramanagara,13-06-2019,30
Ridgeguard(Tori),Chikkamagalore,10-06-2019,16.66
Ridgeguard(Tori),Kolar,10-06-2019,40
White+Pumpkin,Chikkamagalore,29-05-2019,10
Same/Savi,Hosadurga,10-06-2019,32
Soyabean,Bidar,10-06-2019,35.8
Soyabean,Hubli (Amaragol),10-06-2019,35.64
Black+pepper,Somvarpet,13-06-2019,300
Sunflower,Mundaragi,10-06-2019,38.29
Tamarind+Fruit,Tumkur,10-06-2019,75
Tender+Coconut,Malur,10-06-2019,100
Thondekai,Kolar,10-06-2019,17
Tomato,Chintamani,10-06-2019,20
Tomato,Gundlupet,10-06-2019,28.5
Tomato,Kolar,10-06-2019,14
Tomato,Ramanagara,18-06-2019,28
Chilly+Capsicum,Kolar,12-06-2019,65
Chilly+Capsicum,Ramanagara,12-06-2019,41
Turmeric,Gundlupet,10-06-2019,44
Coconut,Channagiri,12-06-2019,110
Coconut,Maddur,12-06-2019,90
Coconut,Nanjangud,12-06-2019,100
Wheat,Hubli (Amaragol),10-06-2019,18.09
Wheat,Laxmeshwar,10-06-2019,21.79
Alasande+Gram,Laxmeshwar,10-06-2019,35.6
Raddish,Kolar,11-06-2019,7
Ragi+(Finger+Millet),Chintamani,11-06-2019,24
Rice,Haveri,11-06-2019,17.2
Cotton,Raichur,11-06-2019,63.11
Raddish,Ramanagara,13-06-2019,16
Black+pepper,Bangalore,30-05-2019,370
Brinjal,Honnali,30-05-2019,6.5
Brinjal,Kolar,30-05-2019,15
Dry+Chillies,Byadagi,11-06-2019,99.29
Cowpea(Veg),Honnali,30-05-2019,19.3
Cucumbar(Kheera),Honnali,30-05-2019,11.55
Cucumbar(Kheera),Ramanagara,30-05-2019,34
Black+pepper,Gonikappal,10-06-2019,330
Black+pepper,Yellapur,10-06-2019,307.69
Gur(Jaggery),Belgaum,30-05-2019,28
Gur(Jaggery),Kudchi,30-05-2019,25
Ginger(Green),Hirekerur,11-06-2019,23
Maize,Honnali,30-05-2019,19.8
Maize,Piriya Pattana,30-05-2019,16.5
Mango,Srinivasapur,30-05-2019,13.68
Groundnut,Laxmeshwar,11-06-2019,52.28
Groundnut,Raichur,11-06-2019,54
Groundnut,Yadgir,11-06-2019,49.89
Jowar(Sorghum),Manvi,11-06-2019,13
Gur(Jaggery),Mandya,11-06-2019,31
Kulthi(Horse+Gram),Chintamani,11-06-2019,35
Kulthi(Horse+Gram),Holenarsipura,11-06-2019,37
Paddy(Dhan)(Common),Hanagal,13-06-2019,16.5
Paddy(Dhan)(Common),Harihara,13-06-2019,18.25
Maize,Haveri,11-06-2019,22.5
Paddy(Dhan)(Common),Hirekerur,13-06-2019,18
Paddy(Dhan)(Common),Holenarsipura,13-06-2019,14
Paddy(Dhan)(Common),Kolar,13-06-2019,19.49
Paddy(Dhan)(Common),Lingasugur,13-06-2019,23.5
Paddy(Dhan)(Common),T. Narasipura,13-06-2019,20
Mango,Mulabagilu,11-06-2019,8.6
Jowar(Sorghum),Badami,11-06-2019,12
Jowar(Sorghum),Bellary,11-06-2019,20.34
Brinjal,Kolar,11-06-2019,17
Paddy(Dhan)(Common),Channagiri,12-06-2019,18.6
Paddy(Dhan)(Common),Harihara,12-06-2019,17.6
Paddy(Dhan)(Common),Nanjangud,12-06-2019,16
Paddy(Dhan)(Common),T. Narasipura,12-06-2019,16.5
Papaya,Ramanagara,12-06-2019,15
Maize,Bellary,11-06-2019,23.11
Paddy(Dhan)(Common),Hanagal,11-06-2019,16.5
Paddy(Dhan)(Common),Haveri,11-06-2019,16
Paddy(Dhan)(Common),Lingasugur,11-06-2019,23
Paddy(Dhan)(Common),Nanjangud,11-06-2019,18
Onion,Raichur,11-06-2019,15.1
Cow,Athani,16-06-2019,450
Arhar+Dal(Tur+Dal),Mysore (Bandipalya),17-06-2019,82
Arhar+Dal(Tur+Dal),Shimoga,17-06-2019,86
Carrot,Kolar,14-06-2019,45
Beetroot,Honnali,30-05-2019,12.5
Beetroot,Kolar,30-05-2019,20
Coconut,Tarikere,18-06-2019,130
Goat,Turvekere,10-06-2019,100
Paddy(Dhan)(Common),Raichur,11-06-2019,18.82
Paddy(Dhan)(Common),Shorapur,11-06-2019,22.02
Paddy(Dhan)(Common),T. Narasipura,11-06-2019,18
Black+pepper,Karkala,13-06-2019,315
Tomato,Chintamani,15-06-2019,18.66
Tomato,Kolar,15-06-2019,12
Raddish,Kolar,13-06-2019,8
Groundnut,Bagalakot,10-06-2019,55.99
Groundnut,Laxmeshwar,10-06-2019,46.84
Gur(Jaggery),Bangarpet,10-06-2019,32.5
Gur(Jaggery),Gundlupet,10-06-2019,40
Gur(Jaggery),Mhalingapur,10-06-2019,30.01
Tomato,Kolar,12-06-2019,20
Tomato,Ramanagara,12-06-2019,27.5
Potato,Malur,11-06-2019,15
Ragi+(Finger+Millet),Kolar,13-06-2019,24
Jowar(Sorghum),Harappana Halli,10-06-2019,19.88
Jowar(Sorghum),Laxmeshwar,10-06-2019,21.06
Rice,Kolar,13-06-2019,21.3
Kulthi(Horse+Gram),Gundlupet,10-06-2019,40
Kulthi(Horse+Gram),Laxmeshwar,10-06-2019,36.62
Maize,Bagalakot,10-06-2019,21.8
Maize,Hanagal,10-06-2019,22
Maize,Harappana Halli,10-06-2019,22
Maize,Mhalingapur,10-06-2019,21.4
Maize,Tumkur,10-06-2019,21
Chilly+Capsicum,Kolar,14-06-2019,60
Sheep,Hirekerur,13-06-2019,70
Sheep,Kudchi,13-06-2019,80
Tamarind+Fruit,Bangalore,13-06-2019,81.5
Rice,Karatgi,10-06-2019,38.87
Goat,Ramdurga,16-06-2019,70
Paddy(Dhan)(Common),Gonikappal,10-06-2019,20
Paddy(Dhan)(Common),Hanagal,10-06-2019,19.5
Paddy(Dhan)(Common),Sorabha,10-06-2019,18
Green+Chilli,Ramanagara,13-06-2019,36
Ground+Nut+Seed,Bangalore,13-06-2019,91
Copra,Arasikere,18-06-2019,135.62
Groundnut,Ramdurga,16-06-2019,56.08
Snakeguard,Ramanagara,18-06-2019,17
Jowar(Sorghum),Ramdurga,16-06-2019,25
Black+pepper,Somvarpet,11-06-2019,333
Maize,Athani,16-06-2019,20
Tomato,Bagepalli,11-06-2019,35.4
Paddy(Dhan)(Common),Hanagal,12-06-2019,18
Moath+Dal,Bangalore,11-06-2019,51
White+Pumpkin,Ramanagara,21-06-2019,22
Ragi+(Finger+Millet),Harappana Halli,10-06-2019,22.5
Rice,Bangarpet,10-06-2019,28.5
Cucumbar(Kheera),Honnali,18-06-2019,12
Cucumbar(Kheera),Ramanagara,11-06-2019,20
Orange,Somvarpet,11-06-2019,10
Ginger(Green),Piriya Pattana,25-07-2019,26
Sheep,Turvekere,10-06-2019,80
Dry+Grapes,Bangalore,17-06-2019,240
Alasande+Gram,Gundlupet,22-07-2019,60.2
White+Pumpkin,Malur,11-06-2019,10
Brinjal,Kolar,16-06-2019,20
Chapparad+Avare,Kolar,16-06-2019,53
Ram,Athani,16-06-2019,45
Ram,Ramdurga,16-06-2019,65
She+Buffalo,Athani,16-06-2019,450
She+Goat,Athani,16-06-2019,40
Sheep,Ramdurga,16-06-2019,75
Elephant+Yam+(Suran),Arasikere,18-06-2019,15
Brinjal,Ramanagara,13-06-2019,20
Coconut,Bhadravathi,13-06-2019,156.48
Coconut,Doddaballa Pur,13-06-2019,130
Coconut,Kumta,13-06-2019,158.9
Onion,Bangalore,13-06-2019,11.5
Beans,Chikkamagalore,19-06-2019,52.38
Beetroot,Chikkamagalore,19-06-2019,20
Cotton,Annigeri,13-06-2019,30.25
Orange,Somvarpet,13-06-2019,20
Cotton,Bijapur,13-06-2019,63.48
Cotton,Dharwar,13-06-2019,59.42
Suvarna+Gadde,Ramanagara,12-06-2019,26
Tender+Coconut,Santhesargur,11-06-2019,80
Cucumbar(Kheera),Doddaballa Pur,13-06-2019,8
Tomato,Chintamani,11-06-2019,19.33
Tomato,Kolar,11-06-2019,16.67
Tomato,Mulabagilu,11-06-2019,25
Tomato,Ramanagara,11-06-2019,29
Green+Chilli,Chikkamagalore,18-06-2019,31.81
Green+Chilli,Honnali,18-06-2019,31
Papaya,Ramanagara,18-06-2019,10
Arhar+Dal(Tur+Dal),Bangarpet,25-06-2019,65
Cauliflower,Kolar,19-06-2019,13
Dry+Chillies,Byadagi,13-06-2019,98.29
Dry+Chillies,Hubli (Amaragol),13-06-2019,32
Sweet+Pumpkin,Ramanagara,21-06-2019,15
Jowar(Sorghum),Manvi,18-06-2019,9.44
Chili+Red,Malur,19-06-2019,50
Black+pepper,Gonikappal,17-06-2019,320
Black+pepper,Kadur,17-06-2019,280
Ginger(Green),Tarikere,13-06-2019,19.34
Beans,Kolar,16-06-2019,105
Jowar(Sorghum),Haveri,18-06-2019,24.9
Cucumbar(Kheera),Ramanagara,15-06-2019,15
Ginger(Green),Bangalore,13-06-2019,74.5
Ginger(Green),Hirekerur,13-06-2019,23
Brinjal,Chikkamagalore,19-06-2019,10
Raddish,Kolar,18-06-2019,6.5
Groundnut,Bagalakot,13-06-2019,40
Groundnut,Gadag,13-06-2019,48.18
Gur(Jaggery),Bijapur,13-06-2019,29.4
Gur(Jaggery),Mhalingapur,13-06-2019,29.95
Alasande+Gram,Dharwar,11-06-2019,45
Rice,Sindhanur,12-06-2019,43.5
Jowar(Sorghum),Dharwar,13-06-2019,33
Jowar(Sorghum),Gadag,13-06-2019,25.21
Jowar(Sorghum),Gangavathi,13-06-2019,19
Jowar(Sorghum),Hubli (Amaragol),13-06-2019,18.69
Brinjal,Kolar,14-06-2019,23
Arhar+Dal(Tur+Dal),Mysore (Bandipalya),11-06-2019,85
Maize,Haveri,18-06-2019,21.5
Alasande+Gram,Gundlupet,29-07-2019,61
Cabbage,Chikkamagalore,19-06-2019,8.92
Gur(Jaggery),Malur,19-06-2019,40
Gur(Jaggery),Srirangapattana,19-06-2019,30
Cabbage,Kolar,12-06-2019,11
Ridgeguard(Tori),Ramanagara,21-06-2019,32
Lime,Bijapur,13-06-2019,15
Capsicum,Kolar,12-06-2019,29
Paddy(Dhan)(Common),Honnali,19-06-2019,16.45
Paddy(Dhan)(Common),Nanjangud,19-06-2019,16.5
Paddy(Dhan)(Common),Srirangapattana,19-06-2019,15.8
Paddy(Dhan)(Common),T. Narasipura,19-06-2019,16
Carrot,Kolar,12-06-2019,35
Beans,Chikkamagalore,11-06-2019,52.94
Maize,Bagalakot,13-06-2019,21.72
Raddish,Kolar,12-06-2019,10
Maize,Bangarpet,13-06-2019,25
Maize,Davangere,13-06-2019,20
Maize,Dharwar,13-06-2019,21.6
Maize,Haveri,13-06-2019,21
Maize,Hubli (Amaragol),13-06-2019,19.6
Maize,Mhalingapur,13-06-2019,22.4
Maize,Mysore (Bandipalya),13-06-2019,23.81
Ragi+(Finger+Millet),Piriya Pattana,12-06-2019,21.5
Rice,Holenarsipura,12-06-2019,20
Rice,Kolar,12-06-2019,47.64
Chapparad+Avare,Kolar,12-06-2019,55
Mango,Mulabagilu,13-06-2019,9.15
Mango,Srinivasapur,13-06-2019,13.05
Maize,Hanagal,13-06-2019,22
Maize,Hirekerur,13-06-2019,20
Maize,Holenarsipura,13-06-2019,18
Maize,Kadur,13-06-2019,17
Maize,Somvarpet,13-06-2019,15
Black+pepper,Gonikappal,11-06-2019,300
Black+pepper,Siddapur,11-06-2019,322.99
Black+pepper,Yellapur,11-06-2019,304.21
Coconut,Harihara,17-06-2019,85
Coconut,Somvarpet,17-06-2019,80
Chilly+Capsicum,Kolar,20-06-2019,70
Coriander(Leaves),Chintamani,17-06-2019,75
Ginger(Green),Kolar,14-06-2019,69.28
Ginger(Green),Srirangapattana,14-06-2019,12
Alasande+Gram,Laxmeshwar,14-06-2019,40.85
Alasande+Gram,Dharwar,18-06-2019,48.5
Beans,Ramanagara,15-06-2019,60
Beetroot,Ramanagara,15-06-2019,28
Onion,Hubli (Amaragol),18-06-2019,8.8
Onion,Davangere,13-06-2019,13
Cauliflower,Chikkamagalore,19-06-2019,10.9
Onion,Bijapur,13-06-2019,14
Onion,Doddaballa Pur,13-06-2019,15
Onion,Gundlupet,13-06-2019,10
Onion,Hubli (Amaragol),13-06-2019,9
Onion,Mandya,13-06-2019,12.61
Cabbage,Chikkamagalore,11-06-2019,8.33
Maize,Hanagal,14-06-2019,21
Green+Chilli,Ramanagara,11-06-2019,31
Green+Chilli,Somvarpet,11-06-2019,10
Arhar+Dal(Tur+Dal),Shimoga,18-06-2019,85
Coconut,Bhadravathi,19-06-2019,100.87
Gur(Jaggery),Kudchi,11-06-2019,23
Paddy(Dhan)(Common),Bhadravathi,13-06-2019,18.29
Paddy(Dhan)(Common),Davangere,13-06-2019,18.6
Paddy(Dhan)(Common),Dharwar,13-06-2019,15.5
Chili+Red,Shimoga,11-06-2019,145
Paddy(Dhan)(Common),Mandya,13-06-2019,15.5
Paddy(Dhan)(Common),Mysore (Bandipalya),13-06-2019,16.95
Paddy(Dhan)(Common),Nippani,13-06-2019,20.06
Paddy(Dhan)(Common),Sira,13-06-2019,16
Coconut,Bhadravathi,11-06-2019,112.5
Coconut,Gundlupet,11-06-2019,80
Coconut,Kadur,11-06-2019,124
Copra,Arasikere,11-06-2019,134.04
Papaya,Ramanagara,20-06-2019,9
Black+pepper,Gonikappal,14-06-2019,325.32
Corriander+seed,Mysore (Bandipalya),11-06-2019,75
Alasande+Gram,Bagalakot,12-06-2019,46.01
Cotton,Bijapur,11-06-2019,63.41
Cotton,Chitradurga,11-06-2019,51.14
Cotton,Dharwar,11-06-2019,62.56
Paddy(Dhan)(Common),Bhadravathi,18-06-2019,13
Paddy(Dhan)(Common),Harihara,18-06-2019,19
Paddy(Dhan)(Common),Honnali,18-06-2019,18.6
Paddy(Dhan)(Common),Shikaripura,18-06-2019,17
Green+Chilli,Ramanagara,19-06-2019,46
Arhar+Dal(Tur+Dal),Shimoga,12-06-2019,92.5
Dry+Chillies,Hubli (Amaragol),11-06-2019,38
Dry+Chillies,Mysore (Bandipalya),11-06-2019,95
Garlic,Mysore (Bandipalya),11-06-2019,50
Banana,Channapatana,12-06-2019,7
Cotton,Raichur,19-06-2019,63.8
Green+Chilli,Chikkamagalore,11-06-2019,33.96
Green+Chilli,Honnali,11-06-2019,41
Beans,Chikkamagalore,12-06-2019,59.09
Beetroot,Chikkamagalore,12-06-2019,13.23
Potato,Bangalore,20-06-2019,17
Green+Peas,Mysore (Bandipalya),11-06-2019,78
Garlic,Bangalore,13-06-2019,62.5
Ground+Nut+Seed,Mysore (Bandipalya),11-06-2019,89
Groundnut,Bagalakot,11-06-2019,57.58
Groundnut,Bijapur,11-06-2019,57
Groundnut,Dharwar,11-06-2019,51.11
Groundnut,Gadag,11-06-2019,38.66
Brinjal,Kolar,12-06-2019,19
Gur(Jaggery),Bhadravathi,11-06-2019,20
Gur(Jaggery),Bijapur,11-06-2019,28.5
Gur(Jaggery),Gulbarga,11-06-2019,32
Gur(Jaggery),Mhalingapur,11-06-2019,30.36
Gur(Jaggery),Mysore (Bandipalya),11-06-2019,42.5
Gur(Jaggery),Shimoga,11-06-2019,38
Black+pepper,Somvarpet,12-06-2019,250
Jowar(Sorghum),Dharwar,11-06-2019,21.77
Jowar(Sorghum),Gadag,11-06-2019,24.94
Jowar(Sorghum),Gangavathi,11-06-2019,22.5
Jowar(Sorghum),Gulbarga,11-06-2019,36.76
Jowar(Sorghum),Hubli (Amaragol),11-06-2019,27.09
Jowar(Sorghum),Mysore (Bandipalya),11-06-2019,38
Jowar(Sorghum),Shimoga,11-06-2019,34
Chili+Red,Shimoga,17-06-2019,110
Kulthi(Horse+Gram),Gadag,11-06-2019,36.85
Maize,Piriya Pattana,12-06-2019,17
Lime,Bijapur,11-06-2019,10
Maize,Bagalakot,11-06-2019,21.88
Maize,Bijapur,11-06-2019,20
Maize,Dharwar,11-06-2019,20
Maize,Gulbarga,11-06-2019,21.25
Maize,Honnali,11-06-2019,19.5
Maize,Mysore (Bandipalya),11-06-2019,19.39
Mango+(Raw-Ripe),Tarikere,11-06-2019,3.33
Cabbage,Chikkamagalore,12-06-2019,8.08
Methi+Seeds,Mysore (Bandipalya),11-06-2019,65
Chilly+Capsicum,Ramanagara,18-06-2019,33
Cucumbar(Kheera),Chikkamagalore,19-06-2019,9.78
Coconut,Arasikere,17-06-2019,124.9
Ragi+(Finger+Millet),Doddaballa Pur,13-06-2019,24
Ragi+(Finger+Millet),Mysore (Bandipalya),13-06-2019,21.3
Ragi+(Finger+Millet),Shimoga,13-06-2019,28
Coconut,Kundapura,17-06-2019,119.06
Rice,Bangarpet,13-06-2019,31.4
Rice,Bhadravathi,13-06-2019,20.5
Rice,Gangavathi,13-06-2019,19.7
Rice,Mulabagilu,13-06-2019,52.7
Carrot,Chikkamagalore,12-06-2019,20.45
Coconut,Davangere,17-06-2019,70
Onion,Bijapur,11-06-2019,12
Onion,Chikkamagalore,11-06-2019,14.28
Onion,Gundlupet,11-06-2019,32
Onion,Hubli (Amaragol),11-06-2019,13
Onion,Mysore (Bandipalya),11-06-2019,13
Cotton,Raichur,14-06-2019,62
Safflower,Gadag,13-06-2019,42.87
Copra,Tiptur,12-06-2019,130
Soyabean,Dharwar,13-06-2019,36.4
Soyabean,Hubli (Amaragol),13-06-2019,35.4
Cotton,Raichur,12-06-2019,55.26
Paddy(Dhan)(Common),Bhadravathi,11-06-2019,14.53
Paddy(Dhan)(Common),Harihara,11-06-2019,17.8
Paddy(Dhan)(Common),Honnali,11-06-2019,18.5
Paddy(Dhan)(Common),Kumta,11-06-2019,17.5
Paddy(Dhan)(Common),Moodigere,11-06-2019,19.5
Paddy(Dhan)(Common),Mysore (Bandipalya),11-06-2019,14.54
Paddy(Dhan)(Common),Tarikere,11-06-2019,17.23
Cucumbar(Kheera),Chikkamagalore,12-06-2019,9.56
Cucumbar(Kheera),Honnali,12-06-2019,16
Coriander(Leaves),Tumkur,17-06-2019,90
Elephant+Yam+(Suran),Arasikere,12-06-2019,17
Dry+Chillies,Byadagi,14-06-2019,108.5
Potato,Chikkamagalore,11-06-2019,14.81
Potato,Hubli (Amaragol),11-06-2019,11.5
Potato,Mysore (Bandipalya),11-06-2019,15
Tomato,Davangere,13-06-2019,39
Tomato,Doddaballa Pur,13-06-2019,20
Tomato,Mulabagilu,13-06-2019,21.65
Ginger(Green),Tarikere,14-06-2019,21.65
Corriander+seed,Shimoga,17-06-2019,105
Green+Chilli,Chikkamagalore,12-06-2019,31.42
Green+Chilli,Honnali,12-06-2019,34
Green+Peas,Bhadravathi,12-06-2019,77
Coconut,Hunsur,14-06-2019,0.08
Coconut,Kolar,14-06-2019,200
Groundnut,Bellary,12-06-2019,61.27
Groundnut,Laxmeshwar,12-06-2019,46.92
Gur(Jaggery),Mandya,12-06-2019,30
Cummin+Seed(Jeera),Gadag,19-06-2019,53.63
Rice,Bangarpet,11-06-2019,29.5
Rice,Bhadravathi,11-06-2019,21.5
Rice,Gangavathi,11-06-2019,20
Rice,Gulbarga,11-06-2019,41
Rice,Honnali,11-06-2019,20
Beans,Ramanagara,12-06-2019,90
Ridgeguard(Tori),Chikkamagalore,11-06-2019,18.42
Knool+Khol,Chikkamagalore,12-06-2019,10
Safflower,Dharwar,11-06-2019,39.4
Safflower,Gadag,11-06-2019,42.92
Safflower,Gulbarga,11-06-2019,40.76
Wheat,Bagalakot,13-06-2019,20.5
Wheat,Gadag,13-06-2019,24.08
Wheat,Nargunda,13-06-2019,22.64
Wheat,Ramdurga,13-06-2019,22.5
Soyabean,Dharwar,11-06-2019,35.63
Soyabean,Hubli (Amaragol),11-06-2019,34.55
Maize,Haveri,12-06-2019,22
Maize,Honnali,12-06-2019,19.2
Sunflower,Gulbarga,11-06-2019,36.26
Cotton,Bijapur,17-06-2019,62.59
Tamarind+Fruit,Gundlupet,11-06-2019,10
Tamarind+Fruit,Mysore (Bandipalya),11-06-2019,50.1
Cucumbar(Kheera),Kolar,12-06-2019,5
Tomato,Chickkaballapura,11-06-2019,19.8
Tomato,Gundlupet,11-06-2019,29.5
Elephant+Yam+(Suran),Hiriyur,14-06-2019,14.23
Groundnut,Bellary,14-06-2019,56.15
Groundnut,Laxmeshwar,14-06-2019,46.36
Groundnut,Mundaragi,14-06-2019,61.28
Groundnut,Yadgir,14-06-2019,50
Tender+Coconut,Mandya,17-06-2019,90
Cotton,Ranebennur,17-06-2019,54.04
Gur(Jaggery),Bhadravathi,14-06-2019,25.65
Cashewnuts,Kundapura,12-06-2019,104
Gur(Jaggery),Mandya,14-06-2019,31.5
Turmeric,Gundlupet,11-06-2019,70
Onion,Chikkamagalore,12-06-2019,15.34
Tomato,Chintamani,17-06-2019,17.33
Wheat,Bijapur,11-06-2019,47
Wheat,Gadag,11-06-2019,19.42
Knool+Khol,Ramanagara,21-06-2019,45
Knool+Khol,Kolar,12-06-2019,27
Cucumbar(Kheera),Ramanagara,19-06-2019,16
Paddy(Dhan)(Common),Bhadravathi,12-06-2019,16.8
Paddy(Dhan)(Common),Honnali,12-06-2019,19.4
Paddy(Dhan)(Common),Hunsur,12-06-2019,15
Paddy(Dhan)(Common),Raichur,12-06-2019,19.94
Jowar(Sorghum),Bellary,14-06-2019,21.77
Jowar(Sorghum),Laxmeshwar,14-06-2019,21.65
Cucumbar(Kheera),Kolar,13-06-2019,4.3
Knool+Khol,Kolar,14-06-2019,23
Coconut,Thirthahalli,25-06-2019,100
Brinjal,Ramanagara,18-06-2019,26
Raddish,Kolar,20-06-2019,6
Dry+Chillies,Bangalore,13-06-2019,147.5
Potato,Chikkamagalore,12-06-2019,15.18
Coconut,Kadur,12-06-2019,110
Coconut,Kundapura,12-06-2019,132.89
Coconut,Tumkur,12-06-2019,125
Antawala,Chikkamagalore,15-06-2019,14.15
Maize,Bellary,14-06-2019,21.15
Black+pepper,Gonikappal,18-06-2019,270
Cabbage,Chikkamagalore,13-06-2019,7.4
Black+pepper,Hosanagar,18-06-2019,321.43
Black+pepper,Kumta,18-06-2019,220
Coriander(Leaves),Gadag,12-06-2019,61.29
Black+pepper,Yellapur,18-06-2019,308.71
Ragi+(Finger+Millet),Arasikere,12-06-2019,24.1
Cotton,Bijapur,12-06-2019,63.69
Rice,Bhadravathi,12-06-2019,17
Jowar(Sorghum),Manvi,12-06-2019,11.14
Rice,Honnali,20-06-2019,21
Ridgeguard(Tori),Chikkamagalore,12-06-2019,16.66
Jowar(Sorghum),Bangalore,13-06-2019,26
Jowar(Sorghum),Manvi,13-06-2019,14.9
Coconut,Kanakapura,13-06-2019,120
Soyabean,Haveri,12-06-2019,35.5
Rice,Karatgi,15-06-2019,35.7
Ginger(Green),Bhadravathi,19-06-2019,30
Cotton,Raichur,13-06-2019,64.21
Onion,Raichur,14-06-2019,14.3
Banana+-+Green,Kundapura,15-06-2019,20
Elephant+Yam+(Suran),Arasikere,13-06-2019,17
Ragi+(Finger+Millet),Arasikere,18-06-2019,21
Tomato,Channapatana,12-06-2019,25
Tomato,Chikkamagalore,12-06-2019,31.57
Green+Chilli,Chikkamagalore,19-06-2019,35.44
Dry+Chillies,Byadagi,12-06-2019,96.1
Green+Chilli,Chikkamagalore,13-06-2019,29.11
Beetroot,Chikkamagalore,15-06-2019,14.89
Paddy(Dhan)(Common),Bhadravathi,14-06-2019,15.97
Paddy(Dhan)(Common),Raichur,14-06-2019,18.72
Paddy(Dhan)(Common),T. Narasipura,14-06-2019,16
Paddy(Dhan)(Common),Tarikere,14-06-2019,17
Groundnut,Laxmeshwar,13-06-2019,51.46
Groundnut,Madhugiri,13-06-2019,51
Groundnut,Mundaragi,13-06-2019,58.68
Groundnut,Raichur,13-06-2019,51.88
Groundnut,Savanur,13-06-2019,52.55
Gur(Jaggery),Mandya,13-06-2019,31.5
Gur(Jaggery),Srirangapattana,13-06-2019,31
Dry+Chillies,Mysore (Bandipalya),17-06-2019,97.5
Dry+Grapes,Bijapur,17-06-2019,130
Black+pepper,Chikkamagalore,15-06-2019,231.34
Honge+seed,Madhugiri,13-06-2019,28
Jowar(Sorghum),Manvi,15-06-2019,11.31
Groundnut,Madhugiri,21-06-2019,55.5
Jowar(Sorghum),Basava Kalayana,13-06-2019,32
Jowar(Sorghum),Bellary,13-06-2019,20.45
Jowar(Sorghum),Sindhanur,13-06-2019,22
Garlic,Mysore (Bandipalya),17-06-2019,60
Wheat,Bhadravathi,12-06-2019,29.5
Chapparad+Avare,Kolar,13-06-2019,50
Gur(Jaggery),Mandya,06-09-2019,32.5
Coconut,Bangalore,13-06-2019,185
Copra,Bangalore,13-06-2019,195
Corriander+seed,Bangalore,13-06-2019,104.5
Maize,Mundaragi,13-06-2019,22.65
Maize,Shikaripura,13-06-2019,21
Groundnut,Gadag,19-06-2019,47.39
Groundnut,Mundaragi,19-06-2019,58.34
Groundnut,Raichur,19-06-2019,49.25
Gur(Jaggery),Bhadravathi,19-06-2019,25
Gur(Jaggery),Mhalingapur,19-06-2019,30.17
Ginger(Green),Tarikere,17-06-2019,21.21
Groundnut,Bagalakot,12-06-2019,57.92
Groundnut,Chitradurga,12-06-2019,53.75
Groundnut,Gadag,12-06-2019,51.29
Beans,Chikkamagalore,14-06-2019,53.57
Tomato,Channapatana,18-06-2019,22.5
Tomato,Chikkamagalore,18-06-2019,20
Alasande+Gram,Gundlupet,06-08-2019,63
Drumstick,Ramanagara,25-06-2019,38
Ragi+(Finger+Millet),Chintamani,14-06-2019,23.5
Ragi+(Finger+Millet),Holenarsipura,14-06-2019,21
Cabbage,Chikkamagalore,15-06-2019,8.13
Paddy(Dhan)(Common),Chikkamagalore,13-06-2019,31
Paddy(Dhan)(Common),Raichur,13-06-2019,18.21
Paddy(Dhan)(Common),Santhesargur,13-06-2019,16.5
Paddy(Dhan)(Common),Shikaripura,13-06-2019,17
Paddy(Dhan)(Common),Srirangapattana,13-06-2019,16
Gur(Jaggery),Belgaum,12-06-2019,28
Gur(Jaggery),Mhalingapur,12-06-2019,30.39
Rice,T. Narasipura,14-06-2019,16
Black+pepper,Sirsi,14-06-2019,313.52
Jowar(Sorghum),Gadag,19-06-2019,24.99
Black+pepper,Gonikappal,20-06-2019,320
Honge+seed,Tumkur,12-06-2019,28
Black+pepper,Somvarpet,20-06-2019,310.5
Jowar(Sorghum),Belgaum,12-06-2019,29
Jowar(Sorghum),Bidar,12-06-2019,35
Carrot,Chikkamagalore,15-06-2019,33.33
Jowar(Sorghum),Gadag,12-06-2019,27.68
Jowar(Sorghum),Gangavathi,12-06-2019,22.5
Cashewnuts,Hosanagar,18-06-2019,90
Cashewnuts,Kumta,18-06-2019,90.45
Cashewnuts,Kumta,15-06-2019,97.5
Cucumbar(Kheera),Kolar,23-06-2019,2.5
Kulthi(Horse+Gram),Gadag,19-06-2019,33.96
Alsandikai,Ramanagara,19-06-2019,26
Kulthi(Horse+Gram),Gundlupet,12-06-2019,45
Jowar(Sorghum),Manvi,14-06-2019,12
Coconut,Kumta,15-06-2019,100
Coconut,Kundapura,15-06-2019,130
Maize,Mysore (Bandipalya),12-06-2019,19.98
Maize,Chitradurga,12-06-2019,22.49
Maize,Davangere,12-06-2019,22.1
Maize,Dharwar,12-06-2019,22.13
Maize,Hubli (Amaragol),12-06-2019,19.55
Avare+Dal,Bangalore,22-07-2019,55.5
Coriander(Leaves),Gadag,15-06-2019,62.15
Cabbage,Chikkamagalore,14-06-2019,8.47
Cotton,Bijapur,15-06-2019,64.14
Cotton,Dharwar,15-06-2019,63.06
Cabbage,Malur,19-06-2019,5.16
Maize,Hanagal,19-06-2019,21
Maize,Holalkere,19-06-2019,13.47
Maize,Mundaragi,19-06-2019,20.42
Wheat,Laxmeshwar,14-06-2019,21.23
Coconut,Kumta,18-06-2019,153.3
Coconut,Tumkur,18-06-2019,110
Beans,Kolar,18-06-2019,65
Beetroot,Kolar,18-06-2019,22
Capsicum,Kolar,19-06-2019,35
Rice,Karatgi,17-06-2019,36.64
Methi(Leaves),Shimoga,12-06-2019,57.5
Mango,Srinivasapur,19-06-2019,10.38
Jowar(Sorghum),Manvi,20-06-2019,19.14
Ground+Nut+Seed,Mysore (Bandipalya),17-06-2019,87
Cauliflower,Chikkamagalore,14-06-2019,10
Coriander(Leaves),Tumkur,18-06-2019,90
Gur(Jaggery),Kudchi,14-06-2019,31.5
Dry+Chillies,Hubli (Amaragol),15-06-2019,41.09
Green+Chilli,Ramanagara,17-06-2019,46
Cotton,Annigeri,18-06-2019,63.25
Cotton,Bijapur,18-06-2019,58.61
Cotton,Chitradurga,18-06-2019,54.62
Cotton,Malur,18-06-2019,124
Jowar(Sorghum),Sindhanur,12-06-2019,22
Coconut,Davangere,14-06-2019,70
Coconut,Kadur,14-06-2019,120
Coconut,Tumkur,14-06-2019,115
Coconut,Udupi,14-06-2019,140
Copra,Arasikere,14-06-2019,136.66
Coriander(Leaves),Tumkur,14-06-2019,88
Gur(Jaggery),Bijapur,17-06-2019,30
Gur(Jaggery),Mandya,17-06-2019,31.5
Gur(Jaggery),Mhalingapur,17-06-2019,29.73
Gur(Jaggery),Shimoga,17-06-2019,36
Cotton,Bijapur,14-06-2019,63.38
Cow,Nippani,14-06-2019,450
Onion,Belgaum,12-06-2019,14
Onion,Davangere,12-06-2019,12.5
Onion,Gundlupet,12-06-2019,33.33
Onion,Hubli (Amaragol),12-06-2019,9.6
Cucumbar(Kheera),Chikkamagalore,14-06-2019,10
Green+Chilli,Chikkamagalore,15-06-2019,29.46
Potato,Malur,24-06-2019,10
Green+Peas,Bhadravathi,15-06-2019,64
Groundnut,Bagalakot,15-06-2019,57.54
Groundnut,Gadag,15-06-2019,46.69
Groundnut,Hubli (Amaragol),15-06-2019,37.59
Green+Chilli,Kolar,19-06-2019,50
Gur(Jaggery),Bijapur,15-06-2019,29
Paddy(Dhan)(Common),Bangalore,14-06-2019,51
Paddy(Dhan)(Common),Channagiri,14-06-2019,19
Paddy(Dhan)(Common),Haliyala,14-06-2019,17.5
Paddy(Dhan)(Common),Hanagal,14-06-2019,16
Paddy(Dhan)(Common),K.R.Nagar,14-06-2019,16
Paddy(Dhan)(Common),Srirangapattana,14-06-2019,15.5
Dry+Chillies,Byadagi,18-06-2019,96.1
Dry+Chillies,Hubli (Amaragol),18-06-2019,31.5
Ragi+(Finger+Millet),Arasikere,13-06-2019,20
Onion,Chikkamagalore,19-06-2019,15.38
Onion,Hubli (Amaragol),19-06-2019,8.7
Chilly+Capsicum,Ramanagara,14-06-2019,31
Cucumbar(Kheera),Ramanagara,14-06-2019,19
Jowar(Sorghum),Gadag,15-06-2019,25.19
Jowar(Sorghum),Hubli (Amaragol),15-06-2019,24.49
Paddy(Dhan)(Common),Davangere,12-06-2019,19
Paddy(Dhan)(Common),Harihara,12-06-2019,17.9
Paddy(Dhan)(Common),Kundapura,12-06-2019,18.79
Goat,Nippani,14-06-2019,50
Paddy(Dhan)(Common),Shikaripura,12-06-2019,16
Paddy(Dhan)(Common),Sorabha,12-06-2019,19.5
Jowar(Sorghum),Dharwar,17-06-2019,21.1
Green+Chilli,Chikkamagalore,14-06-2019,28.72
Kulthi(Horse+Gram),Shimoga,15-06-2019,43.5
Gur(Jaggery),Kudchi,15-06-2019,31
Ginger(Dry),Hosanagar,18-06-2019,120
Maize,Bellary,15-06-2019,22.76
Maize,Davangere,15-06-2019,18
Maize,Hubli (Amaragol),15-06-2019,22.52
Maize,Mysore (Bandipalya),15-06-2019,23.22
Maize,Ramdurga,15-06-2019,22
Groundnut,Bagalakot,14-06-2019,56.85
Groundnut,Gadag,14-06-2019,47.03
Groundnut,Kundapura,14-06-2019,35
Kulthi(Horse+Gram),Gundlupet,17-06-2019,44
Kulthi(Horse+Gram),Kadur,17-06-2019,37
Soyabean,Bidar,13-06-2019,36
Gur(Jaggery),Bijapur,14-06-2019,29
Gur(Jaggery),Gulbarga,14-06-2019,31.7
Gur(Jaggery),Gundlupet,14-06-2019,35.63
Gur(Jaggery),Mhalingapur,14-06-2019,29.9
Gur(Jaggery),Mysore (Bandipalya),14-06-2019,43
Honge+seed,Tumkur,14-06-2019,26
Paddy(Dhan)(Common),Bhadravathi,19-06-2019,19.65
Paddy(Dhan)(Common),Hanagal,19-06-2019,15
Jowar(Sorghum),Dharwar,14-06-2019,24.83
Jowar(Sorghum),Gadag,14-06-2019,25.32
Jowar(Sorghum),Gulbarga,14-06-2019,33.65
Jowar(Sorghum),Haveri,14-06-2019,19.65
Jowar(Sorghum),Hubli (Amaragol),14-06-2019,25.59
Jowar(Sorghum),Sindhanur,14-06-2019,21.2
Paddy(Dhan)(Common),Raichur,19-06-2019,19.52
Potato,Belgaum,12-06-2019,14
Potato,Hubli (Amaragol),12-06-2019,12.5
Sheep,Hirekerur,17-06-2019,67.5
Lime,Bijapur,17-06-2019,12
Paddy(Dhan)(Common),Hanagal,18-06-2019,18
Paddy(Dhan)(Common),Lingasugur,18-06-2019,29.99
Paddy(Dhan)(Common),Nanjangud,18-06-2019,15.5
Cucumbar(Kheera),Ramanagara,21-06-2019,17
Brinjal,Ramanagara,17-06-2019,23
Maize,Chikkamagalore,14-06-2019,22
Maize,Davangere,14-06-2019,22.3
Maize,Gulbarga,14-06-2019,22.76
Maize,Hubli (Amaragol),14-06-2019,19.55
Maize,Tumkur,14-06-2019,22
Maize,Arasikere,17-06-2019,18
Maize,Davangere,17-06-2019,20.3
Onion,Chikkamagalore,15-06-2019,16.27
Onion,Hubli (Amaragol),15-06-2019,9
Maize,Mysore (Bandipalya),17-06-2019,20.42
Maize,Shimoga,17-06-2019,22.6
Coriander(Leaves),Gadag,20-06-2019,52.83
Ragi+(Finger+Millet),Mysore (Bandipalya),12-06-2019,24.22
Green+Peas,Shimoga,18-06-2019,70
Rice,Gangavathi,12-06-2019,21
Cotton,Savanur,20-06-2019,57.93
Ragi+(Finger+Millet),Davangere,12-06-2019,25.2
Groundnut,Davangere,18-06-2019,50.01
Groundnut,Gadag,18-06-2019,51.89
Groundnut,Hubli (Amaragol),18-06-2019,54
Groundnut,Kadur,18-06-2019,47
Groundnut,Laxmeshwar,18-06-2019,46.59
Paddy(Dhan)(Common),Bangarpet,15-06-2019,17.5
Paddy(Dhan)(Common),Chikkamagalore,15-06-2019,31.5
Paddy(Dhan)(Common),Davangere,15-06-2019,17.8
Paddy(Dhan)(Common),Mysore (Bandipalya),15-06-2019,17.24
Paddy(Dhan)(Common),Shikaripura,15-06-2019,17
Gur(Jaggery),Bangarpet,18-06-2019,32
Gur(Jaggery),Bijapur,18-06-2019,30
Gur(Jaggery),Gulbarga,18-06-2019,30.5
Gur(Jaggery),Mhalingapur,18-06-2019,30.91
Gur(Jaggery),Srirangapattana,18-06-2019,30
Ridgeguard(Tori),Honnali,24-06-2019,13.8
Ridgeguard(Tori),Kolar,24-06-2019,33
Neem+Seed,Tumkur,14-06-2019,26
Niger+Seed+(Ramtil),Mysore (Bandipalya),14-06-2019,63.5
Potato,Chikkamagalore,19-06-2019,14.89
Soyabean,Bidar,12-06-2019,35.6
Onion,Chikkamagalore,14-06-2019,16.21
Onion,Hubli (Amaragol),14-06-2019,9
Onion,Mysore (Bandipalya),14-06-2019,12
Tomato,Kolar,14-06-2019,15
Soyabean,Dharwar,12-06-2019,38
Soyabean,Hubli (Amaragol),12-06-2019,35.3
Alsandikai,Ramanagara,17-06-2019,27
Honge+seed,Kadur,18-06-2019,30
Potato,Chikkamagalore,15-06-2019,15.26
Jowar(Sorghum),Dharwar,18-06-2019,22.5
Jowar(Sorghum),Gadag,18-06-2019,24.73
Tamarind+Fruit,Tumkur,12-06-2019,70
Jowar(Sorghum),Gulbarga,18-06-2019,35.55
Jowar(Sorghum),Hubli (Amaragol),18-06-2019,21.51
Jowar(Sorghum),Kadur,18-06-2019,24
Methi(Leaves),Shimoga,17-06-2019,65
Paddy(Dhan)(Common),Hanagal,15-06-2019,16.5
Paddy(Dhan)(Common),Harihara,15-06-2019,18.25
Paddy(Dhan)(Common),Nanjangud,15-06-2019,16.5
Paddy(Dhan)(Common),Davangere,14-06-2019,17.6
Paddy(Dhan)(Common),Mysore (Bandipalya),14-06-2019,15.7
Wheat,Basava Kalayana,13-06-2019,20
Tomato,Davangere,12-06-2019,39
Tomato,Gundlupet,12-06-2019,29
Kulthi(Horse+Gram),Gundlupet,18-06-2019,43.07
Kulthi(Horse+Gram),Kadur,18-06-2019,37.67
Onion,Kolar,14-06-2019,18
Ragi+(Finger+Millet),Davangere,15-06-2019,21.5
Ragi+(Finger+Millet),Mysore (Bandipalya),15-06-2019,22.49
Ragi+(Finger+Millet),Shimoga,15-06-2019,28
Potato,Chikkamagalore,14-06-2019,15.17
Potato,Hubli (Amaragol),14-06-2019,11.5
Potato,Mysore (Bandipalya),14-06-2019,14
Rice,Bhadravathi,15-06-2019,26
Rice,Gangavathi,15-06-2019,20.65
Dry+Chillies,Byadagi,20-06-2019,92.88
Thogrikai,Kolar,16-06-2019,13
Ridgeguard(Tori),Chikkamagalore,15-06-2019,17.85
Maize,Annigeri,18-06-2019,24.7
Maize,Davangere,18-06-2019,22.5
Tomato,Kolar,16-06-2019,13.34
Maize,Gulbarga,18-06-2019,21.75
Maize,Hubli (Amaragol),18-06-2019,22.88
Wheat,Hiriyur,16-06-2019,22.3
Safflower,Gadag,15-06-2019,42.86
She+Buffalo,Nippani,15-06-2019,600
Soyabean,Dharwar,15-06-2019,35.46
Cashewnuts,Kundapura,25-06-2019,98
Brinjal,Ramanagara,21-06-2019,32
Banana,Channapatana,17-06-2019,8
Tamarind+Fruit,Mysore (Bandipalya),15-06-2019,20.5
Mango,Malur,18-06-2019,10
Tender+Coconut,Mandya,15-06-2019,100
Onion,Bijapur,17-06-2019,15
Onion,Gundlupet,17-06-2019,17.24
Onion,Mysore (Bandipalya),17-06-2019,12.5
Ragi+(Finger+Millet),Mysore (Bandipalya),14-06-2019,22.73
Ragi+(Finger+Millet),Tumkur,14-06-2019,24
Tomato,Chikkamagalore,15-06-2019,24.7
Rice,Gangavathi,14-06-2019,18.9
Rice,Gulbarga,14-06-2019,41.5
Raddish,Ramanagara,24-06-2019,24
Paddy(Dhan)(Common),Harihara,17-06-2019,18.5
Paddy(Dhan)(Common),Lingasugur,17-06-2019,28.5
Paddy(Dhan)(Common),Nanjangud,17-06-2019,16.5
Paddy(Dhan)(Common),Srirangapattana,17-06-2019,16
Ridgeguard(Tori),Chikkamagalore,14-06-2019,15.62
Ragi+(Finger+Millet),Tarikere,19-06-2019,25
Beetroot,Chikkamagalore,17-06-2019,11.9
Safflower,Gulbarga,14-06-2019,41.2
She+Buffalo,Nippani,14-06-2019,400
Sheep,Nippani,14-06-2019,50
Bitter+gourd,Kolar,19-06-2019,55
Rice,Shikaripura,19-06-2019,28
Turmeric,Gundlupet,15-06-2019,67
Turmeric,Nippani,15-06-2019,48
Soyabean,Bidar,14-06-2019,36.5
Soyabean,Dharwar,14-06-2019,35.08
Soyabean,Gulbarga,14-06-2019,32.5
Soyabean,Haveri,14-06-2019,35.5
Soyabean,Hubli (Amaragol),14-06-2019,35.45
Potato,Bangalore,17-06-2019,16
Bottle+gourd,Chikkamagalore,17-06-2019,10
Sunflower,Gulbarga,14-06-2019,34.25
Wheat,Gadag,15-06-2019,22.34
Wheat,Hubli (Amaragol),15-06-2019,25.01
Cabbage,Chikkamagalore,20-06-2019,8.33
Cabbage,Honnali,20-06-2019,15.5
Ragi+(Finger+Millet),Chintamani,17-06-2019,25
Tomato,Chikkamagalore,14-06-2019,25.16
Tomato,Davangere,14-06-2019,42.5
Tomato,Gundlupet,14-06-2019,27
Capsicum,Kolar,20-06-2019,37
Carrot,Kolar,20-06-2019,47
Beans,Ramanagara,20-06-2019,55
Turmeric,Gundlupet,14-06-2019,72
Cauliflower,Kolar,20-06-2019,23
Cabbage,Chikkamagalore,17-06-2019,8.24
Black+pepper,Somvarpet,19-06-2019,274.88
Soyabean,Hanagal,19-06-2019,36.04
Wheat,Gadag,14-06-2019,24.91
Chapparad+Avare,Kolar,20-06-2019,60
Onion,Gundlupet,18-06-2019,16.67
Onion,Tumkur,18-06-2019,12
Paddy(Dhan)(Common),Bangarpet,17-06-2019,17.5
Paddy(Dhan)(Common),Bhadravathi,17-06-2019,15
Cauliflower,Chikkamagalore,17-06-2019,10.78
Paddy(Dhan)(Common),Davangere,17-06-2019,19.2
Paddy(Dhan)(Common),Moodigere,17-06-2019,19
Paddy(Dhan)(Common),Mysore (Bandipalya),17-06-2019,15.66
Chili+Red,Shimoga,25-06-2019,147.5
Sunflower,Hanagal,19-06-2019,34.02
Cow,Chintamani,17-06-2019,300
Cucumbar(Kheera),Channapatana,17-06-2019,10
Cucumbar(Kheera),Chikkamagalore,17-06-2019,10
Cucumbar(Kheera),Kolar,17-06-2019,3
Alsandikai,Ramanagara,20-06-2019,24
Tomato,Chikkamagalore,19-06-2019,23.52
Groundnut,Mundaragi,20-06-2019,62.06
Groundnut,Raichur,20-06-2019,48.71
Groundnut,Savanur,20-06-2019,49.32
Dry+Chillies,Byadagi,17-06-2019,98.99
Dry+Chillies,Hubli (Amaragol),17-06-2019,35
Paddy(Dhan)(Common),Davangere,18-06-2019,18.7
Paddy(Dhan)(Common),Hosanagar,18-06-2019,15
Alsandikai,Ramanagara,21-06-2019,22
Paddy(Dhan)(Common),Srirangapattana,18-06-2019,16
Green+Chilli,Chikkamagalore,17-06-2019,29.77
Jowar(Sorghum),Manvi,17-06-2019,12.31
Jowar(Sorghum),Gadag,20-06-2019,24.14
Jowar(Sorghum),Haveri,20-06-2019,24.5
Groundnut,Bellary,17-06-2019,60.71
Groundnut,Hubli (Amaragol),17-06-2019,44.29
Groundnut,Mundaragi,17-06-2019,56.87
Groundnut,Savanur,17-06-2019,49.71
Wheat,Gadag,19-06-2019,28.76
Jowar(Sorghum),Gadag,17-06-2019,22.16
Potato,Mysore (Bandipalya),17-06-2019,13
Cotton,Bijapur,25-06-2019,63.67
Cotton,Chitradurga,25-06-2019,54.55
Cotton,Dharwar,25-06-2019,58.15
Black+pepper,Moodigere,15-06-2019,245
Black+pepper,Somvarpet,15-06-2019,270
Maize,Bellary,17-06-2019,21.5
Maize,Hanagal,17-06-2019,21
Maize,Mundaragi,17-06-2019,22.23
Maize,Shikaripura,17-06-2019,22
Brinjal,Honnali,15-06-2019,14.5
Mango,Mulabagilu,17-06-2019,8.45
Maize,Holenarsipura,20-06-2019,21.5
Arhar+Dal(Tur+Dal),Shimoga,22-07-2019,84
Maize,Hanagal,15-06-2019,21
Onion,Chikkamagalore,17-06-2019,15.62
Onion,Hubli (Amaragol),17-06-2019,8.6
Coconut,Arasikere,15-06-2019,124.9
Coconut,Honnali,15-06-2019,95
Copra,Tiptur,15-06-2019,137
Cotton,Raichur,15-06-2019,65
Ox,Chintamani,17-06-2019,400
Paddy(Dhan)(Common),Chikkamagalore,17-06-2019,33.5
Paddy(Dhan)(Common),Shikaripura,17-06-2019,20
Paddy(Dhan)(Common),T. Narasipura,17-06-2019,16
Elephant+Yam+(Suran),Arasikere,15-06-2019,17
Gur(Jaggery),Mhalingapur,23-06-2019,30.83
Ginger(Green),Tarikere,15-06-2019,19
Knool+Khol,Ramanagara,24-06-2019,42
Ragi+(Finger+Millet),Bangarpet,18-06-2019,23
Ragi+(Finger+Millet),Davangere,18-06-2019,22.5
Ragi+(Finger+Millet),Kadur,18-06-2019,22.6
Ragi+(Finger+Millet),Tumkur,18-06-2019,23
Potato,Chikkamagalore,17-06-2019,15.62
Rice,Bangarpet,18-06-2019,29.5
Onion,Hubli (Amaragol),20-06-2019,8.8
Onion,Mandya,20-06-2019,13.83
Brinjal,Honnali,21-06-2019,9.5
Groundnut,Mundaragi,15-06-2019,53.17
Ginger(Green),Bangalore,18-06-2019,79
Gur(Jaggery),Mandya,15-06-2019,31
Ragi+(Finger+Millet),Arasikere,17-06-2019,21
Ragi+(Finger+Millet),Mysore (Bandipalya),17-06-2019,22.15
Ragi+(Finger+Millet),Shimoga,17-06-2019,28.5
Jowar(Sorghum),Haveri,15-06-2019,22.5
Jowar(Sorghum),Sindhanur,15-06-2019,22.1
Rice,Bangarpet,17-06-2019,26.5
Rice,Bhadravathi,17-06-2019,19.41
Rice,Hoskote,17-06-2019,29
Safflower,Gulbarga,18-06-2019,41.25
Kulthi(Horse+Gram),Haveri,15-06-2019,38
Soyabean,Bidar,18-06-2019,36.4
Soyabean,Dharwar,18-06-2019,35.96
Maize,Badami,15-06-2019,21.2
Maize,Haveri,15-06-2019,21.5
Maize,Honnali,15-06-2019,19.8
Maize,Mundaragi,15-06-2019,18.98
Gur(Jaggery),Srirangapattana,17-06-2019,30
Ragi+(Finger+Millet),Chikkamagalore,17-06-2019,22
Ragi+(Finger+Millet),Harappana Halli,17-06-2019,24
Ragi+(Finger+Millet),Piriya Pattana,17-06-2019,23.3
Onion,Chikkamagalore,20-06-2019,15.38
Rice,Hanagal,17-06-2019,20
Rice,Shikaripura,17-06-2019,30
Ridgeguard(Tori),Chikkamagalore,17-06-2019,18.75
Sunflower,Gulbarga,18-06-2019,34.75
She+Buffalo,Chintamani,17-06-2019,250
Paddy(Dhan)(Common),Hirekerur,20-06-2019,19
Paddy(Dhan)(Common),Hoovinahadagali,20-06-2019,18.5
Paddy(Dhan)(Common),Raichur,20-06-2019,16.89
Paddy(Dhan)(Common),Udupi,20-06-2019,18.86
Soyabean,Hubli (Amaragol),17-06-2019,35
Paddy(Dhan)(Common),Chikkamagalore,20-06-2019,31.83
Paddy(Dhan)(Common),Harihara,20-06-2019,18.15
Paddy(Dhan)(Common),Honnali,20-06-2019,16.5
Paddy(Dhan)(Common),Lingasugur,20-06-2019,24.1
Paddy(Dhan)(Common),Nanjangud,20-06-2019,16
Paddy(Dhan)(Common),T. Narasipura,20-06-2019,16
Thondekai,Kolar,17-06-2019,13
She+Buffalo,Nippani,17-06-2019,520
Tomato,Channapatana,17-06-2019,22.5
Tomato,Chikkamagalore,17-06-2019,20.45
Tomato,Kolar,17-06-2019,14
Paddy(Dhan)(Common),Holenarsipura,15-06-2019,20
Paddy(Dhan)(Common),Honnali,15-06-2019,16
Paddy(Dhan)(Common),Raichur,15-06-2019,17.75
Paddy(Dhan)(Common),Srirangapattana,15-06-2019,16
Paddy(Dhan)(Common),T. Narasipura,15-06-2019,21
Paddy(Dhan)(Common),Tarikere,15-06-2019,20
Paddy(Dhan)(Common),Udupi,15-06-2019,17.5
Tomato,Davangere,18-06-2019,37.5
Tomato,Gundlupet,18-06-2019,28
Soyabean,Dharwar,17-06-2019,37.41
Wheat,Hubli (Amaragol),17-06-2019,19.19
Ragi+(Finger+Millet),Arasikere,15-06-2019,19
Goat,Annigeri,25-06-2019,65
Rice,Bidar,15-06-2019,44
Tamarind+Fruit,Tumkur,17-06-2019,65
Wheat,Gadag,18-06-2019,22.76
Wheat,Hubli (Amaragol),18-06-2019,20.11
Soyabean,Bidar,15-06-2019,36.5
Soyabean,Haveri,15-06-2019,35
Green+Chilli,Davangere,25-06-2019,42.5
Maize,Honnali,19-06-2019,19.2
Maize,Kudchi,19-06-2019,20
Beans,Ramanagara,25-06-2019,44
Beetroot,Ramanagara,25-06-2019,36
Cashewnuts,Kundapura,20-06-2019,95
Maize,Honnali,13-09-2019,21.4
Bitter+gourd,Ramanagara,25-06-2019,49
Gur(Jaggery),T. Narasipura,21-06-2019,28
Alasande+Gram,Laxmeshwar,24-06-2019,42.37
Wheat,Bidar,15-06-2019,25
Rice,Karatgi,19-06-2019,34.5
Maize,Hanagal,18-06-2019,22.5
Coconut,Bhadravathi,20-06-2019,141.9
Coconut,Kadur,20-06-2019,100
Coconut,Kumta,20-06-2019,170.5
Rice,Kolar,20-06-2019,45.36
Ginger(Green),Hirekerur,17-06-2019,24
Ginger(Green),Somvarpet,17-06-2019,20
Brinjal,Honnali,20-06-2019,10
Green+Chilli,Chikkamagalore,20-06-2019,29.62
Cotton,Bijapur,20-06-2019,64.07
Cotton,Chitradurga,20-06-2019,55.58
Cotton,Dharwar,20-06-2019,60.25
Cotton,Ranebennur,20-06-2019,51.1
Cow,Annigeri,20-06-2019,450
Soyabean,Bidar,20-06-2019,36.05
Wheat,Mysore (Bandipalya),17-06-2019,27.5
Groundnut,Bagalakot,25-06-2019,63.76
Groundnut,Gadag,25-06-2019,46.69
Groundnut,Kumta,25-06-2019,46.92
Drumstick,Ramanagara,24-06-2019,36
Gur(Jaggery),Bijapur,25-06-2019,30
Cucumbar(Kheera),Honnali,19-06-2019,14.5
Gur(Jaggery),Mhalingapur,25-06-2019,30.8
Tomato,Chintamani,20-06-2019,18
Carrot,Ramanagara,25-06-2019,55
Cashewnuts,Chintamani,25-06-2019,85
Dry+Chillies,Hubli (Amaragol),20-06-2019,56.09
Elephant+Yam+(Suran),Arasikere,20-06-2019,10
Wheat,Gadag,20-06-2019,22.09
Wheat,Ramdurga,20-06-2019,22
Jowar(Sorghum),Dharwar,25-06-2019,29.92
Jowar(Sorghum),Gadag,25-06-2019,25.84
Brinjal,Ramanagara,24-06-2019,28
Groundnut,Bagalakot,20-06-2019,59.95
Groundnut,Ranebennur,20-06-2019,46.79
Gur(Jaggery),Bijapur,20-06-2019,30
Gur(Jaggery),Shimoga,20-06-2019,35
Jowar(Sorghum),Hubli (Amaragol),20-06-2019,21.29
Jowar(Sorghum),Koppal,20-06-2019,19.53
Lime,Bijapur,20-06-2019,14
Maize,Bagalakot,20-06-2019,20.79
Maize,Davangere,20-06-2019,18.2
Maize,Koppal,20-06-2019,23.06
Maize,Bagalakot,25-06-2019,22.39
Neem+Seed,Madhugiri,21-06-2019,45.35
Maize,Sorabha,25-06-2019,23.3
Mango,Srinivasapur,20-06-2019,10.72
Onion,Kolar,21-06-2019,16
Paddy(Dhan)(Common),Haliyala,21-06-2019,17.5
Paddy(Dhan)(Common),Hanagal,21-06-2019,20
Paddy(Dhan)(Common),Lingasugur,21-06-2019,22
Paddy(Dhan)(Common),Srirangapattana,21-06-2019,15.5
Paddy(Dhan)(Common),T. Narasipura,21-06-2019,16.5
Tomato,Chintamani,18-06-2019,18
Tomato,Kolar,18-06-2019,13.33
Avare+Dal,Malur,19-06-2019,50
Beans,Chikkamagalore,25-06-2019,37.5
Beans,Kolar,25-06-2019,65
Cotton,Raichur,24-06-2019,59
Cotton,Santhesargur,24-06-2019,63
Beetroot,Kolar,25-06-2019,23
Onion,Bijapur,20-06-2019,10.5
Mango,Malur,25-06-2019,10
Copra,Mandya,19-06-2019,130
Cotton,Manvi,19-06-2019,51.06
Coconut,Nanjangud,18-06-2019,90
Paddy(Dhan)(Common),Bangarpet,20-06-2019,16.8
Paddy(Dhan)(Common),Bhadravathi,20-06-2019,19.14
Paddy(Dhan)(Common),Davangere,20-06-2019,18.25
Paddy(Dhan)(Common),Dharwar,20-06-2019,16.25
Beans,Kolar,20-06-2019,75
Cabbage,Chikkamagalore,18-06-2019,8.19
Cabbage,Honnali,18-06-2019,12
Sweet+Potato,Somvarpet,18-06-2019,6
Black+pepper,Sakaleshpura,19-07-2019,246.25
Groundnut,Bagalakot,24-06-2019,58.3
Groundnut,Bellary,24-06-2019,60.62
Groundnut,Laxmeshwar,24-06-2019,49.64
Groundnut,Mundaragi,24-06-2019,49.02
Tender+Coconut,Mandya,19-06-2019,100
Goat,Hirekerur,24-06-2019,57
Brinjal,Honnali,25-06-2019,10
Alasande+Gram,Laxmeshwar,21-06-2019,37.1
Jowar(Sorghum),Bellary,24-06-2019,23.31
Jowar(Sorghum),Laxmeshwar,24-06-2019,22.39
Jowar(Sorghum),Nargunda,24-06-2019,17
Raddish,Bangarpet,20-06-2019,6
Ragi+(Finger+Millet),Arasikere,20-06-2019,23
Ragi+(Finger+Millet),Kadur,20-06-2019,24
Beans,Chikkamagalore,21-06-2019,52.5
Sheep,Annigeri,20-06-2019,55
Maize,Haveri,24-06-2019,21.7
Maize,Mundaragi,24-06-2019,18.66
Maize,Santhesargur,24-06-2019,12
Soyabean,Hubli (Amaragol),20-06-2019,33.15
Black+pepper,Chikkamagalore,21-06-2019,329.05
Black+pepper,Sirsi,21-06-2019,309.34
Coconut,Nanjangud,19-06-2019,90
Black+pepper,Somvarpet,21-06-2019,280
Cabbage,Chikkamagalore,25-06-2019,10
Tomato,Srinivasapur,20-06-2019,14.67
Maize,Kolar,20-06-2019,23.73
Maize,Kustagi,20-06-2019,22.5
Onion,Arasikere,25-06-2019,8
Onion,Davangere,25-06-2019,12.5
Onion,Malur,25-06-2019,10
Bull,Nippani,21-06-2019,360
Tender+Coconut,Mandya,25-06-2019,100
Thondekai,Ramanagara,25-06-2019,22
Onion,Hubli (Amaragol),24-06-2019,8.8
Onion,Raichur,24-06-2019,10.9
Cabbage,Chikkamagalore,21-06-2019,8.46
Tomato,Ramanagara,25-06-2019,26
Maize,Piriya Pattana,13-09-2019,16
Coconut,Arasikere,21-06-2019,124.9
Coconut,Tarikere,21-06-2019,111.22
Copra,Arasikere,21-06-2019,144
Cotton,Raichur,21-06-2019,63
Cow,Arasikere,21-06-2019,270
Paddy(Dhan)(Common),Nanjangud,24-06-2019,16.2
Paddy(Dhan)(Common),Raichur,24-06-2019,18.89
Paddy(Dhan)(Common),Santhesargur,24-06-2019,16
Paddy(Dhan)(Common),Shikaripura,24-06-2019,15.5
Paddy(Dhan)(Common),T. Narasipura,24-06-2019,19.5
Avare+Dal,Bangalore,23-07-2019,50
Ginger(Green),Tarikere,21-06-2019,20
Coconut,Davangere,21-06-2019,80
Coconut,Tumkur,21-06-2019,110
Coconut,Tarikere,25-06-2019,120
Goat,Arasikere,21-06-2019,76.5
Coriander(Leaves),Tumkur,21-06-2019,90
Cashewnuts,Chintamani,18-06-2019,100
Cauliflower,Kolar,18-06-2019,25
Cotton,Bijapur,21-06-2019,64.22
Cotton,Dharwar,21-06-2019,61.1
Copra,Arasikere,25-06-2019,138.42
Chapparad+Avare,Kolar,18-06-2019,63
Chilly+Capsicum,Kolar,18-06-2019,67
Banana,Malur,22-07-2019,16.66
Arhar+Dal(Tur+Dal),Bangarpet,19-06-2019,70
Groundnut,Bellary,21-06-2019,60.59
Groundnut,Laxmeshwar,21-06-2019,50.7
Groundnut,Raichur,21-06-2019,44.55
Potato,Hubli (Amaragol),24-06-2019,11
Gur(Jaggery),Gulbarga,21-06-2019,31.5
Paddy(Dhan)(Common),Bangarpet,25-06-2019,17.5
Paddy(Dhan)(Common),Davangere,25-06-2019,19.5
Paddy(Dhan)(Common),Harihara,25-06-2019,17.55
Paddy(Dhan)(Common),Kumta,25-06-2019,17.25
Jowar(Sorghum),Basava Kalayana,21-06-2019,32.8
Jowar(Sorghum),Bellary,21-06-2019,24.35
Jowar(Sorghum),Gulbarga,21-06-2019,35.75
Paddy(Dhan)(Common),Srirangapattana,25-06-2019,15
Jowar(Sorghum),Laxmeshwar,21-06-2019,24.93
Rice,Kolar,19-06-2019,59.53
Rice,Malur,19-06-2019,30.3
Beans,Gowribidanoor,19-06-2019,9
Ridgeguard(Tori),Kolar,19-06-2019,30
Dry+Chillies,Byadagi,21-06-2019,95.1
Maize,Hanagal,24-06-2019,20
Maize,Hirekerur,24-06-2019,20
Maize,Holalkere,24-06-2019,22.23
Maize,Kudchi,24-06-2019,14.28
Maize,Kustagi,24-06-2019,22
Maize,Gulbarga,21-06-2019,21.75
Brinjal,Gowribidanoor,19-06-2019,4
Dry+Chillies,Hubli (Amaragol),25-06-2019,25
Arhar+Dal(Tur+Dal),Bhadravathi,24-06-2019,84.99
Arhar+Dal(Tur+Dal),Mysore (Bandipalya),24-06-2019,81
Arhar+Dal(Tur+Dal),Shimoga,24-06-2019,84.5
Goat,Nippani,21-06-2019,50
Paddy(Dhan)(Common),Haliyala,24-06-2019,17.5
Paddy(Dhan)(Common),Hanagal,24-06-2019,18.2
Paddy(Dhan)(Common),Harihara,24-06-2019,17.5
Paddy(Dhan)(Common),Holenarsipura,24-06-2019,16.25
Paddy(Dhan)(Common),Honnali,24-06-2019,18
Paddy(Dhan)(Common),Lingasugur,24-06-2019,23.7
Paddy(Dhan)(Common),Somvarpet,24-06-2019,15
Coconut,Kanakapura,20-06-2019,150
Green+Chilli,Chikkamagalore,21-06-2019,34.04
Neem+Seed,Arasikere,21-06-2019,46.34
Chili+Red,Shimoga,19-06-2019,145
Coconut,Arasikere,19-06-2019,80
Coconut,Kundapura,19-06-2019,127.43
Coconut,Tumkur,19-06-2019,110
Maize,Hanagal,21-06-2019,21
Maize,Haveri,21-06-2019,24
Maize,Honnali,21-06-2019,19.5
Maize,Kudchi,21-06-2019,14.62
Onion,Hubli (Amaragol),21-06-2019,9
Copra,Arasikere,19-06-2019,140
Copra,Tiptur,19-06-2019,140
Copra,Tumkur,19-06-2019,110
Cotton,Annigeri,19-06-2019,63.25
Cotton,Bijapur,19-06-2019,64.55
Mango,Kolar,21-06-2019,16
Dry+Chillies,Hubli (Amaragol),19-06-2019,42
Sheep,Kudchi,20-06-2019,200
Elephant+Yam+(Suran),Arasikere,19-06-2019,14
Thondekai,Kolar,20-06-2019,19.5
Tomato,Chikkamagalore,20-06-2019,20
Tomato,Kolar,20-06-2019,11
Ox,Arasikere,21-06-2019,760
Paddy(Dhan)(Common),Raichur,21-06-2019,19.99
Paddy(Dhan)(Common),Shikaripura,21-06-2019,21
Groundnut,Bagalakot,21-06-2019,59.31
Groundnut,Gadag,21-06-2019,48.79
Groundnut,Bagalakot,19-06-2019,58.27
Gur(Jaggery),Bijapur,21-06-2019,30
Groundnut,Bellary,19-06-2019,59.97
Gur(Jaggery),Gundlupet,21-06-2019,28.5
Gur(Jaggery),Mandya,21-06-2019,30
Gur(Jaggery),Mysore (Bandipalya),21-06-2019,41
Gur(Jaggery),Bangarpet,19-06-2019,32.2
Gur(Jaggery),Mandya,19-06-2019,30.5
Potato,Malur,25-06-2019,11.17
Jowar(Sorghum),Bellary,19-06-2019,21.12
Jowar(Sorghum),Harappana Halli,19-06-2019,20
Jowar(Sorghum),Gadag,21-06-2019,24.95
Maize,Bagalakot,19-06-2019,19.02
Maize,Bangarpet,19-06-2019,23
Maize,Davangere,19-06-2019,20
Maize,Harappana Halli,19-06-2019,22.2
Potato,Hubli (Amaragol),21-06-2019,12
Maize,Gadag,21-06-2019,21.92
Maize,Hirekerur,21-06-2019,23
Maize,Tumkur,21-06-2019,21
Arhar+Dal(Tur+Dal),Bangalore,01-08-2019,80
Ragi+(Finger+Millet),Arasikere,21-06-2019,21
Mango,Srinivasapur,21-06-2019,14
Rice,Bhadravathi,21-06-2019,21
Safflower,Gulbarga,21-06-2019,41.25
Sheep,Arasikere,21-06-2019,78
Paddy(Dhan)(Common),Davangere,19-06-2019,18.1
Soyabean,Gulbarga,21-06-2019,32.96
Paddy(Dhan)(Common),Kundapura,19-06-2019,17.5
Paddy(Dhan)(Common),Mysore (Bandipalya),19-06-2019,16.57
Paddy(Dhan)(Common),Sorabha,19-06-2019,17.5
Mango,Srinivasapur,22-06-2019,13
Same/Savi,Bangalore,24-06-2019,37
Sunflower,Gulbarga,21-06-2019,33.25
Tamarind+Fruit,Tarikere,21-06-2019,44.3
Goat,Nippani,25-06-2019,50
Neem+Seed,Mysore (Bandipalya),21-06-2019,43.9
Green+Chilli,Chikkamagalore,25-06-2019,32.75
Green+Chilli,Kolar,25-06-2019,43
Onion,Chikkamagalore,21-06-2019,15.55
Onion,Mysore (Bandipalya),21-06-2019,13
Wheat,Basava Kalayana,21-06-2019,19
Rice,Bangarpet,25-06-2019,29
Paddy(Dhan)(Common),Davangere,21-06-2019,19.6
Paddy(Dhan)(Common),Gangavathi,21-06-2019,17.9
Paddy(Dhan)(Common),Mysore (Bandipalya),21-06-2019,15.57
Paddy(Dhan)(Common),Sorabha,21-06-2019,16
Dry+Chillies,Hubli (Amaragol),22-06-2019,35
Ragi+(Finger+Millet),Arasikere,19-06-2019,22.65
Ragi+(Finger+Millet),Harappana Halli,19-06-2019,23
Ragi+(Finger+Millet),Kottur,19-06-2019,20.92
Ragi+(Finger+Millet),Mysore (Bandipalya),19-06-2019,22.79
Cabbage,Chikkamagalore,24-06-2019,9.2
Rice,Bangarpet,19-06-2019,18.5
Rice,Gangavathi,19-06-2019,21
Knool+Khol,Ramanagara,25-06-2019,44
Ridgeguard(Tori),Gowribidanoor,19-06-2019,4
Goat,Hiriyur,22-06-2019,49
Safflower,Gadag,25-06-2019,44.1
Soyabean,Bidar,19-06-2019,48
Soyabean,Dharwar,19-06-2019,35.98
Soyabean,Dharwar,25-06-2019,35.56
Carrot,Chikkamagalore,24-06-2019,30
Potato,Chikkamagalore,21-06-2019,15.71
Potato,Mysore (Bandipalya),21-06-2019,12
Tamarind+Fruit,Tumkur,19-06-2019,71
Tomato,Davangere,19-06-2019,35
Tomato,Gowribidanoor,19-06-2019,7
Groundnut,Mundaragi,22-06-2019,60.31
Cauliflower,Chikkamagalore,24-06-2019,10.61
Tender+Coconut,T. Narasipura,24-06-2019,0.1
Turmeric,Gundlupet,19-06-2019,65
Cabbage,Ramanagara,19-07-2019,25
Sunflower,Hiriyur,21-06-2019,36.37
Tomato,Channapatana,21-06-2019,25
Tomato,Chintamani,21-06-2019,16
Tomato,Doddaballa Pur,21-06-2019,15
Tomato,Kolar,21-06-2019,10.67
Coconut,Davangere,24-06-2019,90
Coconut,Gundlupet,24-06-2019,90
Coconut,Kadur,24-06-2019,110
Coconut,Tarikere,24-06-2019,104.05
Coconut,Udupi,24-06-2019,110
Wheat,Bagalakot,19-06-2019,20.7
Wheat,Bijapur,19-06-2019,31
Tomato,Chickkaballapura,24-06-2019,10.7
Maize,Hubli (Amaragol),22-06-2019,19.6
Ragi+(Finger+Millet),Chikkamagalore,21-06-2019,21
Ragi+(Finger+Millet),Davangere,21-06-2019,24
Tomato,Davangere,25-06-2019,24
Rice,Gangavathi,21-06-2019,20.6
Rice,Karatgi,21-06-2019,26.2
Coriander(Leaves),Gadag,24-06-2019,53.63
Coriander(Leaves),Tumkur,24-06-2019,90
Corriander+seed,Mysore (Bandipalya),24-06-2019,77.5
Corriander+seed,Shimoga,24-06-2019,105
Cotton,Bijapur,24-06-2019,64.11
Cotton,Ranebennur,24-06-2019,55.7
She+Buffalo,Nippani,21-06-2019,500
Sheep,Hirekerur,21-06-2019,60
Sheep,Nippani,21-06-2019,70
Coconut,T. Narasipura,21-06-2019,100
Avare+Dal,Bangalore,01-08-2019,43
Soyabean,Bidar,21-06-2019,36.1
Alasande+Gram,Laxmeshwar,26-12-2024,50.19
Beans,Chikkamagalore,22-07-2019,25
Cucumbar(Kheera),Channapatana,21-06-2019,12
Chilly+Capsicum,Ramanagara,20-07-2019,46
Beans,Malur,22-07-2019,40
Cucumbar(Kheera),Chikkamagalore,24-06-2019,10.54
Groundnut,Mundaragi,25-06-2019,63.23
Onion,Hubli (Amaragol),22-06-2019,8.6
Coconut,Harihara,20-07-2019,80
Tamarind+Fruit,Tumkur,21-06-2019,71
Tamarind+Seed,Tumkur,21-06-2019,13
Coconut,Honnali,20-07-2019,120
Gur(Jaggery),Bhadravathi,25-06-2019,25.16
Gur(Jaggery),Mandya,25-06-2019,29
Tomato,Chikkamagalore,21-06-2019,20.08
Beetroot,Chikkamagalore,22-07-2019,18.51
Tomato,Gundlupet,21-06-2019,22.5
Tomato,Srinivasapur,21-06-2019,20
Turmeric,Santhesargur,24-06-2019,62
Dry+Chillies,Hubli (Amaragol),24-06-2019,48.3
Dry+Chillies,Mysore (Bandipalya),24-06-2019,92.5
Dry+Grapes,Bijapur,24-06-2019,120
Wheat,Gadag,25-06-2019,22.61
Ginger(Dry),Nippani,24-06-2019,200
Cow,Chintamani,24-06-2019,400
Cucumbar(Kheera),Channapatana,24-06-2019,7
Cucumbar(Kheera),Honnali,24-06-2019,11
Carrot,Ramanagara,19-07-2019,64
Goat,Turvekere,24-06-2019,90
Jowar(Sorghum),Haveri,25-06-2019,18
Jowar(Sorghum),Hubli (Amaragol),25-06-2019,24.59
Jowar(Sorghum),Raichur,25-06-2019,22.09
Green+Chilli,Chikkamagalore,24-06-2019,34.48
Jowar(Sorghum),Haveri,21-06-2019,19
Jowar(Sorghum),Manvi,21-06-2019,15.76
Wheat,Nargunda,24-06-2019,22.62
Soyabean,Hubli (Amaragol),22-06-2019,34.59
Green+Peas,Bhadravathi,24-06-2019,67.19
Groundnut,Davangere,24-06-2019,49.61
Groundnut,Gadag,24-06-2019,46.69
Tomato,Srinivasapur,22-06-2019,13.33
Kulthi(Horse+Gram),Haveri,25-06-2019,25
Gur(Jaggery),Bangarpet,24-06-2019,32
Gur(Jaggery),Bijapur,24-06-2019,30
Gur(Jaggery),Mandya,24-06-2019,29.5
Gur(Jaggery),Mhalingapur,24-06-2019,30.41
Gur(Jaggery),Shimoga,24-06-2019,39
Arhar+Dal(Tur+Dal),Shimoga,29-07-2019,83
Jowar(Sorghum),Gadag,24-06-2019,23.84
Knool+Khol,Chikkamagalore,24-06-2019,13.04
Kulthi(Horse+Gram),Gundlupet,24-06-2019,42
Rice,Kolar,21-06-2019,21.31
Lime,Bijapur,24-06-2019,11
Tomato,Kolar,23-06-2019,11
Chapparad+Avare,Kolar,21-06-2019,50
Maize,Kadur,24-06-2019,22
Maize,Koppal,24-06-2019,22.97
Maize,Shimoga,24-06-2019,23.75
Maize,Tumkur,24-06-2019,22
Maize,Haveri,25-06-2019,24
Maize,Honnali,25-06-2019,19
Maize,Hubli (Amaragol),25-06-2019,20.5
Maize,Mundaragi,25-06-2019,19.36
Maize,Shikaripura,25-06-2019,22.5
Tomato,Kolar,25-07-2019,18.33
Mango,Mulabagilu,24-06-2019,9.85
Tomato,Ramanagara,25-07-2019,17
Rice,Somvarpet,25-06-2019,18
Copra,Tiptur,22-06-2019,145
Ridgeguard(Tori),Ramanagara,25-06-2019,31
Arhar+Dal(Tur+Dal),Bangalore,05-08-2019,87.5
Neem+Seed,Mysore (Bandipalya),24-06-2019,43.38
Rice,Karatgi,23-07-2019,31.69
Onion,Bijapur,24-06-2019,9
Onion,Chikkamagalore,24-06-2019,15.89
Onion,Gundlupet,24-06-2019,20
Onion,Mysore (Bandipalya),24-06-2019,14
Jowar(Sorghum),Manvi,25-06-2019,9.8
Chapparad+Avare,Kolar,19-07-2019,30
Chennangi+Dal,Bangalore,19-07-2019,54
Alasande+Gram,Holenarsipura,31-08-2019,64
Paddy(Dhan)(Common),Bangarpet,24-06-2019,17.8
Paddy(Dhan)(Common),Chikkamagalore,24-06-2019,21.45
Paddy(Dhan)(Common),Davangere,24-06-2019,17.5
Paddy(Dhan)(Common),Kundapura,24-06-2019,17
Paddy(Dhan)(Common),Mandya,24-06-2019,15
Paddy(Dhan)(Common),Mysore (Bandipalya),24-06-2019,15.87
Paddy(Dhan)(Common),Sorabha,24-06-2019,21
Paddy(Dhan)(Common),Srirangapattana,24-06-2019,16
Coconut,Honnali,24-06-2019,85
Coconut,Malur,24-06-2019,100
Coconut,Somvarpet,24-06-2019,100
Potato,Chikkamagalore,24-06-2019,15.12
Onion,Hubli (Amaragol),25-06-2019,8.7
Onion,Raichur,25-06-2019,15.5
Ragi+(Finger+Millet),Mysore (Bandipalya),24-06-2019,23.15
Ragi+(Finger+Millet),Shimoga,24-06-2019,31
Rice,Gangavathi,24-06-2019,20.65
Rice,Mysore (Bandipalya),24-06-2019,53
Ridgeguard(Tori),Chikkamagalore,24-06-2019,15
Black+pepper,Somvarpet,30-07-2019,245
Sheep,Turvekere,24-06-2019,75
Moath+Dal,Bangalore,19-07-2019,41.5
Soyabean,Bidar,24-06-2019,35.6
Tomato,Chintamani,22-06-2019,14
Tomato,Kolar,22-06-2019,10
Tamarind+Fruit,Tumkur,24-06-2019,70
Tamarind+Seed,Tumkur,24-06-2019,13
Tender+Coconut,Mandya,24-06-2019,100
Thondekai,Chikkamagalore,24-06-2019,12.5
Tomato,Chikkamagalore,24-06-2019,19.79
Tomato,Gundlupet,24-06-2019,21.5
Tomato,Mulabagilu,24-06-2019,16.65
Paddy(Dhan)(Common),Bhadravathi,25-06-2019,15.5
Paddy(Dhan)(Common),Honnali,25-06-2019,18.5
Paddy(Dhan)(Common),Raichur,25-06-2019,19.69
Turmeric,Gundlupet,24-06-2019,67
Banana,Channapatana,24-06-2019,7
Wheat,Bhadravathi,24-06-2019,30
Wheat,Gadag,24-06-2019,23.63
Wheat,Shimoga,24-06-2019,29
Beans,Kolar,24-06-2019,85
Beans,Malur,24-06-2019,61.19
Brinjal,Honnali,24-06-2019,14
Brinjal,Kolar,24-06-2019,27
Alasande+Gram,Yadgir,04-09-2019,39.75
Rice,Holenarsipura,25-07-2019,24
Rice,K.R.Nagar,25-07-2019,14
Ridgeguard(Tori),Honnali,25-07-2019,9
Calf,Chintamani,24-06-2019,130
Capsicum,Kolar,24-06-2019,41
Cauliflower,Kolar,24-06-2019,27
Potato,Hubli (Amaragol),25-06-2019,10
Green+Avare+(W),Ramanagara,23-07-2019,32
Green+Chilli,Honnali,23-07-2019,9.8
Green+Chilli,Kolar,23-07-2019,30
Green+Chilli,Ramanagara,23-07-2019,14
Cabbage,Chikkamagalore,23-07-2019,9.39
Cabbage,Malur,23-07-2019,5.09
Tomato,Channapatana,24-06-2019,20
Tomato,Chintamani,24-06-2019,16
Tomato,Kolar,24-06-2019,10.33
Brinjal,Honnali,30-07-2019,8.95
Tomato,Kolar,04-08-2019,20.67
Ragi+(Finger+Millet),Tarikere,25-06-2019,25.06
Cucumbar(Kheera),Ramanagara,27-07-2019,18
Rice,Bhadravathi,25-06-2019,18.05
Cabbage,Chikkamagalore,22-07-2019,9.66
Raddish,Honnali,25-07-2019,5
Goat,Ramdurga,23-06-2019,50
Groundnut,Ramdurga,23-06-2019,57.84
Jowar(Sorghum),Ramdurga,23-06-2019,29
Beans,Chikkamagalore,30-07-2019,20
Brinjal,Honnali,03-08-2019,9.3
Beans,Malur,30-07-2019,39.53
Ridgeguard(Tori),Kolar,25-06-2019,6
Paddy(Dhan)(Common),Hanagal,25-06-2019,16.5
Paddy(Dhan)(Common),Nanjangud,25-06-2019,17.5
Paddy(Dhan)(Common),T. Narasipura,25-06-2019,16
Beans,Chikkamagalore,29-07-2019,23.52
She+Buffalo,Nippani,25-06-2019,850
Sheep,Nippani,25-06-2019,60
Sheep,Hirekerur,25-06-2019,63
Suvarna+Gadde,Ramanagara,20-07-2019,29
Tender+Coconut,K.R. Pet,15-08-2019,80
Soyabean,Hubli (Amaragol),25-06-2019,33.35
Beetroot,Chikkamagalore,29-07-2019,14.85
Tomato,Ramanagara,15-08-2019,9
Ridgeguard(Tori),Ramanagara,07-08-2019,21
Knool+Khol,Kolar,24-07-2019,17
Sheep,Ramdurga,23-06-2019,59
Jowar(Sorghum),Manvi,24-06-2019,12.93
Raddish,Honnali,22-07-2019,8.5
Rice,Holenarsipura,22-07-2019,18
Tomato,Chikkamagalore,25-06-2019,18.18
Tomato,Chintamani,25-06-2019,14.66
Tomato,Kolar,25-06-2019,9.33
Coconut,Doddaballa Pur,31-07-2019,110
Coconut,Honnali,31-07-2019,130
She+Buffalo,Chintamani,24-06-2019,260
Sweet+Potato,Somvarpet,24-06-2019,5
Tomato,Ramanagara,26-06-2019,22.5
Ridgeguard(Tori),Ramanagara,26-06-2019,34
Green+Chilli,Chikkamagalore,18-07-2019,12.71
Green+Chilli,Honnali,18-07-2019,11
Maize,Honnali,24-07-2019,20
Coconut,Harihara,23-07-2019,110
Coconut,Santhesargur,23-07-2019,80
Coconut,Tarikere,23-07-2019,110
Knool+Khol,Ramanagara,26-06-2019,34
Arhar+Dal(Tur+Dal),Shimoga,09-08-2019,87.5
Cabbage,Honnali,03-08-2019,7.8
Mango,Srinivasapur,24-07-2019,15
Green+Chilli,Ramanagara,26-06-2019,56
Black+pepper,Gonikappal,30-07-2019,300.01
Cucumbar(Kheera),Ramanagara,26-06-2019,14
Ginger(Green),Ramanagara,25-06-2019,95
Ginger(Green),Somvarpet,25-06-2019,25
Beans,Ramanagara,26-06-2019,36
Coconut,Davangere,22-07-2019,90
Coconut,Tumkur,22-07-2019,110
Copra,Bangalore,23-07-2019,180
Copra,Mandya,23-07-2019,142
Alsandikai,Ramanagara,26-06-2019,28
Paddy(Dhan)(Common),Honnali,25-07-2019,17.4
Maize,Hanagal,25-06-2019,22
Paddy(Dhan)(Common),Lingasugur,25-07-2019,23.8
Paddy(Dhan)(Common),Shorapur,25-07-2019,24.24
Cotton,Raichur,23-07-2019,54
Black+pepper,Gonikappal,29-07-2019,314.98
Rice,Karatgi,24-06-2019,42.25
Black+pepper,Somvarpet,29-07-2019,270
Alasande+Gram,Gundlupet,22-08-2019,70
Cotton,Annigeri,22-07-2019,58
Cotton,Bijapur,22-07-2019,63.81
Cotton,Davangere,22-07-2019,54.9
Beans,Chikkamagalore,05-08-2019,22.56
Beans,Malur,05-08-2019,44.44
Maize,Honnali,25-07-2019,20.6
Beetroot,Chikkamagalore,05-08-2019,14.7
Knool+Khol,Kolar,26-07-2019,15.5
Maize,Hanagal,26-07-2019,21
Maize,Honnali,26-07-2019,21.1
Maize,Kolar,26-07-2019,26.53
Avare+Dal,Bangalore,18-07-2019,46
Paddy(Dhan)(Common),Bhadravathi,14-08-2019,18.4
Banana,Channapatana,18-07-2019,41
Drumstick,Malur,22-07-2019,20
Dry+Chillies,Byadagi,22-07-2019,97.1
Paddy(Dhan)(Common),Dharwar,14-08-2019,16
Dry+Grapes,Bijapur,22-07-2019,120
Dry+Chillies,Byadagi,23-07-2019,109
Black+pepper,Moodigere,05-08-2019,240
Kulthi(Horse+Gram),Bangalore,25-07-2019,39
Cabbage,Chikkamagalore,30-07-2019,9.61
Green+Chilli,Chikkamagalore,22-07-2019,13.75
Carrot,Malur,30-07-2019,40
Cucumbar(Kheera),Honnali,05-08-2019,5.3
Cucumbar(Kheera),Kolar,05-08-2019,1.5
Paddy(Dhan)(Common),Haliyala,15-08-2019,17.5
Groundnut,Bagalakot,22-07-2019,58.93
Groundnut,Gadag,22-07-2019,56.59
Paddy(Dhan)(Common),Kundapura,14-08-2019,18
Gur(Jaggery),Bijapur,22-07-2019,31
Gur(Jaggery),Mandya,22-07-2019,32
Gur(Jaggery),Mhalingapur,22-07-2019,32.04
Green+Avare+(W),Ramanagara,25-07-2019,29
Green+Chilli,Honnali,25-07-2019,8.8
Green+Chilli,Kolar,25-07-2019,27
Ragi+(Finger+Millet),Piriya Pattana,20-08-2019,25
Alsandikai,Ramanagara,26-07-2019,29
Coconut,Kadur,30-07-2019,90
Paddy(Dhan)(Common),Honnali,22-07-2019,17.5
Paddy(Dhan)(Common),Lingasugur,22-07-2019,23.7
Cauliflower,Chikkamagalore,29-07-2019,10.93
Jowar(Sorghum),Gadag,22-07-2019,27.11
Jowar(Sorghum),Gundlupet,22-07-2019,17
Jowar(Sorghum),Shimoga,22-07-2019,30
Raddish,Honnali,30-07-2019,4.6
Arhar+Dal(Tur+Dal),Bangalore,18-07-2019,84.5
Raddish,Ramanagara,30-07-2019,14
Kulthi(Horse+Gram),Gundlupet,22-07-2019,41.23
Kulthi(Horse+Gram),Shimoga,22-07-2019,46.5
Leafy+Vegetable,Malur,22-07-2019,20
Arhar+Dal(Tur+Dal),Mysore (Bandipalya),22-08-2019,84
Ginger(Green),Bangalore,25-07-2019,70
Ginger(Green),Hirekerur,25-07-2019,22
Ginger(Green),Somvarpet,25-07-2019,25
Grapes,Kolar,25-07-2019,20
Copra,Arasikere,30-07-2019,135.32
Lime,Bijapur,22-07-2019,14
Maize,Gundlupet,22-07-2019,15.5
Maize,Koppal,22-07-2019,24.53
Maize,Shimoga,22-07-2019,25.15
Paddy(Dhan)(Common),Mysore (Bandipalya),14-08-2019,16.87
Coconut,Bhadravathi,29-07-2019,157.2
Coconut,Tumkur,29-07-2019,105
Coconut,Udupi,29-07-2019,140
Garlic,Bangalore,18-07-2019,64.5
Ridgeguard(Tori),Kolar,21-07-2019,25
Ginger(Green),Santhesargur,18-07-2019,31
Cucumbar(Kheera),Chikkamagalore,30-07-2019,8
Paddy(Dhan)(Common),Shikaripura,14-08-2019,22
Cabbage,Chikkamagalore,05-08-2019,10
Coriander(Leaves),Tumkur,29-07-2019,85
Gur(Jaggery),Bangalore,18-07-2019,43.5
Corriander+seed,Bhadravathi,29-07-2019,89.1
Corriander+seed,Shimoga,29-07-2019,110
Cotton,Bijapur,29-07-2019,64.92
Cotton,Ranebennur,29-07-2019,54.17
Rice,Kolar,01-08-2019,51
Dry+Chillies,Hubli (Amaragol),30-07-2019,89.99
Banana,Channapatana,22-08-2019,12
Cucumbar(Kheera),Mulabagilu,29-07-2019,2.85
Maize,Honnali,06-08-2019,20.6
Ridgeguard(Tori),Kolar,01-08-2019,20
Neem+Seed,Tumkur,22-07-2019,28
Green+Chilli,Chikkamagalore,23-07-2019,11.06
Onion,Chikkamagalore,22-07-2019,14.06
Onion,Davangere,22-07-2019,90
Onion,Tumkur,22-07-2019,15
Ginger(Green),Hirekerur,23-07-2019,20
Black+pepper,Somvarpet,09-08-2019,300
Coconut,K.R.Nagar,25-07-2019,100
Cauliflower,Chikkamagalore,05-08-2019,10.33
Rice,Karatgi,19-07-2019,36.5
Paddy(Dhan)(Common),Chikkamagalore,22-07-2019,40.25
Paddy(Dhan)(Common),Davangere,22-07-2019,19.59
Paddy(Dhan)(Common),Shimoga,22-07-2019,15
Paddy(Dhan)(Common),Sorabha,22-07-2019,15
Alasande+Gram,Laxmeshwar,17-09-2019,50.25
Green+Chilli,Chikkamagalore,30-07-2019,8.1
Carrot,Ramanagara,20-07-2019,61
Tomato,Ramanagara,22-07-2019,22
Tomato,Ramanagara,04-09-2019,7
Beans,Kolar,19-07-2019,45
Beans,Ramanagara,19-07-2019,26
Coconut,Malur,05-08-2019,80
Bitter+gourd,Kolar,19-07-2019,35
Bitter+gourd,Ramanagara,19-07-2019,28
Gur(Jaggery),Srirangapattana,08-08-2019,27
Suvarna+Gadde,Ramanagara,22-07-2019,31
Rice,Honnali,20-07-2019,18.2
Goat,Turvekere,29-07-2019,90
Potato,Malur,22-07-2019,16.66
Alasande+Gram,Kadur,21-09-2019,25
Groundnut,Mysore (Bandipalya),30-07-2019,54.5
Green+Chilli,Chikkamagalore,29-07-2019,10.94
Capsicum,Kolar,25-07-2019,30
Alasande+Gram,Bagalakot,20-07-2019,42
Gur(Jaggery),Gokak,30-07-2019,27
Coconut,Harihara,20-08-2019,85
Chilly+Capsicum,Kolar,26-08-2019,15
Chilly+Capsicum,Ramanagara,26-08-2019,34
Maize,Piriya Pattana,07-09-2019,18
Alsandikai,Ramanagara,18-07-2019,30
Maize,Bangalore,19-07-2019,26.5
Maize,Hanagal,19-07-2019,26
Bitter+gourd,Ramanagara,25-07-2019,25
Black+pepper,Somvarpet,25-07-2019,315
Brinjal,Honnali,25-07-2019,8.3
Beetroot,Ramanagara,18-07-2019,38
Bitter+gourd,Ramanagara,18-07-2019,32
Mango,Srinivasapur,19-07-2019,15
Drumstick,Ramanagara,18-07-2019,49
Ginger(Green),Piriya Pattana,18-07-2019,30
Green+Avare+(W),Ramanagara,18-07-2019,31
Green+Chilli,Ramanagara,18-07-2019,18
Maize,Piriya Pattana,20-08-2019,16
Knool+Khol,Ramanagara,18-07-2019,22
Cucumbar(Kheera),Chikkamagalore,05-08-2019,8.69
Ginger(Green),Piriya Pattana,20-07-2019,28
Jowar(Sorghum),Gadag,30-07-2019,27.81
Jowar(Sorghum),Hubli (Amaragol),30-07-2019,27.59
Jowar(Sorghum),Raichur,30-07-2019,35.5
Raddish,Ramanagara,22-07-2019,15
Ridgeguard(Tori),Ramanagara,22-07-2019,22
Cauliflower,Kolar,26-12-2024,10
Ragi+(Finger+Millet),Mysore (Bandipalya),22-07-2019,24.26
Ragi+(Finger+Millet),Shimoga,22-07-2019,29.5
Ragi+(Finger+Millet),Tumkur,22-07-2019,24
Rice,Bangarpet,22-07-2019,25.8
Rice,Gangavathi,22-07-2019,20.2
Arhar+Dal(Tur+Dal),Shimoga,18-07-2019,82
Groundnut,Badami,29-07-2019,40
Groundnut,Bagalakot,29-07-2019,58.47
Groundnut,Kumta,29-07-2019,45
Groundnut,Mysore (Bandipalya),29-07-2019,50.99
Beetroot,Kolar,25-07-2019,22
Raddish,Ramanagara,18-07-2019,21
Rice,Bangalore,18-07-2019,45
Ridgeguard(Tori),Honnali,18-07-2019,14.8
Gur(Jaggery),Bangarpet,29-07-2019,32.5
Gur(Jaggery),Bijapur,29-07-2019,32
Gur(Jaggery),Malur,29-07-2019,40
Gur(Jaggery),Mhalingapur,29-07-2019,32.14
Gur(Jaggery),Srirangapattana,29-07-2019,30
Tomato,Channapatana,18-07-2019,22.5
Jowar(Sorghum),Sindhanur,26-07-2019,15.5
Soyabean,Bidar,22-07-2019,35.8
Soyabean,Dharwar,22-07-2019,36.71
Cabbage,Honnali,31-07-2019,8.9
Maize,Mundaragi,30-07-2019,21.78
Arhar+Dal(Tur+Dal),Bhadravathi,26-07-2019,80
Tamarind+Fruit,Mysore (Bandipalya),22-07-2019,35.67
Tamarind+Fruit,Tumkur,22-07-2019,68
Tomato,Chikkamagalore,22-07-2019,24.9
Tomato,Gundlupet,22-07-2019,15.5
Tomato,Malur,22-07-2019,20
Tomato,Srinivasapur,22-07-2019,17.33
Cotton,Bijapur,02-08-2019,60.07
Gur(Jaggery),Mandya,23-07-2019,32
Arhar+Dal(Tur+Dal),Bangalore,25-07-2019,85
Avare+Dal,Bangalore,25-07-2019,44
Beans,Kolar,25-07-2019,25
Jowar(Sorghum),Laxmeshwar,29-07-2019,23.21
Kulthi(Horse+Gram),Gundlupet,29-07-2019,48
Kulthi(Horse+Gram),Mysore (Bandipalya),29-07-2019,34.03
Kulthi(Horse+Gram),Shimoga,29-07-2019,45.5
Wheat,Gadag,22-07-2019,23.48
Coconut,Kumta,20-07-2019,162.5
Coconut,Kundapura,20-07-2019,100
Coconut,Tarikere,20-07-2019,110
Coconut,Udupi,20-07-2019,140
Knool+Khol,Kolar,29-07-2019,14
Knool+Khol,Ramanagara,29-07-2019,21
Potato,Chikkamagalore,18-07-2019,14.03
Beans,Malur,26-07-2019,40
Cotton,Bijapur,20-07-2019,63.19
Raddish,Chikkamagalore,18-07-2019,11.11
Raddish,Honnali,18-07-2019,7.3
Alasande+Gram,Bangalore,25-07-2019,55.5
Alasande+Gram,Bangalore,01-08-2019,57
Jowar(Sorghum),Bangalore,23-07-2019,28
Jowar(Sorghum),Gadag,23-07-2019,27.43
Jowar(Sorghum),Haveri,23-07-2019,24
Arhar+Dal(Tur+Dal),Bangalore,19-07-2019,86
Coconut,Hunsur,18-07-2019,0.12
Coconut,Kumta,18-07-2019,178.6
Coconut,Kundapura,18-07-2019,120
Coconut,Tarikere,18-07-2019,105
Banana,Channapatana,19-07-2019,16
Lime,Bijapur,29-07-2019,12
Cotton,Bijapur,18-07-2019,62.25
Cotton,Ranebennur,18-07-2019,53.2
Chilly+Capsicum,Ramanagara,07-08-2019,40
Dry+Chillies,Hubli (Amaragol),20-07-2019,46.66
Cow,Annigeri,18-07-2019,400
Elephant+Yam+(Suran),Turvekere,20-07-2019,11.4
Arhar+Dal(Tur+Dal),Bellary,04-09-2019,30.36
Maize,Haveri,29-07-2019,25
Maize,Koppal,29-07-2019,22.92
Cucumbar(Kheera),Channapatana,18-07-2019,7
Cucumbar(Kheera),Honnali,18-07-2019,8.5
Maize,Malur,29-07-2019,25.83
Maize,Mysore (Bandipalya),29-07-2019,20.76
Maize,Shimoga,29-07-2019,24.75
Maize,Tumkur,29-07-2019,23
Maize,Piriya Pattana,22-08-2019,19
Ginger(Green),Hirekerur,20-07-2019,23
Dry+Chillies,Bangalore,18-07-2019,113
Dry+Grapes,Bangalore,18-07-2019,260
Green+Chilli,Ramanagara,22-07-2019,22
Maize,Shikaripura,23-07-2019,26
Jowar(Sorghum),Manvi,19-07-2019,15.58
Kulthi(Horse+Gram),Bangalore,19-07-2019,38.5
Maize,Harappana Halli,23-07-2019,25.75
Maize,Haveri,23-07-2019,24.5
Elephant+Yam+(Suran),Turvekere,18-07-2019,14
Maize,Mundaragi,23-07-2019,21.91
Ragi+(Finger+Millet),Piriya Pattana,07-09-2019,20
Jowar(Sorghum),Manvi,24-07-2019,13.28
Arhar+Dal(Tur+Dal),Kolar,12-09-2019,80
Cucumbar(Kheera),Channapatana,23-07-2019,12
Cucumbar(Kheera),Honnali,23-07-2019,5
Ginger(Green),Piriya Pattana,22-07-2019,29
Cashewnuts,Kundapura,06-08-2019,90
Ginger(Green),Moodigere,18-07-2019,25
Groundnut,Bagalakot,20-07-2019,57.36
Groundnut,Kumta,20-07-2019,50
Onion,Hubli (Amaragol),30-07-2019,9
Gur(Jaggery),Bijapur,20-07-2019,32
Gur(Jaggery),Mandya,20-07-2019,31.5
Paddy(Dhan)(Common),Haliyala,30-07-2019,17.5
Paddy(Dhan)(Common),Hanagal,30-07-2019,15.5
Paddy(Dhan)(Common),Honnali,30-07-2019,17.7
Paddy(Dhan)(Common),Shorapur,30-07-2019,23.85
Green+Chilli,Davangere,18-07-2019,18
Jowar(Sorghum),Hubli (Amaragol),20-07-2019,26.69
Kulthi(Horse+Gram),Gundlupet,20-07-2019,37.5
Cucumbar(Kheera),Kolar,21-07-2019,2.3
Cabbage,Chikkamagalore,26-07-2019,9.91
Maize,Piriya Pattana,09-09-2019,15
Sweet+Pumpkin,Ramanagara,23-07-2019,19
Green+Chilli,Chikkamagalore,05-08-2019,9.38
Tomato,Channapatana,23-07-2019,15
Maize,Bagalakot,20-07-2019,23.11
Maize,Bangarpet,20-07-2019,25
Groundnut,Bagalakot,18-07-2019,59.32
Groundnut,Hubli (Amaragol),18-07-2019,61.29
Tomato,Chintamani,23-07-2019,22.66
Tomato,Kolar,23-07-2019,24
Tomato,Ramanagara,23-07-2019,21
Gur(Jaggery),Bijapur,18-07-2019,32
Gur(Jaggery),Shimoga,18-07-2019,36
Paddy(Dhan)(Common),Chikkamagalore,18-07-2019,24
Paddy(Dhan)(Common),Haliyala,18-07-2019,16.5
Paddy(Dhan)(Common),Hanagal,18-07-2019,21
Paddy(Dhan)(Common),Harihara,18-07-2019,19.5
Paddy(Dhan)(Common),Holenarsipura,18-07-2019,18
Paddy(Dhan)(Common),Lingasugur,18-07-2019,24.6
Paddy(Dhan)(Common),Manvi,18-07-2019,12.5
Paddy(Dhan)(Common),Nanjangud,18-07-2019,17
Paddy(Dhan)(Common),Shorapur,18-07-2019,24.59
Jowar(Sorghum),Dharwar,18-07-2019,10
Jowar(Sorghum),Hubli (Amaragol),18-07-2019,27.25
Kulthi(Horse+Gram),Mandya,18-07-2019,30
Coconut,Hiriyur,21-07-2019,100
Lime,Bijapur,18-07-2019,12
Maize,Koppal,18-07-2019,23.88
White+Pumpkin,Ramanagara,23-07-2019,18
Onion,Hubli (Amaragol),20-07-2019,9
Mango,Mulabagilu,18-07-2019,9.7
Bitter+gourd,Ramanagara,20-07-2019,31
Coconut,Malur,26-07-2019,80
Coconut,Tarikere,26-07-2019,127.16
Black+pepper,Somvarpet,20-07-2019,280
Paddy(Dhan)(Common),Honnali,20-07-2019,17.9
Onion,Raichur,23-07-2019,15.2
Brinjal,Honnali,20-07-2019,9.5
Paddy(Dhan)(Common),Raichur,30-07-2019,20.01
Paddy(Dhan)(Common),Udupi,30-07-2019,17.78
Green+Chilli,Honnali,21-08-2019,13.8
Corriander+seed,Bhadravathi,26-07-2019,89.02
Cotton,Raichur,26-07-2019,51
Black+pepper,Yellapur,22-08-2019,303.99
Paddy(Dhan)(Common),Bangarpet,20-07-2019,16.8
Paddy(Dhan)(Common),Davangere,20-07-2019,19.99
Paddy(Dhan)(Common),Sorabha,20-07-2019,16
Paddy(Dhan)(Common),T. Narasipura,20-07-2019,16
Goat,Ramdurga,01-09-2019,50
Maize,Holenarsipura,22-07-2019,24
Maize,Honnali,22-07-2019,21.8
Onion,Bijapur,18-07-2019,10
Onion,Hubli (Amaragol),18-07-2019,8.7
Onion,Mandya,18-07-2019,11.96
Ground+Nut+Seed,Bangalore,05-08-2019,115
Brinjal,Ramanagara,22-07-2019,16
Tomato,Chickkaballapura,15-09-2019,9.5
Groundnut,Bellary,05-08-2019,64.08
Groundnut,Raichur,05-08-2019,37.19
Onion,Bijapur,29-07-2019,8.5
Onion,Chikkamagalore,29-07-2019,13.15
Onion,Tumkur,29-07-2019,18
Coconut,Kundapura,06-08-2019,120.01
Coconut,Bangalore,18-07-2019,140
Gur(Jaggery),Bangalore,05-08-2019,46.5
Chilly+Capsicum,Kolar,21-07-2019,40
Potato,Hubli (Amaragol),20-07-2019,10
Beetroot,Ramanagara,22-07-2019,30
Bitter+gourd,Ramanagara,22-07-2019,26
Corriander+seed,Bangalore,18-07-2019,110
Garlic,Chintamani,26-07-2019,30
Paddy(Dhan)(Common),Davangere,18-07-2019,18.65
Paddy(Dhan)(Common),Dharwar,18-07-2019,15
Paddy(Dhan)(Common),Kundapura,18-07-2019,16
Paddy(Dhan)(Common),Sorabha,18-07-2019,20
Paddy(Dhan)(Common),Udupi,18-07-2019,17.5
Alasande+Gram,Bangalore,19-07-2019,54
Paddy(Dhan)(Common),Haveri,23-07-2019,15.8
Paddy(Dhan)(Common),Mandya,23-07-2019,16
Paddy(Dhan)(Common),Raichur,23-07-2019,24.25
Paddy(Dhan)(Common),Shikaripura,23-07-2019,23
Mustard,Bangalore,18-07-2019,49.5
Chapparad+Avare,Kolar,02-08-2019,33
Chilly+Capsicum,Kolar,02-08-2019,27
Chilly+Capsicum,Ramanagara,02-08-2019,40
Alasande+Gram,Gundlupet,19-07-2019,65
Potato,Bangalore,16-08-2019,10
Jowar(Sorghum),Bellary,05-08-2019,24.44
Arhar+Dal(Tur+Dal),Shimoga,19-07-2019,85.5
Potato,Hubli (Amaragol),18-07-2019,11
Potato,Hubli (Amaragol),30-07-2019,10.5
Coriander(Leaves),Chintamani,02-08-2019,70
Ragi+(Finger+Millet),Mysore (Bandipalya),20-07-2019,25.13
Knool+Khol,Chikkamagalore,05-08-2019,11.11
Rice,Gangavathi,20-07-2019,18.3
Paddy(Dhan)(Common),Bhadravathi,29-07-2019,21.5
Paddy(Dhan)(Common),Chikkamagalore,29-07-2019,28.58
Paddy(Dhan)(Common),Somvarpet,29-07-2019,17
Cucumbar(Kheera),Channapatana,02-08-2019,8
Cucumbar(Kheera),Honnali,02-08-2019,4.4
Cucumbar(Kheera),Kolar,02-08-2019,1.7
Coconut,Kundapura,08-08-2019,139.88
Coconut,Udupi,08-08-2019,120
Cotton,Bijapur,06-08-2019,63.03
Cotton,Ranebennur,06-08-2019,50.24
Black+pepper,Gonikappal,26-12-2024,272.21
She+Buffalo,Hirekerur,20-07-2019,450
Black+pepper,Sakaleshpura,26-12-2024,270.32
Soyabean,Hubli (Amaragol),20-07-2019,35.01
Black+pepper,Yellapur,26-12-2024,317.7
Beans,Chikkamagalore,30-08-2019,30
Beans,Malur,30-08-2019,35.05
Green+Chilli,Chikkamagalore,26-07-2019,11.94
Beetroot,Chikkamagalore,30-08-2019,11.67
Black+pepper,Gonikappal,19-07-2019,317
Ragi+(Finger+Millet),Piriya Pattana,09-09-2019,21
Gur(Jaggery),Bijapur,02-08-2019,31
Raddish,Honnali,01-08-2019,5.3
Groundnut,Ramdurga,01-09-2019,58.84
Copra,Kundapura,08-08-2019,95.75
Rice,Gangavathi,18-07-2019,19.1
Tomato,Davangere,20-07-2019,28
Rice,Shimoga,18-07-2019,26.5
Tomato,Kanakapura,20-07-2019,13
Ragi+(Finger+Millet),Arasikere,01-08-2019,20
Green+Chilli,Honnali,24-07-2019,8.9
Green+Chilli,Kolar,24-07-2019,40
Coconut,Davangere,09-08-2019,90
Coconut,Kadur,09-08-2019,122.5
Coconut,Kundapura,09-08-2019,80
Coconut,Tarikere,09-08-2019,104.14
She+Buffalo,Annigeri,18-07-2019,450
Cotton,Bijapur,08-08-2019,63.18
Cotton,Chitradurga,08-08-2019,54.76
Soyabean,Dharwar,18-07-2019,36.24
Suvarna+Gadde,Ramanagara,23-07-2019,30
Wheat,Hubli (Amaragol),20-07-2019,18.26
Sweet+Potato,Somvarpet,23-07-2019,8.75
Potato,Chikkamagalore,29-07-2019,13.93
Ragi+(Finger+Millet),Mysore (Bandipalya),30-07-2019,25.51
Thondekai,Ramanagara,09-09-2019,20
Banana,Channapatana,20-07-2019,43
Tender+Coconut,Hunsur,18-07-2019,0.08
Tender+Coconut,Mandya,18-07-2019,100
Tomato,Chintamani,18-07-2019,21
Tomato,Davangere,18-07-2019,29
Tomato,Gundlupet,18-07-2019,24.5
Tomato,Mulabagilu,18-07-2019,18.35
Tomato,Srinivasapur,18-07-2019,23
Beans,Ramanagara,20-07-2019,30
Jowar(Sorghum),Ramdurga,01-09-2019,28.5
Dry+Chillies,Byadagi,06-08-2019,92.29
Tomato,Chickkaballapura,14-09-2019,9.15
Ridgeguard(Tori),Chikkamagalore,30-07-2019,18.18
Coconut,Bhadravathi,19-07-2019,147.46
Coconut,Davangere,19-07-2019,90
Coconut,Kadur,19-07-2019,140
Coconut,Tarikere,19-07-2019,103.97
Safflower,Gadag,30-07-2019,43.6
Sajje,Mundaragi,30-07-2019,21.75
Methi+Seeds,Bangalore,18-07-2019,64.5
Onion,Bangalore,05-08-2019,13.5
Onion,Chikkamagalore,05-08-2019,14.08
Cotton,Bijapur,09-08-2019,62.12
Soyabean,Hubli (Amaragol),30-07-2019,35.21
Alasande+Gram,Laxmeshwar,14-10-2019,46.33
Cotton,Bijapur,19-07-2019,63.58
Cow,Nippani,19-07-2019,450
Cabbage,Honnali,03-09-2019,5.2
Green+Peas,Bhadravathi,26-07-2019,70.93
Cabbage,Chikkamagalore,18-07-2019,10.71
Sunflower,Bellary,30-07-2019,40.82
Ragi+(Finger+Millet),Mysore (Bandipalya),29-07-2019,25.07
Dry+Chillies,Byadagi,19-07-2019,98.29
Rice,Bangarpet,29-07-2019,31.4
Rice,Gangavathi,29-07-2019,20.3
Rice,Malur,29-07-2019,40
Dry+Chillies,Byadagi,08-08-2019,95.69
Groundnut,Gadag,26-07-2019,53.15
Ginger(Dry),Hosanagar,19-07-2019,100
Garlic,Chintamani,30-08-2019,40
Black+pepper,Chikkamagalore,30-08-2019,229.07
Paddy(Dhan)(Common),Mandya,05-08-2019,16
Paddy(Dhan)(Common),Raichur,05-08-2019,19.09
Chennangi+Dal,Bangalore,18-07-2019,53
Coconut,K.R. Pet,24-08-2019,100
Goat,Nippani,19-07-2019,50
Green+Chilli,Davangere,19-07-2019,17.5
Beans,Chikkamagalore,20-07-2019,25.49
Sheep,Turvekere,29-07-2019,80
Soyabean,Bidar,29-07-2019,35.75
Groundnut,Bagalakot,19-07-2019,52.55
Groundnut,Laxmeshwar,19-07-2019,45.42
Groundnut,Mysore (Bandipalya),19-07-2019,56.43
Black+pepper,Bangalore,20-07-2019,380
Black+pepper,Gonikappal,20-07-2019,300
Gur(Jaggery),Belgaum,19-07-2019,32
Gur(Jaggery),Bijapur,19-07-2019,32
Gur(Jaggery),Gundlupet,19-07-2019,32.65
Gur(Jaggery),Mandya,19-07-2019,31.5
Gur(Jaggery),Mhalingapur,19-07-2019,32.82
Copra,Tiptur,24-08-2019,134
Jowar(Sorghum),Belgaum,19-07-2019,28
Jowar(Sorghum),Laxmeshwar,19-07-2019,24.14
Jowar(Sorghum),Sindhanur,19-07-2019,25.8
Kulthi(Horse+Gram),Gundlupet,19-07-2019,43
Maize,Mhalingapur,19-07-2019,24.5
Maize,Shikaripura,19-07-2019,20
Avare+Dal,Bangalore,30-07-2019,42
Sweet+Potato,Somvarpet,29-07-2019,7.77
Sweet+Pumpkin,Malur,29-07-2019,10
Tamarind+Fruit,Shimoga,29-07-2019,105
Tamarind+Fruit,Tumkur,29-07-2019,65
Safflower,Gadag,23-07-2019,46.61
Sajje,Mundaragi,23-07-2019,21.46
Cabbage,Chikkamagalore,20-07-2019,10.09
Tender+Coconut,Srirangapattana,29-07-2019,110
Tomato,Chikkamagalore,30-07-2019,22
Tomato,Chintamani,30-07-2019,18.66
Tomato,Srinivasapur,30-07-2019,16.67
Tomato,Bangarpet,29-07-2019,12.5
Tomato,Chikkamagalore,29-07-2019,23.15
Tomato,Gundlupet,29-07-2019,13.5
Maize,Hanagal,18-07-2019,20
Maize,Holenarsipura,18-07-2019,22
Maize,Honnali,18-07-2019,21.5
Potato,Chikkamagalore,05-08-2019,14.19
Coconut,Arasikere,20-07-2019,160
Coconut,Bhadravathi,20-07-2019,149.45
Cabbage,Honnali,09-08-2019,12
Sunflower,Bellary,23-07-2019,38.94
Sunflower,Mundaragi,23-07-2019,39.57
Capsicum,Malur,09-08-2019,25
Tender+Coconut,Mandya,23-07-2019,120
Jowar(Sorghum),Gadag,26-07-2019,27.14
Copra,Tiptur,20-07-2019,140
Groundnut,Bagalakot,06-08-2019,57.29
Green+Chilli,Kolar,04-08-2019,32
Jowar(Sorghum),Manvi,22-07-2019,27
Tomato,Chikkamagalore,23-07-2019,22.27
Tomato,Malur,23-07-2019,20
Wheat,Bhadravathi,29-07-2019,30.2
Goat,Nippani,09-08-2019,50
Onion,Gundlupet,19-07-2019,20
Gur(Jaggery),Mandya,06-08-2019,32.5
Gur(Jaggery),Mhalingapur,06-08-2019,32.23
Green+Avare+(W),Ramanagara,24-07-2019,28
Dry+Chillies,Hubli (Amaragol),24-08-2019,46.6
Cabbage,Kolar,23-07-2019,20
Cotton,Annigeri,20-07-2019,61
Cotton,Santhesargur,20-07-2019,48.72
Carrot,Kolar,23-07-2019,53
Cashewnuts,Chintamani,23-07-2019,105
White+Pumpkin,Malur,29-07-2019,10
Wheat,Gadag,30-07-2019,26.48
Ginger(Green),Piriya Pattana,22-08-2019,40
Jowar(Sorghum),Sindhanur,06-08-2019,27.1
Groundnut,Mysore (Bandipalya),08-08-2019,29.86
Cucumbar(Kheera),Chikkamagalore,20-07-2019,11.76
Wheat,Gadag,23-07-2019,25.78
Ox,Nippani,19-07-2019,140
Paddy(Dhan)(Common),Davangere,19-07-2019,18.1
Paddy(Dhan)(Common),Hosanagar,19-07-2019,13
Paddy(Dhan)(Common),Mysore (Bandipalya),19-07-2019,13.7
Green+Chilli,Honnali,26-07-2019,10
Green+Chilli,Kolar,26-07-2019,23
Paddy(Dhan)(Common),Haliyala,01-08-2019,17.5
Paddy(Dhan)(Common),Hanagal,01-08-2019,19
Paddy(Dhan)(Common),Kolar,01-08-2019,17.89
Paddy(Dhan)(Common),T. Narasipura,19-07-2019,17.5
Rice,Gangavathi,05-08-2019,20.45
Gur(Jaggery),Mhalingapur,08-08-2019,34.72
Green+Avare+(W),Ramanagara,19-07-2019,30
Green+Chilli,Honnali,19-07-2019,13.5
Green+Chilli,Kolar,19-07-2019,25
Green+Chilli,Ramanagara,19-07-2019,26
Ground+Nut+Seed,Hiriyur,26-07-2019,100
Tomato,Chintamani,27-07-2019,20.66
Tomato,Ramanagara,27-07-2019,16
Ram,Ramdurga,01-09-2019,85
Maize,Chikkamagalore,26-07-2019,21
Maize,Gadag,26-07-2019,13.35
Green+Peas,Bangalore,19-07-2019,75
Ground+Nut+Seed,Bangalore,19-07-2019,101.5
Arhar+Dal(Tur+Dal),Kolar,17-09-2019,78.44
Green+Chilli,Honnali,08-08-2019,9.6
Gur(Jaggery),Srirangapattana,19-07-2019,27.5
Kulthi(Horse+Gram),Bangalore,18-07-2019,38
Elephant+Yam+(Suran),Arasikere,20-07-2019,20
Sheep,Ramdurga,01-09-2019,55
Ginger(Green),Ramanagara,26-12-2024,65
Kulthi(Horse+Gram),Gundlupet,08-08-2019,44.6
Kulthi(Horse+Gram),Kadur,08-08-2019,30
Gur(Jaggery),Gulbarga,09-08-2019,33.2
Gur(Jaggery),Mandya,09-08-2019,33.5
Gur(Jaggery),Mhalingapur,09-08-2019,34.19
Maize,Honnali,20-07-2019,21.5
Marigold(Calcutta),Harappana Halli,06-08-2019,5.5
Tomato,Chikkamagalore,05-08-2019,24.44
Papaya,Ramanagara,17-09-2019,11
Tomato,Srinivasapur,05-08-2019,18.67
Jowar(Sorghum),Gadag,09-08-2019,25.6
Jowar(Sorghum),Gulbarga,09-08-2019,35.56
Potato,Belgaum,19-07-2019,13
Wheat,Ramdurga,01-09-2019,25
Green+Avare+(W),Ramanagara,29-07-2019,24
Brinjal,Honnali,31-07-2019,9.26
Green+Chilli,Honnali,29-07-2019,9
Green+Chilli,Ramanagara,29-07-2019,17
Green+Chilli,Chikkamagalore,20-07-2019,12.5
Coconut,Kundapura,22-08-2019,125.01
Coconut,Tumkur,22-08-2019,105
Rice,Gonikappal,23-07-2019,17.5
Bull,Nippani,30-08-2019,240
Ridgeguard(Tori),Kolar,23-07-2019,27
Green+Peas,Arasikere,20-07-2019,42.52
Chapparad+Avare,Kolar,22-08-2019,23
Groundnut,Gadag,20-07-2019,50.89
Cabbage,Chikkamagalore,30-08-2019,8.74
Gur(Jaggery),Arasikere,20-07-2019,29
Gur(Jaggery),Thirthahalli,20-07-2019,30
Maize,Piriya Pattana,05-08-2019,17
Maize,Gulbarga,09-08-2019,26.26
Coconut,K.R.Nagar,05-08-2019,130
Copra,Kundapura,22-08-2019,101.8
Banana+-+Green,Kundapura,03-08-2019,250
Jowar(Sorghum),Gadag,20-07-2019,27.2
Jowar(Sorghum),Haveri,20-07-2019,26.5
Kulthi(Horse+Gram),Haveri,20-07-2019,33.5
Maize,Hanagal,30-07-2019,24
Maize,Honnali,30-07-2019,21
Corriander+seed,Mysore (Bandipalya),22-08-2019,92.5
Cotton,Bijapur,22-08-2019,62.96
Cotton,Chitradurga,22-08-2019,56.97
Cotton,Kottur,22-08-2019,51.1
Jowar(Sorghum),Gadag,24-08-2019,25.11
Jowar(Sorghum),Hubli (Amaragol),24-08-2019,28.51
Jowar(Sorghum),Laxmeshwar,24-08-2019,25.8
Onion,Chintamani,26-07-2019,9
Onion,Mandya,26-07-2019,12.74
Maize,Mundaragi,20-07-2019,24.5
Capsicum,Malur,30-08-2019,23
Coconut,Kadur,26-12-2024,110
Coconut,Kundapura,26-12-2024,167.18
Coconut,Sira,26-12-2024,90.6
Ginger(Green),Kolar,19-07-2019,53.63
Ginger(Green),Somvarpet,19-07-2019,25
Maize,Hanagal,20-07-2019,18.5
Coconut,Tumkur,26-12-2024,95
Coconut,Udupi,26-12-2024,100
Raddish,Bangarpet,19-07-2019,9
Chapparad+Avare,Kolar,04-08-2019,32
Paddy(Dhan)(Common),Kundapura,06-08-2019,17.92
Ragi+(Finger+Millet),Mysore (Bandipalya),19-07-2019,25.74
Rice,Bangarpet,19-07-2019,31.4
Onion,Bijapur,08-08-2019,15
Rice,Hosanagar,19-07-2019,27
Rice,Sindhanur,19-07-2019,20
Carrot,Malur,30-08-2019,33
Alsandikai,Ramanagara,30-07-2019,31
Bitter+gourd,Ramanagara,27-07-2019,20
Arhar+Dal(Tur+Dal),Bangalore,30-07-2019,78
Coriander(Leaves),Tumkur,26-12-2024,85
Ginger(Green),Piriya Pattana,24-07-2019,25.5
Paddy(Dhan)(Common),Chintamani,26-07-2019,14.25
Paddy(Dhan)(Common),Harihara,26-07-2019,17.15
Paddy(Dhan)(Common),Raichur,26-07-2019,20.27
Paddy(Dhan)(Common),Shikaripura,26-07-2019,18
Neem+Seed,Arasikere,20-07-2019,43
Onion,Chikkamagalore,20-07-2019,14.49
Onion,Gowribidanoor,20-07-2019,19
Cotton,Bijapur,26-12-2024,62.05
Ginger(Green),Piriya Pattana,05-08-2019,34
Ginger(Green),Kolar,26-07-2019,62
Ginger(Green),Ramanagara,26-07-2019,85
Beans,Ramanagara,03-08-2019,32
She+Buffalo,Nippani,19-07-2019,500
Beetroot,Ramanagara,03-08-2019,34
Onion,Arasikere,01-08-2019,12
Cucumbar(Kheera),Kolar,28-07-2019,2
Onion,Davangere,09-08-2019,17
Soyabean,Dharwar,19-07-2019,35.64
Paddy(Dhan)(Common),Lingasugur,23-07-2019,24
Paddy(Dhan)(Common),Shorapur,23-07-2019,24.03
Paddy(Dhan)(Common),Somvarpet,23-07-2019,19
Beans,Kolar,16-09-2019,37
Beans,Malur,16-09-2019,47.05
Paddy(Dhan)(Common),Arasikere,20-07-2019,13.5
Paddy(Dhan)(Common),Hanagal,20-07-2019,19
Paddy(Dhan)(Common),Karwar,20-07-2019,17.5
Paddy(Dhan)(Common),Raichur,20-07-2019,19.69
Paddy(Dhan)(Common),Santhesargur,20-07-2019,16
Paddy(Dhan)(Common),Shikaripura,20-07-2019,21.5
Brinjal,Honnali,18-07-2019,8.9
Paddy(Dhan)(Common),Kundapura,08-08-2019,17
Beetroot,Chikkamagalore,16-09-2019,12.07
Banana+-+Green,Doddaballa Pur,18-07-2019,35
Beans,Kolar,18-07-2019,47
Beans,Malur,18-07-2019,37.5
Bottle+gourd,Kolar,18-07-2019,2
Ginger(Dry),Somvarpet,14-08-2019,20
Brinjal,Kolar,18-07-2019,13
Chilly+Capsicum,Kolar,28-07-2019,33
Potato,Chikkamagalore,26-07-2019,13.83
Potato,Chintamani,26-07-2019,9
Banana,Channapatana,22-07-2019,47
Tomato,Chikkamagalore,11-10-2019,19.77
Capsicum,Kolar,18-07-2019,43
Carrot,Kolar,18-07-2019,40
Cauliflower,Kolar,18-07-2019,11
Chapparad+Avare,Kolar,18-07-2019,25
Chennangi+Dal,Haveri,18-07-2019,62.1
Cashewnuts,Kumta,03-08-2019,93.85
Cucumbar(Kheera),Channapatana,22-08-2019,8
Coconut,Doddaballa Pur,18-07-2019,150
Cucumbar(Kheera),Doddaballa Pur,22-08-2019,5.5
Chrysanthemum(Loose),Malur,30-08-2019,30
Cotton,Savanur,18-07-2019,58.02
Potato,Chikkamagalore,20-07-2019,14.16
Tomato,Srinivasapur,11-10-2019,6.67
Tomato,K.R.Nagar,19-07-2019,12
Tomato,Ramanagara,19-07-2019,26.5
Tomato,Srinivasapur,19-07-2019,17.66
Coconut,Kadur,30-08-2019,100
Bitter+gourd,Kolar,22-07-2019,30
Dry+Chillies,Byadagi,18-07-2019,99.1
Jowar(Sorghum),Bangalore,18-07-2019,28
Jowar(Sorghum),Sindhanur,18-07-2019,25.2
Coconut,Kundapura,30-08-2019,130
Tomato,Bangarpet,19-07-2019,16
Tomato,Davangere,19-07-2019,28
Tomato,Gundlupet,19-07-2019,19.5
Dry+Chillies,Bangalore,19-07-2019,152.5
Dry+Chillies,Manvi,19-07-2019,39
Beans,Kolar,17-09-2019,30
Ginger(Green),Somvarpet,18-07-2019,25
Green+Peas,Bangalore,22-07-2019,50
Onion,Hubli (Amaragol),24-08-2019,17
Paddy(Dhan)(Common),Davangere,09-08-2019,21.04
Gur(Jaggery),Holalkere,22-07-2019,30
Paddy(Dhan)(Common),Hosanagar,09-08-2019,13
Paddy(Dhan)(Common),T. Narasipura,09-08-2019,16
Green+Chilli,Doddaballa Pur,18-07-2019,30
Green+Chilli,Kolar,18-07-2019,33
Safflower,Gulbarga,19-09-2019,42.76
Coconut,Kundapura,03-08-2019,150
Groundnut,Bellary,18-07-2019,62.9
Groundnut,Mundaragi,18-07-2019,65.74
Gur(Jaggery),Gokak,18-07-2019,28.65
Gur(Jaggery),Mandya,18-07-2019,31
Jowar(Sorghum),Bidar,18-07-2019,35
Jowar(Sorghum),Gadag,18-07-2019,26.64
Knool+Khol,Kolar,18-07-2019,16
Maize,Haveri,18-07-2019,24
Maize,Mundaragi,18-07-2019,23.69
Raddish,Chikkamagalore,20-07-2019,11.05
Raddish,Gowribidanoor,20-07-2019,3.5
Ragi+(Finger+Millet),Arasikere,20-07-2019,23
Ragi+(Finger+Millet),Kottur,20-07-2019,22
Marigold(Calcutta),Malur,18-07-2019,20
Cotton,Annigeri,03-08-2019,58
Cotton,Bijapur,03-08-2019,62.53
Cotton,Chitradurga,03-08-2019,51.14
Cotton+Seed,Gangavathi,03-08-2019,9.5
Ginger(Green),Piriya Pattana,03-09-2019,27
Rice,Karatgi,05-08-2019,31.75
Chapparad+Avare,Kolar,22-07-2019,22
Safflower,Gadag,20-07-2019,44.57
Turmeric,Mhalingapur,19-07-2019,35.5
Dry+Chillies,Byadagi,26-12-2024,101.09
Dry+Chillies,Sakaleshpura,26-12-2024,498.75
Wheat,Bhadravathi,19-07-2019,23.5
Cucumbar(Kheera),Kolar,22-07-2019,2
Arhar+Dal(Tur+Dal),Shimoga,01-08-2019,85.5
Neem+Seed,Madhugiri,18-07-2019,45.3
Onion,Raichur,18-07-2019,11.75
Ground+Nut+Seed,Bangalore,18-07-2019,97.5
Tomato,Chickkaballapura,20-07-2019,14.3
Tomato,Chikkamagalore,20-07-2019,20.55
Maize,Piriya Pattana,29-07-2019,15
Tamarind+Fruit,Bangalore,19-07-2019,82
Bull,Ramdurga,04-08-2019,150
Ginger(Green),Gonikappal,22-07-2019,25
Ginger(Green),Hirekerur,22-07-2019,24
Ginger(Green),Shikaripura,22-07-2019,35
Alasande+Gram,Arasikere,31-12-2019,55
Ragi+(Finger+Millet),Harappana Halli,06-08-2019,24.36
Copra,Kundapura,30-08-2019,80
Goat,Gowribidanoor,22-07-2019,80
Rice,Bangarpet,06-08-2019,29.5
Rice,Gangavathi,06-08-2019,20.45
Rice,Hoskote,06-08-2019,26.2
Dry+Chillies,Hubli (Amaragol),03-08-2019,38.99
Turmeric,Bangalore,20-07-2019,111.5
Chapparad+Avare,Kolar,28-07-2019,27
Wheat,Gadag,20-07-2019,26.13
Groundnut,Bellary,22-07-2019,60.72
Groundnut,Challakere,22-07-2019,57.54
Coconut,Chamaraj Nagar,19-07-2019,130
Coconut,Honnali,19-07-2019,90
Groundnut,Madhugiri,20-07-2019,44.05
Cucumbar(Kheera),Honnali,19-07-2019,8.5
Cucumbar(Kheera),Kolar,19-07-2019,2
Jowar(Sorghum),Manvi,20-07-2019,25
Goat,Ramdurga,04-08-2019,58
Jowar(Sorghum),Bellary,22-07-2019,28.48
Jowar(Sorghum),Laxmeshwar,22-07-2019,23.37
Maize,Haveri,22-07-2019,23.9
Maize,Hirekerur,22-07-2019,21
Maize,Mundaragi,22-07-2019,22.09
Groundnut,Ramdurga,04-08-2019,42.8
Neem+Seed,Madhugiri,23-07-2019,45.3
Gur(Jaggery),Mhalingapur,04-08-2019,33.11
Beans,Chikkamagalore,18-07-2019,29.16
Beetroot,Chikkamagalore,18-07-2019,12
Paddy(Dhan)(Common),Bhadravathi,18-07-2019,22.41
Paddy(Dhan)(Common),Kolar,18-07-2019,17.63
Paddy(Dhan)(Common),Raichur,18-07-2019,18.7
Paddy(Dhan)(Common),Shikaripura,18-07-2019,17
Paddy(Dhan)(Common),Somvarpet,18-07-2019,17.5
Jowar(Sorghum),Ramdurga,04-08-2019,28.5
Safflower,Gadag,26-07-2019,44.55
Sajje,Mundaragi,26-07-2019,22.11
Arhar+Dal(Tur+Dal),Gangavathi,25-07-2019,57
Soyabean,Bidar,26-07-2019,35.6
Paddy(Dhan)(Common),Hirekerur,22-07-2019,18.5
Paddy(Dhan)(Common),Raichur,22-07-2019,19.39
Paddy(Dhan)(Common),Shorapur,22-07-2019,24.22
Ginger(Green),Piriya Pattana,29-07-2019,26
Maize,Hanagal,01-08-2019,17
Maize,Honnali,01-08-2019,20.8
Maize,Hunsur,01-08-2019,15
Ginger(Green),Hunsur,08-08-2019,30
Rice,Sakaleshpura,19-07-2019,23.84
Ridgeguard(Tori),Honnali,19-07-2019,14
Ridgeguard(Tori),Ramanagara,19-07-2019,26
Ox,Ramdurga,04-08-2019,250
Tender+Coconut,Malur,26-07-2019,153.8
Tender+Coconut,Mandya,26-07-2019,120
Cucumbar(Kheera),Honnali,24-07-2019,5.8
Arhar+Dal(Tur+Dal),Shimoga,26-07-2019,82.5
Sunflower,Gundlupet,06-08-2019,36
Tomato,Chikkamagalore,26-07-2019,20.39
Tomato,Malur,26-07-2019,20
Brinjal,Bagepalli,25-07-2019,13.4
Bitter+gourd,Kolar,28-07-2019,1.1
Ginger(Green),Moodigere,26-12-2024,19.33
Ginger(Green),Sakaleshpura,26-12-2024,53.32
Green+Chilli,Honnali,20-07-2019,13.2
Ragi+(Finger+Millet),Doddaballa Pur,08-08-2019,28
Ragi+(Finger+Millet),Kadur,08-08-2019,20
Ragi+(Finger+Millet),Mysore (Bandipalya),08-08-2019,26.2
Groundnut,Gadag,03-08-2019,48.69
Groundnut,Mysore (Bandipalya),03-08-2019,61.45
Gur(Jaggery),Kudchi,20-07-2019,32
Ridgeguard(Tori),Kolar,22-07-2019,27
Potato,Malur,18-07-2019,16.66
Rice,Gangavathi,08-08-2019,20.5
Sheep,Gowribidanoor,22-07-2019,70
Gur(Jaggery),Bijapur,03-08-2019,34.2
Gur(Jaggery),Mandya,03-08-2019,32.5
Cow,Chintamani,22-07-2019,350
Cucumbar(Kheera),Honnali,22-07-2019,5.5
Thondekai,Kolar,22-07-2019,11
Water+Melon,Malur,26-07-2019,20
Tomato,Channapatana,22-07-2019,17.5
Tomato,Kolar,22-07-2019,20
Bitter+gourd,Kolar,23-07-2019,1.5
Cucumbar(Kheera),Chikkamagalore,30-08-2019,14.08
Coconut,Bhadravathi,01-08-2019,128.7
Coconut,Kumta,01-08-2019,198.5
Black+pepper,Somvarpet,23-07-2019,308.91
Wheat,Bhadravathi,26-07-2019,30.17
Wheat,Gadag,26-07-2019,22.83
Cucumbar(Kheera),Malur,30-08-2019,3
Black+pepper,Gonikappal,26-07-2019,300
Black+pepper,Sirsi,26-07-2019,313.3
Raddish,Honnali,19-07-2019,7
Beans,Chikkamagalore,19-07-2019,28.2
Coconut,Bhadravathi,25-07-2019,80.6
Coconut,Kumta,25-07-2019,191.2
Coconut,Kundapura,25-07-2019,110.01
Black+pepper,Chikkamagalore,19-07-2019,290
Beans,Kolar,28-07-2019,35
Drumstick,Ramanagara,29-07-2019,42
Copra,Kunigal,25-07-2019,140
Jowar(Sorghum),Gadag,03-08-2019,25.97
Cotton,Annigeri,01-08-2019,57
Jowar(Sorghum),Hubli (Amaragol),03-08-2019,25.09
Cabbage,Chikkamagalore,19-07-2019,10.37
Cotton,Bijapur,25-07-2019,65
Cotton,Ranebennur,25-07-2019,54.4
Cauliflower,Chikkamagalore,19-07-2019,10.45
Seemebadnekai,Ramanagara,03-08-2019,26
Snakeguard,Ramanagara,03-08-2019,18
Tomato,Kolar,11-08-2019,12.67
Coconut,Arasikere,19-07-2019,100
Cucumbar(Kheera),Channapatana,01-08-2019,10
Cucumbar(Kheera),Honnali,07-08-2019,7.6
Copra,Arasikere,19-07-2019,141.27
Cotton,Nargunda,19-07-2019,58
Cotton,Raichur,19-07-2019,61
Cotton,Santhesargur,19-07-2019,64.95
Jowar(Sorghum),Manvi,13-08-2019,23.08
Cow,Arasikere,19-07-2019,252
Chilly+Capsicum,Kolar,05-08-2019,22
Alasande+Gram,Bellary,29-07-2019,55.43
Soyabean,Bidar,08-08-2019,35.2
Elephant+Yam+(Suran),Arasikere,19-07-2019,14
Ginger(Green),Ramanagara,20-07-2019,90
Ginger(Green),Somvarpet,20-07-2019,25
Potato,Hubli (Amaragol),24-08-2019,12
Dry+Chillies,Mysore (Bandipalya),25-07-2019,115
Maize,Athani,03-08-2019,21
Ginger(Green),Santhesargur,19-07-2019,24
Dry+Chillies,Byadagi,01-08-2019,99.2
Dry+Chillies,Sindhanur,01-08-2019,130
Goat,Arasikere,19-07-2019,82
Green+Chilli,Chikkamagalore,19-07-2019,11.86
Goat,Sira,26-12-2024,65
Groundnut,Bellary,19-07-2019,61.37
Groundnut,Gadag,19-07-2019,43.11
Tomato,Chickkaballapura,03-08-2019,17.5
Tomato,Ramanagara,03-08-2019,16
Jowar(Sorghum),Bellary,19-07-2019,22.88
Jowar(Sorghum),Gadag,19-07-2019,28.44
Jowar(Sorghum),Haveri,19-07-2019,18
Paddy(Dhan)(Common),Haliyala,19-07-2019,17.5
Paddy(Dhan)(Common),Hanagal,19-07-2019,15.5
Jowar(Sorghum),Nargunda,19-07-2019,27.78
Paddy(Dhan)(Common),Kolar,19-07-2019,18.46
Paddy(Dhan)(Common),Nanjangud,19-07-2019,15.5
Knool+Khol,Chikkamagalore,19-07-2019,12.5
Kulthi(Horse+Gram),Gadag,19-07-2019,37.01
Maize,Piriya Pattana,18-09-2019,16
Maize,Mundaragi,19-07-2019,19.21
Dry+Chillies,Byadagi,22-08-2019,98.69
Sunflower,Gundlupet,08-08-2019,38.25
Green+Chilli,Davangere,26-12-2024,16.5
Ragi+(Finger+Millet),Doddaballa Pur,18-07-2019,26
Rice,Bhadravathi,18-07-2019,19
Onion,Chikkamagalore,19-07-2019,14
Onion,Hubli (Amaragol),19-07-2019,8.5
Coconut,Doddaballa Pur,24-07-2019,140
Coconut,Honnali,24-07-2019,130
Rice,Bidar,18-07-2019,45
Rice,Kolar,18-07-2019,24
Coconut,Davangere,26-07-2019,85
Coconut,Kadur,26-07-2019,100
Ox,Arasikere,19-07-2019,710
Paddy(Dhan)(Common),Raichur,19-07-2019,18.6
Paddy(Dhan)(Common),Santhesargur,19-07-2019,17
Paddy(Dhan)(Common),Shorapur,19-07-2019,25.06
Ridgeguard(Tori),Kolar,18-07-2019,23
Copra,Arasikere,26-07-2019,137.35
Sajje,Mundaragi,18-07-2019,22.09
Sheep,Kudchi,18-07-2019,90
Brinjal,Ramanagara,02-08-2019,12
Cotton,Annigeri,26-07-2019,50
Cotton,Bijapur,26-07-2019,64.93
Cow,Nippani,26-07-2019,500
Safflower,Gulbarga,09-08-2019,43.26
Bitter+gourd,Kolar,16-09-2019,20
She+Buffalo,Nippani,09-08-2019,420
Green+Peas,Mysore (Bandipalya),25-07-2019,75.5
Potato,Chikkamagalore,19-07-2019,13.95
Potato,Hubli (Amaragol),19-07-2019,10
Ground+Nut+Seed,Mysore (Bandipalya),25-07-2019,102
Groundnut,Bagalakot,25-07-2019,60.69
Groundnut,Mundaragi,25-07-2019,51.36
Groundnut,Mysore (Bandipalya),25-07-2019,54.18
Rice,Chintamani,27-07-2019,44.2
Tomato,Gundlupet,08-08-2019,9.5
Ridgeguard(Tori),Ramanagara,27-07-2019,18
Cabbage,Honnali,02-08-2019,9.4
Tomato,Doddaballa Pur,18-07-2019,14
Tomato,Kolar,18-07-2019,16.67
Arhar+Dal(Tur+Dal),Bangarpet,23-07-2019,73
Gur(Jaggery),Bijapur,25-07-2019,32
Groundnut,Mysore (Bandipalya),01-08-2019,46.73
Cucumbar(Kheera),Channapatana,26-07-2019,11
Cucumbar(Kheera),Honnali,26-07-2019,5
Ragi+(Finger+Millet),Haveri,19-07-2019,16
Rice,Doddaballa Pur,19-07-2019,22.55
Gur(Jaggery),Bijapur,01-08-2019,31
Brinjal,Honnali,26-12-2024,15
Dry+Chillies,Sindhanur,26-07-2019,128
Ridgeguard(Tori),Chikkamagalore,19-07-2019,19.23
Sheep,Arasikere,19-07-2019,78
Gur(Jaggery),Mhalingapur,25-07-2019,32.46
Arhar+Dal(Tur+Dal),Shimoga,07-08-2019,83
Knool+Khol,Kolar,30-07-2019,11
Knool+Khol,Ramanagara,30-07-2019,19
Coconut,Bhadravathi,06-09-2019,141.5
Tamarind+Seed,Arasikere,19-07-2019,12
Tomato,Chintamani,19-08-2019,10
Tomato,Kolar,19-08-2019,14.33
Tender+Coconut,Mandya,19-07-2019,120
Beans,Mulabagilu,23-07-2019,25
Banana+-+Green,Somvarpet,23-07-2019,10
Goat,Nippani,26-07-2019,60
Tomato,Chikkamagalore,19-07-2019,16.69
Onion,Hubli (Amaragol),03-08-2019,14
Wheat,Gadag,18-07-2019,24.24
Beans,Kolar,23-07-2019,32
Coconut,Holalkere,29-07-2019,14
Green+Chilli,Davangere,26-07-2019,19
Sunflower,Gulbarga,09-08-2019,35.55
Onion,Kolar,19-07-2019,18.09
Wheat,Gadag,19-07-2019,24.05
Black+pepper,Kadur,23-07-2019,175
Black+pepper,Sirsi,23-07-2019,313.22
Tender+Coconut,Mandya,09-08-2019,160
Maize,Honnali,28-08-2019,21
Jowar(Sorghum),Bellary,01-08-2019,23.8
Jowar(Sorghum),Sindhanur,01-08-2019,24
Kulthi(Horse+Gram),Kadur,01-08-2019,35.54
Alasande+Gram,Holenarsipura,31-07-2019,57
Groundnut,Bagalakot,26-07-2019,59.11
Groundnut,Bellary,26-07-2019,61.88
Kulthi(Horse+Gram),Gundlupet,25-07-2019,43
Groundnut,Koppal,26-07-2019,54.94
Groundnut,Mulabagilu,26-07-2019,55
Brinjal,Bagepalli,23-07-2019,13.75
Brinjal,Mulabagilu,23-07-2019,16.65
Gur(Jaggery),Bijapur,26-07-2019,32
Gur(Jaggery),Gundlupet,26-07-2019,28.5
Gur(Jaggery),Mandya,26-07-2019,32
Gur(Jaggery),Mhalingapur,26-07-2019,32.26
Gur(Jaggery),Srirangapattana,26-07-2019,33.5
Tomato,Davangere,09-08-2019,14
Lime,Bijapur,25-07-2019,14
Turmeric,Gundlupet,08-08-2019,64.18
Dry+Chillies,Hubli (Amaragol),29-07-2019,40.3
Ginger(Green),Piriya Pattana,04-09-2019,35
Maize,Hanagal,23-07-2019,21
Maize,Hirekerur,23-07-2019,21.5
Maize,Honnali,23-07-2019,21.5
Maize,Kustagi,23-07-2019,25.5
Lime,Bijapur,01-08-2019,17
Ginger(Green),Ramanagara,04-09-2019,55
Ginger(Green),Srirangapattana,22-08-2019,16
Jowar(Sorghum),Annigeri,26-07-2019,16
Jowar(Sorghum),Laxmeshwar,26-07-2019,23.83
Maize,Koppal,25-07-2019,24.07
Maize,Mundaragi,25-07-2019,22.68
Maize,Sorabha,25-07-2019,21
Kulthi(Horse+Gram),Gundlupet,26-07-2019,43.5
Cabbage,Honnali,26-12-2024,6.5
Cabbage,Kolar,26-12-2024,6
Ginger(Green),Shikaripura,29-07-2019,22
Beans,Honnali,19-09-2019,13.5
Tomato,Chintamani,22-07-2019,20
Beans,Kolar,19-09-2019,22
Paddy(Dhan)(Common),Mysore (Bandipalya),03-08-2019,17.21
Paddy(Dhan)(Common),Udupi,03-08-2019,17.89
Beetroot,Chikkamagalore,19-09-2019,11.21
Carrot,Mulabagilu,23-07-2019,20
Cashewnuts,Kumta,23-07-2019,92.09
Tomato,Kolar,31-07-2019,20
Tomato,Ramanagara,31-07-2019,19
Marigold(Calcutta),Malur,01-08-2019,20
Banana+-+Green,Kundapura,21-09-2019,35
Coconut,Kadur,23-07-2019,100
Coconut,Kumta,23-07-2019,100
Coconut,Kundapura,23-07-2019,139.18
Coconut,Sira,23-07-2019,100
Coconut,Udupi,23-07-2019,110
Chilly+Capsicum,Kolar,24-07-2019,40
Groundnut,Bellary,29-07-2019,62.25
Copra,Arasikere,23-07-2019,139.28
Gur(Jaggery),Mandya,29-07-2019,31
Cotton,Bijapur,23-07-2019,63.59
Cotton,Chitradurga,23-07-2019,48.83
Rice,Karatgi,13-08-2019,33.05
Cotton,Bellary,06-09-2019,54.2
Groundnut,Kottur,26-12-2024,72.01
Onion,Hubli (Amaragol),26-07-2019,9.3
Jowar(Sorghum),Bellary,29-07-2019,24.74
Jowar(Sorghum),Gadag,29-07-2019,25.11
Jowar(Sorghum),Hubli (Amaragol),29-07-2019,24.49
Groundnut,Mysore (Bandipalya),26-12-2024,46.89
Jowar(Sorghum),Ramdurga,29-07-2019,32
Sunflower,Bagalakot,19-09-2019,37.56
Tender+Coconut,Holenarsipura,02-08-2019,80
Tomato,Channapatana,02-08-2019,10
Tomato,Chickkaballapura,02-08-2019,19.3
Tomato,Chintamani,02-08-2019,18
Sunflower,Raichur,19-09-2019,36.66
Cotton,Manvi,20-07-2019,50
Cucumbar(Kheera),Channapatana,20-07-2019,6
Cucumbar(Kheera),Honnali,20-07-2019,8.5
Sunflower,Rona,19-09-2019,41.02
Maize,Shikaripura,29-07-2019,23
Goat,Sira,23-07-2019,63
Green+Chilli,Davangere,23-07-2019,13.5
Paddy(Dhan)(Common),Davangere,26-07-2019,20.3
Onion,Chintamani,11-08-2019,11
Onion,Bijapur,01-08-2019,11
Groundnut,Bagalakot,23-07-2019,60.06
Soyabean,Bangalore,22-07-2019,45
Goat,Ramdurga,21-07-2019,58
Sweet+Potato,Somvarpet,22-07-2019,7.5
Gur(Jaggery),Bangarpet,23-07-2019,32
Gur(Jaggery),Bijapur,23-07-2019,31
Tender+Coconut,Mandya,22-07-2019,100
Gur(Jaggery),Mhalingapur,23-07-2019,31.92
Groundnut,Ramdurga,21-07-2019,55.33
Gur(Jaggery),Mhalingapur,21-07-2019,32.31
Banana,Channapatana,23-07-2019,15
Jowar(Sorghum),Ramdurga,21-07-2019,33
Mataki,Gadag,29-07-2019,38.3
Jowar(Sorghum),Sindhanur,23-07-2019,27.6
Ox,Ramdurga,21-07-2019,190
Kulthi(Horse+Gram),Gundlupet,23-07-2019,40.5
Maize,Bagalakot,23-07-2019,23.5
Sheep,Ramdurga,21-07-2019,59
Wheat,Gadag,09-08-2019,25.87
Onion,Bijapur,25-07-2019,8
Onion,Mysore (Bandipalya),25-07-2019,15
Wheat,Kudchi,10-10-2019,22
Potato,Hubli (Amaragol),26-07-2019,9
Neem+Seed,Bagepalli,23-07-2019,30
Gur(Jaggery),Bijapur,26-12-2024,34
Brinjal,Honnali,22-07-2019,8.8
Tomato,Channapatana,24-07-2019,10
Tomato,Ramanagara,24-07-2019,18
Tomato,Srinivasapur,24-07-2019,23
Gur(Jaggery),Mandya,26-12-2024,36
Onion,Hubli (Amaragol),29-07-2019,8.8
Onion,Raichur,29-07-2019,13.41
Paddy(Dhan)(Common),Bhadravathi,01-08-2019,18
Paddy(Dhan)(Common),Bhadravathi,23-07-2019,19.73
Paddy(Dhan)(Common),Davangere,23-07-2019,13.92
Paddy(Dhan)(Common),Kalagategi,23-07-2019,17.5
Copra,Tiptur,27-07-2019,136
Paddy(Dhan)(Common),Udupi,01-08-2019,17.5
She+Buffalo,Chintamani,22-07-2019,250
Cabbage,Kolar,24-07-2019,17
Coconut,Bhadravathi,04-09-2019,105
Beans,Kolar,09-08-2019,55
Tomato,Channapatana,20-07-2019,24
Tomato,Kolar,20-07-2019,15.33
Tomato,Ramanagara,20-07-2019,26
Tomato,Srinivasapur,20-07-2019,20.67
Capsicum,Kolar,24-07-2019,31
Beans,Malur,09-08-2019,41.17
Beetroot,Kolar,09-08-2019,26
Onion,Bangalore,16-08-2019,16.5
Goat,Nippani,30-08-2019,50
Potato,Bagepalli,23-07-2019,14.8
Coconut,Kundapura,04-09-2019,110
Tender+Coconut,Malur,19-09-2019,100
Paddy(Dhan)(Common),Kollegal,29-07-2019,17
Paddy(Dhan)(Common),Raichur,29-07-2019,22.71
Jowar(Sorghum),Manvi,17-08-2019,22.26
Ragi+(Finger+Millet),Mysore (Bandipalya),03-08-2019,25.86
Rice,Bangarpet,03-08-2019,28.5
Rice,Bangarpet,26-07-2019,28.5
Rice,Gangavathi,26-07-2019,20.35
Paddy(Dhan)(Common),Davangere,25-07-2019,21
Paddy(Dhan)(Common),Hoovinahadagali,25-07-2019,20
Paddy(Dhan)(Common),Kalagategi,25-07-2019,17.25
Paddy(Dhan)(Common),Udupi,25-07-2019,18
Safflower,Hubli (Amaragol),24-08-2019,46.53
Sweet+Potato,Somvarpet,26-07-2019,7.5
Black+pepper,Chikkamagalore,16-09-2019,280
Green+Chilli,Chikkamagalore,30-08-2019,9.8
Black+pepper,Gonikappal,16-09-2019,280
Tomato,Channapatana,26-07-2019,15
Tomato,K.R.Nagar,26-07-2019,14.44
Tomato,Kolar,26-07-2019,18.33
Tomato,Ramanagara,26-07-2019,15
Ragi+(Finger+Millet),Sira,23-07-2019,28
Rice,Bhadravathi,23-07-2019,24.3
Rice,Gangavathi,23-07-2019,20.25
Jowar(Sorghum),Dharwar,26-12-2024,24.95
Jowar(Sorghum),Haveri,26-12-2024,14.5
She+Buffalo,Nippani,26-07-2019,450
Jowar(Sorghum),Laxmeshwar,26-12-2024,22.89
Sheep,Sira,23-07-2019,57
Soyabean,Bidar,24-08-2019,36
Soyabean,Bidar,23-07-2019,35.8
Soyabean,Kalagategi,23-07-2019,35.9
Paddy(Dhan)(Common),Holenarsipura,16-08-2019,15
Paddy(Dhan)(Common),Honnali,16-08-2019,17.6
Paddy(Dhan)(Common),Lingasugur,16-08-2019,24.45
Paddy(Dhan)(Common),Mandya,16-08-2019,17
She+Buffalo,Nippani,03-08-2019,520
Potato,Hubli (Amaragol),29-07-2019,9.5
Soyabean,Hubli (Amaragol),03-08-2019,34.52
Tomato,Bagepalli,23-07-2019,27.4
Tomato,Davangere,23-07-2019,23
Tomato,Srinivasapur,23-07-2019,22.33
Tomato,Gundlupet,26-07-2019,14.5
Tomato,Srinivasapur,26-07-2019,20.33
Maize,Mundaragi,27-07-2019,25.65
Ginger(Dry),Piriya Pattana,11-09-2019,110
Ginger(Green),Piriya Pattana,11-09-2019,27
Kulthi(Horse+Gram),Haveri,26-12-2024,37.5
Kulthi(Horse+Gram),Kadur,26-12-2024,41
Sunflower,Gadag,24-08-2019,37.62
Coconut,Chintamani,29-07-2019,120
Coconut,Holenarsipura,29-07-2019,110
Coconut,Nanjangud,29-07-2019,95
Tender+Coconut,Mandya,03-08-2019,100
Tomato,Srinivasapur,03-08-2019,21
Coriander(Leaves),Tumkur,04-09-2019,85
Banana,Channapatana,02-08-2019,15
Black+pepper,Gonikappal,19-09-2019,320
Ragi+(Finger+Millet),Holalkere,29-07-2019,19.82
Ragi+(Finger+Millet),Mysore (Bandipalya),01-08-2019,25.48
Rice,Gangavathi,01-08-2019,19.8
Rice,Shikaripura,01-08-2019,15.5
Beans,Kolar,02-08-2019,50
Brinjal,Honnali,24-07-2019,8.8
Brinjal,Ramanagara,24-07-2019,14
Dry+Chillies,Hubli (Amaragol),06-09-2019,92
Safflower,Gadag,29-07-2019,44.35
Sajje,Mundaragi,29-07-2019,22.19
Jowar(Sorghum),Dharwar,24-07-2019,22.96
Sunflower,Mundaragi,29-07-2019,39.98
Maize,Dharwar,24-07-2019,22.54
Ragi+(Finger+Millet),Mysore (Bandipalya),25-07-2019,24.57
Wheat,Gadag,03-08-2019,22.64
Rice,Bagepalli,25-07-2019,21
Rice,Gangavathi,25-07-2019,19
Rice,Mysore (Bandipalya),25-07-2019,53.5
Maize,Haveri,26-12-2024,22.8
Maize,Kottur,26-12-2024,20.26
Cotton,Bijapur,04-09-2019,58.92
Maize,Shikaripura,26-12-2024,20
Sunflower,Gundlupet,01-08-2019,39.6
Sweet+Potato,Somvarpet,01-08-2019,8.75
Wheat,Chitradurga,29-07-2019,18.02
Wheat,Gadag,29-07-2019,26.72
Wheat,Hubli (Amaragol),29-07-2019,20.46
Cucumbar(Kheera),Ramanagara,04-09-2019,14
Tomato,Channapatana,01-08-2019,12.5
Tomato,Davangere,19-09-2019,6
Knool+Khol,Kolar,01-08-2019,8
Kulthi(Horse+Gram),Bangalore,01-08-2019,39.5
Wheat,Gadag,24-08-2019,21.79
Wheat,Hubli (Amaragol),24-08-2019,22.39
Sajje,Mundaragi,27-07-2019,22.23
Tomato,Ramanagara,18-10-2019,20
Elephant+Yam+(Suran),Arasikere,14-08-2019,17
Banana+-+Green,Kundapura,10-08-2019,25
Tomato,Chickkaballapura,27-07-2019,18.5
Tomato,Kolar,27-07-2019,19.33
Groundnut,Challakere,30-08-2019,61.3
Tender+Coconut,Mandya,25-07-2019,120
Wheat,Nargunda,01-08-2019,23
Wheat,Shimoga,01-08-2019,31.5
Tomato,Bagepalli,25-07-2019,31.05
Tomato,Gundlupet,25-07-2019,15
Tomato,Srinivasapur,25-07-2019,19.33
Beetroot,Kolar,24-07-2019,21
Bitter+gourd,Ramanagara,24-07-2019,22
Coconut,Kundapura,07-08-2019,130.83
Carrot,Kolar,07-08-2019,37
Coconut,Tumkur,12-08-2019,105
Coriander(Leaves),Tumkur,12-08-2019,91
Gur(Jaggery),Gundlupet,30-08-2019,47.5
Gur(Jaggery),Mandya,30-08-2019,35
Ragi+(Finger+Millet),Doddaballa Pur,24-07-2019,26
Rice,Kolar,24-07-2019,48.84
Brinjal,Kolar,22-08-2019,14
Ridgeguard(Tori),Honnali,24-07-2019,9.5
Ridgeguard(Tori),Kolar,24-07-2019,25
Raddish,Ramanagara,03-08-2019,12
Paddy(Dhan)(Common),Dharwar,24-07-2019,13
Cotton,Bijapur,07-08-2019,62.44
Cabbage,Chikkamagalore,17-09-2019,11.11
Gur(Jaggery),Srirangapattana,13-08-2019,35
Alasande+Gram,Bangalore,20-11-2019,73
Coconut,Kundapura,10-08-2019,100
Coconut,Hiriyur,29-08-2019,109.42
Brinjal,Kolar,16-09-2019,15.5
Dry+Chillies,Hubli (Amaragol),10-08-2019,61.19
Jowar(Sorghum),Gangavathi,30-08-2019,26.8
Cabbage,Honnali,22-08-2019,6.6
Cabbage,Kolar,22-08-2019,13
Neem+Seed,Tumkur,12-08-2019,31
Rice,Manvi,26-07-2019,10.5
Ragi+(Finger+Millet),Mandya,19-08-2019,28
Rice,Holenarsipura,19-08-2019,23
Ground+Nut+Seed,Mysore (Bandipalya),22-08-2019,110
Ridgeguard(Tori),Honnali,26-07-2019,9.8
Groundnut,Mysore (Bandipalya),22-08-2019,43.95
Banana,Channapatana,10-10-2019,40
Ridgeguard(Tori),Honnali,19-08-2019,13.6
Cabbage,Ramanagara,03-09-2019,15
Knool+Khol,Chikkamagalore,30-08-2019,11.5
Chilly+Capsicum,Kolar,29-07-2019,37
Carrot,Kolar,22-08-2019,37
Carrot,Ramanagara,22-08-2019,56
Gur(Jaggery),Basava Kalayana,10-08-2019,30.81
Maize,Hanagal,06-09-2019,24
Kulthi(Horse+Gram),Kadur,30-08-2019,36.5
Jowar(Sorghum),Basava Kalayana,10-08-2019,34
Jowar(Sorghum),Hubli (Amaragol),10-08-2019,28.69
Maize,Honnali,06-09-2019,20
Maize,K.R.Nagar,06-09-2019,15.5
Maize,Bagalakot,10-08-2019,20.01
Neem+Seed,Mysore (Bandipalya),26-12-2024,49.9
Dry+Chillies,Byadagi,04-09-2019,101.09
Capsicum,Kolar,17-09-2019,20
Onion,Hubli (Amaragol),10-08-2019,16
Capsicum,Kolar,25-09-2019,25
Alasande+Gram,Laxmeshwar,13-09-2019,46.23
Alasande+Gram,Rona,13-09-2019,62.03
Alasande+Gram,Arasikere,31-07-2019,42.8
Carrot,Kolar,26-07-2019,42
Gur(Jaggery),Basava Kalayana,07-08-2019,31.62
Gur(Jaggery),Gulbarga,07-08-2019,33.5
Gur(Jaggery),Mhalingapur,07-08-2019,32.58
Raddish,Honnali,24-07-2019,6.3
Raddish,Kolar,24-07-2019,6.5
Arhar+Dal(Tur+Dal),Bellary,14-10-2019,43.96
Maize,Annigeri,30-08-2019,22.15
Maize,Challakere,30-08-2019,24.61
Maize,Haveri,30-08-2019,24.15
Gur(Jaggery),Bijapur,22-08-2019,33.5
Gur(Jaggery),Gulbarga,22-08-2019,34.5
Gur(Jaggery),Mhalingapur,22-08-2019,35.73
Brinjal,Honnali,19-09-2019,11.5
Brinjal,Kolar,19-09-2019,10
Gur(Jaggery),Kudchi,23-07-2019,30
Potato,Hubli (Amaragol),10-08-2019,15
Jowar(Sorghum),Basava Kalayana,07-08-2019,32.21
Jowar(Sorghum),Gulbarga,07-08-2019,34.76
Ginger(Green),Piriya Pattana,09-09-2019,26
Black+pepper,Gonikappal,31-07-2019,285.9
Tomato,K.R.Nagar,07-08-2019,14
Tomato,Kolar,07-08-2019,14.33
Green+Chilli,Kolar,01-08-2019,17
Groundnut,Bellary,06-09-2019,71.25
Groundnut,Kottur,06-09-2019,57.37
Groundnut,Raichur,06-09-2019,67.89
Green+Peas,Bangalore,01-08-2019,71
Ground+Nut+Seed,Bangalore,01-08-2019,95
Rice,Kolar,31-07-2019,52.67
Alasande+Gram,Laxmeshwar,11-11-2019,44.94
Methi+Seeds,Shimoga,30-08-2019,67.5
Gur(Jaggery),Kudchi,01-08-2019,33
Avare+Dal,Malur,24-07-2019,50
Paddy(Dhan)(Common),Haliyala,03-08-2019,17.5
Paddy(Dhan)(Common),Hanagal,03-08-2019,20.5
Paddy(Dhan)(Common),K.R.Nagar,03-08-2019,18
Paddy(Dhan)(Common),Nanjangud,03-08-2019,16.25
Ridgeguard(Tori),Honnali,31-07-2019,9.4
Ridgeguard(Tori),Ramanagara,31-07-2019,19
Soyabean,Dharwar,24-07-2019,36.03
Alasande+Gram,Mandya,11-11-2019,65
Soyabean,Bidar,10-08-2019,35.9
Paddy(Dhan)(Common),Davangere,26-12-2024,20.9
Paddy(Dhan)(Common),Gonikappal,26-12-2024,15.6
Thondekai,Ramanagara,22-10-2019,17
Maize,Gulbarga,07-08-2019,25.76
Maize,Tumkur,07-08-2019,23
Beans,Chikkamagalore,24-07-2019,20.45
Beetroot,Chikkamagalore,24-07-2019,10.61
Black+pepper,Sirsi,25-07-2019,294.63
Knool+Khol,Ramanagara,27-07-2019,18
Paddy(Dhan)(Common),Haliyala,24-07-2019,17.5
Paddy(Dhan)(Common),Shorapur,24-07-2019,24.27
Jowar(Sorghum),Gulbarga,22-08-2019,26.85
Jowar(Sorghum),Haveri,22-08-2019,30
Jowar(Sorghum),Koppal,22-08-2019,15.05
Ginger(Dry),Santhesargur,17-08-2019,31
Cabbage,Chikkamagalore,24-07-2019,9.9
Raddish,Honnali,26-07-2019,4.49
Jowar(Sorghum),Mysore (Bandipalya),22-08-2019,38
Coconut,Arasikere,31-07-2019,124
Maize,Bangarpet,19-09-2019,23.5
Maize,Holenarsipura,19-09-2019,16
Cauliflower,Chikkamagalore,24-07-2019,10.28
Copra,Hunsur,31-07-2019,60
Goat,Hiriyur,17-08-2019,49
Chili+Red,Malur,24-07-2019,62.5
Wheat,Basava Kalayana,10-08-2019,21.5
Jowar(Sorghum),Bellary,06-09-2019,22.65
Jowar(Sorghum),Hubli (Amaragol),06-09-2019,27.5
Jowar(Sorghum),Nargunda,06-09-2019,29
Dry+Chillies,Hubli (Amaragol),31-07-2019,102.99
Dry+Chillies,Sindhanur,24-07-2019,50
Coconut,Kadur,17-09-2019,135
Coconut,Kolar,17-09-2019,200
Green+Chilli,Chikkamagalore,24-07-2019,11.44
Green+Chilli,Malur,24-07-2019,20
Onion,Davangere,07-08-2019,16
Onion,Tumkur,07-08-2019,21
Ground+Nut+Seed,Malur,24-07-2019,62.5
Groundnut,Bellary,24-07-2019,63.8
Gur(Jaggery),Malur,24-07-2019,32.18
Gur(Jaggery),Mandya,24-07-2019,32
Gur(Jaggery),Mhalingapur,24-07-2019,32.41
Alasande+Gram,Gundlupet,30-07-2019,66
Garlic,Chintamani,11-08-2019,35
Antawala,Hosanagar,30-07-2019,8
Jowar(Sorghum),Gadag,24-07-2019,28.38
Jowar(Sorghum),Sindhanur,24-07-2019,12.1
Kulthi(Horse+Gram),Gadag,24-07-2019,35.01
Groundnut,Bellary,31-07-2019,63.67
Groundnut,Gadag,31-07-2019,46.4
Groundnut,Raichur,31-07-2019,54.36
Tomato,Ramanagara,10-08-2019,11.5
Maize,Chikkamagalore,24-07-2019,25
Maize,Hanagal,24-07-2019,25.5
Arhar+Dal(Tur+Dal),Shimoga,30-07-2019,79
Gur(Jaggery),Mandya,31-07-2019,33
Brinjal,Channapatana,26-07-2019,15
Brinjal,Honnali,26-07-2019,9.3
Bitter+gourd,Kolar,04-09-2019,1.3
Marigold(Calcutta),Malur,24-07-2019,10
Jowar(Sorghum),Gadag,31-07-2019,28.95
Jowar(Sorghum),Hubli (Amaragol),31-07-2019,24.91
Jowar(Sorghum),Sindhanur,31-07-2019,24.5
Onion,Chikkamagalore,30-08-2019,14.29
Kulthi(Horse+Gram),Arasikere,31-07-2019,38.5
Wheat,Gangavathi,19-09-2019,21.05
Onion,Hubli (Amaragol),24-07-2019,8.9
Onion,Raichur,24-07-2019,11.46
Paddy(Dhan)(Common),Davangere,07-08-2019,21.8
Paddy(Dhan)(Common),Kundapura,07-08-2019,18.28
Paddy(Dhan)(Common),Sorabha,07-08-2019,12
Brinjal,Honnali,26-08-2019,15.2
Maize,Harappana Halli,06-09-2019,24.5
Maize,Mundaragi,06-09-2019,20.09
Maize,Piriya Pattana,06-09-2019,15
Bottle+gourd,Kolar,04-09-2019,23
Raddish,Honnali,31-07-2019,5.5
Arhar+Dal(Tur+Dal),Bhadravathi,03-08-2019,82
Ragi+(Finger+Millet),Doddaballa Pur,31-07-2019,26
Paddy(Dhan)(Common),Chikkamagalore,24-07-2019,39.64
Mataki,Gadag,31-07-2019,35.92
Paddy(Dhan)(Common),Hanagal,24-07-2019,14.5
Paddy(Dhan)(Common),Nanjangud,24-07-2019,16.5
Paddy(Dhan)(Common),Raichur,24-07-2019,21.19
Maize,Piriya Pattana,14-08-2019,18
Green+Peas,Shimoga,04-09-2019,71.5
Black+pepper,Moodigere,30-07-2019,241.63
Beans,Ramanagara,03-09-2019,40
Ragi+(Finger+Millet),Chintamani,02-08-2019,25
Groundnut,Bellary,04-09-2019,66.4
Groundnut,Challakere,04-09-2019,65.5
Groundnut,Mysore (Bandipalya),04-09-2019,46.25
Cabbage,Chikkamagalore,19-09-2019,10.24
Potato,Chikkamagalore,24-07-2019,13.43
Cabbage,Honnali,26-08-2019,6
Cabbage,Kolar,26-08-2019,6.5
Cabbage,Ramanagara,26-08-2019,10
Ridgeguard(Tori),Honnali,02-08-2019,8.9
Ridgeguard(Tori),Kolar,02-08-2019,17
Tomato,Ramanagara,25-10-2019,21.5
Corriander+seed,Laxmeshwar,17-09-2019,45.79
Neem+Seed,Arasikere,31-07-2019,47.9
Onion,Belgaum,31-07-2019,12
Onion,Hubli (Amaragol),31-07-2019,9.2
Cotton,Bellary,17-09-2019,57.9
Cotton,Chitradurga,17-09-2019,62.12
Cotton,Sindhanur,17-09-2019,45
Marigold(Calcutta),Malur,06-09-2019,23.33
Black+pepper,Chikkamagalore,25-07-2019,273.44
Black+pepper,Gonikappal,25-07-2019,300
Black+pepper,Gonikappal,23-09-2019,300
Cabbage,Chikkamagalore,16-09-2019,9.94
Beans,Chikkamagalore,03-08-2019,22.08
Beetroot,Chikkamagalore,03-08-2019,12.5
Rice,Gangavathi,24-07-2019,20.3
Rice,Malur,24-07-2019,34.78
Ground+Nut+Seed,Bangalore,30-07-2019,103.5
Groundnut,Madhugiri,30-07-2019,40
Ridgeguard(Tori),Chikkamagalore,24-07-2019,15.21
Cabbage,Gowribidanoor,16-09-2019,5.5
Cabbage,Chikkamagalore,25-07-2019,9.8
Arhar+Dal(Tur+Dal),Shimoga,24-07-2019,80
Sunflower,Mundaragi,24-07-2019,39.18
Cabbage,Malur,16-09-2019,5.25
Tomato,Chikkamagalore,24-07-2019,28.38
Tomato,Malur,24-07-2019,20
Paddy(Dhan)(Common),Hosanagar,31-07-2019,13
Paddy(Dhan)(Common),Raichur,31-07-2019,23.22
Gur(Jaggery),Bangarpet,04-09-2019,32.5
Gur(Jaggery),Bhadravathi,04-09-2019,27
Cauliflower,Chikkamagalore,25-07-2019,10.41
Water+Melon,Malur,24-07-2019,16.12
Wheat,Bhadravathi,24-07-2019,29.6
Wheat,Gadag,24-07-2019,23.17
Wheat,Harappana Halli,24-07-2019,17.63
Elephant+Yam+(Suran),Turvekere,14-08-2019,14
Tomato,Channapatana,29-07-2019,13
Tomato,Kolar,29-07-2019,19.33
Tomato,Ramanagara,29-07-2019,17.5
Tomato,Srinivasapur,29-07-2019,19
Lime,Bijapur,22-08-2019,16
Beetroot,Chikkamagalore,10-10-2019,10.29
Black+pepper,Sirsi,24-07-2019,304.82
Cashewnuts,Kumta,30-07-2019,89.5
Paddy(Dhan)(Common),Chikkamagalore,30-08-2019,30.95
Potato,Belgaum,31-07-2019,10.5
Paddy(Dhan)(Common),Harihara,30-08-2019,21.95
Barley+(Jau),Mhalingapur,20-08-2019,22.7
Paddy(Dhan)(Common),Sorabha,30-08-2019,18.8
Arhar+Dal(Tur+Dal),Shimoga,18-10-2019,90
Seemebadnekai,Ramanagara,11-10-2019,18
Suvarna+Gadde,Ramanagara,11-10-2019,31
Coconut,Kumta,30-07-2019,173.3
Jowar(Sorghum),Gadag,04-09-2019,27.85
Jowar(Sorghum),Hubli (Amaragol),04-09-2019,25.39
Copra,Mandya,30-07-2019,120
Brinjal,Kolar,29-07-2019,14
Brinjal,Ramanagara,29-07-2019,13
Ground+Nut+Seed,Bangalore,06-08-2019,115
Cotton,Annigeri,30-07-2019,57
Cotton,Bijapur,30-07-2019,64.85
Ragi+(Finger+Millet),Harappana Halli,31-07-2019,22.81
Cucumbar(Kheera),Honnali,14-08-2019,7.7
Beans,Malur,16-08-2019,40
Coconut,Harihara,03-08-2019,95
Ginger(Green),Piriya Pattana,18-09-2019,26
Ginger(Green),Ramanagara,18-09-2019,35
Soyabean,Hubli (Amaragol),31-07-2019,35.19
Onion,Kolar,26-07-2019,15
Coconut,Arasikere,24-07-2019,142.8
Copra,Tiptur,03-08-2019,136
Ragi+(Finger+Millet),Arasikere,31-08-2019,24
Paddy(Dhan)(Common),Haliyala,26-07-2019,17
Paddy(Dhan)(Common),Hanagal,26-07-2019,21
Paddy(Dhan)(Common),K.R.Nagar,26-07-2019,15
Paddy(Dhan)(Common),Lingasugur,26-07-2019,25
Paddy(Dhan)(Common),Nanjangud,26-07-2019,15.5
Paddy(Dhan)(Common),Shorapur,26-07-2019,24.15
Copra,Tiptur,24-07-2019,138
Rice,Gangavathi,31-08-2019,20.58
Tomato,Arasikere,31-07-2019,8
Rice,Haveri,31-08-2019,20
Ridgeguard(Tori),Ramanagara,29-10-2019,38
Corriander+seed,Mysore (Bandipalya),24-07-2019,82.5
Black+pepper,Moodigere,20-08-2019,229.98
Ragi+(Finger+Millet),Davangere,07-08-2019,25.5
Cotton,Bijapur,24-07-2019,64.06
Black+pepper,Sirsi,20-08-2019,326.02
Onion,Raichur,06-09-2019,23.61
Groundnut,Gadag,27-07-2019,54.82
Gur(Jaggery),Ramdurga,27-07-2019,31.2
Rice,Bidar,07-08-2019,45
Rice,Shimoga,07-08-2019,47.5
Goat,Ramdurga,28-07-2019,55
Maize,Gulbarga,22-08-2019,26.26
Maize,Haveri,22-08-2019,23.7
Maize,Koppal,22-08-2019,22.51
Groundnut,Ramdurga,28-07-2019,53.23
Gur(Jaggery),Mhalingapur,28-07-2019,32.17
Wheat,Chitradurga,31-07-2019,19.43
Wheat,Gadag,31-07-2019,27.95
Copra,Tiptur,10-08-2019,132
Suvarna+Gadde,Ramanagara,29-10-2019,30
Green+Chilli,Chikkamagalore,25-07-2019,10.52
Onion,Bangalore,23-09-2019,32.5
Groundnut,Bagalakot,30-07-2019,56.93
Groundnut,Mulabagilu,30-07-2019,38.5
Jowar(Sorghum),Gadag,27-07-2019,27.53
Carrot,Kolar,19-09-2019,22
Brinjal,Honnali,05-08-2019,9.6
Snakeguard,Ramanagara,29-07-2019,22
Gur(Jaggery),Bijapur,30-07-2019,31
Gur(Jaggery),Mandya,30-07-2019,32
Gur(Jaggery),Mhalingapur,30-07-2019,32.31
Maize,Mysore (Bandipalya),04-09-2019,15.09
Maize,Shikaripura,04-09-2019,25
Ox,Ramdurga,28-07-2019,200
Thogrikai,Ramanagara,29-10-2019,50
Beetroot,Ramanagara,15-11-2019,42
Maize,Sorabha,22-08-2019,22
Elephant+Yam+(Suran),Arasikere,24-07-2019,18
Maize,Tumkur,22-08-2019,24
Honge+seed,Gowribidanoor,30-07-2019,27
Black+pepper,Sirsi,13-09-2019,314.85
Potato,Bangalore,02-08-2019,10.5
Potato,Chintamani,02-08-2019,9
Kulthi(Horse+Gram),Gundlupet,30-07-2019,43
Ragi+(Finger+Millet),Haveri,26-12-2024,19.5
Green+Chilli,Chikkamagalore,03-08-2019,8.52
She+Buffalo,Ramdurga,28-07-2019,600
Ragi+(Finger+Millet),Kottur,26-12-2024,25.61
Ragi+(Finger+Millet),Mysore (Bandipalya),26-12-2024,25.11
Ragi+(Finger+Millet),Sira,26-12-2024,28
Ragi+(Finger+Millet),Tumkur,26-12-2024,23.5
Jowar(Sorghum),Bidar,25-07-2019,35
Jowar(Sorghum),Gadag,25-07-2019,28.4
Maize,Piriya Pattana,22-10-2019,16
Safflower,Gulbarga,07-08-2019,43.06
Ginger(Green),Ramanagara,30-07-2019,70
Soyabean,Bidar,07-08-2019,35.3
Green+Chilli,Honnali,30-07-2019,9.5
Green+Chilli,Ramanagara,30-07-2019,16
Rice,Gangavathi,26-12-2024,19
Maize,Shikaripura,25-07-2019,22
Gur(Jaggery),Gokak,03-08-2019,28.32
Gur(Jaggery),Gulbarga,03-08-2019,34
Rice,Sakaleshpura,26-12-2024,25.8
Rice,Shikaripura,26-12-2024,35
Groundnut,Gadag,10-08-2019,49.11
Groundnut,Raichur,10-08-2019,40
Jowar(Sorghum),Gulbarga,03-08-2019,35.66
Jowar(Sorghum),H.B. Halli,03-08-2019,26
Jowar(Sorghum),Haveri,03-08-2019,27
Kulthi(Horse+Gram),Haveri,03-08-2019,38
Garlic,Mysore (Bandipalya),24-07-2019,70
Maize,Honnali,03-08-2019,20.5
Black+pepper,Moodigere,01-10-2019,235
Jowar(Sorghum),Gadag,10-08-2019,26.14
Onion,Davangere,30-07-2019,14
Maize,Gulbarga,03-08-2019,25.8
Maize,Shikaripura,03-08-2019,24.5
Banana,Channapatana,29-07-2019,50
Beans,Ramanagara,29-07-2019,24
Paddy(Dhan)(Common),Haliyala,31-07-2019,17.5
Paddy(Dhan)(Common),Hanagal,31-07-2019,15
Paddy(Dhan)(Common),Honnali,31-07-2019,21.9
Paddy(Dhan)(Common),Lingasugur,31-07-2019,25
Paddy(Dhan)(Common),Nanjangud,31-07-2019,17
Paddy(Dhan)(Common),Shorapur,31-07-2019,23.94
Sunflower,Gulbarga,07-08-2019,35.75
Papaya,Kolar,31-07-2019,22.8
Bottle+gourd,Kolar,29-07-2019,1.5
Tamarind+Fruit,Tumkur,07-08-2019,65
Paddy(Dhan)(Common),Davangere,30-07-2019,24
Paddy(Dhan)(Common),Hosanagar,30-07-2019,14.46
Paddy(Dhan)(Common),Kumta,30-07-2019,17.24
Paddy(Dhan)(Common),Lingasugur,30-07-2019,23.86
Paddy(Dhan)(Common),Mandya,30-07-2019,15.5
Paddy(Dhan)(Common),Nanjangud,30-07-2019,17.5
Paddy(Dhan)(Common),Sorabha,30-07-2019,16.5
Safflower,Gulbarga,31-08-2019,43.36
Paddy(Dhan)(Common),Raichur,25-07-2019,18.06
Paddy(Dhan)(Common),Srirangapattana,25-07-2019,17
Paddy(Dhan)(Common),T. Narasipura,25-07-2019,16
Onion,Chikkamagalore,03-08-2019,14.42
Dry+Chillies,Byadagi,17-09-2019,101.09
Onion,Raichur,10-08-2019,15.85
Methi+Seeds,Shimoga,04-09-2019,53.5
Tomato,Davangere,07-08-2019,15
Tomato,Mulabagilu,07-08-2019,15
Carrot,Gowribidanoor,16-09-2019,13
Carrot,Kolar,16-09-2019,21
Banana+-+Green,Kundapura,14-09-2019,25
Tomato,Holalkere,05-08-2019,10
Tomato,K.R.Nagar,05-08-2019,13.68
Paddy(Dhan)(Common),Raichur,10-08-2019,22.11
Paddy(Dhan)(Common),H.B. Halli,03-08-2019,18.02
Coconut,Kolar,08-08-2019,100
Banana,Channapatana,26-07-2019,16
Beans,Kolar,26-07-2019,37
Beans,Ramanagara,26-07-2019,38
Ragi+(Finger+Millet),Kadur,26-08-2019,23
Ragi+(Finger+Millet),Shimoga,26-08-2019,31
Ragi+(Finger+Millet),Arasikere,22-10-2019,20.6
Potato,Chikkamagalore,03-08-2019,14.1
Paddy(Dhan)(Common),Hunsur,06-09-2019,16
Paddy(Dhan)(Common),Lingasugur,06-09-2019,23.95
Paddy(Dhan)(Common),Raichur,06-09-2019,15
Green+Chilli,Chikkamagalore,14-08-2019,11.35
Green+Avare+(W),Ramanagara,27-07-2019,26
Onion,Bangalore,02-08-2019,14
Ragi+(Finger+Millet),Arasikere,30-07-2019,21
Ragi+(Finger+Millet),Davangere,30-07-2019,20.6
Ragi+(Finger+Millet),Gowribidanoor,30-07-2019,22
Rice,Gangavathi,30-07-2019,18.5
Rice,Mandya,30-07-2019,22.4
Paddy(Dhan)(Common),Hanagal,02-08-2019,19.2
Paddy(Dhan)(Common),Lingasugur,02-08-2019,24
Paddy(Dhan)(Common),Shorapur,02-08-2019,23.63
Sheep,Sira,26-12-2024,58
Tomato,Ramanagara,01-08-2019,16.5
Methi+Seeds,Mysore (Bandipalya),22-08-2019,67
Paddy(Dhan)(Common),Haliyala,23-09-2019,17
Soyabean,Bidar,30-07-2019,35.6
Rice,Gangavathi,03-08-2019,18.8
Ground+Nut+Seed,Badami,24-07-2019,50
Rice,Haveri,03-08-2019,19.2
Groundnut,Mulabagilu,24-07-2019,35.5
Groundnut,Mysore (Bandipalya),24-07-2019,59.26
Rice,Chikkamagalore,25-07-2019,27.85
Maize,Hanagal,31-07-2019,25
Maize,Kolar,31-07-2019,42.5
Soyabean,Bidar,26-12-2024,36.25
Soyabean,Dharwar,26-12-2024,36.48
Paddy(Dhan)(Common),Hanagal,23-09-2019,17.1
Safflower,Gulbarga,03-08-2019,42.65
Paddy(Dhan)(Common),Harihara,23-09-2019,18.62
Soyabean,Bidar,03-08-2019,35.4
Soyabean,Bidar,25-07-2019,35.7
Tomato,Davangere,30-07-2019,20
Tomato,Gundlupet,30-07-2019,14
Wheat,Gadag,10-08-2019,25.77
Paddy(Dhan)(Common),Lingasugur,23-09-2019,24.1
Sunflower,Gulbarga,03-08-2019,35.26
Rice,K.R.Nagar,07-08-2019,18
Rice,Kolar,07-08-2019,55.78
Cabbage,Honnali,07-08-2019,9.2
Ridgeguard(Tori),Honnali,07-08-2019,8.5
Tomato,Chikkamagalore,03-08-2019,24.23
Tender+Coconut,Mandya,25-07-2019,120
Tomato,Chikkamagalore,25-07-2019,22.26
Garlic,Chintamani,17-08-2019,30
Wheat,Mandya,30-07-2019,26.6
Jowar(Sorghum),Mysore (Bandipalya),24-07-2019,36
Wheat,Bhadravathi,03-08-2019,23.89
Rice,Chintamani,29-07-2019,45
Wheat,Gadag,25-07-2019,22.07
Kulthi(Horse+Gram),Gundlupet,24-07-2019,38
Kulthi(Horse+Gram),Haveri,24-07-2019,29
Soyabean,Bidar,27-07-2019,35.6
Neem+Seed,Mysore (Bandipalya),04-09-2019,50.56
Maize,Piriya Pattana,01-08-2019,18
Maize,Honnali,16-08-2019,20.3
Ginger(Green),Ramanagara,06-08-2019,75
Sunflower,Gadag,27-07-2019,36.29
Elephant+Yam+(Suran),Arasikere,01-08-2019,9
Ridgeguard(Tori),Ramanagara,05-08-2019,21
Rice,Gangavathi,22-10-2019,20.75
Seemebadnekai,Ramanagara,05-08-2019,21
She+Buffalo,Chintamani,05-08-2019,250
Ginger(Green),Hunsur,17-09-2019,26
Onion,Tumkur,04-09-2019,25
Coconut,Bhadravathi,16-08-2019,135
Coconut,Davangere,16-08-2019,100
Coconut,Kadur,16-08-2019,166
Coconut,Kanakapura,16-08-2019,80
Coconut,Kundapura,16-08-2019,140.48
Coconut,Mysore (Bandipalya),16-08-2019,160
Green+Chilli,Chikkamagalore,13-08-2019,12.52
Green+Chilli,Honnali,13-08-2019,9.3
Coconut,Tarikere,16-08-2019,115.97
Maize,Davangere,24-07-2019,21.71
Maize,Nargunda,24-07-2019,25
Maize,Shimoga,24-07-2019,24.9
Maize,Tumkur,24-07-2019,22
Coconut,Bhadravathi,20-08-2019,100
Coconut,Kumta,20-08-2019,191.6
Coconut,Kundapura,20-08-2019,129.98
Groundnut,Madhugiri,13-08-2019,45
Ridgeguard(Tori),Kolar,01-09-2019,12
Copra,Kundapura,16-08-2019,97.6
Wheat,Gadag,27-07-2019,22.77
Raddish,Chikkamagalore,30-08-2019,9.62
Raddish,Malur,30-08-2019,5
Beans,Chikkamagalore,09-08-2019,24.39
Cotton,Annigeri,16-08-2019,62.5
Cotton,Bijapur,16-08-2019,62.98
Ginger(Green),Piriya Pattana,01-08-2019,35
Ginger(Green),Ramanagara,01-08-2019,80
Beetroot,Kolar,11-08-2019,27
Ragi+(Finger+Millet),Harappana Halli,30-08-2019,24
Ragi+(Finger+Millet),Kadur,30-08-2019,22.5
Black+pepper,Gonikappal,10-10-2019,252
Tomato,Ramanagara,08-08-2019,14
Cotton,Annigeri,20-08-2019,60
Cotton,Bijapur,20-08-2019,60.38
Methi+Seeds,Mysore (Bandipalya),24-07-2019,55
Brinjal,Honnali,20-08-2019,13.2
Rice,Gangavathi,30-08-2019,20.68
Beans,Chikkamagalore,01-08-2019,20
Tomato,K.R.Nagar,09-08-2019,14.28
Tomato,Kolar,09-08-2019,11.67
Paddy(Dhan)(Common),Lingasugur,19-08-2019,23.7
Paddy(Dhan)(Common),Mandya,19-08-2019,17.5
Paddy(Dhan)(Common),Nanjangud,19-08-2019,16.5
Paddy(Dhan)(Common),Shorapur,19-08-2019,23.79
Alasande+Gram,Laxmeshwar,05-12-2019,41.35
Cauliflower,Chikkamagalore,16-09-2019,10.74
Raddish,Honnali,29-07-2019,4
Raddish,Kolar,29-07-2019,6
Raddish,Ramanagara,29-07-2019,13
Black+pepper,Gonikappal,01-08-2019,324.5
Carrot,Ramanagara,01-08-2019,51
Rice,Kolar,15-08-2019,45.74
Cucumbar(Kheera),Kolar,30-07-2019,1.7
Neem+Seed,Tumkur,22-08-2019,35
Knool+Khol,Ramanagara,09-10-2019,30
Coconut,Kadur,19-09-2019,130
Neem+Seed,Mysore (Bandipalya),24-07-2019,15
Neem+Seed,Tumkur,24-07-2019,28
Onion,Belgaum,24-07-2019,13.5
Onion,Tumkur,24-07-2019,16
Arhar+Dal(Tur+Dal),Mysore (Bandipalya),24-10-2019,85
Cabbage,Chikkamagalore,01-08-2019,9.52
Bitter+gourd,Ramanagara,01-08-2019,21
Ridgeguard(Tori),Gowribidanoor,30-08-2019,7.5
Ginger(Dry),Bhadravathi,16-08-2019,82
Cucumbar(Kheera),Honnali,01-08-2019,4.8
Ginger(Green),Shikaripura,16-08-2019,14
Paddy(Dhan)(Common),Davangere,04-09-2019,20.3
Coconut,Tarikere,01-08-2019,121.22
Paddy(Dhan)(Common),Mysore (Bandipalya),04-09-2019,17.32
Alasande+Gram,Laxmeshwar,07-09-2019,50.63
Cotton,Chitradurga,01-08-2019,53.51
Raddish,Kolar,05-08-2019,5
Cashewnuts,Kumta,21-09-2019,110.25
Onion,Bijapur,22-08-2019,18
Onion,Davangere,22-08-2019,22.5
Onion,Doddaballa Pur,22-08-2019,20
Onion,Mandya,22-08-2019,14.24
Onion,Mysore (Bandipalya),22-08-2019,19
Paddy(Dhan)(Common),Davangere,24-07-2019,20.29
Paddy(Dhan)(Common),Shikaripura,24-07-2019,20
Cucumbar(Kheera),Honnali,21-08-2019,8.4
Cucumbar(Kheera),Kolar,21-08-2019,1.5
Coconut,Kunigal,09-08-2019,100
Green+Chilli,Davangere,16-08-2019,11
Ginger(Dry),Shikaripura,20-08-2019,65
Maize,Piriya Pattana,23-08-2019,40
Chapparad+Avare,Kolar,16-09-2019,31
Ginger(Green),Chikkamagalore,01-08-2019,60
Brinjal,Honnali,03-09-2019,13.8
Green+Chilli,Chikkamagalore,01-08-2019,9.78
Coriander(Leaves),Gadag,19-09-2019,57.5
Papaya,Ramanagara,29-10-2019,21
Gur(Jaggery),Mandya,01-08-2019,33
Green+Peas,Mysore (Bandipalya),16-08-2019,76
Groundnut,Mysore (Bandipalya),16-08-2019,50.89
Sunflower,Bagalakot,04-11-2019,37.55
Potato,Belgaum,24-07-2019,11
Ginger(Green),Piriya Pattana,08-08-2019,33
Alasande+Gram,Holenarsipura,29-07-2019,55
Maize,Chintamani,02-08-2019,23
Maize,Hanagal,02-08-2019,25
Maize,Hiriyur,02-08-2019,23.14
Maize,Honnali,02-08-2019,20.2
Jowar(Sorghum),Haveri,01-08-2019,24
Ginger(Green),Piriya Pattana,23-08-2019,18
Gur(Jaggery),Gundlupet,16-08-2019,47.11
Gur(Jaggery),Mysore (Bandipalya),16-08-2019,43.5
Gur(Jaggery),Shimoga,16-08-2019,41
Chapparad+Avare,Kolar,29-08-2019,20
Cotton,Chitradurga,19-09-2019,62.88
Cotton,Gadag,19-09-2019,57.11
Cotton,Haveri,19-09-2019,43
Coconut,Tarikere,16-09-2019,93.75
Maize,Gowribidanoor,01-08-2019,22
Sunflower,Chitradurga,04-11-2019,36.08
Sunflower,Gadag,04-11-2019,36.26
Drumstick,Ramanagara,08-08-2019,44
Sunflower,Gulbarga,04-11-2019,32
Sunflower,Kadur,04-11-2019,37
Mango,Srinivasapur,01-08-2019,10.76
Sunflower,Raichur,04-11-2019,34.28
Green+Chilli,Chikkamagalore,09-08-2019,10.65
Banana,Channapatana,07-09-2019,14
Groundnut,Laxmeshwar,17-09-2019,42.91
Rice,Bhadravathi,06-09-2019,22
Jowar(Sorghum),Gadag,16-08-2019,26.41
Jowar(Sorghum),Haveri,16-08-2019,20
Jowar(Sorghum),Sindhanur,16-08-2019,26.99
Green+Peas,Bhadravathi,20-08-2019,52.61
Green+Peas,Shimoga,20-08-2019,69
Avare+Dal,Bangalore,05-11-2019,43
Onion,Mandya,01-08-2019,12.64
Groundnut,Bellary,09-08-2019,65.82
Groundnut,Raichur,09-08-2019,34.29
Gur(Jaggery),Bijapur,20-08-2019,35
Gur(Jaggery),Mhalingapur,20-08-2019,34.68
Maize,Koppal,16-08-2019,23.35
Maize,Sorabha,16-08-2019,24
Ridgeguard(Tori),Kolar,22-10-2019,19
Ragi+(Finger+Millet),Mysore (Bandipalya),24-07-2019,24.44
Gur(Jaggery),Mandya,17-09-2019,29
Rice,Bidar,24-07-2019,45
Jowar(Sorghum),Bellary,09-08-2019,24.04
Banana,Channapatana,05-11-2019,10
Jowar(Sorghum),Manvi,31-07-2019,16.53
Rice,Arasikere,24-07-2019,24.35
Rice,Shikaripura,24-07-2019,17
Knool+Khol,Chikkamagalore,09-08-2019,11.42
Moath+Dal,Bangalore,29-07-2019,45.5
Coconut,Arasikere,01-08-2019,150
Mango+(Raw-Ripe),Tarikere,16-08-2019,2
Tomato,Kolar,30-07-2019,23.33
Potato,Chikkamagalore,01-08-2019,14.28
Marigold(Calcutta),Malur,16-08-2019,20
Paddy(Dhan)(Common),Haliyala,29-07-2019,17.5
Paddy(Dhan)(Common),Hanagal,29-07-2019,16
Paddy(Dhan)(Common),Lingasugur,29-07-2019,24.5
Paddy(Dhan)(Common),Nanjangud,29-07-2019,16.5
Paddy(Dhan)(Common),Shorapur,29-07-2019,23.92
Bitter+gourd,Ramanagara,08-08-2019,30
Paddy(Dhan)(Common),Hanagal,05-08-2019,20.5
Paddy(Dhan)(Common),Lingasugur,05-08-2019,22.7
Maize,Shikaripura,09-08-2019,13.5
Jowar(Sorghum),Gadag,20-08-2019,26.98
Jowar(Sorghum),Gulbarga,20-08-2019,36.52
Jowar(Sorghum),Hubli (Amaragol),20-08-2019,30.39
Ginger(Green),Somvarpet,13-08-2019,25
Ginger(Green),Srirangapattana,13-08-2019,20
Soyabean,Bidar,24-07-2019,35.9
Sajje,Mundaragi,06-09-2019,21.11
Beans,Malur,29-08-2019,33.33
Beetroot,Chikkamagalore,07-09-2019,13.33
Goat,Sira,10-09-2019,64
Tender+Coconut,Mandya,24-07-2019,120
Maize,Shikaripura,20-08-2019,22
Neem+Seed,Mysore (Bandipalya),16-08-2019,51.11
Paddy(Dhan)(Common),Davangere,22-08-2019,19.4
Paddy(Dhan)(Common),Moodigere,22-08-2019,18
Paddy(Dhan)(Common),Mysore (Bandipalya),22-08-2019,16.66
Paddy(Dhan)(Common),Srirangapattana,22-08-2019,15.19
Tamarind+Fruit,Tumkur,24-07-2019,71
Chennangi+Dal,Haveri,13-09-2019,54.01
Cabbage,Malur,23-09-2019,5.35
Knool+Khol,Kolar,16-08-2019,6.5
Onion,Davangere,16-08-2019,20
Onion,Hubli (Amaragol),16-08-2019,16.5
Onion,Mysore (Bandipalya),16-08-2019,16
Sunflower,Mundaragi,06-09-2019,37.79
Sunflower,Raichur,06-09-2019,30.7
Onion,Chikkamagalore,09-08-2019,16
Onion,Hubli (Amaragol),09-08-2019,15.5
Onion,Raichur,09-08-2019,11.05
Tender+Coconut,Mandya,01-08-2019,120
Tomato,Chikkamagalore,01-08-2019,24.59
Tomato,Srinivasapur,01-08-2019,17.33
Jowar(Sorghum),Bellary,17-09-2019,25.41
Jowar(Sorghum),Sindhanur,17-09-2019,25
Coconut,Kundapura,13-09-2019,130
Coconut,Tumkur,13-09-2019,110
Black+pepper,Moodigere,07-09-2019,233.33
Coconut,Tarikere,21-09-2019,104.92
Knool+Khol,Chikkamagalore,17-09-2019,11.67
Jowar(Sorghum),Honnali,30-09-2019,18
Paddy(Dhan)(Common),Raichur,09-08-2019,20.89
Paddy(Dhan)(Common),Shikaripura,09-08-2019,23
Knool+Khol,Kolar,30-09-2019,21
Tomato,Malur,06-09-2019,16.66
Papaya,Channapatana,22-08-2019,16
Bitter+gourd,Ramanagara,09-09-2019,36
Paddy(Dhan)(Common),Bhadravathi,16-08-2019,18.8
Paddy(Dhan)(Common),Davangere,16-08-2019,18.4
Jowar(Sorghum),Sindhanur,19-08-2019,15.4
Same/Savi,Savanur,22-10-2019,35
Copra,Arasikere,13-09-2019,116.61
Copra,Kundapura,13-09-2019,102.65
Wheat,Bidar,24-07-2019,26
Jowar(Sorghum),Sira,10-09-2019,25
Coriander(Leaves),Tumkur,13-09-2019,85
Onion,Hubli (Amaragol),20-08-2019,15.5
Potato,Chikkamagalore,09-08-2019,15
Black+pepper,Sirsi,29-08-2019,311.17
Maize,Piriya Pattana,15-10-2019,16
Corriander+seed,Laxmeshwar,13-09-2019,50.27
Black+pepper,Gonikappal,29-08-2019,300
Cotton,Annigeri,13-09-2019,58.75
Cotton,Bijapur,13-09-2019,57.97
Cotton,Haveri,13-09-2019,45
Groundnut,Raichur,14-09-2019,68.89
Maize,Bellary,17-09-2019,24
Maize,Hunsur,17-09-2019,14
Maize,Santhesargur,17-09-2019,16
Beetroot,Honnali,26-12-2024,14.6
Cow,Nippani,13-09-2019,450
Copra,Turvekere,21-09-2019,127
Ragi+(Finger+Millet),Arasikere,04-09-2019,23.5
Bitter+gourd,Kolar,26-12-2024,23
Barley+(Jau),Mhalingapur,16-10-2019,30.6
Potato,Hubli (Amaragol),16-08-2019,12.5
Potato,Mysore (Bandipalya),16-08-2019,12.5
Coriander(Leaves),Gadag,21-09-2019,52.35
Gur(Jaggery),Ramdurga,14-09-2019,33.9
Wheat,Hubli (Amaragol),06-09-2019,22.5
Wheat,Nargunda,06-09-2019,22.6
Paddy(Dhan)(Common),Davangere,20-08-2019,17.8
Paddy(Dhan)(Common),Shikaripura,20-08-2019,22
Chilly+Capsicum,Kolar,30-07-2019,27
Paddy(Dhan)(Common),Haliyala,07-08-2019,19
Rice,Bidar,09-08-2019,46
Rice,Shikaripura,09-08-2019,28
Cucumbar(Kheera),Chikkamagalore,16-09-2019,20
Soyabean,Bidar,22-10-2019,30
Chilly+Capsicum,Ramanagara,17-09-2019,18
Same/Savi,Bangalore,09-08-2019,38.5
Soyabean,Bidar,09-08-2019,35.6
Cotton,Annigeri,21-09-2019,59.25
Cotton,Bijapur,21-09-2019,58.01
Ground+Nut+Seed,Hiriyur,15-08-2019,65
Cotton,Gadag,21-09-2019,57.51
Cotton,Gundlupet,21-09-2019,56
Cabbage,Chikkamagalore,07-09-2019,8.9
Capsicum,Malur,23-09-2019,28.38
Maize,Bagalakot,14-09-2019,13.01
Cabbage,Honnali,08-08-2019,8.8
Tomato,Chikkamagalore,09-08-2019,31.79
Ragi+(Finger+Millet),Mysore (Bandipalya),28-08-2019,24.78
Ragi+(Finger+Millet),Shimoga,28-08-2019,30
Rice,Bangarpet,28-08-2019,27.5
Maize,Hanagal,29-07-2019,24.7
Maize,Lingasugur,29-07-2019,36
Ragi+(Finger+Millet),Haveri,16-08-2019,18
Ragi+(Finger+Millet),Kadur,16-08-2019,26
Ragi+(Finger+Millet),Mysore (Bandipalya),16-08-2019,24.7
Rice,Gangavathi,16-08-2019,20.5
Rice,Mysore (Bandipalya),16-08-2019,54
Green+Chilli,Honnali,31-07-2019,7
Gur(Jaggery),Srirangapattana,31-07-2019,30
Rice,Gangavathi,28-08-2019,19.1
Green+Chilli,Kolar,15-08-2019,20
Carrot,Malur,23-09-2019,20
Onion,Raichur,14-09-2019,25.5
Copra,Mandya,14-08-2019,130
She+Buffalo,Nippani,16-08-2019,500
Alasande+Gram,Laxmeshwar,09-12-2019,48.21
Rice,Karatgi,01-08-2019,36.26
Knool+Khol,Ramanagara,02-08-2019,20
Sunflower,Gadag,16-08-2019,26.11
Sunflower,Gundlupet,16-08-2019,36.4
Sunflower,Mysore (Bandipalya),16-08-2019,37.9
Tomato,Gundlupet,04-11-2019,23
Beans,Arasikere,13-08-2019,20
Beans,Malur,13-08-2019,45.16
Carrot,Ramanagara,17-09-2019,26
Corriander+seed,Bangalore,17-08-2019,64.5
Cotton,Sindhanur,17-08-2019,56.5
Arhar+Dal(Tur+Dal),Bangalore,07-08-2019,94
Coconut,Udupi,07-09-2019,100
Cucumbar(Kheera),Channapatana,17-08-2019,5
Wheat,Gangavathi,26-08-2019,19.6
Tomato,Davangere,16-08-2019,6.6
Tomato,Gundlupet,16-08-2019,5.5
Tomato,Malur,16-08-2019,10
Carrot,Ramanagara,18-09-2019,28
Brinjal,Honnali,01-08-2019,8.8
Gur(Jaggery),Srirangapattana,03-08-2019,30
Black+pepper,Sirsi,13-08-2019,315.79
Cabbage,Honnali,01-08-2019,9.8
Black+pepper,Gonikappal,14-08-2019,323.87
Copra,Tiptur,07-09-2019,125
Onion,Hubli (Amaragol),17-09-2019,18
Cabbage,Honnali,30-07-2019,8.6
Cashewnuts,Chintamani,30-07-2019,102
Wheat,Gadag,16-08-2019,22.18
Wheat,Shimoga,16-08-2019,30.5
Maize,Honnali,05-08-2019,20.6
Tender+Coconut,Malur,30-08-2019,200
Cucumbar(Kheera),Doddaballa Pur,31-07-2019,5
Cucumbar(Kheera),Ramanagara,31-07-2019,17.5
Cucumbar(Kheera),Channapatana,07-09-2019,8
Garlic,Bangalore,31-07-2019,70
Black+pepper,Somvarpet,14-10-2019,300
Green+Chilli,Chikkamagalore,19-09-2019,11.9
Black+pepper,Moodigere,14-08-2019,241.96
Green+Chilli,Honnali,19-09-2019,15
Cabbage,Malur,13-08-2019,5.14
Cucumbar(Kheera),Honnali,06-08-2019,5.5
Cowpea(Veg),Honnali,30-08-2019,17.3
Ragi+(Finger+Millet),Sira,10-09-2019,28
Rice,Karatgi,19-08-2019,33.25
Cucumbar(Kheera),Honnali,30-08-2019,10.66
Cucumbar(Kheera),Kolar,30-08-2019,3
Suvarna+Gadde,Ramanagara,13-11-2019,19
Coconut,Kumta,13-08-2019,185.6
Coconut,Tarikere,13-08-2019,138.2
Black+pepper,Sirsi,14-08-2019,316.24
Ridgeguard(Tori),Ramanagara,30-07-2019,20
Dry+Chillies,Hubli (Amaragol),21-09-2019,72.49
Thondekai,Ramanagara,13-11-2019,29
Beans,Malur,18-10-2019,36.95
Cabbage,Chikkamagalore,10-10-2019,10.07
Copra,Arasikere,13-08-2019,126.79
Beans,Chikkamagalore,06-08-2019,19.8
Beetroot,Chikkamagalore,06-08-2019,14.81
Sheep,Sira,10-09-2019,56
Cotton,Annigeri,13-08-2019,63
Cotton,Bijapur,13-08-2019,61.62
Cotton,Ranebennur,13-08-2019,54.49
Cabbage,Ramanagara,17-09-2019,7
Cucumbar(Kheera),Chikkamagalore,13-08-2019,8.92
Cucumbar(Kheera),Honnali,13-08-2019,4
Chilly+Capsicum,Kolar,15-08-2019,23
Ginger(Dry),Hirekerur,03-08-2019,135
Sunflower,Arasikere,22-10-2019,37
Ginger(Green),Somvarpet,03-08-2019,25
Wheat,Gadag,31-08-2019,26.58
Wheat,Nippani,31-08-2019,25.4
Sunflower,Bagalakot,22-10-2019,38.33
Sunflower,Mundaragi,22-10-2019,33.79
Sunflower,Yadgir,22-10-2019,28.87
Rice,Bangarpet,20-08-2019,29.5
Rice,Gangavathi,20-08-2019,20.4
Rice,Sindhanur,20-08-2019,20.5
Black+pepper,Gonikappal,05-08-2019,270
Sunflower,Sindhanur,19-08-2019,42.75
Elephant+Yam+(Suran),Arasikere,13-08-2019,12
Groundnut,Kottur,13-09-2019,69.31
Groundnut,Laxmeshwar,13-09-2019,50.99
Groundnut,Mysore (Bandipalya),13-09-2019,40.38
Knool+Khol,Ramanagara,06-09-2019,24
Ginger(Green),Moodigere,13-08-2019,24
Ginger(Green),Tarikere,13-08-2019,19.99
Cabbage,Kolar,15-08-2019,8
Sweet+Potato,Somvarpet,20-08-2019,10
Ragi+(Finger+Millet),Kottur,22-08-2019,24.5
Ragi+(Finger+Millet),Mandya,22-08-2019,23
Ragi+(Finger+Millet),Mysore (Bandipalya),22-08-2019,25.78
Safflower,Gulbarga,28-08-2019,43.46
Chapparad+Avare,Kolar,15-08-2019,37
Coconut,Kanakapura,06-08-2019,133.33
Tomato,Kolar,20-08-2019,12
Tomato,Ramanagara,20-08-2019,11
Green+Chilli,Chikkamagalore,07-09-2019,15
Copra,Arasikere,06-08-2019,125.03
Soyabean,Bidar,14-09-2019,37.05
Corriander+seed,Bhadravathi,06-08-2019,83.33
Cotton,Chitradurga,06-08-2019,53.98
Cucumbar(Kheera),Channapatana,06-08-2019,8
Rice,Mysore (Bandipalya),22-08-2019,52
Bull,Ramdurga,25-08-2019,290
Safflower,Gulbarga,20-08-2019,43.12
Safflower,Hubli (Amaragol),20-08-2019,46.01
Coconut,Tumkur,05-08-2019,102
Gur(Jaggery),Bijapur,13-09-2019,33
Gur(Jaggery),Gundlupet,13-09-2019,47.5
Tomato,Arasikere,01-08-2019,10
Tomato,Kolar,01-08-2019,20.67
Groundnut,Challakere,13-08-2019,65.18
Groundnut,Mysore (Bandipalya),13-08-2019,37
Coconut,Arasikere,17-08-2019,165
Alasande+Gram,Gundlupet,31-07-2019,58
Soyabean,Hubli (Amaragol),20-08-2019,32.64
Corriander+seed,Shimoga,05-08-2019,95
Cotton,Bijapur,05-08-2019,62.43
Gur(Jaggery),Mandya,13-08-2019,34
Gur(Jaggery),Tarikere,13-08-2019,36
Green+Chilli,Chikkamagalore,06-08-2019,9.21
Mango,Srinivasapur,07-08-2019,10
Cow,Athani,25-08-2019,350
Chilly+Capsicum,Kolar,06-08-2019,27
Jowar(Sorghum),Gadag,13-08-2019,25.85
Jowar(Sorghum),Laxmeshwar,13-08-2019,26.73
Beans,Chikkamagalore,31-07-2019,25.11
Beetroot,Chikkamagalore,31-07-2019,14.08
Sunflower,Bagalakot,14-09-2019,40.22
Ginger(Green),Tarikere,16-09-2019,19.97
Kulthi(Horse+Gram),Arasikere,13-08-2019,41.8
Leafy+Vegetable,Malur,13-08-2019,10
Green+Peas,Bhadravathi,06-08-2019,69.94
Cucumbar(Kheera),Honnali,03-08-2019,5.2
Sunflower,Gundlupet,03-08-2019,38.7
Black+pepper,Chikkamagalore,31-07-2019,239.55
Black+pepper,Sirsi,31-07-2019,312.1
Gur(Jaggery),Holalkere,16-08-2019,25
White+Pumpkin,Ramanagara,13-11-2019,14
Goat,Ramdurga,25-08-2019,40
Dry+Chillies,Bangalore,03-08-2019,104.5
Jowar(Sorghum),Lingasugur,16-08-2019,38
Chili+Red,Shimoga,23-09-2019,160
Sunflower,Gadag,20-08-2019,35.25
Sunflower,Gulbarga,20-08-2019,35.86
Groundnut,Madhugiri,07-09-2019,38
Groundnut,Raichur,07-09-2019,48.74
Tomato,Gundlupet,03-08-2019,15
Lime,Bijapur,13-08-2019,10
Soyabean,Bidar,28-08-2019,36.4
Jowar(Sorghum),Bellary,06-08-2019,23.88
Jowar(Sorghum),Gadag,06-08-2019,26.65
Goat,Turvekere,05-08-2019,90
Ground+Nut+Seed,Athani,25-08-2019,74.5
Maize,Challakere,13-08-2019,26.75
Groundnut,Ramdurga,25-08-2019,64.5
Maize,Shikaripura,13-08-2019,25
Gur(Jaggery),Mhalingapur,25-08-2019,34.74
Groundnut,Gadag,19-09-2019,64.22
Jowar(Sorghum),Gundlupet,13-09-2019,15
Jowar(Sorghum),Laxmeshwar,13-09-2019,23.69
Gur(Jaggery),Gulbarga,07-09-2019,34.6
Jowar(Sorghum),Nargunda,13-09-2019,28.92
Gur(Jaggery),Mandya,07-09-2019,32.5
Jowar(Sorghum),Ramdurga,25-08-2019,30
Chrysanthemum(Loose),Malur,23-09-2019,20.83
Maize,Bellary,06-08-2019,26.82
Cabbage,Chikkamagalore,31-07-2019,10.06
Maize,Ramdurga,25-08-2019,20
Coconut,Davangere,23-09-2019,120
Groundnut,Challakere,05-08-2019,61.8
Onion,Davangere,31-08-2019,22
Onion,Hubli (Amaragol),31-08-2019,16.5
Coconut,Tarikere,23-09-2019,140.35
Jowar(Sorghum),Bellary,07-09-2019,26.3
Jowar(Sorghum),Haveri,07-09-2019,16
Jowar(Sorghum),Laxmeshwar,07-09-2019,25.85
Cauliflower,Chikkamagalore,31-07-2019,10.83
Gur(Jaggery),Shimoga,05-08-2019,36.5
Tomato,Davangere,20-08-2019,4
Tomato,Srinivasapur,20-08-2019,10.33
Ox,Ramdurga,25-08-2019,250
Jowar(Sorghum),Gadag,05-08-2019,28.09
Jowar(Sorghum),Shimoga,05-08-2019,30
Copra,Tiptur,31-07-2019,132
Kulthi(Horse+Gram),Gundlupet,05-08-2019,39
Kulthi(Horse+Gram),Shimoga,05-08-2019,45
Gur(Jaggery),Kudchi,19-09-2019,28
Onion,Hubli (Amaragol),06-08-2019,13.5
Cotton,Annigeri,31-07-2019,60
Cotton,Bijapur,31-07-2019,65.49
Cotton,Gundlupet,31-07-2019,65
Neem+Seed,Arasikere,13-08-2019,48.15
Coconut,Honnali,13-08-2019,100
Cucumbar(Kheera),Chikkamagalore,31-07-2019,9.52
Lime,Bijapur,05-08-2019,13
Coconut,Kumta,29-08-2019,205.9
Onion,Bijapur,13-08-2019,10
Copra,Madhugiri,13-08-2019,80
Maize,Bagalakot,05-08-2019,22.55
Maize,Shimoga,05-08-2019,24.95
Maize,Tumkur,05-08-2019,22
Soyabean,Hanagal,01-08-2019,35.7
Paddy(Dhan)(Common),Lingasugur,09-08-2019,24.05
Paddy(Dhan)(Common),Shorapur,09-08-2019,23.27
Safflower,Gulbarga,22-08-2019,43.56
Paddy(Dhan)(Common),Nanjangud,06-08-2019,15.5
Paddy(Dhan)(Common),Raichur,06-08-2019,21.78
Paddy(Dhan)(Common),Shorapur,06-08-2019,23.94
Paddy(Dhan)(Common),T. Narasipura,06-08-2019,17.5
Maize,Mundaragi,07-09-2019,21.09
Maize,Annigeri,13-09-2019,23.68
Methi+Seeds,Shimoga,05-08-2019,68.5
Maize,Gundlupet,13-09-2019,13
Maize,Hirekerur,13-09-2019,23
Maize,Mysore (Bandipalya),13-09-2019,17.06
Green+Chilli,Chikkamagalore,31-07-2019,9.33
Banana+-+Green,Kunigal,21-08-2019,50
She+Buffalo,Athani,25-08-2019,500
She+Goat,Athani,25-08-2019,40
Neem+Seed,Tumkur,05-08-2019,32
Paddy(Dhan)(Common),Davangere,13-08-2019,18.2
Onion,Bangarpet,05-08-2019,13
Onion,Bijapur,05-08-2019,16
Groundnut,Mysore (Bandipalya),31-07-2019,53.38
Gur(Jaggery),Gulbarga,31-07-2019,33
Gur(Jaggery),Mhalingapur,31-07-2019,32.43
Sweet+Potato,Somvarpet,09-09-2019,8.75
Jowar(Sorghum),Basava Kalayana,31-07-2019,30.75
Jowar(Sorghum),Gulbarga,31-07-2019,37.12
Jowar(Sorghum),Haveri,31-07-2019,26
Kulthi(Horse+Gram),Mysore (Bandipalya),31-07-2019,40.6
Paddy(Dhan)(Common),Bangarpet,05-08-2019,17.6
Paddy(Dhan)(Common),Bhadravathi,05-08-2019,19.5
Paddy(Dhan)(Common),Shorapur,05-08-2019,23.88
Paddy(Dhan)(Common),Srirangapattana,05-08-2019,14.8
Maize,Gulbarga,31-07-2019,25.52
Paddy(Dhan)(Common),Davangere,31-08-2019,20.3
Chennangi+Dal,Bangalore,21-08-2019,55
Paddy(Dhan)(Common),T. Narasipura,31-08-2019,18
Green+Chilli,Honnali,02-08-2019,7.5
Green+Chilli,Ramanagara,02-08-2019,36
Wheat,Ramdurga,25-08-2019,25.5
Sunflower,Gulbarga,22-08-2019,35.66
Sunflower,Gundlupet,22-08-2019,35.5
Gur(Jaggery),Srirangapattana,02-08-2019,29
Gur(Jaggery),Mhalingapur,06-09-2019,34.06
Sunflower,Koppal,22-08-2019,40.63
Soyabean,Bidar,06-08-2019,35.25
Wheat,Bhadravathi,20-08-2019,30.28
Wheat,Gadag,20-08-2019,23.83
Sunflower,Bellary,06-08-2019,39.88
Tender+Coconut,Hunsur,06-08-2019,120
Banana,Channapatana,26-12-2024,45
Tomato,Channapatana,06-08-2019,12.5
Tomato,Chikkamagalore,06-08-2019,30.06
Paddy(Dhan)(Common),Bhadravathi,31-07-2019,18.98
Paddy(Dhan)(Common),Chikkamagalore,31-07-2019,29.24
Paddy(Dhan)(Common),Davangere,31-07-2019,19
Paddy(Dhan)(Common),Shikaripura,31-07-2019,21
Knool+Khol,Kolar,05-08-2019,9
Coriander(Leaves),Tumkur,29-08-2019,85
Ragi+(Finger+Millet),Shimoga,05-08-2019,30
Wheat,Gadag,06-08-2019,22.69
Copra,Turvekere,23-09-2019,131
Potato,Chikkamagalore,31-07-2019,13.79
Tamarind+Fruit,Tumkur,22-08-2019,75
Soyabean,Hanagal,23-08-2019,35.74
Safflower,Bijapur,05-08-2019,45
Sheep,Bhadravathi,05-08-2019,52.23
Sheep,Chintamani,05-08-2019,80
Sheep,Turvekere,05-08-2019,70
Tamarind+Seed,Haveri,23-08-2019,11
Ragi+(Finger+Millet),Arasikere,13-08-2019,22
Ragi+(Finger+Millet),Kadur,13-08-2019,23
Ragi+(Finger+Millet),Mysore (Bandipalya),13-08-2019,24.67
Sunflower,Gundlupet,05-08-2019,39.6
Rice,Arasikere,13-08-2019,22
Rice,Bidar,13-08-2019,45
Rice,Gangavathi,13-08-2019,19.1
Ragi+(Finger+Millet),Davangere,31-07-2019,24.5
Ragi+(Finger+Millet),Mysore (Bandipalya),31-07-2019,24.35
Tamarind+Fruit,Shimoga,05-08-2019,100
Rice,Gangavathi,31-07-2019,20.35
Tomato,Channapatana,23-08-2019,8
Tomato,Chintamani,23-08-2019,10.66
Tomato,K.R.Nagar,23-08-2019,5.38
Tomato,Kolar,23-08-2019,12.67
Tomato,Ramanagara,23-08-2019,8.5
Safflower,Gulbarga,31-07-2019,42.75
Soyabean,Bidar,31-07-2019,35.45
Soyabean,Haveri,31-07-2019,37
Jowar(Sorghum),Gadag,19-09-2019,26.03
Bitter+gourd,Ramanagara,10-08-2019,18
Sunflower,Gulbarga,31-07-2019,36.25
Sunflower,Gundlupet,31-07-2019,38
Tomato,Chikkamagalore,31-07-2019,24.01
Tomato,Davangere,31-07-2019,21
Tomato,Gundlupet,31-07-2019,16
Tomato,Srinivasapur,31-07-2019,20
Wheat,Gadag,05-08-2019,22.5
Soyabean,Bidar,13-08-2019,36
Tomato,Srinivasapur,08-08-2019,14
Turmeric,Gundlupet,31-07-2019,75
Beans,Honnali,14-08-2019,14.2
Garlic,Chintamani,02-08-2019,35
Beans,Ramanagara,14-08-2019,28
Wheat,Bijapur,31-07-2019,30
Ginger(Green),Kolar,02-08-2019,38.75
Alasande+Gram,Arasikere,02-08-2019,50
Alasande+Gram,Laxmeshwar,02-08-2019,41.03
Sunflower,Gundlupet,13-08-2019,37.6
Banana,Malur,02-08-2019,20
Rice,Karatgi,07-08-2019,36.8
Potato,Chikkamagalore,17-09-2019,13.71
Potato,Hubli (Amaragol),17-09-2019,18
Tomato,Davangere,13-08-2019,9.2
Tomato,Gundlupet,13-08-2019,8
Beans,Chikkamagalore,02-08-2019,22.91
Corriander+seed,Mysore (Bandipalya),29-08-2019,95
Black+pepper,Sirsi,02-08-2019,311.99
Black+pepper,Somvarpet,02-08-2019,240
Coriander(Leaves),Gadag,23-09-2019,50.47
Coriander(Leaves),Tumkur,23-09-2019,85
Ginger(Green),Piriya Pattana,02-08-2019,35
Cabbage,Chikkamagalore,02-08-2019,9.77
Turmeric,Gundlupet,13-08-2019,64.27
Wheat,Gadag,13-08-2019,25.38
Tomato,Channapatana,22-10-2019,16.5
Coconut,Arasikere,02-08-2019,110
Coconut,Bhadravathi,02-08-2019,147.4
Coconut,Kadur,02-08-2019,100
Coconut,Kundapura,02-08-2019,129.9
Coconut,Nanjangud,02-08-2019,80
Coconut,Tarikere,02-08-2019,107.81
Coconut,Tumkur,02-08-2019,110
Cabbage,Honnali,14-08-2019,6.5
Cabbage,Kolar,14-08-2019,7
Tomato,Channapatana,22-08-2019,9
Tomato,Doddaballa Pur,22-08-2019,12
Tomato,Gundlupet,22-08-2019,4.75
Cotton,Bijapur,29-08-2019,61.23
Copra,Arasikere,02-08-2019,139.05
Coriander(Leaves),Tumkur,02-08-2019,90
Cotton,Davangere,29-08-2019,49.09
Cotton,Gundlupet,29-08-2019,57
Cotton,Haveri,29-08-2019,49.1
Cotton,Kottur,29-08-2019,51.65
Cucumbar(Kheera),Chikkamagalore,02-08-2019,7
Tomato,Chintamani,06-08-2019,16.66
Dry+Chillies,Byadagi,02-08-2019,94
Dry+Chillies,Hubli (Amaragol),02-08-2019,96
Tomato,Chikkamagalore,22-10-2019,14.58
Wheat,Nargunda,06-08-2019,22.75
Ginger(Dry),Hunsur,02-08-2019,100
Tomato,Kolar,22-10-2019,9.53
Ginger(Green),Somvarpet,02-08-2019,25
Green+Chilli,Chikkamagalore,16-09-2019,17.83
Green+Chilli,Chikkamagalore,02-08-2019,8.26
Green+Chilli,Davangere,02-08-2019,13
Maize,Honnali,19-08-2019,20
Maize,Kudchi,19-08-2019,18
Corriander+seed,Shimoga,23-09-2019,87.5
Groundnut,Bagalakot,02-08-2019,60.82
Groundnut,Mysore (Bandipalya),02-08-2019,52.9
Gur(Jaggery),Gundlupet,02-08-2019,31.67
Gur(Jaggery),Kudchi,02-08-2019,32.5
Gur(Jaggery),Mandya,02-08-2019,33
Gur(Jaggery),Mhalingapur,02-08-2019,32.1
Tomato,Channapatana,09-09-2019,6
Tomato,Kolar,09-09-2019,12
Tomato,Channapatana,14-08-2019,10
Tomato,Chickkaballapura,14-08-2019,15.4
Tomato,Kolar,14-08-2019,13.33
Onion,Raichur,07-09-2019,22.95
Jowar(Sorghum),Bellary,02-08-2019,23.21
Jowar(Sorghum),Dharwar,02-08-2019,24.33
Jowar(Sorghum),Gadag,02-08-2019,26.12
Jowar(Sorghum),Hubli (Amaragol),02-08-2019,27.89
Jowar(Sorghum),Laxmeshwar,02-08-2019,23.6
Maize,Davangere,02-08-2019,20
Maize,Mhalingapur,02-08-2019,23.5
Maize,Tumkur,02-08-2019,22
Cotton,Annigeri,23-09-2019,59
Cotton,Davangere,23-09-2019,56.05
Cotton,Kottur,23-09-2019,55.66
Neem+Seed,Tumkur,02-08-2019,33
Cotton,Ranebennur,23-09-2019,51.2
Beans,Chikkamagalore,14-08-2019,21.73
Onion,Chikkamagalore,02-08-2019,16.66
Onion,Davangere,02-08-2019,15
Onion,Hubli (Amaragol),02-08-2019,14
Beetroot,Chikkamagalore,14-08-2019,14.06
Maize,Honnali,09-08-2019,20.5
Maize,Piriya Pattana,21-08-2019,13
Thondekai,Ramanagara,22-08-2019,21
Carrot,Chikkamagalore,13-08-2019,60
Tomato,Kolar,22-08-2019,11.67
Paddy(Dhan)(Common),Davangere,02-08-2019,20.4
Tomato,Ramanagara,22-08-2019,9
Paddy(Dhan)(Common),Kundapura,02-08-2019,19.3
Tomato,Srinivasapur,22-08-2019,7.33
Paddy(Dhan)(Common),Raichur,02-08-2019,23.14
Paddy(Dhan)(Common),Shikaripura,02-08-2019,22
Paddy(Dhan)(Common),Sorabha,02-08-2019,19
Paddy(Dhan)(Common),T. Narasipura,02-08-2019,17
Paddy(Dhan)(Common),Udupi,02-08-2019,17.5
Maize,Honnali,19-09-2019,22
Maize,Hunsur,19-09-2019,13.5
Wheat,Nargunda,22-08-2019,24
Paddy(Dhan)(Common),Chikkamagalore,07-09-2019,30
Green+Chilli,Honnali,05-08-2019,7.8
Paddy(Dhan)(Common),Raichur,07-09-2019,15.89
Paddy(Dhan)(Common),Srirangapattana,07-09-2019,15.8
Potato,Chikkamagalore,02-08-2019,15.9
Potato,Hubli (Amaragol),02-08-2019,11.5
Copra,Kunigal,21-08-2019,130
Copra,Tiptur,21-08-2019,135
Groundnut,Gadag,21-09-2019,69
Onion,Mysore (Bandipalya),13-09-2019,23
Onion,Ranebennur,13-09-2019,18
Groundnut,Hubli (Amaragol),21-09-2019,47.69
Groundnut,Kadur,21-09-2019,48
Soyabean,Dharwar,26-08-2019,36.33
Groundnut,Mysore (Bandipalya),21-09-2019,41.94
Coriander(Leaves),Tumkur,21-08-2019,89
Dry+Chillies,Mysore (Bandipalya),29-08-2019,125
Cotton,Bijapur,21-08-2019,57.77
Cotton,Gadag,21-08-2019,51
Groundnut,Gadag,14-08-2019,58.89
Groundnut,Raichur,14-08-2019,54.99
Coconut,Gundlupet,01-10-2019,90
Coconut,Kundapura,01-10-2019,129.95
Coconut,Tarikere,01-10-2019,135.58
Ragi+(Finger+Millet),Mysore (Bandipalya),02-08-2019,24.97
Rice,Bhadravathi,02-08-2019,22.25
Rice,Gangavathi,02-08-2019,20.45
Beans,Malur,24-10-2019,24.3
Black+pepper,Chikkamagalore,14-08-2019,258.34
Potato,Kolar,08-08-2019,15
Gur(Jaggery),Bijapur,21-09-2019,32
Gur(Jaggery),Gulbarga,21-09-2019,31.86
Soyabean,Bidar,02-08-2019,35.4
Soyabean,Dharwar,02-08-2019,36.76
Potato,Chikkamagalore,07-09-2019,12.1
Sunflower,Gundlupet,02-08-2019,37.5
Sunflower,Mundaragi,02-08-2019,40.44
Sweet+Potato,Somvarpet,02-08-2019,6.66
Raddish,Honnali,08-08-2019,7.2
Alasande+Gram,Laxmeshwar,23-12-2019,43.5
Rice,Holenarsipura,08-08-2019,25
Rice,Kolar,23-08-2019,50.07
Raddish,Honnali,20-08-2019,5.33
Raddish,Ramanagara,20-08-2019,7
Ridgeguard(Tori),Kolar,23-08-2019,23
Ridgeguard(Tori),Ramanagara,23-08-2019,29
Tomato,Arasikere,02-08-2019,10
Tomato,Chikkamagalore,02-08-2019,25.36
Tomato,Davangere,02-08-2019,17
Cabbage,Honnali,21-08-2019,7
Rice,Honnali,20-08-2019,19.7
Rice,Karatgi,13-09-2019,27.8
Turmeric,Gundlupet,02-08-2019,50
Wheat,Chitradurga,02-08-2019,20
Wheat,Gadag,02-08-2019,23.41
Ginger(Dry),Hosanagar,29-08-2019,250
Brinjal,Honnali,06-08-2019,11.2
Green+Chilli,Honnali,16-08-2019,7.8
Ragi+(Finger+Millet),Kadur,17-09-2019,24
Paddy(Dhan)(Common),Haveri,13-09-2019,17.8
Paddy(Dhan)(Common),Kundapura,13-09-2019,17.52
Paddy(Dhan)(Common),Mandya,13-09-2019,16
Paddy(Dhan)(Common),Shorapur,13-09-2019,23.6
Paddy(Dhan)(Common),T. Narasipura,13-09-2019,18.5
Ginger(Green),Hunsur,29-08-2019,31
Copra,Turvekere,01-10-2019,129
Alasande+Gram,Gulbarga,19-12-2019,64.22
Rice,Kolar,17-09-2019,49.74
Coriander(Leaves),Gadag,01-10-2019,48.84
Alasande+Gram,Laxmeshwar,25-10-2019,46.17
Beans,Kolar,26-08-2019,35
Jowar(Sorghum),Dharwar,21-09-2019,35
Jowar(Sorghum),Gadag,21-09-2019,25.88
Jowar(Sorghum),Gulbarga,21-09-2019,36.4
Jowar(Sorghum),Gundlupet,21-09-2019,19.5
Jowar(Sorghum),Hubli (Amaragol),21-09-2019,25.29
Jowar(Sorghum),Kottur,21-09-2019,20.51
Coconut,Holalkere,30-08-2019,160
Coconut,Nanjangud,30-08-2019,95
Jowar(Sorghum),Manvi,09-08-2019,22.14
Brinjal,Honnali,13-08-2019,8.6
Potato,Bangalore,23-08-2019,11
Potato,Kolar,23-08-2019,16
Raddish,Ramanagara,06-08-2019,11
Tomato,Chintamani,18-08-2019,8.66
Drumstick,Malur,23-09-2019,20
Rice,Kolar,06-08-2019,61
Ridgeguard(Tori),Kolar,17-09-2019,17
Carrot,Kolar,17-11-2019,38
Gur(Jaggery),Mandya,16-09-2019,29
Rice,Honnali,09-09-2019,20.85
Green+Chilli,Davangere,29-08-2019,15
Rice,Gulbarga,07-09-2019,42
Kulthi(Horse+Gram),Gundlupet,21-09-2019,36
Tomato,Ramanagara,12-08-2019,13
Cotton,Annigeri,01-10-2019,55.5
Cotton,Bijapur,01-10-2019,59.53
Cotton,Davangere,01-10-2019,46.28
Cotton,Gadag,01-10-2019,57.24
Dry+Chillies,Hubli (Amaragol),23-09-2019,60
Cotton,Gundlupet,01-10-2019,57.35
Ridgeguard(Tori),Honnali,09-09-2019,11.3
Ridgeguard(Tori),Chikkamagalore,07-09-2019,14.58
Beans,Chikkamagalore,17-08-2019,19.64
Safflower,Gulbarga,07-09-2019,42.28
Soyabean,Gulbarga,07-09-2019,35.12
Coconut,Hiriyur,01-09-2019,102.8
Tomato,Chintamani,25-08-2019,10
Tomato,Kolar,25-08-2019,12.33
Black+pepper,Chikkamagalore,17-08-2019,200
Turmeric,Gundlupet,04-11-2019,70
Sunflower,Gulbarga,07-09-2019,34.68
Sunflower,Mundaragi,07-09-2019,35.03
Sunflower,Bellary,17-09-2019,40.1
Sunflower,Kadur,17-09-2019,41
Sunflower,Mundaragi,17-09-2019,40.15
Sunflower,Sindhanur,17-09-2019,43.5
Jowar(Sorghum),Chikkamagalore,16-09-2019,20
Jowar(Sorghum),Sindhanur,16-09-2019,19.46
Onion,Kolar,23-08-2019,10
Brinjal,Honnali,17-08-2019,11.6
Maize,Annigeri,21-09-2019,24.56
Maize,Gulbarga,21-09-2019,24.26
Paddy(Dhan)(Common),Hanagal,23-08-2019,19
Tomato,Ramanagara,17-08-2019,12
Paddy(Dhan)(Common),Honnali,23-08-2019,20.5
Paddy(Dhan)(Common),Lingasugur,23-08-2019,24.2
Maize,Kottur,21-09-2019,17.16
Maize,Mysore (Bandipalya),21-09-2019,14.63
Papaya,Channapatana,23-08-2019,14
Tomato,Channapatana,07-09-2019,5
Tomato,Chikkamagalore,07-09-2019,9.69
Cabbage,Honnali,17-08-2019,5.5
Brinjal,Honnali,29-08-2019,17.3
Brinjal,Kolar,29-08-2019,10
Karbuja(Musk+Melon),Malur,16-09-2019,10
Knool+Khol,Chikkamagalore,16-09-2019,10.66
Paddy(Dhan)(Common),Honnali,19-09-2019,20.5
Paddy(Dhan)(Common),Kolar,19-09-2019,17.91
Rice,Kolar,14-08-2019,54.24
Paddy(Dhan)(Common),Shikaripura,19-09-2019,15
Beans,Chikkamagalore,19-08-2019,19.73
Beans,Malur,19-08-2019,46.15
Tomato,Chikkamagalore,17-09-2019,9.33
Beetroot,Chikkamagalore,19-08-2019,11.61
Tomato,Srinivasapur,17-09-2019,4.33
Knool+Khol,Malur,16-09-2019,16.66
Ginger(Green),Tarikere,23-09-2019,19.19
Cabbage,Honnali,29-08-2019,8.6
Black+pepper,Gonikappal,26-08-2019,321.92
Ridgeguard(Tori),Ramanagara,17-08-2019,13
Black+pepper,Sirsi,26-08-2019,318.39
Green+Chilli,Ramanagara,12-08-2019,12
Ground+Nut+Seed,Mysore (Bandipalya),29-08-2019,117
Groundnut,Kundapura,29-08-2019,40
Groundnut,Mysore (Bandipalya),29-08-2019,46.24
Black+pepper,Gonikappal,19-08-2019,300
Cucumbar(Kheera),Chikkamagalore,17-08-2019,5
Groundnut,Bellary,21-08-2019,67.1
Groundnut,Bijapur,21-08-2019,68
Groundnut,Challakere,21-08-2019,65.24
Groundnut,Gadag,21-08-2019,53.89
Groundnut,Mysore (Bandipalya),21-08-2019,37.35
Gur(Jaggery),Srirangapattana,28-08-2019,33.5
Paddy(Dhan)(Common),Haliyala,20-08-2019,19
Paddy(Dhan)(Common),Nanjangud,20-08-2019,17.5
Paddy(Dhan)(Common),Shorapur,20-08-2019,23.81
Cotton,Chitradurga,10-10-2019,59.41
Gur(Jaggery),Bijapur,29-08-2019,34
Gur(Jaggery),Gulbarga,29-08-2019,34.6
Gur(Jaggery),Mhalingapur,29-08-2019,34.61
Gur(Jaggery),Shimoga,29-08-2019,41.5
Cotton,Haveri,10-10-2019,52.6
Chilly+Capsicum,Ramanagara,12-08-2019,38
Green+Chilli,Chikkamagalore,17-08-2019,9.64
Maize,Hirekerur,16-09-2019,22.5
Maize,Malur,16-09-2019,22
Wheat,Chitradurga,04-11-2019,18.17
Wheat,Gadag,04-11-2019,23.22
Wheat,Hubli (Amaragol),04-11-2019,20.01
She+Buffalo,Nippani,30-08-2019,500
Alasande+Gram,Laxmeshwar,21-09-2019,42.62
Groundnut,Gadag,17-08-2019,58.24
Groundnut,Raichur,17-08-2019,44.46
Cabbage,Chikkamagalore,19-08-2019,9.95
Gur(Jaggery),Bhadravathi,17-08-2019,30.66
Gur(Jaggery),Mandya,17-08-2019,34
Jowar(Sorghum),Bellary,17-08-2019,24.85
Jowar(Sorghum),Gadag,17-08-2019,26.55
Ridgeguard(Tori),Kolar,25-08-2019,19
Ragi+(Finger+Millet),Mysore (Bandipalya),13-09-2019,23.57
Knool+Khol,Ramanagara,17-08-2019,15
Jowar(Sorghum),Haveri,29-08-2019,31
Ragi+(Finger+Millet),Tumkur,13-09-2019,23
Marigold(Calcutta),Malur,16-09-2019,26
Jowar(Sorghum),Basava Kalayana,29-08-2019,32
Jowar(Sorghum),Gulbarga,29-08-2019,37.26
Jowar(Sorghum),Gundlupet,29-08-2019,17.5
Rice,Gangavathi,13-09-2019,20.95
Maize,Bellary,17-08-2019,24.66
Maize,Savanur,17-08-2019,25.35
Groundnut,Bellary,30-09-2019,74.45
Potato,Chikkamagalore,19-09-2019,10
Kulthi(Horse+Gram),Mysore (Bandipalya),29-08-2019,36.55
Cauliflower,Chikkamagalore,19-08-2019,9.85
Cucumbar(Kheera),Channapatana,10-10-2019,5
Arhar+Dal(Tur+Dal),Bangarpet,21-09-2019,74
Coconut,Arasikere,19-08-2019,142.78
Coconut,Kadur,19-08-2019,130
Black+pepper,Somvarpet,17-08-2019,300
Raddish,Chintamani,25-08-2019,9
Neem+Seed,Gundlupet,21-09-2019,40
Onion,Raichur,17-08-2019,18
Ginger(Green),Moodigere,01-10-2019,17.65
Chili+Red,Shimoga,26-08-2019,130
Gur(Jaggery),Kolar,07-08-2019,43.33
Gur(Jaggery),Srirangapattana,07-08-2019,30.5
Gur(Jaggery),Mhalingapur,21-08-2019,34.79
Gur(Jaggery),Srirangapattana,21-08-2019,33
Coconut,Kadur,26-08-2019,100
Beans,Chikkamagalore,13-08-2019,24.06
Beans,Honnali,13-08-2019,13.8
Beetroot,Chikkamagalore,13-08-2019,15.51
Lime,Bijapur,29-08-2019,16
Cotton,Bijapur,19-08-2019,62.12
Maize,Chintamani,23-08-2019,24
Maize,Haveri,23-08-2019,23.8
Maize,Honnali,23-08-2019,20
Maize,Hunsur,23-08-2019,11
Raddish,Honnali,14-08-2019,5.2
Raddish,Ramanagara,14-08-2019,8
Paddy(Dhan)(Common),Bhadravathi,17-08-2019,20
Paddy(Dhan)(Common),Raichur,17-08-2019,18.96
Paddy(Dhan)(Common),Shikaripura,17-08-2019,17.5
Cucumbar(Kheera),Chikkamagalore,19-08-2019,7.27
Ragi+(Finger+Millet),Arasikere,14-08-2019,22
Ragi+(Finger+Millet),Holenarsipura,14-08-2019,23
She+Buffalo,Nippani,13-09-2019,400
Maize,Mysore (Bandipalya),29-08-2019,15.53
Corriander+seed,Shimoga,26-08-2019,100
Black+pepper,Gonikappal,24-10-2019,290
Soyabean,Bidar,13-09-2019,37.2
Soyabean,Haveri,13-09-2019,34
Jowar(Sorghum),Gadag,21-08-2019,26.88
Jowar(Sorghum),Gulbarga,21-08-2019,35.76
Maize,Annigeri,29-08-2019,22.15
Onion,Kolar,08-08-2019,17.56
Maize,Gulbarga,29-08-2019,26.36
Beans,Chikkamagalore,08-11-2019,23.33
Maize,Tumkur,29-08-2019,24
Dry+Grapes,Bijapur,19-08-2019,120
Potato,Chikkamagalore,17-08-2019,22.09
Cucumbar(Kheera),Honnali,02-11-2019,5
Paddy(Dhan)(Common),Bangalore,08-08-2019,31.5
Paddy(Dhan)(Common),Nanjangud,08-08-2019,16.5
Paddy(Dhan)(Common),Srirangapattana,08-08-2019,15
Knool+Khol,Kolar,18-08-2019,7
Paddy(Dhan)(Common),Hanagal,01-10-2019,16
Paddy(Dhan)(Common),Nanjangud,01-10-2019,17.5
Ragi+(Finger+Millet),Holalkere,22-08-2019,28.97
Rice,Kolar,22-08-2019,57.07
Ginger(Green),Shikaripura,19-08-2019,15
Groundnut,Bellary,23-09-2019,78.1
Groundnut,Davangere,23-09-2019,59.57
Groundnut,Gadag,23-09-2019,70.24
Groundnut,Hubli (Amaragol),23-09-2019,43.89
Groundnut,Raichur,23-09-2019,58.18
Groundnut,Ranebennur,23-09-2019,47.73
Sunflower,Bagalakot,13-09-2019,42.69
Sunflower,Kottur,13-09-2019,38.95
Sunflower,Mysore (Bandipalya),13-09-2019,41.22
Ridgeguard(Tori),Kolar,22-08-2019,21
Marigold(Calcutta),Malur,29-08-2019,25
Green+Avare+(W),Ramanagara,11-10-2019,25
Green+Chilli,Chikkamagalore,19-08-2019,9.76
Chilly+Capsicum,Ramanagara,17-08-2019,39
Green+Chilli,Ramanagara,11-10-2019,25
Beans,Chikkamagalore,21-09-2019,15
Beans,Malur,21-09-2019,40
Rice,Shikaripura,17-08-2019,13
Beans,Malur,08-11-2019,19.91
Lint,Gadag,21-08-2019,100.01
Tomato,Gundlupet,13-09-2019,5
Tomato,Srinivasapur,13-09-2019,6
Raddish,Ramanagara,08-11-2019,26
Carrot,Ramanagara,17-08-2019,54
Bitter+gourd,Chikkamagalore,21-09-2019,10
Paddy(Dhan)(Common),Haliyala,06-08-2019,16
Paddy(Dhan)(Common),Hanagal,06-08-2019,15.7
Paddy(Dhan)(Common),Lingasugur,06-08-2019,24.6
Beetroot,Chintamani,01-09-2019,35
Beetroot,Kolar,01-09-2019,16
Soyabean,Bidar,17-08-2019,36.05
Maize,Gulbarga,21-08-2019,35.26
Maize,Tumkur,21-08-2019,23
Gur(Jaggery),Gulbarga,23-09-2019,31.8
Gur(Jaggery),Mhalingapur,23-09-2019,32.89
Banana,Channapatana,14-08-2019,65
Gur(Jaggery),Shimoga,23-09-2019,37.5
Sunflower,Bellary,17-08-2019,40.92
Sunflower,Gadag,17-08-2019,35.52
Sunflower,Raichur,17-08-2019,38.53
Cabbage,Ramanagara,17-08-2019,11
Groundnut,Mysore (Bandipalya),19-08-2019,53.16
Onion,Gowribidanoor,16-09-2019,15
Onion,Hubli (Amaragol),16-09-2019,22
Tomato,Chickkaballapura,11-08-2019,13.4
Tomato,Chintamani,11-08-2019,15.33
Beetroot,Chikkamagalore,08-11-2019,8.25
Green+Chilli,Honnali,09-08-2019,10
Tomato,Chikkamagalore,17-08-2019,9.24
Goat,Turvekere,26-08-2019,100
Groundnut,Hiriyur,09-08-2019,55
Gur(Jaggery),Bijapur,19-08-2019,35
Gur(Jaggery),Mandya,19-08-2019,34
Gur(Jaggery),Mhalingapur,19-08-2019,34.57
Gur(Jaggery),Shimoga,19-08-2019,41.5
Beetroot,Kolar,08-11-2019,22
Black+pepper,Moodigere,21-09-2019,303.7
Paddy(Dhan)(Common),Davangere,21-09-2019,18.85
Paddy(Dhan)(Common),Hanagal,21-09-2019,19
Dry+Chillies,Byadagi,10-10-2019,101.09
Methi+Seeds,Shimoga,21-08-2019,62.5
Wheat,Bhadravathi,17-08-2019,24.81
Wheat,Bidar,17-08-2019,25
Wheat,Gadag,17-08-2019,25.69
Jowar(Sorghum),Bijapur,19-08-2019,32
Jowar(Sorghum),Gadag,19-08-2019,26.73
Jowar(Sorghum),Shimoga,19-08-2019,31.5
Knool+Khol,Chikkamagalore,19-08-2019,10.93
Arhar+Dal(Tur+Dal),Shimoga,25-10-2019,84
Kulthi(Horse+Gram),Dharwar,19-08-2019,40
Kulthi(Horse+Gram),Gundlupet,19-08-2019,46.5
Kulthi(Horse+Gram),Mysore (Bandipalya),19-08-2019,39
Kulthi(Horse+Gram),Shimoga,19-08-2019,42.5
Corriander+seed,Hubli (Amaragol),09-10-2019,55.09
Ginger(Green),Ramanagara,18-10-2019,41
Alasande+Gram,Holenarsipura,13-08-2019,56
Ragi+(Finger+Millet),Hirekerur,19-09-2019,19.5
Wheat,Laxmeshwar,13-09-2019,25.72
Wheat,Mysore (Bandipalya),13-09-2019,30
Lime,Bijapur,19-08-2019,15
Rice,Honnali,19-09-2019,19
Beans,Chikkamagalore,08-08-2019,29.34
Beans,Malur,08-08-2019,50
Rice,Kolar,19-09-2019,43.2
Beetroot,Honnali,17-08-2019,16.3
Maize,Hanagal,19-08-2019,21
Maize,Hirekerur,19-08-2019,22
Maize,Koppal,19-08-2019,24.22
Maize,Shimoga,19-08-2019,24.5
Jowar(Sorghum),Gadag,23-09-2019,24.6
Honge+seed,Madhugiri,19-08-2019,30
Jowar(Sorghum),Hubli (Amaragol),23-09-2019,25.59
Cabbage,Chikkamagalore,14-08-2019,9.92
Jowar(Sorghum),Kottur,23-09-2019,21.95
Green+Peas,Shimoga,26-08-2019,75
Cabbage,Honnali,25-09-2019,9.6
Gur(Jaggery),Gulbarga,26-08-2019,34.6
Methi+Seeds,Shimoga,19-08-2019,57.5
Paddy(Dhan)(Common),Haliyala,14-08-2019,16.5
Paddy(Dhan)(Common),Hanagal,14-08-2019,20.5
Paddy(Dhan)(Common),Honnali,14-08-2019,17.7
Paddy(Dhan)(Common),Shorapur,14-08-2019,23.9
Sunflower,Bellary,31-08-2019,40.33
Ginger(Green),Somvarpet,28-08-2019,25
Green+Chilli,Honnali,28-08-2019,14.5
Maize,Bellary,15-10-2019,33.04
Ginger(Green),Ramanagara,11-10-2019,44
Jowar(Sorghum),Dharwar,26-08-2019,34.17
Jowar(Sorghum),Gangavathi,26-08-2019,20
Jowar(Sorghum),Gulbarga,26-08-2019,35.86
Jowar(Sorghum),Shimoga,26-08-2019,41.5
Chilly+Capsicum,Kolar,30-08-2019,13
Groundnut,Davangere,01-10-2019,49.13
Onion,Bangalore,20-08-2019,17.5
Groundnut,Gadag,01-10-2019,65.3
Groundnut,Hubli (Amaragol),01-10-2019,46.59
Groundnut,Kottur,01-10-2019,74.85
Kulthi(Horse+Gram),Shimoga,26-08-2019,48
Groundnut,Raichur,01-10-2019,60.95
Groundnut,Savanur,01-10-2019,65.35
Ginger(Green),Shikaripura,10-10-2019,23
Onion,Belgaum,19-08-2019,24
Onion,Bijapur,19-08-2019,18
Onion,Malur,19-08-2019,20
Coconut,Kumta,08-08-2019,198.9
Coconut,Malur,08-08-2019,100
Coconut,Tarikere,08-08-2019,134.29
Maize,Gulbarga,26-08-2019,26.35
Coconut,Honnali,16-08-2019,70
Ginger(Green),Piriya Pattana,30-08-2019,30
Onion,Davangere,21-08-2019,21.5
Paddy(Dhan)(Common),Chikkamagalore,16-09-2019,20.34
Paddy(Dhan)(Common),Gonikappal,16-09-2019,18.5
Gur(Jaggery),Bhadravathi,01-10-2019,25.48
Paddy(Dhan)(Common),Hirekerur,16-09-2019,17
Gur(Jaggery),Mandya,01-10-2019,32
Gur(Jaggery),Mhalingapur,01-10-2019,33.8
Gur(Jaggery),Srirangapattana,01-10-2019,31.5
Paddy(Dhan)(Common),Haliyala,09-09-2019,17
Paddy(Dhan)(Common),Hanagal,09-09-2019,16
Paddy(Dhan)(Common),Lingasugur,09-09-2019,24
Paddy(Dhan)(Common),Chikkamagalore,19-08-2019,49
Paddy(Dhan)(Common),Davangere,19-08-2019,19.5
Paddy(Dhan)(Common),Dharwar,19-08-2019,15.75
Paddy(Dhan)(Common),Hanagal,19-08-2019,16
Paddy(Dhan)(Common),Harihara,19-08-2019,20.77
Paddy(Dhan)(Common),Shimoga,19-08-2019,19.05
Maize,Hunsur,23-09-2019,15
Methi+Seeds,Shimoga,26-08-2019,65
Maize,Kottur,23-09-2019,18.78
Maize,Shikaripura,23-09-2019,19
Maize,Tumkur,23-09-2019,24
Arhar+Dal(Tur+Dal),Mysore (Bandipalya),18-11-2019,91
Sunflower,Gadag,19-09-2019,39.59
Arhar+Dal(Tur+Dal),Shimoga,18-11-2019,94
Sunflower,Mundaragi,19-09-2019,38.67
Copra,Tumkur,15-08-2019,133
Coriander(Leaves),Tumkur,15-08-2019,85
Green+Chilli,Chikkamagalore,08-08-2019,10
Mustard,Shimoga,26-08-2019,53
Groundnut,Raichur,08-08-2019,44.46
Maize,Tumkur,15-08-2019,22
Beans,Chikkamagalore,07-08-2019,23.8
Gur(Jaggery),Mandya,08-08-2019,32.5
Beetroot,Chikkamagalore,07-08-2019,17.64
Tomato,Chikkamagalore,19-09-2019,9.37
Tomato,Honnali,19-09-2019,11
Tomato,Kolar,19-09-2019,10.33
White+Pumpkin,Malur,04-11-2019,11.42
Beans,Honnali,29-08-2019,21.2
Beetroot,Honnali,29-08-2019,9.35
Jowar(Sorghum),Gadag,01-10-2019,23.29
Jowar(Sorghum),Hubli (Amaragol),01-10-2019,25.01
Jowar(Sorghum),Kottur,01-10-2019,19.35
Jowar(Sorghum),Raichur,01-10-2019,33.83
Jowar(Sorghum),Gadag,08-08-2019,26.94
Jowar(Sorghum),Sindhanur,08-08-2019,27.6
Green+Chilli,Chikkamagalore,10-10-2019,25
Black+pepper,Somvarpet,29-08-2019,260
Potato,Belgaum,19-08-2019,11
Potato,Chikkamagalore,19-08-2019,16.44
Banana+-+Green,Doddaballa Pur,23-08-2019,40
Maize,Shikaripura,08-08-2019,24
Beans,Malur,23-08-2019,39.81
Tamarind+Fruit,Tumkur,15-08-2019,71
Kulthi(Horse+Gram),Gadag,01-10-2019,28.38
Cabbage,Chikkamagalore,07-08-2019,9.75
Paddy(Dhan)(Common),Davangere,21-08-2019,19.1
Paddy(Dhan)(Common),Mysore (Bandipalya),21-08-2019,16.84
Paddy(Dhan)(Common),Srirangapattana,21-08-2019,17
Potato,Hubli (Amaragol),28-09-2019,11
Coconut,Santhesargur,07-08-2019,90
Onion,Mandya,08-08-2019,13.81
Onion,Raichur,08-08-2019,13.01
Copra,Tiptur,07-08-2019,137
Alasande+Gram,Holenarsipura,14-08-2019,59
Cotton,Haveri,07-08-2019,48.5
Cotton,Hunsur,07-08-2019,45
Cabbage,Malur,23-08-2019,5.21
Mustard,Shimoga,23-09-2019,47.5
Chilly+Capsicum,Kolar,18-08-2019,25
Neem+Seed,Tumkur,29-08-2019,38
Paddy(Dhan)(Common),Raichur,08-08-2019,23.59
Paddy(Dhan)(Common),Shorapur,08-08-2019,24.89
Paddy(Dhan)(Common),T. Narasipura,08-08-2019,16
Wheat,Gadag,19-09-2019,27.12
Coconut,Bhadravathi,23-08-2019,166.68
Coconut,Doddaballa Pur,23-08-2019,120
Green+Chilli,Chikkamagalore,07-08-2019,10.43
Onion,Bijapur,29-08-2019,18
Onion,Davangere,29-08-2019,23
Ragi+(Finger+Millet),Kadur,19-08-2019,20.5
Ragi+(Finger+Millet),Mysore (Bandipalya),19-08-2019,24.75
Copra,Tiptur,21-09-2019,125
Maize,Gundlupet,01-10-2019,17.5
Maize,Hubli (Amaragol),01-10-2019,16
Green+Chilli,Honnali,19-08-2019,8.66
Maize,Kottur,01-10-2019,21.5
Groundnut,Bellary,07-08-2019,64.66
Corriander+seed,Laxmeshwar,21-09-2019,52.49
Drumstick,Malur,23-08-2019,12.5
Jowar(Sorghum),Gadag,07-08-2019,25.88
Jowar(Sorghum),Haveri,07-08-2019,15
Lime,Kolar,08-08-2019,50
Kulthi(Horse+Gram),Gadag,07-08-2019,36.01
Maize,Honnali,08-08-2019,20
Neem+Seed,Arasikere,14-08-2019,48
Maize,Bhadravathi,07-08-2019,18.18
Maize,Chitradurga,07-08-2019,21.31
Arhar+Dal(Tur+Dal),Bellary,22-08-2019,44.69
Arhar+Dal(Tur+Dal),Bellary,13-08-2019,52.16
Potato,Chikkamagalore,16-09-2019,13.74
Potato,Malur,16-09-2019,12.5
Soyabean,Dharwar,19-08-2019,36.73
Avare+Dal,Bangalore,13-08-2019,42.5
Cucumbar(Kheera),Chikkamagalore,21-09-2019,20
Onion,Bhadravathi,07-08-2019,9.88
Onion,Chikkamagalore,07-08-2019,13.79
Onion,Hubli (Amaragol),07-08-2019,14.5
Onion,Raichur,07-08-2019,14
Knool+Khol,Ramanagara,25-10-2019,36
Groundnut,Mundaragi,23-08-2019,49.9
Groundnut,Raichur,23-08-2019,39.22
Sunflower,Bellary,08-08-2019,41.12
Onion,Davangere,23-09-2019,28
Gur(Jaggery),Mandya,23-08-2019,35.5
Onion,Hubli (Amaragol),23-09-2019,20
Onion,Malur,23-09-2019,25
Sunflower,Gundlupet,19-08-2019,36
Sunflower,Koppal,19-08-2019,40.26
Onion,Raichur,23-09-2019,34.5
Paddy(Dhan)(Common),Raichur,07-08-2019,23.39
Onion,Ranebennur,23-09-2019,22
Tomato,Channapatana,08-08-2019,12.5
Tomato,Chikkamagalore,08-08-2019,30.37
Tomato,Chintamani,08-08-2019,12
Ginger(Green),Ramanagara,22-10-2019,42
Jowar(Sorghum),Bellary,23-08-2019,27.22
Jowar(Sorghum),Sindhanur,23-08-2019,25.09
Tender+Coconut,Malur,19-08-2019,160
Ragi+(Finger+Millet),Kadur,21-09-2019,26
Ragi+(Finger+Millet),Mysore (Bandipalya),21-09-2019,22.44
Ragi+(Finger+Millet),Tumkur,21-09-2019,23
Potato,Tumkur,21-08-2019,16
Black+pepper,Gonikappal,13-08-2019,300
Maize,Mundaragi,23-08-2019,22.99
Rice,Gangavathi,21-09-2019,21.3
Groundnut,Bellary,10-10-2019,76.26
Tomato,Chikkamagalore,19-08-2019,9.42
Rice,Shimoga,21-09-2019,48
Tomato,Gundlupet,19-08-2019,7.75
Groundnut,Mundaragi,10-10-2019,64.55
Tomato,Mulabagilu,19-08-2019,10
Groundnut,Mysore (Bandipalya),10-10-2019,54.32
Groundnut,Savanur,10-10-2019,63.4
Potato,Chikkamagalore,07-08-2019,14.28
Potato,Hubli (Amaragol),07-08-2019,12.5
Wheat,Gadag,08-08-2019,24.97
Marigold(Calcutta),Malur,23-08-2019,30
Beetroot,Chikkamagalore,22-08-2019,11.68
Onion,Raichur,23-08-2019,22.65
Copra,Tiptur,31-08-2019,130
Coconut,Davangere,14-10-2019,120
Coconut,Kadur,14-10-2019,130
Coconut,Mysore (Bandipalya),14-10-2019,150
Coconut,Tumkur,14-10-2019,105
Green+Chilli,Chintamani,25-08-2019,15
Ragi+(Finger+Millet),Bhadravathi,07-08-2019,18.33
Ragi+(Finger+Millet),Haveri,07-08-2019,15
Black+pepper,Chikkamagalore,22-08-2019,214.01
Black+pepper,Gonikappal,22-08-2019,330.33
Bitter+gourd,Ramanagara,09-10-2019,19
Gur(Jaggery),Mandya,10-10-2019,31.5
Ridgeguard(Tori),Chikkamagalore,07-08-2019,19.44
Paddy(Dhan)(Common),Raichur,23-08-2019,21.09
Wheat,Gadag,19-08-2019,23.13
Coconut,Bhadravathi,13-08-2019,110
Tomato,Chikkamagalore,07-08-2019,29.7
Ginger(Green),Chikkamagalore,21-09-2019,25
Cucumbar(Kheera),Channapatana,13-08-2019,8
Arhar+Dal(Tur+Dal),Bangalore,21-08-2019,89.5
Avare+Dal,Bangalore,21-08-2019,43.5
Groundnut,Mysore (Bandipalya),14-08-2019,49.25
Ragi+(Finger+Millet),Doddaballa Pur,23-08-2019,27
Ragi+(Finger+Millet),Srinivasapur,23-08-2019,28.33
Tomato,Chickkaballapura,12-08-2019,15.1
Tomato,Kolar,12-08-2019,14.66
Cauliflower,Chikkamagalore,14-08-2019,10.68
Safflower,Gadag,21-09-2019,46.63
Cabbage,Malur,22-08-2019,5.29
Safflower,Gulbarga,21-09-2019,43.12
She+Buffalo,Nippani,21-09-2019,700
Soyabean,Bidar,23-08-2019,35.9
Cucumbar(Kheera),Honnali,09-08-2019,5.1
Cucumbar(Kheera),Kolar,09-08-2019,1.1
Sunflower,Mundaragi,23-08-2019,39.8
Soyabean,Bidar,21-09-2019,37.7
Soyabean,Dharwar,21-09-2019,37.47
Soyabean,Hubli (Amaragol),21-09-2019,34.59
Green+Chilli,Chikkamagalore,21-09-2019,15.05
Tomato,Doddaballa Pur,23-08-2019,11
Groundnut,Bagalakot,13-08-2019,53.81
Groundnut,Raichur,13-08-2019,56.18
Tomato,Srinivasapur,23-08-2019,7.67
Gur(Jaggery),Mhalingapur,13-08-2019,35.44
Groundnut,Bellary,14-08-2019,69.31
Ragi+(Finger+Millet),Davangere,21-08-2019,21.8
Ragi+(Finger+Millet),Mysore (Bandipalya),21-08-2019,25.43
Ragi+(Finger+Millet),Tumkur,21-08-2019,21
Jowar(Sorghum),Bellary,13-08-2019,25.76
Paddy(Dhan)(Common),Haliyala,22-08-2019,17.5
Paddy(Dhan)(Common),Hanagal,22-08-2019,20.5
Paddy(Dhan)(Common),Shorapur,22-08-2019,23.6
Wheat,Bidar,23-08-2019,26
Chrysanthemum(Loose),Malur,22-08-2019,15
Rice,Gangavathi,21-08-2019,24
Rice,Srirangapattana,21-08-2019,21.4
Maize,Bellary,13-08-2019,23.43
Onion,Raichur,13-08-2019,12.7
Maize,Hanagal,14-08-2019,24.8
Jowar(Sorghum),Bellary,10-10-2019,17.57
Jowar(Sorghum),Haveri,10-10-2019,21
Paddy(Dhan)(Common),Davangere,23-09-2019,20
Paddy(Dhan)(Common),Raichur,13-08-2019,21.39
Paddy(Dhan)(Common),Shorapur,13-08-2019,23.8
Paddy(Dhan)(Common),Raichur,23-09-2019,19.26
Paddy(Dhan)(Common),Shikaripura,23-09-2019,21
Paddy(Dhan)(Common),Shimoga,23-09-2019,21.9
Safflower,Gulbarga,21-08-2019,42.76
Sunflower,Bagalakot,21-09-2019,37.42
Sunflower,Gadag,21-09-2019,40.14
Sunflower,Gundlupet,21-09-2019,38
Ginger(Green),Bangalore,23-08-2019,62.5
Ginger(Green),Kolar,23-08-2019,35.29
Sheep,Kudchi,13-08-2019,180
Cotton,Shorapur,09-08-2019,61.4
Sweet+Pumpkin,Ramanagara,13-08-2019,11
Tender+Coconut,Srirangapattana,13-08-2019,100
Thondekai,Kolar,13-08-2019,13
Groundnut,Laxmeshwar,21-09-2019,54.98
Groundnut,Raichur,21-09-2019,65.66
Tomato,Chickkaballapura,13-08-2019,14.6
Tomato,Chikkamagalore,13-08-2019,24.66
Tomato,Chintamani,13-08-2019,10
Tomato,Kolar,13-08-2019,11.67
Coconut,Hunsur,14-08-2019,120
Tamarind+Fruit,Tumkur,21-09-2019,71
Tamarind+Seed,Tumkur,21-09-2019,16
Tender+Coconut,T. Narasipura,21-09-2019,100
Green+Chilli,Chikkamagalore,22-08-2019,10.1
Sunflower,Gadag,21-08-2019,36.41
Sunflower,Gulbarga,21-08-2019,35.5
Sunflower,Mysore (Bandipalya),21-08-2019,38.45
Gur(Jaggery),Mandya,21-09-2019,29
Tamarind+Fruit,Tumkur,21-08-2019,72
Cotton,Bellary,15-10-2019,52.88
Gur(Jaggery),Srirangapattana,14-08-2019,32
Ragi+(Finger+Millet),Piriya Pattana,13-08-2019,23.5
Rice,Sindhanur,13-08-2019,45.25
Beans,Ramanagara,09-10-2019,45
Groundnut,Raichur,22-08-2019,53.71
Tomato,Davangere,21-08-2019,4.4
Gur(Jaggery),Bhadravathi,22-08-2019,38.51
Gur(Jaggery),Mandya,22-08-2019,35.5
Maize,Hanagal,20-08-2019,20
Maize,Honnali,20-08-2019,21.5
Gur(Jaggery),Mhalingapur,14-08-2019,35.66
Corriander+seed,Hubli (Amaragol),14-10-2019,50.39
Corriander+seed,Laxmeshwar,14-10-2019,52.44
Sunflower,Bellary,13-08-2019,41.13
Corriander+seed,Mysore (Bandipalya),14-10-2019,82.5
Jowar(Sorghum),Basava Kalayana,22-08-2019,32
Jowar(Sorghum),Bellary,22-08-2019,25.45
Jowar(Sorghum),Gadag,22-08-2019,25.57
Jowar(Sorghum),Gangavathi,22-08-2019,26.5
Paddy(Dhan)(Common),Chintamani,26-12-2024,16.5
Paddy(Dhan)(Common),Haliyala,26-12-2024,16.5
Paddy(Dhan)(Common),Hanagal,26-12-2024,21
Paddy(Dhan)(Common),K.R.Nagar,26-12-2024,15.5
Tomato,Channapatana,13-08-2019,7.5
Paddy(Dhan)(Common),Lingasugur,26-12-2024,23.92
Copra,Hunsur,14-08-2019,6
Paddy(Dhan)(Common),T. Narasipura,26-12-2024,19
Tomato,Srinivasapur,13-08-2019,10.33
Onion,Davangere,01-10-2019,20.5
Onion,Hubli (Amaragol),01-10-2019,17
Onion,Raichur,01-10-2019,28.36
Onion,Ranebennur,01-10-2019,18
Copra,Tiptur,14-08-2019,134
Gur(Jaggery),Mandya,14-08-2019,34
Maize,Bellary,22-08-2019,23.39
Maize,Santhesargur,22-08-2019,16
Maize,Shikaripura,22-08-2019,23
Maize,Holenarsipura,23-09-2019,22
Beans,Malur,25-10-2019,47.12
Carrot,Chintamani,25-08-2019,22.5
Cauliflower,Kolar,25-08-2019,2.3
Drumstick,Ramanagara,23-08-2019,39
Chilly+Capsicum,Kolar,25-08-2019,17
Alasande+Gram,Bangalore,21-08-2019,56
Rice,Karatgi,16-08-2019,30
Jowar(Sorghum),Bellary,21-09-2019,23.77
Jowar(Sorghum),Laxmeshwar,21-09-2019,21.5
Jowar(Sorghum),Nargunda,21-09-2019,28.77
Potato,Mulabagilu,26-12-2024,20
Wheat,Gadag,21-08-2019,25.68
Wheat,Shimoga,21-08-2019,29.5
Knool+Khol,Chikkamagalore,21-09-2019,10.42
Onion,Raichur,22-08-2019,23.85
Jowar(Sorghum),Bellary,14-08-2019,23.9
Jowar(Sorghum),Gadag,14-08-2019,27.58
Jowar(Sorghum),Haveri,14-08-2019,28
Jowar(Sorghum),Hubli (Amaragol),14-08-2019,30.41
Kulthi(Horse+Gram),Haveri,14-08-2019,33
Cotton,Annigeri,14-10-2019,55
Cotton,Davangere,14-10-2019,51.57
Cotton,Kadur,14-10-2019,58.55
Maize,Bellary,10-10-2019,21.43
Cotton,Ranebennur,14-10-2019,52.12
Maize,Holalkere,10-10-2019,24
Raddish,Honnali,21-08-2019,7.8
Potato,Chikkamagalore,13-08-2019,14.88
Rice,Holenarsipura,21-08-2019,23
Rice,Kolar,21-08-2019,51.28
Maize,Mundaragi,10-10-2019,20.23
Maize,Mysore (Bandipalya),10-10-2019,18.08
Maize,Shikaripura,10-10-2019,24
Maize,Bellary,14-08-2019,24.65
Maize,Haveri,14-08-2019,24
Ridgeguard(Tori),Honnali,21-08-2019,14.9
Cabbage,Honnali,16-08-2019,5.35
Cabbage,Kolar,16-08-2019,9
Sheep,Kudchi,21-08-2019,92
Cabbage,Chintamani,25-08-2019,39.9
Cabbage,Kolar,25-08-2019,9
Rice,Honnali,13-08-2019,18.22
Ridgeguard(Tori),Honnali,13-08-2019,11.44
Sunflower,Sindhanur,21-08-2019,43
Tomato,Kolar,21-08-2019,10.67
Tomato,Srinivasapur,21-08-2019,8.33
Rice,Honnali,31-08-2019,19.43
Paddy(Dhan)(Common),Bhadravathi,22-08-2019,18.72
Paddy(Dhan)(Common),Chikkamagalore,22-08-2019,42.6
Paddy(Dhan)(Common),Raichur,22-08-2019,19.79
Paddy(Dhan)(Common),Shikaripura,22-08-2019,15
Ox,Annigeri,29-08-2019,250
Soyabean,Hanagal,31-08-2019,36.13
Maize,Bellary,21-09-2019,22.54
Maize,Haveri,21-09-2019,23.5
Maize,Shikaripura,21-09-2019,23.6
Raddish,Kolar,26-12-2024,4
Tomato,Chintamani,31-08-2019,6
Tomato,Holalkere,31-08-2019,9
Tomato,Kolar,31-08-2019,8
Alasande+Gram,Arasikere,16-08-2019,50
Ragi+(Finger+Millet),Gowribidanoor,26-12-2024,25
Arhar+Dal(Tur+Dal),Pavagada,16-08-2019,76
Onion,Hubli (Amaragol),14-08-2019,15
Onion,Raichur,14-08-2019,15.75
Coconut,Chamaraj Nagar,23-08-2019,150
Coconut,Harihara,23-08-2019,77.5
Turmeric,Gundlupet,21-09-2019,60
Coconut,Kolar,23-08-2019,140
Coconut,Nanjangud,23-08-2019,100
Cucumbar(Kheera),Honnali,23-08-2019,6.5
Marigold(Calcutta),Malur,21-09-2019,20.83
Ridgeguard(Tori),Honnali,26-12-2024,15.8
Ridgeguard(Tori),Kolar,26-12-2024,16
Beans,Chikkamagalore,16-08-2019,19.16
Beetroot,Chikkamagalore,16-08-2019,10.66
Rice,Chikkamagalore,16-09-2019,30
Rice,Sindhanur,16-09-2019,32
Paddy(Dhan)(Common),Honnali,13-08-2019,17.6
Paddy(Dhan)(Common),Lingasugur,13-08-2019,24
Arhar+Dal(Tur+Dal),Bangarpet,18-09-2019,75
Arhar+Dal(Tur+Dal),Mysore (Bandipalya),18-09-2019,82
Black+pepper,Somvarpet,16-08-2019,290
Wheat,Bhadravathi,21-09-2019,30.18
Wheat,Gadag,21-09-2019,23.58
Wheat,Hubli (Amaragol),21-09-2019,20.69
Paddy(Dhan)(Common),Raichur,14-08-2019,22.59
Paddy(Dhan)(Common),T. Narasipura,14-08-2019,18.4
Beetroot,Chintamani,25-08-2019,15
Paddy(Dhan)(Common),Lingasugur,29-08-2019,28.5
Paddy(Dhan)(Common),Mysore (Bandipalya),29-08-2019,17.66
Paddy(Dhan)(Common),Shorapur,29-08-2019,23.59
Paddy(Dhan)(Common),Udupi,29-08-2019,17.9
Sunflower,Lingasugur,26-12-2024,35
Ragi+(Finger+Millet),Mysore (Bandipalya),14-08-2019,25.16
Sweet+Potato,Somvarpet,26-12-2024,10
Ragi+(Finger+Millet),Kadur,22-08-2019,19
Rice,Bhadravathi,22-08-2019,19.5
Rice,Gangavathi,22-08-2019,20.55
Knool+Khol,Ramanagara,14-08-2019,14
Potato,Malur,23-09-2019,20
Tomato,Channapatana,26-12-2024,4.5
Tomato,Chintamani,26-12-2024,8.66
Tomato,Mulabagilu,26-12-2024,8.33
Alasande+Gram,Holenarsipura,26-08-2019,66
Cauliflower,Chikkamagalore,16-08-2019,10.12
Safflower,Gadag,22-08-2019,44.5
Paddy(Dhan)(Common),Davangere,01-10-2019,21.77
Beans,Kolar,25-08-2019,23
Rice,Bangarpet,14-08-2019,28.5
Soyabean,Bidar,22-08-2019,35.9
Paddy(Dhan)(Common),Raichur,01-10-2019,19.47
Maize,Piriya Pattana,16-08-2019,16
Potato,Chikkamagalore,14-08-2019,14.61
Potato,Hubli (Amaragol),14-08-2019,13
Paddy(Dhan)(Common),Shorapur,01-10-2019,22.99
Sunflower,Bellary,22-08-2019,39.43
Cucumbar(Kheera),Chikkamagalore,16-08-2019,9.37
Paddy(Dhan)(Common),Haliyala,26-08-2019,17
Paddy(Dhan)(Common),Honnali,26-08-2019,18.6
Banana,Channapatana,17-10-2019,11.5
Tomato,Chikkamagalore,22-08-2019,12.35
Elephant+Yam+(Suran),Arasikere,16-08-2019,15
Onion,Chikkamagalore,13-08-2019,16.66
Onion,Hubli (Amaragol),21-09-2019,22
Onion,Raichur,21-09-2019,36.5
Tomato,Chintamani,15-08-2019,8
Green+Chilli,Chikkamagalore,16-08-2019,11.12
Wheat,Gadag,22-08-2019,23.31
Raddish,Ramanagara,26-08-2019,9
Jowar(Sorghum),Dharwar,14-08-2019,29.65
Rice,Honnali,26-08-2019,18.63
Rice,Shikaripura,14-08-2019,20
Groundnut,Bellary,16-08-2019,70.95
Groundnut,Raichur,16-08-2019,59.38
She+Buffalo,Chintamani,26-08-2019,250
Gur(Jaggery),Mandya,16-08-2019,34
Rice,Gangavathi,14-08-2019,19
Jowar(Sorghum),Hubli (Amaragol),09-10-2019,24.11
Tomato,Bangarpet,26-08-2019,9.5
Jowar(Sorghum),Bellary,16-08-2019,25.19
Jowar(Sorghum),Laxmeshwar,16-08-2019,26.64
Tomato,Ramanagara,26-08-2019,8
Tomato,Srinivasapur,26-08-2019,8
Knool+Khol,Chikkamagalore,16-08-2019,11.76
Rice,Karatgi,14-08-2019,30.3
Ridgeguard(Tori),Chikkamagalore,14-08-2019,19.04
Maize,Bellary,16-08-2019,25.35
Maize,Hanagal,16-08-2019,21
Black+pepper,Gonikappal,25-10-2019,291.4
Soyabean,Bidar,14-08-2019,35.9
Soyabean,Dharwar,14-08-2019,35.58
Onion,Bangalore,10-10-2019,28
Coconut,Kadur,16-10-2019,100
Coconut,Malur,16-10-2019,101.21
Soyabean,Kalagategi,14-08-2019,36
Coconut,Tumkur,16-10-2019,110
Paddy(Dhan)(Common),Bangarpet,21-09-2019,17.6
Cauliflower,Kolar,23-08-2019,8
Beans,Honnali,17-10-2019,15
Moath+Dal,Bangalore,22-08-2019,50
Chilly+Capsicum,Kolar,23-08-2019,21
Chilly+Capsicum,Ramanagara,23-08-2019,36
Dry+Chillies,Byadagi,14-10-2019,105.09
Dry+Chillies,Hubli (Amaragol),14-10-2019,58.01
Dry+Chillies,Mysore (Bandipalya),14-10-2019,139
Sunflower,Gundlupet,14-08-2019,35.1
Onion,Arasikere,16-08-2019,11
Onion,Chikkamagalore,16-08-2019,20
Onion,Raichur,16-08-2019,17.86
Paddy(Dhan)(Common),Haliyala,31-08-2019,17
Paddy(Dhan)(Common),Hanagal,31-08-2019,19.5
Paddy(Dhan)(Common),Honnali,31-08-2019,17.6
Paddy(Dhan)(Common),Lingasugur,31-08-2019,24.25
Paddy(Dhan)(Common),Nanjangud,31-08-2019,18.5
Banana,Channapatana,16-08-2019,15
Chilly+Capsicum,Ramanagara,16-09-2019,15
Beans,Honnali,16-08-2019,15.2
Black+pepper,Sirsi,18-09-2019,302.29
Beetroot,Honnali,16-08-2019,14.5
Tomato,Chikkamagalore,14-08-2019,20.49
Tomato,Gundlupet,14-08-2019,6.75
Paddy(Dhan)(Common),Chikkamagalore,16-08-2019,50.3
Paddy(Dhan)(Common),Hanagal,16-08-2019,15.5
Paddy(Dhan)(Common),Raichur,16-08-2019,20.79
Paddy(Dhan)(Common),Shorapur,16-08-2019,23.86
Tomato,Mulabagilu,14-08-2019,10
Groundnut,Bellary,23-08-2019,67.76
Sweet+Potato,Somvarpet,16-09-2019,8.75
Potato,Hubli (Amaragol),01-10-2019,10.5
Garlic,Mysore (Bandipalya),14-10-2019,105
Alasande+Gram,Holenarsipura,20-08-2019,62
Copra,Mandya,19-08-2019,100
Chili+Red,Shimoga,18-10-2019,137.5
Tender+Coconut,Malur,16-09-2019,124.32
Potato,Chikkamagalore,16-08-2019,14.84
Alasande+Gram,Laxmeshwar,18-09-2019,54
Cabbage,Chikkamagalore,08-11-2019,9.75
Copra,Tiptur,16-10-2019,135
Copra,Tumkur,16-10-2019,93
Wheat,Bhadravathi,14-08-2019,25.95
Wheat,Bijapur,14-08-2019,48
Wheat,Gadag,14-08-2019,22.25
Wheat,Shimoga,14-08-2019,29
Banana,Channapatana,20-08-2019,47.5
Potato,Chikkamagalore,21-09-2019,12.42
Tomato,Chikkamagalore,16-09-2019,10.1
Coriander(Leaves),Gadag,16-10-2019,53.98
Carrot,Malur,24-10-2019,25
Coconut,Davangere,18-10-2019,130
Cabbage,Ramanagara,15-10-2019,8
Coconut,Kundapura,18-10-2019,128.52
Tomato,Malur,16-09-2019,20
Tomato,Srinivasapur,16-09-2019,5.67
Cabbage,Honnali,23-08-2019,5
Coconut,Tarikere,18-10-2019,106.25
Beans,Chikkamagalore,20-08-2019,20.58
Beans,Malur,20-08-2019,39.28
Ragi+(Finger+Millet),Arasikere,16-08-2019,24
Ginger(Green),Tarikere,14-10-2019,19.02
Alasande+Gram,Gundlupet,14-08-2019,60
Soyabean,Bidar,16-08-2019,36.2
Sweet+Potato,Somvarpet,16-08-2019,10
Tomato,Arasikere,16-08-2019,7
Tomato,Chikkamagalore,16-08-2019,14.67
Tomato,Srinivasapur,16-08-2019,9.33
Paddy(Dhan)(Common),Mysore (Bandipalya),10-10-2019,17.41
Paddy(Dhan)(Common),Udupi,10-10-2019,17.99
Ragi+(Finger+Millet),Davangere,23-09-2019,22.7
Cotton,Annigeri,16-10-2019,53.56
Cotton,Bijapur,16-10-2019,56.94
Cotton,Davangere,16-10-2019,54.26
Cotton,Gadag,16-10-2019,56.01
Cotton,Shorapur,16-10-2019,53.5
Tomato,Channapatana,17-08-2019,5.5
Tomato,Honnali,17-08-2019,5.5
Tomato,Kolar,17-08-2019,10
Tomato,Srinivasapur,17-08-2019,9
Copra,Arasikere,20-08-2019,133.52
Potato,K.R.Nagar,29-08-2019,5
Copra,Kadur,18-10-2019,132.5
Beetroot,Chikkamagalore,18-09-2019,11.05
Coriander(Leaves),Gadag,18-10-2019,54.64
Maize,Hanagal,09-09-2019,25
Maize,Honnali,09-09-2019,21
Maize,Santhesargur,09-09-2019,16
Raddish,Ramanagara,29-08-2019,10
Coconut,Chintamani,19-08-2019,120
Rice,Holenarsipura,29-08-2019,23.5
Beetroot,Honnali,26-11-2019,15.3
Cucumbar(Kheera),Honnali,28-08-2019,7
Cucumbar(Kheera),Kolar,28-08-2019,2.5
Safflower,Gadag,23-09-2019,47.04
Safflower,Gulbarga,23-09-2019,43.5
Ridgeguard(Tori),Honnali,29-08-2019,15.2
Ridgeguard(Tori),Kolar,29-08-2019,13
Sheep,Kudchi,29-08-2019,98
Brinjal,Kolar,30-08-2019,9
Green+Chilli,Chikkamagalore,20-08-2019,10.05
Rice,Bangarpet,21-09-2019,29.5
Rice,Malur,21-09-2019,42.19
Tender+Coconut,K.R.Nagar,29-08-2019,100
Tomato,Kolar,29-08-2019,8.33
Soyabean,Bidar,23-09-2019,37.75
Soyabean,Hubli (Amaragol),23-09-2019,33.01
Cabbage,Honnali,30-08-2019,16.9
Sunflower,Bellary,29-08-2019,39.75
Groundnut,Raichur,20-08-2019,67.07
Banana,Channapatana,23-08-2019,50
Beans,Kolar,23-08-2019,27
Beetroot,Kolar,23-08-2019,15.5
Gur(Jaggery),Mandya,20-08-2019,34.5
Gur(Jaggery),Srirangapattana,20-08-2019,36.1
Jowar(Sorghum),Manvi,20-08-2019,15.2
Alasande+Gram,Laxmeshwar,04-09-2019,53.77
Cotton,Annigeri,18-10-2019,54
Cotton,Bijapur,18-10-2019,56.02
Cotton,Davangere,18-10-2019,53.01
Cotton,Gadag,18-10-2019,54.83
Cotton,Haveri,18-10-2019,55.5
Jowar(Sorghum),Bellary,20-08-2019,22.31
Jowar(Sorghum),Laxmeshwar,20-08-2019,26.35
Kulthi(Horse+Gram),Holenarsipura,20-08-2019,41
Capsicum,Malur,08-11-2019,28.57
Maize,Haveri,20-08-2019,23
Maize,Holenarsipura,20-08-2019,23
Ridgeguard(Tori),Chikkamagalore,21-09-2019,14.29
Paddy(Dhan)(Common),Haliyala,21-08-2019,18
Paddy(Dhan)(Common),Hanagal,21-08-2019,18.5
Paddy(Dhan)(Common),Nanjangud,21-08-2019,18.5
Paddy(Dhan)(Common),Shorapur,21-08-2019,22.77
Maize,Holenarsipura,31-08-2019,23.8
Maize,Nargunda,31-08-2019,24
Maize,Hanagal,26-08-2019,23
Maize,Honnali,26-08-2019,20.88
Cow,Nippani,18-10-2019,500
Sajje,Athani,21-09-2019,18
Green+Chilli,Honnali,30-08-2019,10
Ragi+(Finger+Millet),Kunigal,01-10-2019,26
Ragi+(Finger+Millet),Tarikere,01-10-2019,21.03
Alasande+Gram,Laxmeshwar,31-12-2019,43.16
Soyabean,Haveri,21-09-2019,36.5
Alasande+Gram,Laxmeshwar,12-09-2019,57.1
Onion,Raichur,20-08-2019,20.4
Rice,Bhadravathi,01-10-2019,21.77
Potato,Chikkamagalore,10-10-2019,14
Sunflower,Gadag,23-09-2019,41.23
Sunflower,Gulbarga,23-09-2019,35.75
Sunflower,Raichur,23-09-2019,37.39
Beans,Chikkamagalore,04-09-2019,28.95
Paddy(Dhan)(Common),Holenarsipura,20-08-2019,19
Paddy(Dhan)(Common),Raichur,20-08-2019,23.39
Beetroot,Chikkamagalore,04-09-2019,11.25
Paddy(Dhan)(Common),Srirangapattana,20-08-2019,15.19
Paddy(Dhan)(Common),Udupi,20-08-2019,18
Sunflower,Bellary,21-09-2019,41.34
Sunflower,Mundaragi,21-09-2019,40.87
Sunflower,Raichur,21-09-2019,37.25
Sweet+Pumpkin,Ramanagara,14-09-2019,9
Tomato,Kolar,14-09-2019,11
Green+Chilli,Ramanagara,06-09-2019,30
Potato,Chikkamagalore,20-08-2019,12.5
Maize,Holalkere,22-08-2019,17
Maize,Honnali,22-08-2019,20.6
White+Pumpkin,Ramanagara,14-09-2019,11
Drumstick,Malur,16-10-2019,25
Tomato,Chikkamagalore,21-09-2019,12.23
Potato,Chintamani,17-08-2019,7.5
Maize,Chintamani,26-12-2024,24
Maize,Honnali,26-12-2024,21.3
Ragi+(Finger+Millet),Holenarsipura,20-08-2019,26.5
Raddish,Honnali,17-08-2019,4.3
Tomato,Malur,23-09-2019,14.28
Ragi+(Finger+Millet),Arasikere,17-08-2019,25
Thogrikai,Kolar,17-11-2019,33
Rice,Honnali,17-08-2019,19.43
Ragi+(Finger+Millet),Piriya Pattana,20-09-2019,23
Beetroot,Ramanagara,15-10-2019,25
Cabbage,Chikkamagalore,18-09-2019,8.54
Soyabean,Bidar,20-08-2019,35.9
Tomato,Kolar,17-11-2019,7.8
Maize,Chitradurga,14-08-2019,26
Maize,Dharwar,14-08-2019,24.44
Black+pepper,Chikkamagalore,12-09-2019,312.39
Black+pepper,Gonikappal,12-09-2019,318.39
Sheep,Turvekere,26-08-2019,80
Sunflower,Bellary,20-08-2019,39.53
Tamarind+Seed,Holenarsipura,20-08-2019,12.75
Tender+Coconut,Mandya,20-08-2019,140
Ground+Nut+Seed,Mysore (Bandipalya),14-10-2019,122.5
Maize,Shimoga,14-08-2019,24.65
Tomato,Channapatana,20-08-2019,5
Tomato,Chikkamagalore,20-08-2019,10.18
Beans,Ramanagara,11-10-2019,42
Coconut,Nanjangud,28-08-2019,97
Gur(Jaggery),Kudchi,20-08-2019,28
Potato,Bangarpet,29-08-2019,11
Chilly+Capsicum,Malur,24-10-2019,17
Cabbage,Chikkamagalore,04-09-2019,8.03
Cabbage,Malur,04-09-2019,5.15
Groundnut,Davangere,14-10-2019,63.64
Groundnut,Hubli (Amaragol),14-10-2019,53.61
Groundnut,Laxmeshwar,14-10-2019,66.51
Groundnut,Mysore (Bandipalya),14-10-2019,50.14
Groundnut,Raichur,14-10-2019,53.05
Groundnut,Ranebennur,14-10-2019,57.86
Coconut,Tumkur,18-09-2019,110
Beans,Chikkamagalore,20-11-2019,12.22
Garlic,Mysore (Bandipalya),16-10-2019,120
Capsicum,Malur,04-09-2019,27.27
Beans,Malur,20-11-2019,25
Brinjal,Kolar,15-09-2019,17
Soyabean,Bidar,01-10-2019,33
Soyabean,Hubli (Amaragol),01-10-2019,33.11
Tomato,Chickkaballapura,19-08-2019,11.6
Paddy(Dhan)(Common),Harihara,17-08-2019,18.75
Paddy(Dhan)(Common),Honnali,17-08-2019,20.5
Paddy(Dhan)(Common),Nanjangud,17-08-2019,17.6
Paddy(Dhan)(Common),Shorapur,17-08-2019,23.51
Cabbage,Honnali,19-08-2019,4.5
Coconut,Bhadravathi,24-10-2019,136.89
Ridgeguard(Tori),Honnali,03-09-2019,11.4
Ridgeguard(Tori),Kolar,03-09-2019,16
Coconut,Kadur,24-10-2019,100
Coconut,Kumta,24-10-2019,198.5
Copra,Mandya,18-09-2019,125
Copra,Tumkur,18-09-2019,75
Copra,Turvekere,18-09-2019,127
Tomato,Chickkaballapura,03-09-2019,8.4
Tomato,Chintamani,03-09-2019,6.66
Coconut,K.R.Nagar,04-09-2019,133
Cotton,Bijapur,18-09-2019,57.32
Cotton,Gadag,18-09-2019,57.01
Cotton,Gundlupet,18-09-2019,54.36
Copra,Tiptur,04-09-2019,130
Beetroot,Chikkamagalore,20-11-2019,11.43
Paddy(Dhan)(Common),Harihara,04-09-2019,20.05
Paddy(Dhan)(Common),Nanjangud,04-09-2019,16
Arhar+Dal(Tur+Dal),Arasikere,30-08-2019,87.5
Cauliflower,Chikkamagalore,08-11-2019,10.11
Cotton,Haveri,04-09-2019,53.5
Cowpea(Veg),Honnali,04-09-2019,17.6
Knool+Khol,Ramanagara,13-11-2019,41
Onion,Bangalore,29-08-2019,18
Maize,Hanagal,21-08-2019,24.2
Maize,Honnali,21-08-2019,21.4
Green+Chilli,Honnali,20-08-2019,12.8
Paddy(Dhan)(Common),Hanagal,29-08-2019,20
Paddy(Dhan)(Common),Honnali,29-08-2019,18
Paddy(Dhan)(Common),Nanjangud,29-08-2019,17.5
White+Pumpkin,Chikkamagalore,21-09-2019,10
Cauliflower,Chikkamagalore,12-09-2019,9.52
Kulthi(Horse+Gram),Chintamani,31-08-2019,36
Cummin+Seed(Jeera),Gadag,18-10-2019,46.5
Sunflower,Bagalakot,01-10-2019,38.33
Sunflower,Gadag,01-10-2019,38.93
Neem+Seed,Arasikere,17-08-2019,48.5
Wheat,Gadag,23-09-2019,26.58
Wheat,Hubli (Amaragol),23-09-2019,16.89
Sunflower,Gundlupet,01-10-2019,38
Sunflower,Kottur,01-10-2019,36.61
Sunflower,Mhalingapur,01-10-2019,35
Sunflower,Raichur,01-10-2019,35.19
Copra,Turvekere,24-10-2019,123.85
Gurellu,Laxmeshwar,14-10-2019,45.22
Rice,Kolar,04-09-2019,50.72
Rice,Sindhanur,04-09-2019,44.25
Coconut,Holenarsipura,12-09-2019,120
Black+pepper,Somvarpet,19-08-2019,318.66
Coconut,Srirangapattana,12-09-2019,130
Brinjal,Honnali,19-08-2019,12.5
Kulthi(Horse+Gram),Bangalore,22-08-2019,41
Copra,Tiptur,18-09-2019,125
Sheep,Kudchi,04-09-2019,105
Bitter+gourd,Kolar,15-09-2019,17
Drumstick,Ramanagara,19-08-2019,41
Jowar(Sorghum),Harappana Halli,14-10-2019,16.5
Jowar(Sorghum),Hubli (Amaragol),14-10-2019,25.37
Jowar(Sorghum),Manvi,21-10-2019,11.1
Jowar(Sorghum),Laxmeshwar,14-10-2019,22.54
Jowar(Sorghum),Raichur,14-10-2019,22.03
Groundnut,Bellary,28-08-2019,68.24
Cotton,Chitradurga,12-09-2019,61.78
Tomato,Kolar,04-09-2019,9.67
Jowar(Sorghum),Rona,14-10-2019,15.77
Corriander+seed,Laxmeshwar,18-09-2019,49.95
Coriander(Leaves),Gadag,24-10-2019,54.61
Banana,Channapatana,21-08-2019,47.5
Groundnut,Mundaragi,24-08-2019,51.04
Beetroot,Chikkamagalore,21-08-2019,11.29
Cucumbar(Kheera),Channapatana,18-09-2019,3
Tomato,Davangere,01-10-2019,13.2
Tomato,Gundlupet,01-10-2019,20
Cabbage,Ramanagara,19-08-2019,14
Kulthi(Horse+Gram),Gundlupet,14-10-2019,40.5
Kulthi(Horse+Gram),Mysore (Bandipalya),14-10-2019,34
Corriander+seed,Mysore (Bandipalya),24-10-2019,74
Black+pepper,Gonikappal,21-08-2019,300
Ragi+(Finger+Millet),Haveri,10-10-2019,19
Ragi+(Finger+Millet),Mysore (Bandipalya),10-10-2019,22.53
Garlic,Mysore (Bandipalya),18-09-2019,100
Maize,Piriya Pattana,20-09-2019,16
Carrot,Ramanagara,29-10-2019,46
Rice,Sindhanur,10-10-2019,14.6
Ginger(Green),Santhesargur,12-09-2019,30
Cotton,Annigeri,24-10-2019,54.5
Cotton,Bijapur,24-10-2019,47.83
Cotton,Chitradurga,24-10-2019,54.84
Cotton,Davangere,24-10-2019,49.4
Cotton,Haveri,24-10-2019,47.35
Cotton,Kottur,24-10-2019,44.36
Cotton,Ranebennur,24-10-2019,44.81
Paddy(Dhan)(Common),Hanagal,03-09-2019,13.5
Paddy(Dhan)(Common),Lingasugur,03-09-2019,24.4
Cabbage,Chikkamagalore,21-08-2019,9.76
Paddy(Dhan)(Common),Nanjangud,03-09-2019,23
Paddy(Dhan)(Common),Chintamani,24-08-2019,14.5
Cauliflower,Chikkamagalore,21-08-2019,12.69
Maize,Haliyala,17-08-2019,16.98
Maize,Holenarsipura,17-08-2019,20
Maize,Honnali,17-08-2019,21
Green+Chilli,Chikkamagalore,12-09-2019,9.62
Maize,Santhesargur,17-08-2019,15.5
Tomato,Channapatana,16-08-2019,7.5
Tomato,Chintamani,16-08-2019,9.33
Ginger(Green),Hunsur,18-09-2019,25
Coconut,Bhadravathi,21-08-2019,110.45
Wheat,Mysore (Bandipalya),03-09-2019,29
Wheat,Shimoga,03-09-2019,30.5
Cucumbar(Kheera),Channapatana,21-08-2019,7.5
Cucumbar(Kheera),Chikkamagalore,21-08-2019,7.69
Capsicum,Kolar,02-09-2019,17
Beetroot,Kolar,15-09-2019,17
Groundnut,Raichur,12-09-2019,56.71
Ginger(Green),Hunsur,21-08-2019,20
Ginger(Green),Shikaripura,18-09-2019,37
Maize,Annigeri,14-10-2019,23.45
Green+Chilli,Chikkamagalore,21-08-2019,9.14
Maize,Bagalakot,14-10-2019,20.42
Maize,Bellary,14-10-2019,20.99
Maize,Davangere,14-10-2019,19.01
Maize,Gundlupet,14-10-2019,16
Sunflower,Mundaragi,24-08-2019,40.03
Gur(Jaggery),Mandya,12-09-2019,31
Maize,Mysore (Bandipalya),14-10-2019,19.33
Gur(Jaggery),Srirangapattana,09-09-2019,30
Groundnut,Raichur,21-08-2019,58.48
Maize,Rona,14-10-2019,21.66
Turmeric,Gundlupet,01-10-2019,60
Gur(Jaggery),Mandya,21-08-2019,35
Maize,Somvarpet,14-10-2019,15
Jowar(Sorghum),Bellary,21-08-2019,23.98
Jowar(Sorghum),Hubli (Amaragol),21-08-2019,26.4
Jowar(Sorghum),Laxmeshwar,21-08-2019,27.28
Knool+Khol,Chikkamagalore,21-08-2019,11.63
Banana+-+Green,Kundapura,17-08-2019,25
Green+Chilli,Davangere,18-09-2019,14
Jowar(Sorghum),Bellary,12-09-2019,24.81
Coconut,Srirangapattana,19-08-2019,120
Garlic,Chintamani,06-09-2019,45
Knool+Khol,Chikkamagalore,12-09-2019,12.07
Jowar(Sorghum),Manvi,22-08-2019,10.39
Jowar(Sorghum),Sindhanur,22-08-2019,16
Sajje,Mundaragi,10-10-2019,15.35
Ginger(Green),Kolar,06-09-2019,40
Onion,Hubli (Amaragol),21-08-2019,17
Onion,Raichur,21-08-2019,23.45
Dry+Chillies,Hubli (Amaragol),19-08-2019,75
Cucumbar(Kheera),Malur,24-10-2019,3.5
Green+Chilli,Ramanagara,24-08-2019,20
Rice,Haveri,29-08-2019,19.9
Green+Chilli,Chikkamagalore,18-09-2019,12.09
Cashewnuts,Kumta,17-08-2019,66
Wheat,Mysore (Bandipalya),28-08-2019,30
Bitter+gourd,Kolar,09-09-2019,13
Maize,Bellary,12-09-2019,23.71
Maize,Hanagal,12-09-2019,22
Paddy(Dhan)(Common),Raichur,21-08-2019,18.66
Paddy(Dhan)(Common),Santhesargur,21-08-2019,17.5
Maize,Hunsur,12-09-2019,13
Coconut,Kundapura,14-08-2019,128.53
Rice,Gangavathi,29-08-2019,19
Coconut,Tumkur,17-08-2019,102
Maize,Santhesargur,12-09-2019,15
Copra,Tiptur,17-08-2019,130
Cotton,Ramdurga,21-09-2019,44
Coriander(Leaves),Tumkur,17-08-2019,91
Jowar(Sorghum),Manvi,26-08-2019,22.5
Papaya,Channapatana,21-08-2019,17
Cotton,Bijapur,17-08-2019,57.7
Groundnut,Bellary,19-08-2019,69.1
Groundnut,Raichur,19-08-2019,66.49
Wheat,Gadag,01-10-2019,27.39
Paddy(Dhan)(Common),Hanagal,11-09-2019,19.5
Paddy(Dhan)(Common),Harihara,11-09-2019,21
Paddy(Dhan)(Common),Honnali,11-09-2019,21.87
Paddy(Dhan)(Common),Lingasugur,11-09-2019,28
Paddy(Dhan)(Common),Nanjangud,11-09-2019,16
Dry+Chillies,Byadagi,17-08-2019,92
Dry+Chillies,Hubli (Amaragol),17-08-2019,45
Dry+Chillies,Mysore (Bandipalya),17-08-2019,117.5
Jowar(Sorghum),Bellary,19-08-2019,22.49
Jowar(Sorghum),Hubli (Amaragol),19-08-2019,28.4
Jowar(Sorghum),Laxmeshwar,19-08-2019,26.76
Brinjal,Honnali,09-09-2019,15
Ginger(Green),Hunsur,17-08-2019,30
Potato,Chikkamagalore,21-08-2019,12.77
Maize,Athani,19-08-2019,24
Maize,Bellary,19-08-2019,23.42
Maize,Hunsur,19-08-2019,11
Brinjal,Ramanagara,24-08-2019,11
Cauliflower,Kolar,28-08-2019,7
Banana+-+Green,Santhesargur,25-11-2019,10
Ground+Nut+Seed,Mysore (Bandipalya),17-08-2019,112
Groundnut,Kumta,17-08-2019,58
Groundnut,Mysore (Bandipalya),17-08-2019,34.63
Gur(Jaggery),Bijapur,17-08-2019,35.75
Gur(Jaggery),Kudchi,17-08-2019,28
Alasande+Gram,Laxmeshwar,09-09-2019,59.89
Onion,Hubli (Amaragol),19-08-2019,16
Onion,Raichur,19-08-2019,19.01
Jowar(Sorghum),Hubli (Amaragol),17-08-2019,23.39
Kulthi(Horse+Gram),Gundlupet,17-08-2019,46.43
Arhar+Dal(Tur+Dal),Shimoga,14-08-2019,85.5
Maize,Hunsur,17-08-2019,10
Maize,Tumkur,17-08-2019,22
Rice,Bhadravathi,21-08-2019,22.05
Paddy(Dhan)(Common),Nanjangud,19-08-2019,20
Paddy(Dhan)(Common),Raichur,19-08-2019,23.11
Paddy(Dhan)(Common),Siddapur,19-08-2019,15
Paddy(Dhan)(Common),Srirangapattana,19-08-2019,17.85
Paddy(Dhan)(Common),Udupi,19-08-2019,17.5
Methi+Seeds,Mysore (Bandipalya),17-08-2019,62.5
Mustard,Mysore (Bandipalya),17-08-2019,46
Ridgeguard(Tori),Chikkamagalore,21-08-2019,12.5
Same/Savi,Savanur,21-08-2019,36
Onion,Davangere,17-08-2019,20.5
Onion,Hubli (Amaragol),17-08-2019,16.5
Onion,Mysore (Bandipalya),17-08-2019,17
Soyabean,Bidar,21-08-2019,35.9
Black+pepper,Gonikappal,20-11-2019,310
Rice,Karatgi,17-08-2019,37.5
Ridgeguard(Tori),Honnali,11-09-2019,12.39
Paddy(Dhan)(Common),Davangere,17-08-2019,20.3
Paddy(Dhan)(Common),Mysore (Bandipalya),17-08-2019,15.6
Paddy(Dhan)(Common),Siddapur,17-08-2019,17
Goat,Nippani,18-10-2019,50
Tomato,Channapatana,21-08-2019,10
Tomato,Chikkamagalore,21-08-2019,8.65
Onion,Raichur,12-09-2019,23.6
Beans,Chikkamagalore,09-09-2019,29.07
Beetroot,Honnali,09-09-2019,10.5
Groundnut,Laxmeshwar,18-09-2019,52.47
Ridgeguard(Tori),Ramanagara,28-08-2019,33
Tomato,Kolar,11-09-2019,10
Potato,Hubli (Amaragol),17-08-2019,12
Potato,Mysore (Bandipalya),17-08-2019,13
Tomato,Ramanagara,28-08-2019,8
Rice,Gangavathi,19-08-2019,20.6
Sheep,Bhadravathi,19-08-2019,75
Groundnut,Chitradurga,18-09-2019,55.91
Groundnut,Gadag,18-09-2019,67.7
Groundnut,Mysore (Bandipalya),18-09-2019,36.01
Groundnut,Raichur,18-09-2019,57.45
Black+pepper,Gonikappal,09-09-2019,311.5
Sunflower,Bellary,10-10-2019,39.3
Sunflower,Mundaragi,10-10-2019,35.69
Ragi+(Finger+Millet),Mysore (Bandipalya),17-08-2019,25.63
Rice,Gangavathi,17-08-2019,18.5
Rice,Nippani,17-08-2019,20.08
Corriander+seed,Hubli (Amaragol),31-10-2019,56.09
Coconut,Bhadravathi,08-11-2019,134.33
Green+Chilli,Chikkamagalore,04-09-2019,9.84
Green+Chilli,Honnali,04-09-2019,15.2
Soyabean,Hubli (Amaragol),17-08-2019,35.39
Paddy(Dhan)(Common),Chikkamagalore,12-09-2019,33
Paddy(Dhan)(Common),Hanagal,12-09-2019,19.5
Sunflower,Mysore (Bandipalya),17-08-2019,34
Paddy(Dhan)(Common),Raichur,12-09-2019,20.86
Paddy(Dhan)(Common),Shikaripura,12-09-2019,16
Tamarind+Fruit,Tumkur,17-08-2019,71
Paddy(Dhan)(Common),Srirangapattana,12-09-2019,15.5
Jowar(Sorghum),Manvi,21-08-2019,26.48
Jowar(Sorghum),Sindhanur,21-08-2019,18.06
Gur(Jaggery),Mandya,18-09-2019,29
Gur(Jaggery),Ramdurga,18-09-2019,33.8
Green+Chilli,Davangere,18-10-2019,9
Tomato,Arasikere,31-08-2019,5.63
Jowar(Sorghum),Bellary,18-09-2019,25.19
Jowar(Sorghum),Haveri,18-09-2019,27
Jowar(Sorghum),Laxmeshwar,18-09-2019,24.34
Green+Peas,Bangalore,22-08-2019,73.5
Knool+Khol,Chikkamagalore,18-09-2019,11.84
Wheat,Hubli (Amaragol),17-08-2019,23.29
Wheat,Nippani,17-08-2019,23.75
Jowar(Sorghum),Sindhanur,23-09-2019,14
Tomato,Channapatana,10-10-2019,11
Tomato,Chikkamagalore,10-10-2019,17.65
Cabbage,Chikkamagalore,09-09-2019,9.09
Groundnut,Raichur,04-09-2019,70.56
Safflower,Gulbarga,29-08-2019,43.32
Maize,Hanagal,29-08-2019,24.7
Maize,Honnali,29-08-2019,21.3
Jowar(Sorghum),Gadag,18-09-2019,24.74
Cabbage,Honnali,16-10-2019,9.5
Maize,Harappana Halli,18-09-2019,24.1
Maize,Haveri,18-09-2019,23
Maize,Shikaripura,18-09-2019,24.5
Cauliflower,Chikkamagalore,09-09-2019,10.75
Groundnut,Davangere,16-10-2019,61.69
Groundnut,Gadag,16-10-2019,65
Groundnut,Hubli (Amaragol),16-10-2019,50.19
Groundnut,Kadur,16-10-2019,51.51
Potato,Chikkamagalore,12-09-2019,15.56
Kulthi(Horse+Gram),Mysore (Bandipalya),18-09-2019,30.57
Groundnut,Mysore (Bandipalya),16-10-2019,32.3
Beans,Kolar,13-10-2019,43
Chilly+Capsicum,Kolar,09-09-2019,11
Jowar(Sorghum),Haveri,04-09-2019,29
Green+Chilli,Ramanagara,28-08-2019,24
Knool+Khol,Chikkamagalore,04-09-2019,10.95
Copra,Arasikere,08-11-2019,120.08
Dry+Chillies,Byadagi,24-10-2019,105.09
Dry+Chillies,Hubli (Amaragol),24-10-2019,68
Dry+Chillies,Mysore (Bandipalya),24-10-2019,142.5
Cotton,Haveri,09-09-2019,53.38
Gur(Jaggery),Mhalingapur,16-10-2019,34.25
Cabbage,Honnali,28-08-2019,7.3
Cabbage,Kolar,28-08-2019,5
Cucumbar(Kheera),Chikkamagalore,09-09-2019,17.11
Arhar+Dal(Tur+Dal),Gangavathi,20-09-2019,51
Maize,Chitradurga,04-09-2019,24.79
Maize,Honnali,04-09-2019,21
Soyabean,Basava Kalayana,29-08-2019,37
Soyabean,Bidar,29-08-2019,36.05
Coriander(Leaves),Gadag,08-11-2019,55.9
Maize,Annigeri,18-09-2019,24.58
Maize,Bangarpet,18-09-2019,23.2
Maize,H.B. Halli,18-09-2019,22
Dry+Chillies,Sindhanur,06-09-2019,55
Maize,Hunsur,18-09-2019,15
Maize,Mysore (Bandipalya),18-09-2019,12.84
Gur(Jaggery),Bangarpet,19-09-2019,34
Gur(Jaggery),Srirangapattana,19-09-2019,31
Green+Chilli,Chikkamagalore,09-09-2019,23.53
Beans,Honnali,30-08-2019,22.3
Beetroot,Honnali,30-08-2019,8.9
Beetroot,Kolar,30-08-2019,13
Groundnut,Mulabagilu,26-12-2024,39
Garlic,Mysore (Bandipalya),24-10-2019,90
Ragi+(Finger+Millet),Tarikere,12-09-2019,23.05
Rice,Karatgi,09-10-2019,31.83
Rice,Mandya,12-09-2019,18
Rice,Pavagada,12-09-2019,23
Onion,Davangere,14-10-2019,18
Onion,Kadur,14-10-2019,47
Onion,Raichur,14-10-2019,27.5
Onion,Ranebennur,14-10-2019,15
Onion,Tarikere,14-10-2019,15
Onion,Tumkur,14-10-2019,24
Coconut,Kadur,16-09-2019,130
Ground+Nut+Seed,Bangalore,21-08-2019,108
Gur(Jaggery),Ramdurga,21-09-2019,33.5
Jowar(Sorghum),Bellary,09-09-2019,23.48
Jowar(Sorghum),Laxmeshwar,09-09-2019,23.97
Jowar(Sorghum),Gadag,16-10-2019,25.49
Jowar(Sorghum),Hubli (Amaragol),16-10-2019,24.09
Jowar(Sorghum),Mysore (Bandipalya),16-10-2019,37
Jowar(Sorghum),Nargunda,16-10-2019,25
Knool+Khol,Chikkamagalore,09-09-2019,10.81
Jowar(Sorghum),Ramdurga,16-10-2019,34
Kulthi(Horse+Gram),Arasikere,09-09-2019,40
Kulthi(Horse+Gram),Chintamani,09-09-2019,35.2
Kulthi(Horse+Gram),Laxmeshwar,09-09-2019,37.03
Cotton,Gadag,08-11-2019,51.28
Black+pepper,Gonikappal,18-11-2019,305
Black+pepper,Karkala,18-11-2019,300
Green+Chilli,Honnali,22-08-2019,12.5
Cotton,Sindhanur,08-11-2019,52.5
Onion,Hubli (Amaragol),04-09-2019,16.5
Onion,Raichur,04-09-2019,22.86
Cabbage,Ramanagara,28-08-2019,9
Carrot,Ramanagara,28-08-2019,44
Maize,Bellary,09-09-2019,23
Maize,Hunsur,09-09-2019,14
Maize,Mundaragi,09-09-2019,20.6
Maize,Shikaripura,09-09-2019,23
Gur(Jaggery),Kudchi,26-08-2019,28
Kulthi(Horse+Gram),Kadur,16-10-2019,34
Sunflower,Bellary,12-09-2019,41.06
Sunflower,Mundaragi,12-09-2019,40.1
Sunflower,Raichur,12-09-2019,37.55
Groundnut,Chitradurga,18-10-2019,58.39
Groundnut,Davangere,18-10-2019,58.08
Groundnut,Gadag,18-10-2019,38.81
Groundnut,Hubli (Amaragol),18-10-2019,52.39
Groundnut,Kadur,18-10-2019,52.42
Groundnut,Kottur,18-10-2019,67.41
Green+Chilli,Honnali,30-09-2019,17
Groundnut,Raichur,18-10-2019,42
Groundnut,Rona,18-10-2019,59.22
Cotton,Haveri,16-09-2019,41.95
Paddy(Dhan)(Common),Chikkamagalore,18-09-2019,27.13
Paddy(Dhan)(Common),Shikaripura,18-09-2019,22
Tomato,Chikkamagalore,12-09-2019,8.05
Cotton,Bijapur,14-08-2019,61.32
Beans,Chikkamagalore,26-08-2019,29.87
Beans,Malur,26-08-2019,33.33
Beetroot,Chikkamagalore,26-08-2019,12.2
Maize,Hanagal,04-09-2019,24
Maize,Santhesargur,04-09-2019,13
Gur(Jaggery),Gulbarga,18-10-2019,33.45
Beans,Chikkamagalore,20-09-2019,20.11
Gur(Jaggery),Gundlupet,18-10-2019,35.63
Gur(Jaggery),Mandya,18-10-2019,33.5
Gur(Jaggery),Mhalingapur,18-10-2019,34.76
Onion,Arasikere,09-09-2019,15
Onion,Bangalore,09-09-2019,22.5
Onion,Mysore (Bandipalya),18-09-2019,25
Onion,Raichur,18-09-2019,26.51
Chili+Red,Shimoga,25-10-2019,137
Soyabean,Hubli (Amaragol),09-10-2019,33.09
Paddy(Dhan)(Common),Honnali,04-09-2019,17.6
Paddy(Dhan)(Common),Raichur,04-09-2019,23
Maize,Annigeri,16-10-2019,23.19
Maize,Badami,16-10-2019,22
Maize,Davangere,16-10-2019,19.72
Maize,Gundlupet,16-10-2019,19
Maize,Mysore (Bandipalya),16-10-2019,19.95
Maize,Rona,16-10-2019,22.01
Beetroot,Ramanagara,29-10-2019,28
Maize,Tumkur,16-10-2019,23
Barley+(Jau),Mhalingapur,03-09-2019,37.5
Banana,Malur,27-11-2019,15
Cabbage,Chikkamagalore,26-08-2019,8.49
Paddy(Dhan)(Common),Chikkamagalore,09-09-2019,32.27
Green+Chilli,Honnali,31-08-2019,12.3
Brinjal,Honnali,28-08-2019,16.9
Chrysanthemum(Loose),Malur,26-08-2019,30
Potato,Chikkamagalore,18-09-2019,9.89
Jowar(Sorghum),Manvi,23-09-2019,13.42
Marigold(Calcutta),Malur,16-10-2019,24
Black+pepper,Hosanagar,20-09-2019,317
Black+pepper,Kadur,20-09-2019,200
Jowar(Sorghum),Sindhanur,17-10-2019,24.5
Jowar(Sorghum),Bhadravathi,18-10-2019,20
Jowar(Sorghum),Gadag,18-10-2019,22.73
Jowar(Sorghum),Gulbarga,18-10-2019,33.52
Jowar(Sorghum),Harappana Halli,18-10-2019,17.51
Jowar(Sorghum),Hubli (Amaragol),18-10-2019,23.09
Jowar(Sorghum),Kottur,18-10-2019,18.82
Potato,Chikkamagalore,09-09-2019,14.25
Paddy(Dhan)(Common),Bangarpet,18-09-2019,15.8
Kulthi(Horse+Gram),Bhadravathi,18-10-2019,20
Paddy(Dhan)(Common),Davangere,18-09-2019,18.9
Coconut,Kadur,25-10-2019,148
Paddy(Dhan)(Common),Kundapura,18-09-2019,18.5
Paddy(Dhan)(Common),Mandya,18-09-2019,17
Paddy(Dhan)(Common),Mysore (Bandipalya),18-09-2019,15.82
Dry+Chillies,Byadagi,26-08-2019,98.1
Tomato,Chintamani,24-08-2019,10
Tomato,Kolar,24-08-2019,11
Coconut,Kundapura,25-10-2019,96.92
Ginger(Green),Bangalore,26-08-2019,57.5
Green+Avare+(W),Ramanagara,26-08-2019,34
Green+Chilli,Honnali,26-08-2019,12.2
Maize,Hanagal,11-09-2019,23
Maize,Honnali,11-09-2019,19.6
Maize,Kudchi,11-09-2019,22
Green+Chilli,Chikkamagalore,26-08-2019,10.8
Maize,Hanagal,03-09-2019,24.8
Maize,Santhesargur,03-09-2019,15
Groundnut,Bellary,26-08-2019,69.8
Groundnut,Raichur,26-08-2019,63.88
Chilly+Capsicum,Ramanagara,20-09-2019,22
Paddy(Dhan)(Common),Davangere,14-10-2019,19.55
Paddy(Dhan)(Common),Mysore (Bandipalya),14-10-2019,18.81
Maize,Bagalakot,18-10-2019,20.35
Maize,Bhadravathi,18-10-2019,18
Maize,Chitradurga,18-10-2019,20.77
Maize,Davangere,18-10-2019,19.29
Paddy(Dhan)(Common),Raichur,14-10-2019,24.25
Maize,Gadag,18-10-2019,21.27
Paddy(Dhan)(Common),Shimoga,14-10-2019,24.4
Jowar(Sorghum),Bellary,26-08-2019,22.22
Maize,Kottur,18-10-2019,19.84
Maize,Rona,18-10-2019,21.91
Knool+Khol,Chikkamagalore,26-08-2019,12.3
Knool+Khol,Malur,26-08-2019,10
Maize,Bellary,26-08-2019,23.42
Maize,Hunsur,26-08-2019,14.5
Maize,Santhesargur,26-08-2019,15.5
Brinjal,Ramanagara,25-10-2019,15
Niger+Seed+(Ramtil),Mysore (Bandipalya),16-10-2019,57.5
Ragi+(Finger+Millet),Kadur,09-09-2019,30
Castor+Seed,Koppal,11-11-2019,38.65
Cowpea(Veg),Honnali,06-09-2019,16.8
Castor+Seed,Raichur,11-11-2019,35.33
Onion,Hubli (Amaragol),16-10-2019,14.5
Onion,Ranebennur,16-10-2019,16
Cucumbar(Kheera),Honnali,06-09-2019,8.55
Cucumbar(Kheera),Ramanagara,06-09-2019,11
Cauliflower,Mysore (Bandipalya),03-09-2019,95
Arhar+Dal(Tur+Dal),Bangalore,30-08-2019,87
Moath+Dal,Bangalore,23-10-2019,65
Mustard,Bhadravathi,14-08-2019,40.8
Beans,Chikkamagalore,25-11-2019,13.32
Dry+Chillies,Byadagi,08-11-2019,112.09
Beans,Kolar,25-11-2019,16
Potato,Mysore (Bandipalya),18-09-2019,11
Potato,Chintamani,30-08-2019,8
Coconut,Davangere,03-09-2019,90
Ridgeguard(Tori),Chikkamagalore,18-09-2019,17.39
Soyabean,Bidar,09-09-2019,36.05
Onion,Bangalore,23-10-2019,28.5
Copra,Kadur,25-10-2019,105.09
Sunflower,Gundlupet,29-08-2019,38
Sunflower,Koppal,09-09-2019,39.86
Sunflower,Mundaragi,09-09-2019,36.41
Copra,Arasikere,03-09-2019,131.3
Sunflower,Gulbarga,29-08-2019,36.26
Ridgeguard(Tori),Honnali,30-08-2019,16.3
Tamarind+Seed,Arasikere,09-09-2019,45.5
Corriander+seed,Shimoga,03-09-2019,95
Cucumbar(Kheera),Honnali,22-08-2019,8.3
Cotton,Bijapur,03-09-2019,59.11
Sunflower,Sindhanur,30-08-2019,43
Cotton,Gundlupet,03-09-2019,46
Beetroot,Chikkamagalore,23-08-2019,10.77
Copra,Gubbi,02-11-2019,103
Soyabean,Haveri,18-09-2019,33
Tomato,Chikkamagalore,09-09-2019,11.77
Dry+Chillies,Sindhanur,22-08-2019,58
Tomato,Chintamani,09-09-2019,5.33
Black+pepper,Gonikappal,23-08-2019,300
Black+pepper,Sirsi,23-08-2019,308.65
Black+pepper,Yellapur,23-08-2019,318.99
Cotton,Bellary,27-09-2019,54.9
Wheat,Hiriyur,30-08-2019,24.6
Kulthi(Horse+Gram),Kadur,16-09-2019,36
Paddy(Dhan)(Common),K.R.Nagar,23-10-2019,17.84
Paddy(Dhan)(Common),Lingasugur,23-10-2019,24.57
Paddy(Dhan)(Common),Madhugiri,23-10-2019,18
Corriander+seed,Laxmeshwar,25-10-2019,47.03
Cabbage,Chikkamagalore,23-08-2019,9.85
Safflower,Gulbarga,26-08-2019,43.46
Cotton,Manvi,02-11-2019,48.9
Cotton,Bijapur,25-10-2019,46.95
Cotton,Davangere,25-10-2019,51
Cotton,Kadur,25-10-2019,61
Ground+Nut+Seed,Mysore (Bandipalya),24-10-2019,125
Dry+Chillies,Hubli (Amaragol),03-09-2019,71
Dry+Chillies,Mysore (Bandipalya),03-09-2019,135
Dry+Grapes,Bangalore,03-09-2019,260
Green+Chilli,Honnali,26-12-2024,12.6
Coconut,Kundapura,23-08-2019,129
Coconut,Tarikere,23-08-2019,102.81
Coconut,Tumkur,23-08-2019,100
Copra,Arasikere,23-08-2019,130.41
Copra,Tumkur,23-08-2019,100
Coriander(Leaves),Tumkur,23-08-2019,88
Cotton,Bijapur,23-08-2019,63.35
Cow,Nippani,23-08-2019,400
Groundnut,Davangere,24-10-2019,48.81
Groundnut,Gadag,24-10-2019,37.42
Groundnut,Hubli (Amaragol),24-10-2019,41.61
Groundnut,Raichur,24-10-2019,49.55
Groundnut,Ranebennur,24-10-2019,32
Cashewnuts,Kundapura,20-09-2019,100
Tomato,Chikkamagalore,18-09-2019,9.4
Maize,Haveri,16-09-2019,24.1
Onion,Bangalore,26-08-2019,19
Onion,Chikkamagalore,26-08-2019,25
Onion,Hubli (Amaragol),26-08-2019,10
Onion,Raichur,26-08-2019,22.85
Ginger(Green),Kolar,08-11-2019,43.6
Goat,Nippani,23-08-2019,50
Green+Chilli,Chikkamagalore,23-08-2019,9.95
Methi+Seeds,Shimoga,31-08-2019,69.5
Green+Peas,Shimoga,23-08-2019,76.5
Groundnut,Challakere,23-08-2019,64.62
Groundnut,Kottur,23-08-2019,71.63
Groundnut,Mysore (Bandipalya),23-08-2019,58.13
Gur(Jaggery),Gundlupet,23-08-2019,38
Gur(Jaggery),Mhalingapur,23-08-2019,34.57
Gur(Jaggery),Shimoga,23-08-2019,42.5
Paddy(Dhan)(Common),Davangere,16-10-2019,23.1
Paddy(Dhan)(Common),Gangavathi,16-10-2019,15.5
Paddy(Dhan)(Common),Mysore (Bandipalya),16-10-2019,17.26
Paddy(Dhan)(Common),Shorapur,16-10-2019,20.63
Chilly+Capsicum,Kolar,22-11-2019,9
Jowar(Sorghum),Dharwar,23-08-2019,23
Jowar(Sorghum),Gadag,23-08-2019,25.63
Potato,Bangalore,23-10-2019,14.75
Knool+Khol,Chikkamagalore,23-08-2019,10.53
Kulthi(Horse+Gram),Gundlupet,23-08-2019,40.75
Cauliflower,Chikkamagalore,20-09-2019,10.65
Maize,Challakere,23-08-2019,24.95
Onion,Davangere,18-10-2019,11.5
Onion,Gadag,18-10-2019,13
Onion,Hubli (Amaragol),18-10-2019,12.5
Onion,Kadur,18-10-2019,25
Onion,Davangere,23-08-2019,23
Onion,Mysore (Bandipalya),23-08-2019,20.5
Onion,Malur,18-10-2019,37.5
Onion,Raichur,18-10-2019,18.95
Gur(Jaggery),Bhadravathi,24-10-2019,26
Gur(Jaggery),Malur,24-10-2019,35.46
Paddy(Dhan)(Common),Chikkamagalore,23-08-2019,17.85
Paddy(Dhan)(Common),Davangere,23-08-2019,19.6
Paddy(Dhan)(Common),Kundapura,23-08-2019,17
Paddy(Dhan)(Common),Sorabha,23-08-2019,15.5
Paddy(Dhan)(Common),Udupi,23-08-2019,17.5
Ragi+(Finger+Millet),Mandya,18-09-2019,24.98
Ragi+(Finger+Millet),Mysore (Bandipalya),18-09-2019,22.87
Coconut,Arasikere,20-09-2019,100
Potato,Chikkamagalore,23-08-2019,14.77
Potato,Mysore (Bandipalya),23-08-2019,16
Coconut,Kadur,20-09-2019,100
Rice,Bangarpet,18-09-2019,29.5
Coconut,Tarikere,20-09-2019,119.34
Rice,Gangavathi,18-09-2019,19.5
Rice,Mandya,18-09-2019,30.75
Ground+Nut+Seed,Mysore (Bandipalya),03-09-2019,115
Groundnut,Koppal,03-09-2019,61.74
Groundnut,Kottur,03-09-2019,61.35
Raddish,Honnali,23-10-2019,8
Raddish,Chikkamagalore,23-08-2019,10.71
Ragi+(Finger+Millet),Mysore (Bandipalya),23-08-2019,25.5
Ragi+(Finger+Millet),Tarikere,23-08-2019,25.3
Rice,Bangarpet,23-08-2019,28.5
Rice,Gangavathi,23-08-2019,19
Potato,Hubli (Amaragol),14-10-2019,12
Potato,Mysore (Bandipalya),14-10-2019,14
Gur(Jaggery),Bijapur,03-09-2019,33
Gur(Jaggery),Mhalingapur,03-09-2019,34.38
Gur(Jaggery),Shimoga,03-09-2019,39.5
Ridgeguard(Tori),Chikkamagalore,23-08-2019,16.67
Ragi+(Finger+Millet),Harappana Halli,23-10-2019,24
She+Buffalo,Nippani,23-08-2019,450
Rice,Honnali,23-10-2019,19.86
Rice,Lingasugur,23-10-2019,38
Rice,Manvi,23-10-2019,22.5
Coconut,Holalkere,18-11-2019,106.68
Soyabean,Dharwar,23-08-2019,36.15
Copra,Turvekere,20-09-2019,130
Sunflower,Gadag,23-08-2019,36.59
Sunflower,Gundlupet,23-08-2019,35.5
Tamarind+Fruit,Mysore (Bandipalya),23-08-2019,60
Tomato,Chikkamagalore,23-08-2019,11.93
Tomato,Gundlupet,23-08-2019,5.75
Jowar(Sorghum),Gadag,24-10-2019,23.84
Jowar(Sorghum),Gundlupet,03-09-2019,12
Jowar(Sorghum),Hubli (Amaragol),03-09-2019,28.01
Jowar(Sorghum),Nargunda,03-09-2019,28.38
Jowar(Sorghum),Shimoga,03-09-2019,40
Jowar(Sorghum),Hubli (Amaragol),24-10-2019,27.69
Paddy(Dhan)(Common),Chintamani,30-08-2019,16
Paddy(Dhan)(Common),Nanjangud,30-08-2019,18.5
Jowar(Sorghum),Kottur,24-10-2019,18.33
Turmeric,Gundlupet,23-08-2019,64
Kulthi(Horse+Gram),Gundlupet,03-09-2019,42
Kulthi(Horse+Gram),Shimoga,03-09-2019,44
Corriander+seed,Bhadravathi,20-09-2019,83.76
Ridgeguard(Tori),Honnali,23-10-2019,13.8
Wheat,Gadag,23-08-2019,21.89
Cotton,Bijapur,20-09-2019,57.18
Cotton,Gundlupet,20-09-2019,47
Sheep,Annigeri,18-09-2019,60
Sajje,Harappana Halli,23-10-2019,19.1
Lime,Bijapur,03-09-2019,16
Lint,Annigeri,03-09-2019,110
Kulthi(Horse+Gram),Chintamani,03-09-2019,35
Soyabean,Bidar,18-09-2019,37.15
Maize,Annigeri,03-09-2019,22.2
Gur(Jaggery),Mhalingapur,22-09-2019,32.72
Maize,Koppal,03-09-2019,24.05
Maize,Mysore (Bandipalya),03-09-2019,16.49
Maize,Shimoga,03-09-2019,25
Knool+Khol,Malur,24-10-2019,15
Rice,Karatgi,23-09-2019,31.8
Methi+Seeds,Shimoga,03-09-2019,63
Mustard,Mysore (Bandipalya),03-09-2019,45
Mustard,Shimoga,03-09-2019,48
Sunflower,Nargunda,23-10-2019,33.1
Rice,Karatgi,23-08-2019,24.36
Tomato,Davangere,29-08-2019,3.6
Arhar+Dal(Tur+Dal),Shimoga,05-12-2019,87
Jowar(Sorghum),Manvi,29-08-2019,26.5
Jowar(Sorghum),Sindhanur,29-08-2019,24.5
Coconut,Arasikere,11-11-2019,150
Coconut,Tarikere,11-11-2019,109.68
Cotton,Santhesargur,31-08-2019,65.54
Coconut,Tumkur,11-11-2019,105
Neem+Seed,Mysore (Bandipalya),03-09-2019,50.86
Thogrikai,Ramanagara,19-12-2019,26
Onion,Bangalore,03-09-2019,22
Onion,Bijapur,03-09-2019,5
Onion,Hubli (Amaragol),03-09-2019,13
Onion,Mysore (Bandipalya),03-09-2019,21
Cabbage,Malur,20-11-2019,5
Paddy(Dhan)(Common),Davangere,18-10-2019,18.8
Sunflower,Chitradurga,18-09-2019,42.82
Sunflower,Gadag,18-09-2019,39.21
Sunflower,H.B. Halli,18-09-2019,30
Potato,Hubli (Amaragol),16-10-2019,13.5
Paddy(Dhan)(Common),Kundapura,18-10-2019,19
Green+Chilli,Ramanagara,13-11-2019,19
Lime,Bijapur,24-10-2019,7
Black+pepper,Moodigere,25-11-2019,435
Tomato,Srinivasapur,29-08-2019,8
Lint,Kottur,24-10-2019,107
Dry+Chillies,Byadagi,20-09-2019,109
Banana,Malur,09-10-2019,21.66
Tamarind+Fruit,Tumkur,18-09-2019,72
Tamarind+Seed,Kadur,18-09-2019,12
Elephant+Yam+(Suran),Arasikere,20-09-2019,15.16
Alasande+Gram,Bangalore,06-11-2024,63
Alasande+Gram,Laxmeshwar,06-11-2024,46.06
Tomato,Ramanagara,19-12-2019,12
Paddy(Dhan)(Common),Davangere,03-09-2019,20.55
Maize,Davangere,24-10-2019,18.2
Paddy(Dhan)(Common),Mysore (Bandipalya),03-09-2019,17.61
Maize,Gadag,24-10-2019,20.21
Paddy(Dhan)(Common),Shimoga,03-09-2019,21.75
Paddy(Dhan)(Common),Shorapur,03-09-2019,23.71
Ginger(Green),Piriya Pattana,26-08-2019,30.5
Maize,Kottur,24-10-2019,18.02
Arhar+Dal(Tur+Dal),Kolar,28-08-2019,71.42
Raddish,Ramanagara,24-12-2019,17
Beans,Honnali,28-08-2019,19.6
Beetroot,Kolar,28-08-2019,13
Ragi+(Finger+Millet),Piriya Pattana,24-12-2019,22
Rice,Karatgi,28-08-2019,24.03
Copra,Arasikere,11-11-2019,120
Copra,Turvekere,11-11-2019,124.63
Arhar+Dal(Tur+Dal),Doddaballa Pur,06-11-2024,87.88
Seemebadnekai,Ramanagara,24-12-2019,12
Potato,Bangalore,03-09-2019,13
Potato,Mysore (Bandipalya),03-09-2019,13.5
Coriander(Leaves),Gadag,11-11-2019,55.27
Knool+Khol,Kolar,04-09-2019,13
Goat,Arasikere,20-09-2019,97
Goat,Nippani,20-09-2019,60
Coriander(Leaves),Tumkur,11-11-2019,85
Avare+Dal,Bangalore,06-11-2024,43.5
Jowar(Sorghum),Hubli (Amaragol),31-10-2019,24.29
Paddy(Dhan)(Common),Chikkamagalore,26-08-2019,24.85
Paddy(Dhan)(Common),Chintamani,26-08-2019,16
Green+Chilli,Chikkamagalore,20-09-2019,20.24
Ridgeguard(Tori),Honnali,07-09-2019,7
Paddy(Dhan)(Common),Raichur,26-08-2019,20.01
Seemebadnekai,Ramanagara,07-09-2019,22
Barley+(Jau),Mhalingapur,09-10-2019,34.5
Methi+Seeds,Mysore (Bandipalya),24-10-2019,64
Sunflower,Sindhanur,07-09-2019,42
Thondekai,Ramanagara,07-09-2019,18
Beans,Ramanagara,25-10-2019,22
Beans,Malur,09-10-2019,40.29
Tomato,Chintamani,07-09-2019,3.33
Groundnut,Gadag,08-11-2019,44.45
Groundnut,Mundaragi,08-11-2019,50.27
Maize,Piriya Pattana,26-08-2019,19
Ginger(Green),Ramanagara,14-09-2019,40
Onion,Chintamani,30-08-2019,12
Onion,Kolar,30-08-2019,18
Chilly+Capsicum,Kolar,22-08-2019,16
Beans,Chikkamagalore,06-11-2024,28
Gur(Jaggery),Bhadravathi,08-11-2019,21.63
Gur(Jaggery),Mandya,08-11-2019,36.7
Ginger(Green),Hunsur,09-09-2019,31
Ginger(Green),Shikaripura,09-09-2019,20
Cotton,Annigeri,11-11-2019,50
Cotton,Davangere,11-11-2019,45.43
Cotton,Gadag,11-11-2019,50.31
Cotton,Hubli (Amaragol),11-11-2019,47.09
Cotton,Kottur,11-11-2019,40
Capsicum,Malur,20-11-2019,26.92
Green+Peas,Shimoga,20-09-2019,73
Ragi+(Finger+Millet),Davangere,03-09-2019,26.5
Ragi+(Finger+Millet),Mysore (Bandipalya),03-09-2019,24.74
Ground+Nut+Seed,Mysore (Bandipalya),20-09-2019,115
Cotton,Ranebennur,11-11-2019,44.01
Cotton,Shorapur,11-11-2019,49.79
Groundnut,Chitradurga,20-09-2019,52.55
Groundnut,Davangere,20-09-2019,57.45
Groundnut,Gundlupet,20-09-2019,18
Groundnut,Kottur,20-09-2019,69.85
Groundnut,Mysore (Bandipalya),20-09-2019,43.87
Ragi+(Finger+Millet),Kadur,14-10-2019,20.5
Ragi+(Finger+Millet),Mysore (Bandipalya),14-10-2019,22.58
Rice,Gangavathi,14-10-2019,20.75
Gur(Jaggery),Bhadravathi,20-09-2019,40.07
Gur(Jaggery),Bijapur,20-09-2019,31
Gur(Jaggery),Gulbarga,20-09-2019,32.46
Gur(Jaggery),Gundlupet,20-09-2019,38
Wheat,Gadag,18-09-2019,27.31
Potato,Hubli (Amaragol),18-10-2019,24
Cow,Nippani,11-11-2019,500
Sheep,Bhadravathi,03-09-2019,50.23
Ragi+(Finger+Millet),Haveri,16-09-2019,21
Groundnut,Bellary,09-09-2019,74.03
Groundnut,Laxmeshwar,09-09-2019,45.19
Rice,Karatgi,16-09-2019,37.5
Pineapple,Malur,26-08-2019,20
Jowar(Sorghum),Basava Kalayana,20-09-2019,20.5
Jowar(Sorghum),Gulbarga,20-09-2019,36.76
Jowar(Sorghum),Manvi,03-09-2019,11.5
Sunflower,Gundlupet,03-09-2019,36
Sunflower,Koppal,03-09-2019,40.91
Sunflower,Kottur,03-09-2019,30.72
Jowar(Sorghum),Kottur,20-09-2019,22.6
Jowar(Sorghum),Mysore (Bandipalya),20-09-2019,35
Ginger(Dry),Moodigere,25-10-2019,17
Knool+Khol,Chikkamagalore,20-09-2019,12.12
Kulthi(Horse+Gram),Gundlupet,20-09-2019,41
Kulthi(Horse+Gram),Mysore (Bandipalya),20-09-2019,33.18
Kulthi(Horse+Gram),Tarikere,20-09-2019,36
Brinjal,Channapatana,06-11-2024,10
Tomato,Gundlupet,03-09-2019,7.25
Cotton,Honnali,31-08-2019,42
Cowpea(Veg),Honnali,31-08-2019,19.6
Cucumbar(Kheera),Honnali,31-08-2019,11.2
Ragi+(Finger+Millet),Davangere,16-10-2019,20.5
Ragi+(Finger+Millet),Kadur,16-10-2019,21
Onion,Bijapur,24-10-2019,12.5
Jowar(Sorghum),Gadag,08-11-2019,30.76
Onion,Hubli (Amaragol),24-10-2019,12.5
Onion,Kadur,24-10-2019,17.85
Soyabean,Haveri,16-09-2019,31
Onion,Mysore (Bandipalya),24-10-2019,22
Onion,Raichur,24-10-2019,24
Jowar(Sorghum),Sindhanur,08-11-2019,18.25
Rice,Bhadravathi,16-10-2019,20.84
Rice,Gangavathi,16-10-2019,20.75
Maize,Bagalakot,20-09-2019,22.56
Arhar+Dal(Tur+Dal),Mysore (Bandipalya),09-12-2019,87
Maize,Chitradurga,20-09-2019,23.86
Maize,Davangere,20-09-2019,22.6
Maize,Gulbarga,20-09-2019,24.06
Arhar+Dal(Tur+Dal),Shimoga,09-12-2019,89
Maize,Kottur,20-09-2019,16.9
Maize,Mysore (Bandipalya),20-09-2019,14.37
Maize,Tumkur,20-09-2019,24
Sajje,Harappana Halli,14-10-2019,18.4
Turmeric,Gundlupet,03-09-2019,56
Cabbage,Chikkamagalore,06-11-2024,9.84
Potato,Bangalore,26-08-2019,13.5
Potato,Chikkamagalore,26-08-2019,14.29
Sunflower,Mundaragi,16-09-2019,40.68
Cucumbar(Kheera),Honnali,26-12-2024,4.3
Paddy(Dhan)(Common),Bangarpet,28-08-2019,17.5
Paddy(Dhan)(Common),Mysore (Bandipalya),28-08-2019,17.24
Paddy(Dhan)(Common),Shorapur,28-08-2019,23.74
Paddy(Dhan)(Common),Hanagal,07-09-2019,16.6
Paddy(Dhan)(Common),Holenarsipura,07-09-2019,16
Paddy(Dhan)(Common),Honnali,07-09-2019,22.5
Paddy(Dhan)(Common),K.R.Nagar,07-09-2019,17.66
Paddy(Dhan)(Common),Lingasugur,07-09-2019,24.2
Paddy(Dhan)(Common),Nanjangud,07-09-2019,17
Sunflower,Sindhanur,15-10-2019,40.8
Cauliflower,Chikkamagalore,06-11-2024,11.07
Cabbage,Malur,09-10-2019,5.27
Safflower,Gadag,16-10-2019,47.25
Soyabean,Bidar,14-10-2019,27.5
Soyabean,Hubli (Amaragol),14-10-2019,32.09
She+Buffalo,Nippani,16-10-2019,500
Sheep,Nippani,16-10-2019,150
Turmeric,Gundlupet,29-08-2019,64
Maize,Gadag,08-11-2019,16.49
Onion,Davangere,20-09-2019,31
Maize,Mundaragi,08-11-2019,15.6
Soyabean,Bidar,16-10-2019,28.4
Soyabean,Hubli (Amaragol),16-10-2019,23.04
Maize,Somvarpet,08-11-2019,12
Wheat,Shimoga,30-08-2019,30
Chennangi+Dal,Bangalore,06-11-2024,57
Coconut,Tarikere,06-11-2024,103.95
Beans,Honnali,25-09-2019,14.3
Beetroot,Honnali,25-09-2019,7
Copra,Tiptur,06-11-2024,125
Coriander(Leaves),Gadag,06-11-2024,52.28
Jowar(Sorghum),Sindhanur,04-09-2019,12
Moath+Dal,Bangalore,30-08-2019,59.5
Rice,Karatgi,16-10-2019,35.71
Tamarind+Fruit,Nippani,31-08-2019,70
Ox,Arasikere,20-09-2019,700
Corriander+seed,Laxmeshwar,06-11-2024,59.65
Cotton,Chitradurga,06-11-2024,59.05
Cotton,Gadag,06-11-2024,56.08
Paddy(Dhan)(Common),Davangere,20-09-2019,19.9
Paddy(Dhan)(Common),Hosanagar,20-09-2019,14
Paddy(Dhan)(Common),Mysore (Bandipalya),20-09-2019,16.61
Paddy(Dhan)(Common),Sorabha,20-09-2019,15.2
Coconut,Hiriyur,06-09-2019,110.57
Alasande+Gram,Bangalore,30-08-2019,61
Rice,Gangavathi,04-09-2019,19.4
Rice,Haveri,04-09-2019,20
Cucumbar(Kheera),Channapatana,06-11-2024,8
Cucumbar(Kheera),Chikkamagalore,06-11-2024,23.08
Cucumbar(Kheera),Doddaballa Pur,06-11-2024,5.5
Sunflower,Gadag,16-10-2019,37.42
Sunflower,Kadur,16-10-2019,38.9
Alasande+Gram,Holenarsipura,26-12-2024,70
Sunflower,Nargunda,16-10-2019,32.57
Sunflower,Rona,16-10-2019,30.81
Cow,Chintamani,26-08-2019,400
Paddy(Dhan)(Common),Davangere,24-10-2019,18.75
Paddy(Dhan)(Common),Kalagategi,24-10-2019,16.25
Paddy(Dhan)(Common),Raichur,24-10-2019,23.41
Alasande+Gram,Gundlupet,07-09-2019,71
Cauliflower,Chikkamagalore,20-11-2019,10.17
Wheat,Annigeri,29-08-2019,22
Wheat,Nargunda,29-08-2019,23.25
Ragi+(Finger+Millet),Bhadravathi,18-10-2019,20
Ragi+(Finger+Millet),Davangere,18-10-2019,22
Sunflower,Bagalakot,14-10-2019,38.04
Sunflower,Kadur,14-10-2019,36.92
Dry+Chillies,Byadagi,11-11-2019,110.09
Rice,Bangarpet,18-10-2019,28.5
Beans,Malur,26-12-2024,31.25
Sunflower,Raichur,14-10-2019,37.66
Sunflower,Rona,14-10-2019,36.37
Wheat,Ramdurga,21-09-2019,21.5
Elephant+Yam+(Suran),Arasikere,11-11-2019,19
Banana+-+Green,Kundapura,07-09-2019,30
Alasande+Gram,Laxmeshwar,29-08-2019,49.54
Tomato,Gundlupet,16-10-2019,18
Tomato,Malur,16-10-2019,20
Cucumbar(Kheera),Ramanagara,14-09-2019,10
Coconut,Harihara,26-12-2024,112.5
Coconut,K.R.Nagar,26-12-2024,120
Maize,Hanagal,07-09-2019,20
Maize,Harappana Halli,07-09-2019,24.3
Cabbage,Chikkamagalore,26-12-2024,9.88
Potato,Chikkamagalore,20-09-2019,15.32
Gur(Jaggery),Mhalingapur,06-10-2019,33.56
Ground+Nut+Seed,Bangalore,23-09-2019,107.5
Chili+Red,Shimoga,09-10-2019,147.5
Marigold(Calcutta),Malur,31-08-2019,23.63
Thondekai,Ramanagara,05-09-2019,25
Ginger(Green),Tarikere,06-11-2024,19.27
Coconut,Arasikere,26-12-2024,142.78
Coconut,Mandya,26-12-2024,90
Coconut,Tarikere,26-12-2024,143.47
Beans,Gowribidanoor,29-08-2019,11
Tamarind+Fruit,Shimoga,26-08-2019,90
Copra,Arasikere,26-12-2024,130.05
Cotton,Chitradurga,26-12-2024,59.08
Cotton,Santhesargur,26-12-2024,62
Black+pepper,Somvarpet,29-08-2019,318
Rice,Karatgi,26-12-2024,30
Coconut,Tumkur,09-10-2019,110
Onion,Bangalore,13-09-2019,26
Onion,Kolar,13-09-2019,29.35
Ginger(Green),Santhesargur,26-12-2024,30
Coconut,Chamaraj Nagar,26-10-2019,150
Green+Chilli,Chikkamagalore,26-12-2024,10.07
Paddy(Dhan)(Common),Hanagal,13-09-2019,18.5
Paddy(Dhan)(Common),Honnali,13-09-2019,21.8
Paddy(Dhan)(Common),Lingasugur,13-09-2019,23.56
Gur(Jaggery),Mhalingapur,08-09-2019,34.65
Maize,Honnali,18-09-2019,21.3
Arhar+Dal(Tur+Dal),Bellary,17-12-2019,47.75
Cabbage,Chikkamagalore,29-08-2019,9.15
Groundnut,Mundaragi,26-12-2024,51.28
Groundnut,Raichur,26-12-2024,57.89
Gur(Jaggery),Bhadravathi,26-12-2024,21.44
Potato,Bangalore,13-09-2019,12.5
Soyabean,Bhalki,04-09-2019,36
Maize,Honnali,30-08-2019,21
Jowar(Sorghum),Bellary,26-12-2024,25.1
Jowar(Sorghum),Hubli (Amaragol),26-12-2024,28.11
Kulthi(Horse+Gram),Santhesargur,26-12-2024,33.89
Tomato,Chikkamagalore,05-09-2019,11.9
Tomato,K.R.Nagar,05-09-2019,7.78
Maize,Bellary,26-12-2024,23.82
Maize,Santhesargur,26-12-2024,15.5
Coconut,Arasikere,29-08-2019,100
Coconut,Bhadravathi,29-08-2019,161.49
Ground+Nut+Seed,Bangalore,04-09-2019,114
Tomato,Kolar,05-09-2019,11.33
Tomato,Malur,05-09-2019,12
Tomato,Srinivasapur,05-09-2019,8.2
Gur(Jaggery),Kolar,04-09-2019,42.84
Ragi+(Finger+Millet),Chintamani,13-09-2019,25
Ragi+(Finger+Millet),Holenarsipura,13-09-2019,20
Ragi+(Finger+Millet),Piriya Pattana,13-09-2019,23
Papaya,Malur,24-10-2019,8.53
Cotton,Chitradurga,29-08-2019,56.05
Cashewnuts,Kumta,07-09-2019,62
Alasande+Gram,Bangalore,05-09-2019,60.75
Alasande+Gram,Laxmeshwar,05-09-2019,51.54
Papaya,Ramanagara,24-12-2019,38
Onion,Hubli (Amaragol),26-12-2024,13
Onion,Raichur,26-12-2024,21.95
Elephant+Yam+(Suran),Arasikere,29-08-2019,17
Paddy(Dhan)(Common),Chikkamagalore,26-12-2024,29.25
Paddy(Dhan)(Common),Holenarsipura,26-12-2024,19
Paddy(Dhan)(Common),Raichur,26-12-2024,21.33
Tomato,Channapatana,13-09-2019,5.5
Sunflower,Raichur,26-08-2019,38.68
Paddy(Dhan)(Common),Haliyala,18-09-2019,17.5
Paddy(Dhan)(Common),Hanagal,18-09-2019,18.5
Paddy(Dhan)(Common),Honnali,18-09-2019,21.58
Paddy(Dhan)(Common),Nanjangud,18-09-2019,17.5
Ginger(Green),Hirekerur,29-08-2019,23
Ginger(Green),Moodigere,29-08-2019,19
Chrysanthemum(Loose),Malur,07-09-2019,50
Tender+Coconut,Malur,26-08-2019,160
Coconut,Arasikere,07-09-2019,142.8
Green+Chilli,Chikkamagalore,06-11-2024,15.19
Coconut,Kumta,07-09-2019,95
Green+Chilli,Chikkamagalore,29-08-2019,10.09
Copra,Kundapura,09-10-2019,120
Potato,Hubli (Amaragol),26-12-2024,10.5
Tomato,Chikkamagalore,26-08-2019,8.14
Coconut,Honnali,31-08-2019,130
Coconut,Kanakapura,31-08-2019,125
Green+Chilli,Honnali,29-08-2019,11.5
Corriander+seed,Bhadravathi,07-09-2019,46.65
Groundnut,Mundaragi,29-08-2019,60.15
Groundnut,Raichur,29-08-2019,65.38
Cotton,Bijapur,07-09-2019,61.04
Cotton,Chitradurga,07-09-2019,58.17
Gur(Jaggery),Bhadravathi,29-08-2019,25.34
Gur(Jaggery),Mandya,29-08-2019,35.5
Beans,Chikkamagalore,05-09-2019,29.41
Beans,Malur,05-09-2019,46.92
Jowar(Sorghum),Bellary,29-08-2019,23.95
Jowar(Sorghum),Gadag,29-08-2019,25.98
Jowar(Sorghum),Laxmeshwar,29-08-2019,26.79
Ragi+(Finger+Millet),Arasikere,26-12-2024,25
Ragi+(Finger+Millet),Holenarsipura,26-12-2024,28.5
Beetroot,Chikkamagalore,05-09-2019,12.12
Kulthi(Horse+Gram),Arasikere,29-08-2019,62
Rice,Malur,26-12-2024,32.81
Rice,Mandya,26-12-2024,60.12
Water+Melon,Malur,26-08-2019,10
Maize,Bellary,29-08-2019,22.32
Maize,Harappana Halli,29-08-2019,24.6
Safflower,Hubli (Amaragol),26-12-2024,46.81
Alasande+Gram,Laxmeshwar,03-09-2019,57.26
Coriander(Leaves),Gadag,09-10-2019,53.37
Sunflower,Bellary,26-12-2024,39.67
Sunflower,Mundaragi,26-12-2024,38.52
Sunflower,Sindhanur,26-12-2024,42.5
Sweet+Pumpkin,Malur,26-12-2024,5
Tender+Coconut,Mandya,26-12-2024,100
Jowar(Sorghum),Lingasugur,11-09-2019,20
Black+pepper,Gonikappal,05-09-2019,260
Tomato,Chikkamagalore,26-12-2024,11.5
Onion,Arasikere,29-08-2019,14
Onion,Raichur,29-08-2019,23.9
Rice,Karatgi,31-08-2019,24.35
Drumstick,Malur,07-09-2019,20.23
Paddy(Dhan)(Common),Bhadravathi,29-08-2019,18.47
Paddy(Dhan)(Common),Raichur,29-08-2019,21.43
Brinjal,Honnali,05-09-2019,14.2
Dry+Chillies,Hubli (Amaragol),07-09-2019,61.6
Elephant+Yam+(Suran),Arasikere,07-09-2019,16.28
Beans,Chikkamagalore,03-09-2019,31.82
Beans,Malur,03-09-2019,34
Ground+Nut+Seed,Davangere,25-10-2019,37.68
Cabbage,Chikkamagalore,05-09-2019,9.62
Cabbage,Honnali,05-09-2019,8.3
Potato,Chikkamagalore,29-08-2019,13.89
Rice,Gangavathi,26-08-2019,19
Raddish,Chikkamagalore,20-09-2019,11
Kulthi(Horse+Gram),Bangalore,30-08-2019,41.5
Alasande+Gram,Arasikere,28-08-2019,42
Kulthi(Horse+Gram),Chintamani,30-08-2019,36.6
Arhar+Dal(Tur+Dal),Malur,28-08-2019,67
Ashgourd,Mysore (Bandipalya),28-08-2019,17
Beans,Malur,28-08-2019,33.33
Beans,Mysore (Bandipalya),28-08-2019,31
Beetroot,Mysore (Bandipalya),28-08-2019,15
Bitter+gourd,Mysore (Bandipalya),28-08-2019,21.5
Raddish,Gowribidanoor,29-08-2019,5.5
Black+pepper,Gonikappal,28-08-2019,260
Bottle+gourd,Mysore (Bandipalya),28-08-2019,14.5
Rice,Bhadravathi,29-08-2019,20.03
Rice,Hoskote,29-08-2019,46.12
Rice,Mandya,29-08-2019,27.85
Tomato,Malur,14-10-2019,13.46
Brinjal,Mysore (Bandipalya),28-08-2019,8.5
Cucumbar(Kheera),Honnali,24-09-2019,7.9
Cucumbar(Kheera),Kolar,24-09-2019,11
Cabbage,Chikkamagalore,03-09-2019,7.95
Cabbage,Malur,03-09-2019,6.51
Groundnut,Chitradurga,25-10-2019,49.25
Groundnut,Hubli (Amaragol),25-10-2019,31
Groundnut,Kadur,25-10-2019,54.32
Ridgeguard(Tori),Chikkamagalore,29-08-2019,16.67
Groundnut,Laxmeshwar,25-10-2019,38.6
Cotton,Annigeri,09-10-2019,56
Ragi+(Finger+Millet),Arasikere,20-09-2019,22.2
Cotton,Bijapur,09-10-2019,57.51
Ragi+(Finger+Millet),Kadur,20-09-2019,27.5
Ragi+(Finger+Millet),Mysore (Bandipalya),20-09-2019,26
Moath+Dal,Bangalore,17-09-2019,61.5
Cotton,Gadag,09-10-2019,56.27
Cabbage,Chikkamagalore,28-08-2019,8.05
Cabbage,Malur,28-08-2019,5.3
Cabbage,Mysore (Bandipalya),28-08-2019,7
Dry+Chillies,Sindhanur,29-08-2019,45
Carrot,Ramanagara,31-08-2019,45
Cotton,Ranebennur,09-10-2019,54.09
Groundnut,Mysore (Bandipalya),25-10-2019,40.58
Groundnut,Raichur,25-10-2019,48.09
Capsicum,Mysore (Bandipalya),28-08-2019,29
Carrot,Mysore (Bandipalya),28-08-2019,41
Cauliflower,Chikkamagalore,03-09-2019,9.64
Cotton,Chitradurga,05-09-2019,61.51
Cotton,Haveri,05-09-2019,50.75
Sunflower,Mundaragi,29-08-2019,38.76
Sunflower,Raichur,29-08-2019,37.15
Castor+Seed,Gowribidanoor,28-08-2019,50
Cowpea(Veg),Honnali,05-09-2019,16.6
Cauliflower,Chikkamagalore,28-08-2019,10.27
Cauliflower,Mysore (Bandipalya),28-08-2019,9
Tender+Coconut,Mandya,29-08-2019,140
Cucumbar(Kheera),Honnali,05-09-2019,7.5
Chilly+Capsicum,Mysore (Bandipalya),28-08-2019,18
Cucumbar(Kheera),Ramanagara,05-09-2019,13
Tomato,Arasikere,29-08-2019,5.62
Tomato,Chikkamagalore,29-08-2019,9.28
Tomato,Gowribidanoor,29-08-2019,4.5
Rice,Gangavathi,20-09-2019,20.7
Chrysanthemum(Loose),Malur,03-09-2019,28.33
Coconut,Kanakapura,03-09-2019,94.29
Coconut,Srirangapattana,03-09-2019,125
Coconut,Tarikere,03-09-2019,105.69
Gur(Jaggery),Bijapur,07-09-2019,34
Wheat,Gadag,29-08-2019,25.65
Cotton,Bellary,03-09-2019,54.58
Cotton,Chitradurga,03-09-2019,59.02
Cow,Hirekerur,03-09-2019,480
Sunflower,Mundaragi,04-09-2019,34.64
Sweet+Potato,Somvarpet,04-09-2019,6.66
Cotton,Santhesargur,28-08-2019,55.74
Cucumbar(Kheera),Chikkamagalore,28-08-2019,10.25
Cucumbar(Kheera),Mysore (Bandipalya),28-08-2019,12
Ginger(Dry),Shikaripura,05-09-2019,120
Safflower,Gulbarga,18-10-2019,44.76
Paddy(Dhan)(Common),Hanagal,17-09-2019,16.67
Paddy(Dhan)(Common),Nanjangud,17-09-2019,18
Ginger(Green),Piriya Pattana,05-09-2019,28
Ragi+(Finger+Millet),Arasikere,18-09-2019,22
Chilly+Capsicum,Ramanagara,14-09-2019,26
Dry+Chillies,Byadagi,03-09-2019,102.1
Drumstick,Malur,28-08-2019,10
Drumstick,Mysore (Bandipalya),28-08-2019,29
Jowar(Sorghum),Basava Kalayana,07-09-2019,33
Elephant+Yam+(Suran),Arasikere,28-08-2019,12
Jowar(Sorghum),Gadag,07-09-2019,27
Jowar(Sorghum),Hubli (Amaragol),07-09-2019,25.09
Paddy(Dhan)(Common),Harihara,28-08-2019,18.39
Paddy(Dhan)(Common),Honnali,28-08-2019,21.08
Paddy(Dhan)(Common),Nanjangud,28-08-2019,20
Paddy(Dhan)(Common),Srirangapattana,28-08-2019,17
Green+Chilli,Chikkamagalore,05-09-2019,31.25
Green+Chilli,Ramanagara,05-09-2019,32
Ginger(Green),Mysore (Bandipalya),28-08-2019,60
Ginger(Green),Srirangapattana,03-09-2019,25
Green+Chilli,Chikkamagalore,28-08-2019,10.4
Green+Chilli,Mysore (Bandipalya),28-08-2019,9.5
Green+Chilli,Honnali,03-09-2019,11.3
Arhar+Dal(Tur+Dal),Mysore (Bandipalya),28-08-2019,85
Ridgeguard(Tori),Kolar,18-09-2019,23
Rice,Kolar,28-08-2019,51.17
Rice,Srirangapattana,28-08-2019,22.1
Groundnut,Raichur,05-09-2019,60.16
Ridgeguard(Tori),Honnali,28-08-2019,14.8
Ridgeguard(Tori),Kolar,28-08-2019,12
Green+Peas,Bhadravathi,28-08-2019,60
She+Buffalo,Nippani,18-10-2019,500
Groundnut,Raichur,28-08-2019,54.99
Groundnut,Raichur,03-09-2019,56.66
Gur(Jaggery),Bhadravathi,05-09-2019,30
Gur(Jaggery),Kudchi,05-09-2019,34
Gur(Jaggery),Srirangapattana,05-09-2019,29
Sunflower,Sindhanur,28-08-2019,41
Tamarind+Fruit,Tumkur,28-08-2019,65
Sheep,Nippani,18-10-2019,40
Tender+Coconut,Srirangapattana,28-08-2019,100
Gur(Jaggery),Srirangapattana,03-09-2019,35
Tomato,Kolar,28-08-2019,10
Black+pepper,Kadur,28-08-2019,200
Black+pepper,Sirsi,28-08-2019,309.79
Ground+Nut+Seed,Bangalore,06-11-2024,107.5
Jowar(Sorghum),Bellary,05-09-2019,21.1
Jowar(Sorghum),Gadag,05-09-2019,26.25
Jowar(Sorghum),Haveri,05-09-2019,31.5
Jowar(Sorghum),Raichur,05-09-2019,30.5
Jowar(Sorghum),Bellary,03-09-2019,24.83
Jowar(Sorghum),Gadag,03-09-2019,27.11
Jowar(Sorghum),Laxmeshwar,03-09-2019,24.66
Jowar(Sorghum),Sindhanur,03-09-2019,25
Kulthi(Horse+Gram),Bangalore,05-09-2019,41
Sunflower,Gulbarga,26-08-2019,36.26
Sunflower,Sindhanur,26-08-2019,42
Jowar(Sorghum),Haveri,28-08-2019,30
Jowar(Sorghum),Hubli (Amaragol),28-08-2019,28.3
Jowar(Sorghum),Laxmeshwar,28-08-2019,24.89
Groundnut,Bellary,06-11-2024,78.89
Knool+Khol,Chikkamagalore,28-08-2019,12.16
Knool+Khol,Mysore (Bandipalya),28-08-2019,11.5
Groundnut,Gadag,06-11-2024,62.68
Groundnut,Laxmeshwar,06-11-2024,61.83
Groundnut,Savanur,06-11-2024,66.33
Maize,Bellary,03-09-2019,23.64
Maize,Hirekerur,03-09-2019,23
Onion,Hubli (Amaragol),22-08-2019,17.5
Maize,Bellary,05-09-2019,24.35
Maize,Doddaballa Pur,05-09-2019,23
Maize,Hanagal,05-09-2019,21
Maize,Honnali,05-09-2019,20.9
Kulthi(Horse+Gram),Arasikere,28-08-2019,34.8
Maize,Annigeri,31-08-2019,24.8
Maize,Davangere,31-08-2019,21.8
Maize,Gulbarga,31-08-2019,26.36
Brinjal,Honnali,31-08-2019,19.5
Maize,Hanagal,28-08-2019,24
Maize,Haveri,28-08-2019,24.5
Maize,Mundaragi,28-08-2019,23.48
Maize,Santhesargur,28-08-2019,15.5
Maize,Savanur,28-08-2019,25
Maize,Shikaripura,28-08-2019,21
Cabbage,Honnali,31-08-2019,9.3
Safflower,Gulbarga,20-09-2019,42.26
Ragi+(Finger+Millet),Piriya Pattana,19-12-2019,21
She+Buffalo,Nippani,20-09-2019,620
Sheep,Arasikere,20-09-2019,93
Mustard,Bhadravathi,07-09-2019,40.25
Ridgeguard(Tori),Honnali,17-09-2019,15
Onion,Raichur,03-09-2019,22.86
Chili+Red,Shimoga,28-08-2019,135
Coconut,Kadur,28-08-2019,80
Coconut,Tumkur,28-08-2019,115
Marigold(Calcutta),Malur,28-08-2019,30
Jowar(Sorghum),Sindhanur,30-08-2019,12.05
Copra,Tiptur,28-08-2019,125
Onion,Raichur,05-09-2019,23.7
Coriander(Leaves),Tumkur,28-08-2019,88
Mustard,Haveri,28-08-2019,37.5
Cotton,Bijapur,28-08-2019,63.91
Tomato,Chikkamagalore,04-09-2019,12.01
Paddy(Dhan)(Common),Chikkamagalore,03-09-2019,25.17
Paddy(Dhan)(Common),Raichur,03-09-2019,19.09
Soyabean,Bidar,20-09-2019,37.6
Soyabean,Gulbarga,20-09-2019,32.5
Gur(Jaggery),Mandya,06-11-2024,33.5
Sweet+Potato,Somvarpet,17-09-2019,7.14
Coconut,Kumta,12-09-2019,189.2
Tomato,Channapatana,17-09-2019,8
Onion,Davangere,07-09-2019,25
Garlic,Mysore (Bandipalya),28-08-2019,80
Tomato,Srinivasapur,18-09-2019,5.33
Onion,Chikkamagalore,28-08-2019,21.43
Onion,Hubli (Amaragol),28-08-2019,21.5
Onion,Raichur,28-08-2019,25.6
Ginger(Green),Moodigere,28-08-2019,19.65
Soyabean,Gulbarga,18-10-2019,32.55
Soyabean,Hubli (Amaragol),18-10-2019,31.69
Potato,Chikkamagalore,03-09-2019,14.39
Paddy(Dhan)(Common),Bhadravathi,05-09-2019,18.74
Paddy(Dhan)(Common),Chikkamagalore,05-09-2019,20
Paddy(Dhan)(Common),Haliyala,05-09-2019,16.8
Paddy(Dhan)(Common),Hanagal,05-09-2019,19.5
Paddy(Dhan)(Common),Honnali,05-09-2019,17.83
Paddy(Dhan)(Common),Kolar,05-09-2019,18.74
Paddy(Dhan)(Common),Lingasugur,05-09-2019,24.4
Paddy(Dhan)(Common),Raichur,05-09-2019,22.02
Sunflower,Bagalakot,20-09-2019,39.19
Sunflower,Chitradurga,20-09-2019,34.75
Sunflower,Kottur,20-09-2019,40.77
Sunflower,Rona,20-09-2019,38.15
Carrot,Ramanagara,14-09-2019,30
Groundnut,Mysore (Bandipalya),28-08-2019,45.43
Paddy(Dhan)(Common),Dharwar,26-08-2019,14
Paddy(Dhan)(Common),Kundapura,26-08-2019,19.54
Paddy(Dhan)(Common),Shimoga,26-08-2019,22
Tamarind+Fruit,Tumkur,20-09-2019,65
Tamarind+Seed,Kadur,20-09-2019,11
Paddy(Dhan)(Common),Davangere,07-09-2019,16.75
Tamarind+Seed,Tarikere,20-09-2019,10
Paddy(Dhan)(Common),Sorabha,07-09-2019,16
Gur(Jaggery),Gulbarga,28-08-2019,34.5
Gur(Jaggery),Mandya,28-08-2019,36
Gur(Jaggery),Mhalingapur,28-08-2019,34.69
Paddy(Dhan)(Common),Hanagal,28-08-2019,17
Paddy(Dhan)(Common),Haveri,28-08-2019,15.5
Paddy(Dhan)(Common),Madhugiri,28-08-2019,18
Paddy(Dhan)(Common),Raichur,28-08-2019,21.19
Paddy(Dhan)(Common),Shikaripura,28-08-2019,20
Jowar(Sorghum),Basava Kalayana,28-08-2019,31
Cucumbar(Kheera),Kolar,07-10-2019,7.5
Jowar(Sorghum),Gulbarga,28-08-2019,37.52
Wheat,Gadag,16-10-2019,21.2
Wheat,Shimoga,16-10-2019,27.5
Ragi+(Finger+Millet),Tarikere,03-09-2019,23
Tomato,Chikkamagalore,20-09-2019,9.45
Gurellu,Gadag,06-11-2024,51.37
Tomato,Srinivasapur,20-09-2019,4.67
Gurellu,Laxmeshwar,06-11-2024,42.98
Maize,Annigeri,28-08-2019,22.1
Maize,Gulbarga,28-08-2019,26.46
Maize,Tumkur,28-08-2019,24
Pineapple,Malur,07-09-2019,20
Jowar(Sorghum),Bellary,06-11-2024,21.03
Jowar(Sorghum),Gadag,06-11-2024,22.19
Jowar(Sorghum),Haveri,06-11-2024,16
Jowar(Sorghum),Kottur,06-11-2024,18.49
Jowar(Sorghum),Laxmeshwar,06-11-2024,22.73
Jowar(Sorghum),Nargunda,06-11-2024,24.14
Sunflower,Gundlupet,26-12-2024,36
Sunflower,Mysore (Bandipalya),26-12-2024,38.83
Methi+Seeds,Mysore (Bandipalya),28-08-2019,60
Methi+Seeds,Shimoga,28-08-2019,66.5
Beans,Chikkamagalore,06-09-2019,30.76
Beetroot,Chikkamagalore,06-09-2019,11.53
Cucumbar(Kheera),Chikkamagalore,31-08-2019,14.29
Cucumbar(Kheera),Gowribidanoor,31-08-2019,7.5
Sheep,Hirekerur,03-09-2019,53.5
Soyabean,Bhalki,03-09-2019,33
Soyabean,Bidar,03-09-2019,36.45
Ragi+(Finger+Millet),Chintamani,01-10-2019,23.5
Sunflower,Bellary,03-09-2019,39.97
Sunflower,Gadag,03-09-2019,38.42
Sunflower,Mundaragi,03-09-2019,36.95
Sunflower,Raichur,03-09-2019,36.88
Potato,Chikkamagalore,28-08-2019,14.2
Onion,Mysore (Bandipalya),28-08-2019,23
Ridgeguard(Tori),Kolar,01-10-2019,13
Tomato,Chikkamagalore,03-09-2019,7.74
Tomato,Srinivasapur,03-09-2019,7
Soyabean,Hanagal,01-10-2019,36.47
Soyabean,Haveri,01-10-2019,36
Potato,Chikkamagalore,05-09-2019,13.29
Maize,Bellary,06-11-2024,20.1
Maize,Doddaballa Pur,06-11-2024,22.8
Maize,Kottur,06-11-2024,19.94
Gur(Jaggery),Gundlupet,25-10-2019,38
Suvarna+Gadde,Ramanagara,28-09-2019,36
Gur(Jaggery),Mandya,25-10-2019,34.5
Gur(Jaggery),Mhalingapur,25-10-2019,25.29
Tender+Coconut,Santhesargur,01-10-2019,100
Wheat,Basava Kalayana,20-09-2019,21
Wheat,Shimoga,20-09-2019,31
Tomato,Kolar,28-09-2019,17.33
Tomato,Chintamani,01-10-2019,18
Tomato,Kolar,01-10-2019,20
Tomato,Srinivasapur,01-10-2019,13.3
Cowpea(Veg),Honnali,29-08-2019,16.63
Wheat,Gadag,03-09-2019,28.69
Drumstick,Ramanagara,29-08-2019,46
Dry+Chillies,Byadagi,09-10-2019,94.1
Sunflower,Bagalakot,18-10-2019,37.71
Sunflower,Chitradurga,18-10-2019,37.15
Sunflower,Gadag,18-10-2019,37.05
Sunflower,Gulbarga,18-10-2019,32.44
Sunflower,Kottur,18-10-2019,34.64
Cabbage,Kolar,06-09-2019,4.5
Sunflower,Raichur,18-10-2019,35.89
Ragi+(Finger+Millet),Arasikere,28-08-2019,22.7
Carrot,Kolar,06-09-2019,31
Ginger(Green),Kolar,22-09-2019,15
Rice,Gangavathi,07-09-2019,20.66
Onion,Chikkamagalore,08-11-2019,28
Onion,Kolar,08-11-2019,40
Potato,Hubli (Amaragol),24-10-2019,12
Potato,Mysore (Bandipalya),24-10-2019,15.5
Onion,Malur,08-11-2019,30
Rice,Haveri,28-08-2019,19.8
Rice,Shikaripura,28-08-2019,19
Banana,Malur,09-12-2019,20
Maize,Hanagal,17-09-2019,20
Maize,Holenarsipura,17-09-2019,21
Maize,Honnali,17-09-2019,21.6
Maize,Somvarpet,17-09-2019,13
Ginger(Green),Hunsur,09-10-2019,25
Ginger(Green),Santhesargur,09-10-2019,24
Ridgeguard(Tori),Chikkamagalore,28-08-2019,12.07
Ridgeguard(Tori),Mysore (Bandipalya),28-08-2019,19.5
Castor+Seed,Bellary,21-11-2019,37.51
Knool+Khol,Kolar,22-09-2019,12
She+Buffalo,Nippani,07-09-2019,400
Beetroot,Honnali,31-08-2019,9
Sajje,Mundaragi,28-08-2019,22.15
Seemebadnekai,Mysore (Bandipalya),28-08-2019,19.5
Snakeguard,Mysore (Bandipalya),28-08-2019,14
Sunflower,Bagalakot,07-09-2019,39.61
Sunflower,Gadag,07-09-2019,37.19
Onion,Chikkamagalore,06-11-2024,29.41
Beans,Malur,27-11-2019,20.1
Sunflower,Mundaragi,28-08-2019,40.11
Suvarna+Gadde,Mysore (Bandipalya),28-08-2019,24.5
Sweet+Potato,Mysore (Bandipalya),28-08-2019,19
Sweet+Pumpkin,Mysore (Bandipalya),28-08-2019,4.5
Sunflower,Gulbarga,31-08-2019,35.66
Coconut,Arasikere,06-09-2019,142.78
Coconut,Davangere,06-09-2019,100
Coconut,Doddaballa Pur,06-09-2019,120
Coconut,Gundlupet,06-09-2019,108
Coconut,Kadur,06-09-2019,141
Coconut,Tumkur,06-09-2019,110
Coconut,Malur,20-11-2019,133.3
Tomato,Arasikere,07-09-2019,4.32
Tomato,Malur,07-09-2019,14.81
Tomato,Srinivasapur,07-09-2019,6
Thondekai,Mysore (Bandipalya),28-08-2019,21
Copra,Arasikere,06-09-2019,128.23
Wheat,Chitradurga,04-09-2019,18.92
Tomato,Arasikere,28-08-2019,6
Tomato,Chikkamagalore,28-08-2019,9.72
Tomato,Mysore (Bandipalya),28-08-2019,5
Tomato,Srinivasapur,28-08-2019,6.67
Gurellu,Laxmeshwar,25-10-2019,41.91
Wheat,Haveri,04-09-2019,25
Wheat,Nargunda,04-09-2019,22.87
Cotton,Davangere,06-09-2019,55.56
Cotton,Dharwar,06-09-2019,60.47
Cotton,Gundlupet,06-09-2019,53.18
Cotton,Ranebennur,06-09-2019,52.44
Green+Peas,Bangalore,30-08-2019,76
Ground+Nut+Seed,Bangalore,30-08-2019,112.5
Cow,Arasikere,06-09-2019,680
Paddy(Dhan)(Common),Chikkamagalore,06-11-2024,20.17
Paddy(Dhan)(Common),Shikaripura,06-11-2024,18.28
Rice,Doddaballa Pur,05-09-2019,22.4
Rice,Gangavathi,05-09-2019,20.6
Rice,Kolar,05-09-2019,55.41
Cucumbar(Kheera),Chikkamagalore,06-09-2019,15
Jowar(Sorghum),Hubli (Amaragol),25-10-2019,24.11
Turmeric,Gundlupet,07-09-2019,100
Jowar(Sorghum),Laxmeshwar,25-10-2019,20.2
Water+Melon,Malur,07-09-2019,10
Wheat,Basava Kalayana,07-09-2019,21
Wheat,Gadag,07-09-2019,26.58
Wheat,Hubli (Amaragol),07-09-2019,22.56
Wheat,Bhadravathi,14-10-2019,24.7
Wheat,Hubli (Amaragol),14-10-2019,26.69
Wheat,Laxmeshwar,14-10-2019,25.59
Wheat,Bhadravathi,28-08-2019,30.68
Banana+-+Green,Somvarpet,10-12-2019,20
Black+pepper,Chikkamagalore,26-09-2019,278.38
Black+pepper,Yellapur,26-09-2019,307.11
Wheat,Nargunda,14-10-2019,23.05
Green+Peas,Shimoga,09-10-2019,77.5
Groundnut,Bijapur,09-10-2019,75
Groundnut,Davangere,09-10-2019,59.97
Groundnut,Gadag,09-10-2019,66.39
Groundnut,Hubli (Amaragol),09-10-2019,45.11
Wheat,Gadag,04-09-2019,21.73
Groundnut,Raichur,09-10-2019,52
Arhar+Dal(Tur+Dal),Bellary,31-08-2019,52.8
Gur(Jaggery),Gulbarga,09-10-2019,32.5
Gur(Jaggery),Mhalingapur,09-10-2019,33.26
Gur(Jaggery),Shimoga,09-10-2019,37
Copra,Tiptur,20-11-2019,115
Potato,Chikkamagalore,06-11-2024,14.21
Goat,Arasikere,06-09-2019,80
Wheat,Gadag,18-10-2019,25.13
Wheat,Tarikere,18-10-2019,50
Black+pepper,Somvarpet,31-08-2019,300
Green+Chilli,Chikkamagalore,06-09-2019,15.07
Green+Chilli,Davangere,06-09-2019,16
Coconut,Honnali,24-09-2019,120
Coconut,Nanjangud,24-09-2019,97.5
Gurellu,Gadag,09-10-2019,50.27
Jowar(Sorghum),Badami,09-10-2019,12
Jowar(Sorghum),Gadag,09-10-2019,21.16
Jowar(Sorghum),Gulbarga,09-10-2019,32.5
Jowar(Sorghum),Kottur,09-10-2019,17.38
Cabbage,Chikkamagalore,31-08-2019,8.71
Cabbage,Gowribidanoor,31-08-2019,5.5
Raddish,Malur,24-10-2019,5
Carrot,Gowribidanoor,31-08-2019,14
Sunflower,Bellary,05-09-2019,41.82
Sunflower,Mundaragi,05-09-2019,36.19
Sunflower,Raichur,05-09-2019,27.01
Ground+Nut+Seed,Mysore (Bandipalya),06-09-2019,116
Groundnut,Mysore (Bandipalya),06-09-2019,47.59
Chennangi+Dal,Haveri,18-11-2019,56.25
Gur(Jaggery),Bijapur,06-09-2019,34
Gur(Jaggery),Gundlupet,06-09-2019,38
Lime,Bijapur,09-10-2019,18
Cotton,Savanur,20-11-2019,50.47
Cotton,Shorapur,20-11-2019,50
Jowar(Sorghum),Gundlupet,06-09-2019,17.5
Cotton,Sindhanur,20-11-2019,50
Maize,Athani,09-10-2019,22
Maize,Bagalakot,09-10-2019,21
Kulthi(Horse+Gram),Gundlupet,06-09-2019,40.65
Maize,Davangere,09-10-2019,20.01
Maize,Gundlupet,09-10-2019,19
Maize,Kottur,09-10-2019,20.78
Cabbage,Chikkamagalore,26-09-2019,8.1
Black+pepper,Gonikappal,30-08-2019,350
Maize,Mysore (Bandipalya),09-10-2019,18.58
Maize,Rona,09-10-2019,21.66
Maize,Santhesargur,09-10-2019,14
Green+Chilli,Chikkamagalore,31-08-2019,10.85
Ragi+(Finger+Millet),Davangere,24-10-2019,20.2
Ragi+(Finger+Millet),Kottur,24-10-2019,23.11
Maize,Mysore (Bandipalya),06-09-2019,14.7
Maize,Shikaripura,06-09-2019,25
Maize,Sorabha,06-09-2019,24.5
Maize,Tumkur,06-09-2019,23
Green+Chilli,Honnali,11-09-2019,8.8
Coconut,Davangere,18-11-2019,14
Cabbage,Chikkamagalore,25-11-2019,10.05
Groundnut,Raichur,31-08-2019,57.38
Mango,Malur,09-10-2019,11.33
Ragi+(Finger+Millet),Chikkamagalore,06-11-2024,21.5
Rice,Doddaballa Pur,06-11-2024,55
Rice,Gowribidanoor,06-11-2024,20.5
Beans,Malur,12-09-2019,42.85
Cabbage,Malur,25-11-2019,6.88
Marigold(Calcutta),Malur,09-10-2019,28.57
Jowar(Sorghum),Bellary,31-08-2019,25.79
Jowar(Sorghum),Raichur,31-08-2019,30
Knool+Khol,Chikkamagalore,31-08-2019,10.14
Kulthi(Horse+Gram),Santhesargur,31-08-2019,36.5
Maize,Bellary,31-08-2019,24.29
Maize,Chikkamagalore,31-08-2019,23
Maize,Harappana Halli,31-08-2019,24.54
Maize,Santhesargur,31-08-2019,13.95
Coconut,Bhadravathi,30-08-2019,130
Coconut,Tarikere,30-08-2019,119.3
Sunflower,Gulbarga,28-08-2019,36.26
Sunflower,Gundlupet,28-08-2019,35
Ridgeguard(Tori),Chikkamagalore,06-11-2024,18.97
Green+Peas,Shimoga,11-11-2019,96.5
Mustard,Shimoga,09-10-2019,42.5
Safflower,Gadag,06-11-2024,47.73
Ginger(Green),Piriya Pattana,24-10-2019,25.25
Onion,Doddaballa Pur,06-09-2019,20
Onion,Chikkamagalore,31-08-2019,28.57
Onion,Gowribidanoor,31-08-2019,24
Onion,Raichur,31-08-2019,21.75
Alasande+Gram,Gundlupet,31-08-2019,68
Alasande+Gram,Laxmeshwar,31-08-2019,47.57
Dry+Chillies,Mandya,30-08-2019,95
Elephant+Yam+(Suran),Arasikere,30-08-2019,12
Maize,Chitradurga,25-10-2019,20.79
Maize,Davangere,25-10-2019,18.31
Groundnut,Bellary,11-11-2019,44.16
Maize,Haliyala,25-10-2019,20
Groundnut,Davangere,11-11-2019,41.38
Groundnut,Dharwar,11-11-2019,39.51
Brinjal,Malur,12-09-2019,10
Maize,Kadur,25-10-2019,21
Maize,Mandya,25-10-2019,20
Maize,Mysore (Bandipalya),25-10-2019,20.89
Groundnut,Gadag,11-11-2019,41.67
Groundnut,Hubli (Amaragol),11-11-2019,40.47
Groundnut,Laxmeshwar,11-11-2019,39.03
Ginger(Green),Hirekerur,30-08-2019,23
Groundnut,Raichur,11-11-2019,38.59
Groundnut,Ranebennur,11-11-2019,36.07
Groundnut,Rona,11-11-2019,36.94
Safflower,Gadag,24-10-2019,47.67
Sajje,Gadag,24-10-2019,11.2
Goat,Arasikere,30-08-2019,74.5
Arhar+Dal(Tur+Dal),Shimoga,31-08-2019,82
Paddy(Dhan)(Common),Chikkamagalore,31-08-2019,18.19
Paddy(Dhan)(Common),Raichur,31-08-2019,21.51
Paddy(Dhan)(Common),Santhesargur,31-08-2019,16.02
Sunflower,Gadag,06-11-2024,38.49
Sweet+Pumpkin,Chikkamagalore,06-11-2024,9.09
Copra,Turvekere,18-11-2019,119.67
Cucumbar(Kheera),Kolar,22-09-2019,8
Garlic,Bangalore,23-09-2019,78.5
Tender+Coconut,Chamaraj Nagar,06-11-2024,91
Coconut,Gubbi,26-09-2019,180
Coconut,Kadur,26-09-2019,100
Coconut,Kumta,26-09-2019,198.5
Coconut,Kundapura,26-09-2019,105
Soyabean,Haveri,24-10-2019,32
Soyabean,Hubli (Amaragol),24-10-2019,31.05
Groundnut,Kottur,30-08-2019,65.22
Jowar(Sorghum),Manvi,07-09-2019,27.5
Banana+-+Green,Kundapura,31-08-2019,25
Tomato,Channapatana,06-11-2024,12
Tomato,Chikkamagalore,06-11-2024,19.3
Onion,Bijapur,09-10-2019,18
Potato,Chikkamagalore,31-08-2019,13.85
Tomato,Kolar,06-11-2024,16.67
Onion,Davangere,09-10-2019,17.5
Onion,Gadag,09-10-2019,16
Onion,Hubli (Amaragol),09-10-2019,14
Onion,Raichur,09-10-2019,21.5
Onion,Ranebennur,09-10-2019,21
Onion,Tarikere,09-10-2019,12
Coconut,Hiriyur,21-11-2019,170.72
Beans,Malur,31-08-2019,35.24
Coriander(Leaves),Tumkur,18-11-2019,88
Ox,Arasikere,06-09-2019,750
Copra,Gubbi,26-09-2019,135
Copra,Turvekere,26-09-2019,130
Paddy(Dhan)(Common),Davangere,06-09-2019,21.75
Maize,Hirekerur,30-08-2019,22.5
Maize,Santhesargur,30-08-2019,15
Paddy(Dhan)(Common),Kundapura,06-09-2019,20
Paddy(Dhan)(Common),Shikaripura,06-09-2019,17
Paddy(Dhan)(Common),Shorapur,06-09-2019,24.32
Coriander(Leaves),Tumkur,26-09-2019,85
Cotton,Nanjangud,19-09-2019,56.5
Cucumbar(Kheera),Channapatana,19-09-2019,3
Gur(Jaggery),Gulbarga,11-11-2019,32.5
Ragi+(Finger+Millet),Harappana Halli,31-08-2019,25
Cotton,Annigeri,26-09-2019,53
Cotton,Bijapur,26-09-2019,57.57
Cotton,Chitradurga,26-09-2019,61.34
Avare+Dal,Bangalore,31-08-2019,41
Chilly+Capsicum,Ramanagara,13-11-2019,49
Chrysanthemum(Loose),Malur,12-09-2019,41.66
Ridgeguard(Tori),Chikkamagalore,31-08-2019,15.22
Corriander+seed,Bhadravathi,18-11-2019,55.9
Coconut,Kadur,12-09-2019,90
Onion,Mandya,30-08-2019,21.24
Sunflower,Bagalakot,24-10-2019,38
Sunflower,Gadag,24-10-2019,37.1
Sunflower,Kadur,24-10-2019,38
Sunflower,Raichur,24-10-2019,35.05
Paddy(Dhan)(Common),Haliyala,16-09-2019,17.5
Paddy(Dhan)(Common),Lingasugur,16-09-2019,24.6
Paddy(Dhan)(Common),Nanjangud,16-09-2019,18
Wheat,Bhadravathi,06-11-2024,25.3
Wheat,Gadag,06-11-2024,28.34
Sweet+Potato,Somvarpet,31-08-2019,8.33
Ox,Arasikere,30-08-2019,780
Paddy(Dhan)(Common),Hanagal,30-08-2019,17.6
Paddy(Dhan)(Common),Mandya,30-08-2019,16
Paddy(Dhan)(Common),Shikaripura,30-08-2019,14
Tamarind+Fruit,Mysore (Bandipalya),24-10-2019,80
Cotton,Bijapur,12-09-2019,60.13
Cotton,Gadag,12-09-2019,56.64
Tomato,Chickkaballapura,31-08-2019,9.38
Tomato,Chikkamagalore,31-08-2019,7.92
Cotton,Gundlupet,12-09-2019,46.5
Cotton,Kottur,12-09-2019,51.24
Tomato,Srinivasapur,31-08-2019,7
Tender+Coconut,K.R. Pet,24-10-2019,60
Cabbage,Malur,31-08-2019,5.33
Cotton,Bijapur,18-11-2019,50.77
Cotton,Davangere,18-11-2019,41.27
Cotton,Haveri,18-11-2019,48.35
Cotton,Hubli (Amaragol),18-11-2019,48.09
Cotton,Raichur,18-11-2019,49
Cotton,Ranebennur,18-11-2019,49.23
Cotton,Shorapur,18-11-2019,50.84
Cashewnuts,Kumta,31-08-2019,98.4
Ragi+(Finger+Millet),Bangalore,16-09-2019,32.5
Dry+Chillies,Byadagi,12-09-2019,100.09
Dry+Chillies,Hubli (Amaragol),12-09-2019,88
Elephant+Yam+(Suran),Arasikere,12-09-2019,21
Rice,Honnali,16-09-2019,19.53
Paddy(Dhan)(Common),Davangere,09-10-2019,20
Garlic,Mysore (Bandipalya),12-09-2019,140
Paddy(Dhan)(Common),Kundapura,09-10-2019,17.08
Paddy(Dhan)(Common),Mysore (Bandipalya),09-10-2019,16.16
Tomato,Gundlupet,24-10-2019,18
Tomato,Kadur,24-10-2019,14.28
Tomato,Srinivasapur,24-10-2019,10.67
Potato,Chikkamagalore,08-11-2019,15.49
Gurellu,Laxmeshwar,11-11-2019,49.75
Soyabean,Bangalore,16-09-2019,47.5
Jowar(Sorghum),Bagalakot,11-11-2019,12.05
Jowar(Sorghum),Bellary,11-11-2019,17.03
Jowar(Sorghum),Gadag,11-11-2019,30.85
Jowar(Sorghum),Gulbarga,11-11-2019,36.06
Chrysanthemum(Loose),Malur,31-08-2019,27.14
Beetroot,Honnali,16-10-2019,7.5
Jowar(Sorghum),Hubli (Amaragol),11-11-2019,35.16
Coconut,Arasikere,31-08-2019,165
Jowar(Sorghum),Koppal,11-11-2019,19.88
Jowar(Sorghum),Kottur,11-11-2019,18.61
Jowar(Sorghum),Laxmeshwar,11-11-2019,22.77
Potato,Chikkamagalore,06-09-2019,13.87
Potato,Hubli (Amaragol),06-09-2019,11.5
Jowar(Sorghum),Shimoga,11-11-2019,35
Turmeric,Bangalore,16-09-2019,105
Wheat,Bangalore,16-09-2019,30
Wheat,Hanagal,16-09-2019,17.5
Ragi+(Finger+Millet),Mandya,30-08-2019,24
Maize,Harappana Halli,23-10-2019,21.5
Maize,K.R.Nagar,23-10-2019,16
Green+Chilli,Honnali,21-10-2019,9
Maize,Piriya Pattana,23-10-2019,15.5
Cotton,Annigeri,31-08-2019,60
Cotton,Chitradurga,31-08-2019,59.09
Soyabean,Hubli (Amaragol),31-10-2019,33
Sheep,Arasikere,30-08-2019,81
Cowpea(Veg),Honnali,03-09-2019,16.9
Groundnut,Gadag,12-09-2019,64.9
Groundnut,Mysore (Bandipalya),12-09-2019,35.88
Dry+Chillies,Gadag,31-08-2019,80
Cucumbar(Kheera),Honnali,03-09-2019,8.1
Tamarind+Seed,Arasikere,30-08-2019,14
Green+Chilli,Chikkamagalore,26-09-2019,23.08
Gur(Jaggery),Belgaum,12-09-2019,31.5
Tomato,Srinivasapur,30-08-2019,6.67
Gur(Jaggery),Bijapur,12-09-2019,33
Gur(Jaggery),Mhalingapur,12-09-2019,34.03
Ginger(Green),Moodigere,31-08-2019,18
Wheat,Gadag,24-10-2019,21.31
Wheat,Kalagategi,24-10-2019,20
Coconut,Kumta,03-10-2019,195.6
Wheat,Malur,24-10-2019,14.5
Jowar(Sorghum),Gadag,12-09-2019,26.47
Jowar(Sorghum),Haveri,12-09-2019,28
Jowar(Sorghum),Hubli (Amaragol),12-09-2019,25.69
Green+Chilli,Davangere,31-08-2019,13
Kulthi(Horse+Gram),Kadur,12-09-2019,35
Kulthi(Horse+Gram),Malur,12-09-2019,35
Carrot,Kolar,22-09-2019,17
Groundnut,Gadag,31-08-2019,56.79
Lime,Bijapur,12-09-2019,16
Cotton,Savanur,21-11-2019,51.8
Rice,Karatgi,30-08-2019,31.25
Gur(Jaggery),Bijapur,31-08-2019,32
Gur(Jaggery),Gulbarga,31-08-2019,34.62
Gur(Jaggery),Ramdurga,31-08-2019,33
Maize,Annigeri,12-09-2019,23.78
Maize,Haveri,12-09-2019,25.5
Maize,Mysore (Bandipalya),12-09-2019,14.8
Groundnut,Davangere,26-09-2019,60.92
Groundnut,Gundlupet,26-09-2019,19.5
Groundnut,Mysore (Bandipalya),26-09-2019,36.3
Groundnut,Raichur,26-09-2019,54.85
Jowar(Sorghum),Gadag,31-08-2019,27
Jowar(Sorghum),Gangavathi,31-08-2019,26
Jowar(Sorghum),Gulbarga,31-08-2019,36.52
Jowar(Sorghum),Gundlupet,31-08-2019,15
Jowar(Sorghum),Laxmeshwar,31-08-2019,24.51
Kulthi(Horse+Gram),Gundlupet,31-08-2019,41.5
Kulthi(Horse+Gram),Haveri,31-08-2019,40
Coconut,Hiriyur,30-09-2019,116.48
Coconut,Honnali,30-09-2019,130
Gur(Jaggery),Bijapur,26-09-2019,31
Gur(Jaggery),Mhalingapur,26-09-2019,32.91
Tomato,Mulabagilu,02-11-2019,15
Cotton,Nanjangud,30-09-2019,59
Ragi+(Finger+Millet),Chikkamagalore,06-09-2019,20.93
Ragi+(Finger+Millet),Doddaballa Pur,06-09-2019,26
Ragi+(Finger+Millet),Kadur,06-09-2019,24
Cucumbar(Kheera),Honnali,30-09-2019,15
Kulthi(Horse+Gram),Chintamani,05-12-2019,30
Jowar(Sorghum),Basava Kalayana,26-09-2019,33
Jowar(Sorghum),Sindhanur,26-09-2019,18
Rice,Gangavathi,06-09-2019,19.5
Rice,Kadur,06-09-2019,28
Rice,Shikaripura,06-09-2019,32
Onion,Hubli (Amaragol),25-10-2019,12
Onion,Kadur,25-10-2019,17.86
Onion,Malur,25-10-2019,30.3
Onion,Raichur,25-10-2019,23.35
Onion,Ranebennur,25-10-2019,20.5
Kulthi(Horse+Gram),Mandya,26-09-2019,38
Kulthi(Horse+Gram),Mysore (Bandipalya),26-09-2019,33.1
Onion,Belgaum,12-09-2019,24.5
Onion,Bijapur,12-09-2019,22
Onion,Doddaballa Pur,12-09-2019,19
Onion,Hubli (Amaragol),12-09-2019,16
Maize,Arasikere,11-11-2019,18
Maize,Bagalakot,11-11-2019,17.2
Maize,Davangere,11-11-2019,16.95
Mustard,Bangalore,16-09-2019,47.5
Maize,Gadag,11-11-2019,16.39
Maize,Koppal,11-11-2019,17.18
Maize,Kottur,11-11-2019,17.13
Maize,Rona,11-11-2019,16.51
Onion,Bangalore,16-09-2019,27.5
Maize,Sorabha,11-11-2019,17
Maize,Tumkur,11-11-2019,21
Lime,Bijapur,26-09-2019,25
Ragi+(Finger+Millet),Mysore (Bandipalya),09-10-2019,23
Rice,Gangavathi,09-10-2019,20.7
Maize,Davangere,26-09-2019,18.06
Maize,Mysore (Bandipalya),26-09-2019,15.16
Maize,Tumkur,26-09-2019,22
Paddy(Dhan)(Common),Bangarpet,12-09-2019,16.8
Paddy(Dhan)(Common),Harihara,12-09-2019,20
Paddy(Dhan)(Common),Hosanagar,12-09-2019,15
Paddy(Dhan)(Common),Lingasugur,12-09-2019,25
Paddy(Dhan)(Common),Udupi,12-09-2019,19
Ridgeguard(Tori),Chikkamagalore,06-09-2019,16
Beans,Malur,12-10-2019,50
Brinjal,Kolar,22-09-2019,7
Safflower,Gadag,09-10-2019,47.9
Safflower,Gulbarga,09-10-2019,44.2
Ginger(Green),Bangalore,20-11-2019,32.5
Ginger(Green),Srirangapattana,20-11-2019,20
Sheep,Arasikere,06-09-2019,86
Soyabean,Bidar,31-08-2019,36.5
Potato,Belgaum,12-09-2019,11.5
Potato,Hubli (Amaragol),12-09-2019,12
Potato,Mysore (Bandipalya),12-09-2019,14
Sunflower,Bagalakot,09-10-2019,38.38
Sunflower,Gadag,09-10-2019,38.51
Sunflower,Gulbarga,09-10-2019,35.25
Onion,Bijapur,26-09-2019,27
Onion,Davangere,26-09-2019,22.5
Onion,Mandya,26-09-2019,32.65
Onion,Raichur,26-09-2019,24.55
Maize,Piriya Pattana,12-09-2019,15.5
Soyabean,Dharwar,06-09-2019,35.8
Tender+Coconut,Malur,09-10-2019,184.26
Dry+Chillies,Hubli (Amaragol),18-11-2019,150
Dry+Chillies,Mysore (Bandipalya),18-11-2019,150
Wheat,Hubli (Amaragol),31-10-2019,20.19
Tomato,Malur,09-10-2019,18.66
Ragi+(Finger+Millet),K.R.Nagar,31-10-2019,21
Sunflower,Gundlupet,06-09-2019,39.25
Sunflower,Mysore (Bandipalya),06-09-2019,40.52
Copra,Tiptur,12-10-2019,128
Knool+Khol,Ramanagara,12-09-2019,26
Tamarind+Fruit,Mysore (Bandipalya),06-09-2019,80
Tamarind+Fruit,Tumkur,06-09-2019,65
Paddy(Dhan)(Common),Chikkamagalore,26-09-2019,19.5
Paddy(Dhan)(Common),Davangere,26-09-2019,18.5
Paddy(Dhan)(Common),Mysore (Bandipalya),26-09-2019,16.76
Paddy(Dhan)(Common),Raichur,26-09-2019,23.23
Ragi+(Finger+Millet),Arasikere,12-09-2019,21.5
Ragi+(Finger+Millet),Kadur,12-09-2019,24
Ragi+(Finger+Millet),Mysore (Bandipalya),12-09-2019,23.86
Rice,Bangarpet,12-09-2019,29.5
Rice,Gangavathi,12-09-2019,20.8
Tomato,Arasikere,06-09-2019,4.5
Tomato,Chikkamagalore,06-09-2019,9.86
Wheat,Gadag,09-10-2019,24.59
Soyabean,Bidar,12-09-2019,37
Soyabean,Hubli (Amaragol),12-09-2019,36.27
Jowar(Sorghum),Bellary,04-09-2019,25.98
Cabbage,Ramanagara,13-11-2019,8
Papaya,Ramanagara,21-09-2019,17
Jowar(Sorghum),Lingasugur,13-09-2019,20
Sunflower,Bagalakot,12-09-2019,39.52
Sunflower,Gadag,12-09-2019,41.09
Sunflower,Lingasugur,12-09-2019,42
Sunflower,Mysore (Bandipalya),12-09-2019,40.98
Rice,Bhadravathi,08-11-2019,33.07
Tender+Coconut,Malur,12-09-2019,125
Groundnut,Laxmeshwar,12-10-2019,60.19
Groundnut,Mundaragi,12-10-2019,70.37
Groundnut,Raichur,12-10-2019,64.59
Groundnut,Savanur,12-10-2019,58.86
Green+Chilli,Ramanagara,12-09-2019,21
Carrot,Kolar,07-10-2019,23
Tomato,Malur,12-09-2019,10
Gur(Jaggery),Gulbarga,12-10-2019,32
White+Pumpkin,Malur,09-10-2019,12
Potato,Chikkamagalore,26-09-2019,15.38
Jowar(Sorghum),Gulbarga,12-10-2019,33
Jowar(Sorghum),Laxmeshwar,12-10-2019,20.19
Mustard,Shimoga,11-11-2019,50
Paddy(Dhan)(Common),Mysore (Bandipalya),25-10-2019,17.86
Paddy(Dhan)(Common),Raichur,25-10-2019,21.34
Methi+Seeds,Bangalore,16-09-2019,67.5
Maize,Mundaragi,12-10-2019,21.41
Grapes,Malur,20-11-2019,18.75
Maize,Bellary,04-09-2019,22.77
Water+Melon,Malur,12-09-2019,10
Onion,Raichur,12-10-2019,27.8
Wheat,Gadag,12-09-2019,24.24
Paddy(Dhan)(Common),Raichur,12-10-2019,18.09
Paddy(Dhan)(Common),Shorapur,12-10-2019,24.17
Cucumbar(Kheera),Honnali,11-09-2019,6.6
Green+Chilli,Chikkamagalore,20-11-2019,18.18
Papaya,Malur,12-10-2019,20
Pineapple,Malur,12-10-2019,10
Safflower,Gadag,08-11-2019,37.32
Sajje,Mundaragi,08-11-2019,15.93
Cauliflower,Chikkamagalore,25-11-2019,10.11
Cashewnuts,Chintamani,24-09-2019,105
Onion,Arasikere,11-11-2019,13
Groundnut,Bellary,20-09-2019,77.88
Onion,Hubli (Amaragol),11-11-2019,24.5
Onion,Raichur,11-11-2019,27.5
Onion,Ranebennur,11-11-2019,15.5
Beetroot,Honnali,06-09-2019,9
Ragi+(Finger+Millet),Mysore (Bandipalya),26-09-2019,22.46
Chilly+Capsicum,Ramanagara,12-09-2019,29
Carrot,Ramanagara,12-09-2019,34
Soyabean,Bidar,26-09-2019,38.56
Safflower,Gulbarga,12-10-2019,43.5
Sajje,Mundaragi,12-10-2019,15.88
Brinjal,Ramanagara,12-09-2019,11.5
Sunflower,Kadur,26-09-2019,41.5
Sunflower,Raichur,26-09-2019,35.29
Cucumbar(Kheera),Channapatana,23-09-2019,5
Sunflower,Gulbarga,12-10-2019,35
Sunflower,Mundaragi,12-10-2019,35.55
Sunflower,Raichur,12-10-2019,34.6
Sunflower,Gadag,08-11-2019,35.51
Sunflower,Mundaragi,08-11-2019,32.32
Sunflower,Yadgir,08-11-2019,32.15
Tomato,Chintamani,12-10-2019,20
Tomato,Malur,12-10-2019,23.33
Dry+Chillies,Bangalore,23-09-2019,125
Tomato,Chikkamagalore,26-09-2019,30.14
Tomato,Davangere,26-09-2019,11.4
Chilly+Capsicum,Ramanagara,21-09-2019,21
Ginger(Green),Ramanagara,07-09-2019,45
Beans,Malur,09-12-2019,25
Black+pepper,Kadur,05-12-2019,210
Tomato,Chikkamagalore,08-11-2019,18.83
Tomato,Kolar,08-11-2019,10.67
Tomato,Srinivasapur,08-11-2019,10
Maize,Piriya Pattana,24-12-2019,18
Sunflower,Bagalakot,09-10-2019,38.28
Sunflower,Lingasugur,09-10-2019,38.5
Maize,Hanagal,16-09-2019,24
Maize,Honnali,16-09-2019,21.5
Maize,Piriya Pattana,16-09-2019,16
Wheat,Basava Kalayana,26-09-2019,22
Chilly+Capsicum,Kolar,11-09-2019,5.5
Chilly+Capsicum,Ramanagara,11-09-2019,30
Coconut,Harihara,11-09-2019,100
Groundnut,Ramdurga,03-10-2019,50.05
Ginger(Green),Hanagal,21-11-2019,20
Kulthi(Horse+Gram),Bangalore,01-10-2019,39
Groundnut,Bagalakot,20-11-2019,21.97
Groundnut,Bellary,20-11-2019,47.46
Groundnut,Chintamani,20-11-2019,50
Groundnut,Chitradurga,20-11-2019,44.79
Groundnut,Gadag,20-11-2019,35.28
Groundnut,Mundaragi,20-11-2019,46.72
Groundnut,Pavagada,20-11-2019,45
Maize,Haveri,01-10-2019,22.5
Maize,Holenarsipura,01-10-2019,15.5
Maize,Honnali,01-10-2019,21.6
Maize,Santhesargur,01-10-2019,13
Groundnut,Savanur,20-11-2019,33.52
Potato,Hubli (Amaragol),25-10-2019,25
Potato,Malur,25-10-2019,20
Paddy(Dhan)(Common),Davangere,11-11-2019,20.17
Paddy(Dhan)(Common),Mandya,11-11-2019,17
Paddy(Dhan)(Common),Raichur,11-11-2019,19.23
Paddy(Dhan)(Common),Shimoga,11-11-2019,16.9
Paddy(Dhan)(Common),Shorapur,11-11-2019,20.55
Guava,Malur,20-11-2019,18.75
Gur(Jaggery),Bhadravathi,20-11-2019,26.05
Gur(Jaggery),Mandya,20-11-2019,32.1
Gur(Jaggery),Srirangapattana,20-11-2019,34
Tomato,Chikkamagalore,30-08-2019,8.21
Tomato,Chintamani,30-08-2019,6.66
Tomato,Malur,30-08-2019,10
Wheat,Gadag,08-11-2019,21.82
Banana,Channapatana,16-10-2019,35
Rice,Karatgi,04-09-2019,39.2
Beetroot,Ramanagara,21-09-2019,22
Paddy(Dhan)(Common),Chamaraj Nagar,31-10-2019,16
Paddy(Dhan)(Common),Hanagal,31-10-2019,18.5
Paddy(Dhan)(Common),K.R.Nagar,31-10-2019,17.37
Green+Chilli,Ramanagara,03-10-2019,20
Beans,Honnali,16-10-2019,15.3
Jack+Fruit,Malur,20-11-2019,20
Jowar(Sorghum),Gadag,20-11-2019,35.6
Jowar(Sorghum),Harappana Halli,20-11-2019,17.89
Groundnut,Bellary,18-11-2019,45.65
Groundnut,Chitradurga,18-11-2019,42.5
Groundnut,Davangere,18-11-2019,41.1
Groundnut,Hubli (Amaragol),18-11-2019,43.69
Groundnut,Mysore (Bandipalya),18-11-2019,40
Groundnut,Raichur,18-11-2019,41.49
Groundnut,Ranebennur,18-11-2019,35.27
Groundnut,Rona,18-11-2019,30.7
Banana+-+Green,Kundapura,06-11-2024,35
Knool+Khol,Chikkamagalore,20-11-2019,11.33
Onion,Holalkere,09-10-2019,20
Kulthi(Horse+Gram),Bangalore,20-11-2019,40
Kulthi(Horse+Gram),Gadag,20-11-2019,26
Paddy(Dhan)(Common),Lingasugur,09-10-2019,24.1
Paddy(Dhan)(Common),Nanjangud,09-10-2019,18
Cauliflower,Chintamani,30-09-2019,45.8
Alasande+Gram,Laxmeshwar,06-11-2019,41.03
Gur(Jaggery),Mandya,18-11-2019,34.5
Gur(Jaggery),Srirangapattana,18-11-2019,32
Black+pepper,Gonikappal,06-11-2024,310
Black+pepper,Moodigere,06-11-2024,206.92
Ginger(Green),Bangalore,02-12-2019,30
Coconut,Kadur,25-11-2019,116.67
Potato,Hubli (Amaragol),11-11-2019,28
Alasande+Gram,Laxmeshwar,03-10-2019,50.41
Ginger(Green),Somvarpet,02-12-2019,25
Beans,Malur,10-12-2019,23.19
Kulthi(Horse+Gram),Bangalore,16-09-2019,43
Arhar+Dal(Tur+Dal),Mysore (Bandipalya),03-10-2019,86
Maize,Bagalakot,20-11-2019,16.53
Alasande+Gram,Gundlupet,05-09-2019,72
Cauliflower,Kolar,11-09-2019,10
Maize,Bellary,20-11-2019,16.88
Maize,Bhadravathi,20-11-2019,18.02
Gur(Jaggery),Srirangapattana,18-09-2019,28
Groundnut,Bellary,04-11-2019,53.54
Maize,Chikkamagalore,20-11-2019,16.28
Maize,Chitradurga,20-11-2019,16.13
Maize,Gadag,20-11-2019,15.66
Maize,Harappana Halli,20-11-2019,19.78
Rice,Bangarpet,04-09-2019,19.5
Rice,Bhadravathi,04-09-2019,20
Rice,Pavagada,04-09-2019,23
Arhar+Dal(Tur+Dal),Bangarpet,06-11-2019,79
Carrot,Kolar,04-09-2019,30
Maize,Mundaragi,20-11-2019,15.9
Maize,T. Narasipura,20-11-2019,18
Honge+seed,Tumkur,18-11-2019,26
Jowar(Sorghum),Dharwar,18-11-2019,31.75
Jowar(Sorghum),Gulbarga,18-11-2019,38.26
Jowar(Sorghum),Hubli (Amaragol),18-11-2019,31.19
Black+pepper,Sirsi,05-09-2019,278.21
Gur(Jaggery),Kudchi,17-09-2019,35.5
Gur(Jaggery),Srirangapattana,17-09-2019,33.5
Cashewnuts,Kumta,06-11-2024,86.56
Ragi+(Finger+Millet),Piriya Pattana,26-09-2019,21
Ragi+(Finger+Millet),Davangere,25-10-2019,19
Ragi+(Finger+Millet),Mysore (Bandipalya),25-10-2019,22.68
Ginger(Green),Kolar,13-09-2019,47.69
Ginger(Green),Santhesargur,13-09-2019,25
Bull,Annigeri,05-09-2019,200
Rice,Bangarpet,25-10-2019,28
Maize,Bellary,16-09-2019,23.78
Coconut,Kundapura,06-11-2024,100
Coconut,Sira,06-11-2024,100
Coconut,Tumkur,06-11-2024,115
Potato,Chintamani,20-09-2019,9.5
Potato,Kolar,20-09-2019,10
Banana+-+Green,Santhesargur,06-11-2019,11.43
Cucumbar(Kheera),Honnali,07-09-2019,9.3
Cucumbar(Kheera),Ramanagara,07-09-2019,12
Kulthi(Horse+Gram),Kadur,18-11-2019,35
Kulthi(Horse+Gram),Mysore (Bandipalya),18-11-2019,33.07
Sunflower,Mysore (Bandipalya),04-09-2019,37.51
Coconut,Kumta,05-09-2019,198.5
Coconut,Kundapura,05-09-2019,80
Coriander(Leaves),Tumkur,06-11-2024,86
Rice,Karatgi,03-09-2019,30.97
Rice,Manvi,20-09-2019,24.63
Cotton,Annigeri,06-11-2024,55.02
Cotton,Bijapur,06-11-2024,58.53
Capsicum,Kolar,11-09-2019,19
Cotton,Bijapur,05-09-2019,60.48
Cotton,Kottur,05-09-2019,50.79
Coriander(Leaves),Gadag,25-11-2019,60.51
Tamarind+Fruit,Tumkur,04-09-2019,65
Banana+-+Green,Kundapura,19-10-2019,30
Rice,Karatgi,03-10-2019,30.91
Jowar(Sorghum),Bangalore,16-09-2019,35
Jowar(Sorghum),Manvi,16-09-2019,22
Tomato,Channapatana,20-09-2019,11
Tender+Coconut,Mandya,04-09-2019,70
Maize,Piriya Pattana,26-09-2019,15
Dry+Chillies,Hubli (Amaragol),05-09-2019,61.29
Raddish,Honnali,11-10-2019,9
Garlic,Mysore (Bandipalya),05-09-2019,95
Ragi+(Finger+Millet),Honnali,11-10-2019,23.54
Rice,Honnali,11-10-2019,19.9
Mousambi(Sweet+Lime),Malur,20-11-2019,50
Garlic,Mysore (Bandipalya),06-11-2024,115
Beans,Chikkamagalore,06-11-2019,20.45
Ridgeguard(Tori),Honnali,11-10-2019,20
Beetroot,Chikkamagalore,06-11-2019,11.29
Tomato,Davangere,04-09-2019,2.6
Tomato,Gundlupet,04-09-2019,4.25
Coconut,Harihara,23-09-2019,82.5
Coconut,Srirangapattana,23-09-2019,100
Lime,Bijapur,18-11-2019,6
Tomato,Channapatana,11-10-2019,11
Groundnut,Bagalakot,21-11-2019,28.2
Groundnut,Mundaragi,21-11-2019,47.73
Mustard,Sindhanur,20-11-2019,38.5
Groundnut,Savanur,21-11-2019,43.63
Groundnut,Mysore (Bandipalya),05-09-2019,47.91
Maize,Bijapur,18-11-2019,16
Maize,Chitradurga,18-11-2019,16.53
Maize,Davangere,18-11-2019,16.2
Maize,Dharwar,18-11-2019,15.48
Maize,Gulbarga,18-11-2019,17.7
Maize,Haveri,18-11-2019,17
Maize,Hubli (Amaragol),18-11-2019,15.09
Maize,Koppal,18-11-2019,16.68
Maize,Mysore (Bandipalya),18-11-2019,15.29
Gur(Jaggery),Bijapur,05-09-2019,34
Gur(Jaggery),Mandya,05-09-2019,32.5
Gur(Jaggery),Mhalingapur,05-09-2019,34.55
Black+pepper,Somvarpet,19-10-2019,342.7
Maize,Rona,18-11-2019,12.9
Maize,Shimoga,18-11-2019,16.95
Maize,Tumkur,18-11-2019,18
Cabbage,Chintamani,30-09-2019,55.3
Cabbage,Honnali,30-09-2019,10
Coconut,Kadur,03-10-2019,90
Coconut,Kundapura,03-10-2019,131.32
Jowar(Sorghum),Gundlupet,05-09-2019,16
Jowar(Sorghum),Hubli (Amaragol),05-09-2019,26.59
Groundnut,Davangere,06-11-2024,56.81
Groundnut,Hiriyur,06-11-2024,69.85
Groundnut,Mysore (Bandipalya),06-11-2024,54.85
Groundnut,Raichur,06-11-2024,56.76
Groundnut,Rona,06-11-2024,52.54
Copra,Kadur,03-10-2019,137.5
Copra,Turvekere,03-10-2019,130
Cotton,Gadag,25-11-2019,48.57
Coriander(Leaves),Gadag,03-10-2019,47.17
Cotton,Haveri,25-11-2019,50.01
Cotton,Santhesargur,25-11-2019,59.63
Cotton,Sindhanur,25-11-2019,53
Gur(Jaggery),Bijapur,06-11-2024,33
Gur(Jaggery),Gulbarga,06-11-2024,34.3
Gur(Jaggery),Gundlupet,06-11-2024,37.5
Gur(Jaggery),Ramdurga,06-11-2024,30
Corriander+seed,Laxmeshwar,03-10-2019,60.49
Lime,Bijapur,05-09-2019,20
Bitter+gourd,Kolar,24-09-2019,16
Cotton,Annigeri,03-10-2019,56
Cotton,Bijapur,03-10-2019,57.92
Cotton,Chitradurga,03-10-2019,60.67
Green+Chilli,Chikkamagalore,02-12-2019,20.34
Cotton,Kottur,03-10-2019,52.38
Maize,Annigeri,05-09-2019,22.2
Maize,Harappana Halli,05-09-2019,23.94
Maize,Hunsur,05-09-2019,13
Brinjal,Honnali,24-09-2019,8.5
Jowar(Sorghum),Gulbarga,06-11-2024,30
Jowar(Sorghum),H.B. Halli,06-11-2024,21
Jowar(Sorghum),Harappana Halli,06-11-2024,19.73
Ragi+(Finger+Millet),Arasikere,11-11-2019,20
Onion,Bijapur,05-09-2019,22
Onion,Hubli (Amaragol),05-09-2019,15
Ragi+(Finger+Millet),Davangere,11-11-2019,17.8
Black+pepper,Gonikappal,09-12-2019,315
Maize,Davangere,06-11-2024,18.99
Maize,Gundlupet,06-11-2024,19
Maize,H.B. Halli,06-11-2024,19.6
Maize,Mysore (Bandipalya),06-11-2024,18.42
Maize,Rona,06-11-2024,21.78
Dry+Chillies,Hubli (Amaragol),03-10-2019,70.97
Dry+Chillies,Mysore (Bandipalya),03-10-2019,135
Elephant+Yam+(Suran),Arasikere,03-10-2019,11
Paddy(Dhan)(Common),Hanagal,20-09-2019,16.5
Garlic,Arasikere,03-10-2019,52.64
Garlic,Mysore (Bandipalya),03-10-2019,125
Rice,Gulbarga,11-11-2019,45
Paddy(Dhan)(Common),Davangere,05-09-2019,19
Paddy(Dhan)(Common),Kundapura,05-09-2019,19.29
Paddy(Dhan)(Common),Mysore (Bandipalya),05-09-2019,17.5
Paddy(Dhan)(Common),Shorapur,05-09-2019,25.88
Paddy(Dhan)(Common),T. Narasipura,05-09-2019,19
Paddy(Dhan)(Common),Udupi,05-09-2019,17.68
Sunflower,Chitradurga,25-10-2019,37.45
Onion,Malur,20-11-2019,20
Sunflower,Gundlupet,25-10-2019,39
Sunflower,Kadur,25-10-2019,37.83
Sunflower,Raichur,25-10-2019,35.35
Jowar(Sorghum),Haveri,01-10-2019,26
Potato,Hubli (Amaragol),05-09-2019,12
Onion,Davangere,06-11-2024,16
Onion,Hubli (Amaragol),06-11-2024,15.5
Onion,Raichur,06-11-2024,17.45
Onion,Ranebennur,06-11-2024,16
Cabbage,Chikkamagalore,19-10-2019,9.33
Ground+Nut+Seed,Mysore (Bandipalya),03-10-2019,120
Groundnut,Gadag,03-10-2019,65.9
Groundnut,Hubli (Amaragol),03-10-2019,51.29
Groundnut,Kadur,03-10-2019,50
Groundnut,Laxmeshwar,03-10-2019,58.96
Groundnut,Mysore (Bandipalya),03-10-2019,46.29
Gur(Jaggery),Bijapur,03-10-2019,32
Gur(Jaggery),Gulbarga,03-10-2019,31.55
Gur(Jaggery),Gundlupet,03-10-2019,29
Ragi+(Finger+Millet),Davangere,05-09-2019,26
Ragi+(Finger+Millet),Mysore (Bandipalya),05-09-2019,25.11
Cucumbar(Kheera),Honnali,13-09-2019,6.3
Rice,Bidar,05-09-2019,45
Paddy(Dhan)(Common),Haliyala,11-10-2019,17
Paddy(Dhan)(Common),Hanagal,11-10-2019,18.5
Gurellu,Gadag,03-10-2019,49.53
Gurellu,Laxmeshwar,03-10-2019,48.29
Paddy(Dhan)(Common),Davangere,06-11-2024,20
Jowar(Sorghum),Gadag,03-10-2019,23.77
Jowar(Sorghum),Gulbarga,03-10-2019,35.25
Paddy(Dhan)(Common),Raichur,06-11-2024,16.81
Jowar(Sorghum),Hubli (Amaragol),03-10-2019,25.11
Jowar(Sorghum),Kottur,03-10-2019,20.04
Jowar(Sorghum),Laxmeshwar,03-10-2019,21.73
Soyabean,Bidar,05-09-2019,36.2
Soyabean,Hubli (Amaragol),05-09-2019,33.3
Papaya,Channapatana,11-10-2019,12
Maize,Bagalakot,09-10-2019,21.34
Maize,Holenarsipura,09-10-2019,15
Maize,Honnali,09-10-2019,21.3
Jowar(Sorghum),Bellary,21-11-2019,17.36
Jowar(Sorghum),Harappana Halli,21-11-2019,17.5
Sunflower,Mysore (Bandipalya),05-09-2019,38.99
Ginger(Green),Bangalore,18-09-2019,60
Ginger(Green),Nanjangud,18-09-2019,25
Ragi+(Finger+Millet),Chintamani,14-10-2019,23
Ragi+(Finger+Millet),Gubbi,14-10-2019,20
Ragi+(Finger+Millet),Holalkere,14-10-2019,20.08
Lime,Bijapur,03-10-2019,20
Capsicum,Malur,19-10-2019,50
Maize,Gundlupet,03-10-2019,15.5
Maize,Hunsur,03-10-2019,15
Maize,Kottur,03-10-2019,20.8
Maize,Mysore (Bandipalya),03-10-2019,17.67
Ridgeguard(Tori),Honnali,14-10-2019,16
Bitter+gourd,Ramanagara,11-09-2019,33
Sunflower,Hungund,14-10-2019,39.85
Tomato,Davangere,25-10-2019,17.6
Tender+Coconut,Holenarsipura,14-10-2019,100
Tomato,Malur,25-10-2019,20.16
Cabbage,Chikkamagalore,06-11-2019,9.46
Tomato,Channapatana,14-10-2019,12.5
Cashewnuts,Kumta,19-10-2019,102
Safflower,Gulbarga,11-11-2019,48.02
Sajje,Gadag,11-11-2019,15.69
Coconut,K.R.Nagar,07-09-2019,108
She+Buffalo,Nippani,11-11-2019,600
Sheep,Nippani,11-11-2019,50
Cauliflower,Chikkamagalore,19-10-2019,10.29
Cotton,Manvi,18-10-2019,54.96
Jowar(Sorghum),Bellary,27-09-2019,22.99
Onion,Bijapur,03-10-2019,25
Onion,Hubli (Amaragol),03-10-2019,14.5
Onion,Mysore (Bandipalya),03-10-2019,34
Sheep,Nippani,31-08-2019,45
Soyabean,Gulbarga,11-11-2019,28.6
Soyabean,Hubli (Amaragol),11-11-2019,33.89
Alasande+Gram,Laxmeshwar,26-09-2019,46.76
Ginger(Green),Santhesargur,18-10-2019,23
Onion,Bangalore,20-09-2019,35
Onion,Chintamani,20-09-2019,21
Onion,Kolar,20-09-2019,30
Green+Chilli,Honnali,18-10-2019,11.9
Alasande+Gram,Laxmeshwar,20-09-2019,42.49
Coconut,Kumta,19-10-2019,186.6
Coconut,Kundapura,19-10-2019,190
Coconut,Tarikere,19-10-2019,109.7
Orange,Chikkamagalore,20-11-2019,50
Gur(Jaggery),Kudchi,18-10-2019,32.5
Ragi+(Finger+Millet),Arasikere,06-11-2024,19
Ragi+(Finger+Millet),Harappana Halli,06-11-2024,21.5
Paddy(Dhan)(Common),Mysore (Bandipalya),03-10-2019,16.65
Paddy(Dhan)(Common),Udupi,03-10-2019,18.2
Beetroot,Honnali,24-09-2019,6.3
Rice,Bangarpet,06-11-2024,28
Rice,Gangavathi,06-11-2024,21.5
Gur(Jaggery),Bangalore,02-12-2019,44.5
Gur(Jaggery),Chamaraj Nagar,02-12-2019,50
Black+pepper,Gonikappal,10-12-2019,280
Maize,Haliyala,18-10-2019,20
Maize,Hanagal,18-10-2019,19
Maize,Holenarsipura,18-10-2019,21.5
Maize,K.R.Nagar,18-10-2019,21.59
Copra,Tiptur,19-10-2019,130
Coriander(Leaves),Gadag,19-10-2019,54.58
Coriander(Leaves),Tumkur,19-10-2019,72
Safflower,Gulbarga,06-11-2024,43.04
Soyabean,Bidar,06-11-2024,32
Black+pepper,Gonikappal,26-09-2019,270
Corriander+seed,Hubli (Amaragol),19-10-2019,56.19
Black+pepper,Gonikappal,20-09-2019,338
Black+pepper,Gonikappal,30-10-2019,280
Cotton,Bijapur,19-10-2019,55.48
Cotton,Chitradurga,19-10-2019,58.46
Cotton,Gadag,19-10-2019,55.57
Coconut,Gundlupet,09-09-2019,100
Potato,Mysore (Bandipalya),03-10-2019,15
Sunflower,Bagalakot,06-11-2024,38.44
Sunflower,Gulbarga,06-11-2024,35.26
Sunflower,Hiriyur,06-11-2024,36.3
Sunflower,Raichur,06-11-2024,37.4
Sunflower,Rona,06-11-2024,36.65
Tomato,Davangere,06-11-2024,14.4
Alasande+Gram,Laxmeshwar,26-10-2019,40.91
Beetroot,Honnali,11-09-2019,9.4
Beetroot,Kolar,11-09-2019,12
Beetroot,Ramanagara,11-09-2019,31
Onion,Bijapur,18-11-2019,28
Onion,Davangere,18-11-2019,25
Paddy(Dhan)(Common),Haliyala,18-10-2019,18
Paddy(Dhan)(Common),Hanagal,18-10-2019,16.5
Paddy(Dhan)(Common),K.R.Nagar,18-10-2019,15.75
Onion,Hubli (Amaragol),18-11-2019,26
Onion,Mysore (Bandipalya),18-11-2019,35
Onion,Raichur,18-11-2019,33
Onion,Ranebennur,18-11-2019,18.5
Sunflower,Bagalakot,11-11-2019,35.24
Sunflower,Gadag,11-11-2019,35.75
Sunflower,Gulbarga,11-11-2019,29.02
Sunflower,Koppal,11-11-2019,30.48
Sunflower,Rona,11-11-2019,33.01
She+Buffalo,Nippani,31-08-2019,400
Cucumbar(Kheera),Chikkamagalore,19-10-2019,14.58
Paddy(Dhan)(Common),Chintamani,20-11-2019,17
Paddy(Dhan)(Common),Harappana Halli,20-11-2019,16.56
Paddy(Dhan)(Common),Shorapur,20-11-2019,16.02
Paddy(Dhan)(Common),T. Narasipura,20-11-2019,24.5
Coriander(Leaves),Gadag,20-09-2019,52.11
Ground+Nut+Seed,Bangalore,16-09-2019,105
Corriander+seed,Laxmeshwar,20-09-2019,41.18
Gur(Jaggery),Bangalore,16-09-2019,46
Cotton,Bellary,20-09-2019,58.05
Cotton,Gadag,20-09-2019,58.01
Cotton,Santhesargur,20-09-2019,57.25
Coconut,Arasikere,26-09-2019,140
Ragi+(Finger+Millet),Arasikere,03-10-2019,22
Ragi+(Finger+Millet),Kadur,03-10-2019,24.68
Ragi+(Finger+Millet),Mysore (Bandipalya),03-10-2019,22.95
Paddy(Dhan)(Common),Hanagal,14-10-2019,16.5
Paddy(Dhan)(Common),Honnali,14-10-2019,20.86
Paddy(Dhan)(Common),Madhugiri,14-10-2019,18
Coriander(Leaves),Gadag,26-09-2019,47.18
Corriander+seed,Laxmeshwar,26-09-2019,58.19
Cotton,Haveri,26-09-2019,45.9
Cotton,Kottur,26-09-2019,55.32
Tamarind+Fruit,Shimoga,11-11-2019,107.5
Papaya,Channapatana,14-10-2019,12
Tamarind+Fruit,Tumkur,11-11-2019,62
Maize,Bagalakot,21-11-2019,16.71
Maize,Bellary,21-11-2019,16.49
Moath+Dal,Bangalore,11-10-2019,60.5
Maize,Harappana Halli,21-11-2019,17.54
Ginger(Green),Santhesargur,20-09-2019,30
Maize,Hirekerur,21-11-2019,16
Dry+Chillies,Hubli (Amaragol),19-10-2019,47.69
Safflower,Gadag,03-10-2019,47.61
Safflower,Gulbarga,03-10-2019,46.5
Sajje,Gadag,03-10-2019,15.19
Maize,Mundaragi,21-11-2019,15.78
Maize,Savanur,21-11-2019,15.87
Soyabean,Hubli (Amaragol),03-10-2019,35.36
Dry+Chillies,Byadagi,26-09-2019,102.09
Ridgeguard(Tori),Honnali,18-10-2019,14.3
Ridgeguard(Tori),Kolar,18-10-2019,15
Groundnut,Gadag,20-09-2019,62.9
Groundnut,Laxmeshwar,20-09-2019,50.89
Groundnut,Raichur,20-09-2019,56.48
Brinjal,Channapatana,19-09-2019,8
Gur(Jaggery),Moodigere,20-09-2019,30
Ginger(Green),Hunsur,26-09-2019,25
Sunflower,Bagalakot,03-10-2019,38.83
Sunflower,Gadag,03-10-2019,37.34
Sunflower,Gulbarga,03-10-2019,35.25
Black+pepper,Sirsi,15-10-2019,300.94
Gurellu,Laxmeshwar,20-09-2019,48.17
Jowar(Sorghum),Bellary,20-09-2019,24.3
Jowar(Sorghum),Gadag,20-09-2019,25.37
Jowar(Sorghum),Haveri,20-09-2019,24
Jowar(Sorghum),Laxmeshwar,20-09-2019,21.65
Jowar(Sorghum),Sindhanur,20-09-2019,19.1
Kulthi(Horse+Gram),Santhesargur,20-09-2019,37
Maize,Bellary,20-09-2019,21.82
Maize,Harihara,20-09-2019,21
Maize,Hunsur,20-09-2019,15
Maize,Santhesargur,20-09-2019,13.75
Tomato,Gundlupet,03-10-2019,17
Cabbage,Honnali,07-09-2019,9.5
Carrot,Ramanagara,07-09-2019,36
Paddy(Dhan)(Common),Bangalore,16-12-2019,30
Tomato,Kolar,18-10-2019,11
Ginger(Green),Chikkamagalore,19-10-2019,26
Groundnut,Gadag,26-09-2019,70.11
Groundnut,Laxmeshwar,26-09-2019,66
Ginger(Green),Somvarpet,19-10-2019,25
Paddy(Dhan)(Common),Channagiri,16-12-2019,18.5
Gur(Jaggery),Mandya,26-09-2019,31.5
Paddy(Dhan)(Common),Chintamani,16-12-2019,17.5
Onion,Hubli (Amaragol),20-09-2019,21
Onion,Raichur,20-09-2019,36.8
Paddy(Dhan)(Common),Harihara,16-12-2019,19.25
Tomato,Gundlupet,11-11-2019,6.5
Gurellu,Laxmeshwar,26-09-2019,48.3
Bitter+gourd,Honnali,30-09-2019,20
Jowar(Sorghum),Bellary,26-09-2019,23.68
Jowar(Sorghum),Gadag,26-09-2019,24.64
Jowar(Sorghum),Haveri,26-09-2019,28
Jowar(Sorghum),Kottur,26-09-2019,20.2
Jowar(Sorghum),Laxmeshwar,26-09-2019,25.23
Kulthi(Horse+Gram),Gadag,26-09-2019,24.39
Wheat,Gadag,03-10-2019,23.23
Wheat,Mysore (Bandipalya),03-10-2019,29.5
Beans,Honnali,24-09-2019,11.2
Paddy(Dhan)(Common),Harihara,20-09-2019,22.5
Paddy(Dhan)(Common),Santhesargur,20-09-2019,16.96
Paddy(Dhan)(Common),Shikaripura,20-09-2019,16.5
Paddy(Dhan)(Common),Honnali,16-12-2019,17.23
Maize,Bellary,26-09-2019,22.54
Maize,Harappana Halli,26-09-2019,23.25
Paddy(Dhan)(Common),Lingasugur,16-12-2019,24.3
Maize,Mundaragi,26-09-2019,18.92
Wheat,Hanagal,18-10-2019,18.2
Maize,Shikaripura,26-09-2019,23
Paddy(Dhan)(Common),Nanjangud,16-12-2019,22
Copra,Tiptur,06-11-2019,120
Elephant+Yam+(Suran),Arasikere,18-09-2019,12
Wheat,Gadag,30-12-2019,22.63
Wheat,Shimoga,30-12-2019,33.5
Brinjal,Channapatana,23-09-2019,8
Brinjal,Honnali,23-09-2019,9
Potato,Hubli (Amaragol),20-09-2019,11
Cabbage,Honnali,23-09-2019,8.5
Tomato,Kolar,10-10-2019,12.87
Tomato,Srinivasapur,10-10-2019,8
Green+Chilli,Chikkamagalore,19-10-2019,15.09
Beans,Kolar,10-09-2019,47
Cabbage,Kolar,10-09-2019,5.5
Brinjal,Honnali,07-09-2019,15.5
Brinjal,Ramanagara,07-09-2019,10
Carrot,Kolar,10-09-2019,25
Cauliflower,Kolar,10-09-2019,11.5
Chilly+Capsicum,Kolar,10-09-2019,11.5
Paddy(Dhan)(Common),Mandya,26-09-2019,18
Rice,Moodigere,20-09-2019,30
Rice,Sindhanur,20-09-2019,14.5
Cucumbar(Kheera),Kolar,10-09-2019,1.9
Green+Chilli,Kolar,10-09-2019,22
Raddish,Kolar,12-09-2019,5
Rice,Holenarsipura,12-09-2019,34
Rice,Kolar,12-09-2019,50.5
Ridgeguard(Tori),Honnali,12-09-2019,12.2
Jowar(Sorghum),Sindhanur,10-09-2019,24.5
Thondekai,Kolar,12-09-2019,13
Tomato,Channapatana,12-09-2019,6.5
Cabbage,Malur,15-10-2019,5.47
Sunflower,Gadag,20-09-2019,39.84
Sunflower,Mundaragi,20-09-2019,40.09
Sunflower,Raichur,20-09-2019,35.05
Ginger(Green),Shikaripura,25-11-2019,22
Groundnut,Bellary,19-10-2019,56.46
Groundnut,Gadag,19-10-2019,40.19
Groundnut,Hubli (Amaragol),19-10-2019,50.19
Groundnut,Mysore (Bandipalya),19-10-2019,36.31
Groundnut,Raichur,19-10-2019,41.05
Groundnut,Rona,19-10-2019,44.05
Turmeric,Santhesargur,20-09-2019,104
Dry+Chillies,Bangalore,16-09-2019,165
Dry+Grapes,Bangalore,16-09-2019,255
Wheat,Gadag,20-09-2019,25.49
Garlic,Bangalore,16-09-2019,68.5
Wheat,Laxmeshwar,20-09-2019,22.98
Green+Chilli,Ramanagara,28-09-2019,46
Gur(Jaggery),Bhadravathi,19-10-2019,35
Gur(Jaggery),Bijapur,19-10-2019,32
Gur(Jaggery),Srirangapattana,19-10-2019,29
Coconut,Bangalore,17-09-2019,190
Coconut,Hiriyur,17-09-2019,120
Cowpea(Veg),Honnali,17-09-2019,11.3
Cucumbar(Kheera),Channapatana,17-09-2019,8
Tomato,Gundlupet,09-09-2019,5.7
Carrot,Kolar,13-09-2019,23
Ragi+(Finger+Millet),Bangalore,15-10-2019,31
Rice,Bangalore,15-10-2019,46.5
Dry+Chillies,Bangalore,17-09-2019,135
Maize,Piriya Pattana,18-10-2019,17
Ragi+(Finger+Millet),Arasikere,26-09-2019,22.3
Rice,Shikaripura,26-09-2019,29
Gurellu,Gadag,19-10-2019,51.91
Cashewnuts,Kumta,15-10-2019,98
Paddy(Dhan)(Common),Haliyala,12-09-2019,17
Paddy(Dhan)(Common),Madhugiri,12-09-2019,17.5
Jowar(Sorghum),Gadag,19-10-2019,24.16
Jowar(Sorghum),H.B. Halli,19-10-2019,20
Jowar(Sorghum),Hubli (Amaragol),19-10-2019,23.69
Jowar(Sorghum),Rona,19-10-2019,15.94
Alasande+Gram,Bangalore,05-11-2019,70.5
Groundnut,Bellary,14-10-2019,73.18
Jowar(Sorghum),Harappana Halli,23-10-2019,16
Coconut,Harihara,30-10-2019,60
Knool+Khol,Malur,19-10-2019,20
Kulthi(Horse+Gram),Gadag,19-10-2019,34.84
Cauliflower,Chikkamagalore,23-12-2019,9.63
Safflower,Gadag,26-09-2019,44.82
Sajje,Mundaragi,26-09-2019,19.22
Bitter+gourd,Ramanagara,07-09-2019,28
Wheat,Gadag,11-11-2019,22.4
Wheat,Shimoga,11-11-2019,29.5
Copra,Tiptur,30-10-2019,127
Sunflower,Arasikere,26-09-2019,40
Sunflower,Gadag,26-09-2019,39.46
Sunflower,Mundaragi,26-09-2019,39.77
Chennangi+Dal,Haveri,15-10-2019,54.25
Tender+Coconut,Mandya,26-09-2019,100
Maize,Gundlupet,19-10-2019,20
Maize,H.B. Halli,19-10-2019,21
Cowpea(Veg),Honnali,18-09-2019,13.8
Maize,Kottur,19-10-2019,20.44
Maize,Mysore (Bandipalya),19-10-2019,37
Maize,Rona,19-10-2019,22.11
Maize,Somvarpet,19-10-2019,13
Maize,Tumkur,19-10-2019,21
Cotton,Shorapur,30-10-2019,49
Coconut,Arasikere,15-10-2019,140
Coconut,Kumta,15-10-2019,113.3
Coconut,Tarikere,15-10-2019,122.92
Ginger(Green),Shikaripura,06-11-2019,18
Maize,Chintamani,11-10-2019,25
Maize,Haliyala,11-10-2019,17
Maize,Holenarsipura,11-10-2019,15.5
Maize,Honnali,11-10-2019,21.6
Maize,Piriya Pattana,11-10-2019,17
Maize,Santhesargur,11-10-2019,13
Cucumbar(Kheera),Channapatana,30-10-2019,3
Copra,Arasikere,15-10-2019,126.02
Kulthi(Horse+Gram),Chintamani,20-09-2019,38
Corriander+seed,Hubli (Amaragol),15-10-2019,57
Copra,Tiptur,26-10-2019,123
Cotton,Annigeri,15-10-2019,55
Cotton,Bijapur,15-10-2019,55.71
Wheat,Gadag,26-09-2019,27.15
Wheat,Haveri,26-09-2019,24.81
Cotton,Chitradurga,26-10-2019,55.57
Onion,Gadag,18-10-2019,12
Rice,Hanagal,10-10-2019,19
Rice,Kolar,10-10-2019,54.14
Avare+Dal,Bangalore,19-09-2019,43
Green+Chilli,Chikkamagalore,06-11-2019,16.28
Ginger(Green),Santhesargur,01-10-2019,24
Banana,Channapatana,19-09-2019,13
Green+Chilli,Honnali,01-10-2019,14
Cotton,Manvi,24-10-2019,49.69
Cotton,Shorapur,24-10-2019,50.56
Beans,Honnali,30-09-2019,15
Green+Peas,Bangalore,01-10-2019,77
Ground+Nut+Seed,Bangalore,01-10-2019,110
Groundnut,Madhugiri,01-10-2019,73.9
Groundnut,Srinivasapur,01-10-2019,49.69
Neem+Seed,Tumkur,19-10-2019,24
Copra,Gubbi,21-10-2019,125
Drumstick,Malur,15-10-2019,20
Potato,Bangalore,20-11-2019,16
Cotton,Manvi,21-10-2019,52.83
Onion,Chikkamagalore,19-10-2019,28.13
Onion,Gadag,19-10-2019,12
Onion,Hubli (Amaragol),19-10-2019,10.5
Potato,Chikkamagalore,20-11-2019,14.57
Onion,Raichur,19-10-2019,18.6
Dry+Chillies,Byadagi,15-10-2019,106.19
Dry+Chillies,Hubli (Amaragol),15-10-2019,120
Elephant+Yam+(Suran),Arasikere,15-10-2019,11
Ginger(Green),Moodigere,30-10-2019,17.48
Onion,Gadag,18-11-2019,18
Onion,Ranebennur,21-11-2019,22
Green+Chilli,Chikkamagalore,25-11-2019,19.23
Green+Chilli,Honnali,30-10-2019,12
Paddy(Dhan)(Common),Mysore (Bandipalya),19-10-2019,16.29
Paddy(Dhan)(Common),Raichur,19-10-2019,15.11
Paddy(Dhan)(Common),Sorabha,19-10-2019,16
Paddy(Dhan)(Common),Lingasugur,15-10-2019,24.5
Paddy(Dhan)(Common),Mandya,15-10-2019,16.5
Groundnut,Laxmeshwar,26-10-2019,37.44
Groundnut,Mundaragi,26-10-2019,49.62
Alasande+Gram,Laxmeshwar,04-10-2019,44.92
Groundnut,Chitradurga,06-11-2019,47.98
Groundnut,Laxmeshwar,06-11-2019,46.71
Groundnut,Mundaragi,06-11-2019,50.51
Groundnut,Savanur,06-11-2019,46.1
Brinjal,Honnali,13-09-2019,13
Gur(Jaggery),Bangarpet,06-11-2019,32.5
Gur(Jaggery),Mandya,06-11-2019,37
Maize,Bellary,25-09-2019,22.11
Groundnut,Davangere,15-10-2019,59.98
Groundnut,Hubli (Amaragol),15-10-2019,51.44
Groundnut,Kottur,15-10-2019,73.67
Groundnut,Mysore (Bandipalya),15-10-2019,46.43
Groundnut,Raichur,15-10-2019,56.45
Groundnut,Rona,15-10-2019,59.88
Groundnut,Savanur,15-10-2019,62.48
Paddy(Dhan)(Common),Davangere,18-11-2019,19.3
Coconut,Kadur,29-11-2019,110
Potato,Kadur,16-12-2019,10
Maize,Mundaragi,26-10-2019,16.04
Gur(Jaggery),Bhadravathi,15-10-2019,25.65
Gur(Jaggery),Bijapur,15-10-2019,32
Gur(Jaggery),Mhalingapur,15-10-2019,34.04
Paddy(Dhan)(Common),Mysore (Bandipalya),18-11-2019,16.14
Paddy(Dhan)(Common),Raichur,18-11-2019,18.89
Coconut,Tarikere,29-11-2019,113.87
Groundnut,Bellary,30-10-2019,52.67
Groundnut,Chitradurga,30-10-2019,44.08
Groundnut,Gadag,30-10-2019,42.27
Groundnut,Mundaragi,30-10-2019,52.34
Paddy(Dhan)(Common),Shorapur,18-11-2019,19.05
Potato,Bangalore,16-12-2019,14
Potato,Chikkamagalore,19-10-2019,14.5
Jowar(Sorghum),Bellary,15-10-2019,22.01
Potato,Hubli (Amaragol),19-10-2019,15
Jowar(Sorghum),Haveri,15-10-2019,23
Jowar(Sorghum),Hubli (Amaragol),15-10-2019,22.69
Jowar(Sorghum),Kottur,15-10-2019,19.61
Jowar(Sorghum),Rona,15-10-2019,16.09
Beans,Malur,17-09-2019,40
Barley+(Jau),Mhalingapur,04-10-2019,35.7
Groundnut,Hiriyur,28-09-2019,63.45
Kulthi(Horse+Gram),Arasikere,15-10-2019,33
Black+pepper,Gonikappal,17-09-2019,290
Black+pepper,Siddapur,17-09-2019,316.89
Onion,Hubli (Amaragol),02-10-2019,15.5
Potato,Bangalore,21-09-2019,12
Jowar(Sorghum),Manvi,20-09-2019,24.5
Maize,Annigeri,15-10-2019,23.2
Maize,Bellary,15-10-2019,17.81
Maize,Davangere,15-10-2019,18.97
Maize,Haveri,15-10-2019,22.7
Maize,Kottur,15-10-2019,20.3
Maize,Mysore (Bandipalya),15-10-2019,19.62
Maize,Rona,15-10-2019,21.74
Ragi+(Finger+Millet),Holenarsipura,21-09-2019,26
Rice,Arasikere,21-09-2019,20
Sunflower,Lingasugur,21-09-2019,42.8
Black+pepper,Karkala,04-10-2019,300
Tomato,Channapatana,21-09-2019,10
Brinjal,Malur,10-12-2019,21.25
Potato,Hubli (Amaragol),02-10-2019,12
Beans,Chikkamagalore,11-09-2019,30
Alasande+Gram,Laxmeshwar,25-09-2019,43.1
Corriander+seed,Bangalore,16-09-2019,100
Cowpea(Veg),Honnali,16-09-2019,14.5
Cucumbar(Kheera),Channapatana,16-09-2019,10
Cucumbar(Kheera),Honnali,16-09-2019,6.7
Cashewnuts,Kumta,17-09-2019,85.1
Cashewnuts,Kundapura,17-09-2019,103.08
Maize,Bagalakot,30-10-2019,20.27
Maize,Bellary,30-10-2019,19.92
Maize,Chitradurga,30-10-2019,20.61
Maize,Gadag,30-10-2019,14.11
Cabbage,Malur,27-11-2019,9.11
Beans,Honnali,23-09-2019,9.3
Beetroot,Honnali,23-09-2019,6.7
Maize,Mundaragi,30-10-2019,20.42
Onion,Hubli (Amaragol),28-09-2019,16
Paddy(Dhan)(Common),Haliyala,10-10-2019,17
Paddy(Dhan)(Common),Hanagal,10-10-2019,16.5
Paddy(Dhan)(Common),Kolar,10-10-2019,18.08
Paddy(Dhan)(Common),Nanjangud,10-10-2019,19.16
Maize,Chitradurga,06-11-2019,17.33
Coconut,Kumta,17-09-2019,158.6
Cabbage,Chikkamagalore,11-09-2019,9.89
Maize,Kottur,06-11-2019,17.31
Coconut,Tarikere,17-09-2019,117.14
Coconut,Tumkur,17-09-2019,115
Maize,Mundaragi,06-11-2019,16.57
Maize,Santhesargur,06-11-2019,24
Maize,Somvarpet,06-11-2019,13
Ragi+(Finger+Millet),Mysore (Bandipalya),19-10-2019,22.01
Ragi+(Finger+Millet),Tarikere,19-10-2019,22
Rice,Gangavathi,19-10-2019,20.7
Rice,Mysore (Bandipalya),19-10-2019,52.5
Copra,Kadur,29-11-2019,114
Onion,Davangere,15-10-2019,18
Onion,Hubli (Amaragol),15-10-2019,15
Onion,Raichur,15-10-2019,26.46
Onion,Ranebennur,15-10-2019,21
Copra,Arasikere,17-09-2019,127.58
Cauliflower,Chikkamagalore,11-09-2019,12.18
Coriander(Leaves),Gadag,17-09-2019,50.33
Coriander(Leaves),Tumkur,17-09-2019,85
Corriander+seed,Bhadravathi,17-09-2019,72.24
Cotton,Bijapur,17-09-2019,58.17
Cotton,Davangere,17-09-2019,56.65
Cotton,Haveri,17-09-2019,49.9
Beans,Chikkamagalore,25-09-2019,20.14
Sajje,Gadag,19-10-2019,13.01
Dry+Chillies,Byadagi,11-09-2019,102.09
Soyabean,Bidar,19-10-2019,31
Soyabean,Hubli (Amaragol),19-10-2019,32.04
Soyabean,Nippani,19-10-2019,35
Paddy(Dhan)(Common),Harihara,21-09-2019,21.25
Paddy(Dhan)(Common),Lingasugur,21-09-2019,24.1
Papaya,Channapatana,21-09-2019,11
Green+Chilli,Chikkamagalore,11-09-2019,14.81
Paddy(Dhan)(Common),Gangavathi,21-11-2019,17.05
Paddy(Dhan)(Common),Harappana Halli,21-11-2019,16.8
Groundnut,Bellary,11-09-2019,73.84
Alasande+Gram,Holenarsipura,09-09-2019,66
Paddy(Dhan)(Common),Davangere,15-10-2019,18.09
Paddy(Dhan)(Common),Hanagal,15-10-2019,16.1
Paddy(Dhan)(Common),Mysore (Bandipalya),15-10-2019,18.56
Paddy(Dhan)(Common),Raichur,15-10-2019,20.39
Paddy(Dhan)(Common),Sorabha,15-10-2019,15
Gur(Jaggery),Mhalingapur,11-09-2019,34.09
Mustard,Bangalore,15-10-2019,48.5
Jowar(Sorghum),Hubli (Amaragol),11-09-2019,25.16
Knool+Khol,Chikkamagalore,11-09-2019,11.54
Sunflower,Gadag,19-10-2019,36.42
Sunflower,Gundlupet,19-10-2019,40
Sunflower,Raichur,19-10-2019,35.55
Maize,Honnali,12-09-2019,21.6
Maize,Kolar,12-09-2019,25
Maize,Madhugiri,12-09-2019,20
Tamarind+Seed,Tumkur,19-10-2019,16
Maize,Bellary,11-09-2019,23
Mustard,Haveri,06-11-2019,38
Cabbage,Chikkamagalore,25-09-2019,9.28
Papaya,Malur,15-10-2019,8.74
Beans,Malur,09-09-2019,50
Coconut,Kadur,04-10-2019,110
Coconut,Tarikere,04-10-2019,114.13
Tomato,Chikkamagalore,19-10-2019,20.4
Tomato,Malur,19-10-2019,14.28
Groundnut,Gadag,17-09-2019,58.63
Groundnut,Koppal,17-09-2019,24.69
Groundnut,Mysore (Bandipalya),17-09-2019,40.15
Groundnut,Raichur,17-09-2019,68.69
Cauliflower,Kolar,22-11-2019,18
Groundnut,Chitradurga,25-11-2019,46.46
Groundnut,Gadag,25-11-2019,38.69
Groundnut,Kadur,25-11-2019,20
Gur(Jaggery),Bangarpet,17-09-2019,32
Gur(Jaggery),Bijapur,17-09-2019,32
Gur(Jaggery),Mhalingapur,17-09-2019,32.73
Thogrikai,Ramanagara,28-10-2019,47
Groundnut,Mundaragi,25-11-2019,46.54
Coriander(Leaves),Gadag,04-10-2019,51.15
Corriander+seed,Laxmeshwar,04-10-2019,59.98
Honge+seed,Gowribidanoor,17-09-2019,29
Jowar(Sorghum),Gadag,17-09-2019,25.77
Jowar(Sorghum),Nargunda,17-09-2019,30
Cotton,Annigeri,04-10-2019,54
Cotton,Gadag,04-10-2019,56.51
Maize,Annigeri,17-09-2019,23.86
Maize,Kottur,17-09-2019,20.5
Maize,Mysore (Bandipalya),17-09-2019,14.34
Potato,Chikkamagalore,11-09-2019,14.91
Turmeric,Gundlupet,19-10-2019,65
Potato,Hubli (Amaragol),15-10-2019,13.5
Copra,Tiptur,25-09-2019,120
Corriander+seed,Laxmeshwar,25-09-2019,48.19
Coconut,Kanakapura,18-09-2019,115
Wheat,Gadag,19-10-2019,26.67
Cotton,Gadag,29-11-2019,49.33
Paddy(Dhan)(Common),Honnali,30-10-2019,19
Paddy(Dhan)(Common),Shorapur,30-10-2019,24.66
Dry+Chillies,Byadagi,04-10-2019,97.09
Maize,Piriya Pattana,06-11-2024,17
Onion,Davangere,17-09-2019,25.5
Onion,Raichur,17-09-2019,25.86
Onion,Tumkur,17-09-2019,24
Rice,Sindhanur,11-09-2019,21
Garlic,Mysore (Bandipalya),04-10-2019,120
Carrot,Bangarpet,18-11-2019,38
Sajje,Harappana Halli,26-10-2019,17.62
White+Pumpkin,Malur,19-10-2019,20
Ginger(Green),Shikaripura,25-09-2019,18
Sajje,Mundaragi,11-09-2019,21.86
Onion,Bangalore,21-09-2019,35
Ragi+(Finger+Millet),Harappana Halli,20-11-2019,18.52
Sunflower,Mundaragi,11-09-2019,39.78
Paddy(Dhan)(Common),Davangere,17-09-2019,19.05
Paddy(Dhan)(Common),Mysore (Bandipalya),17-09-2019,16.45
Paddy(Dhan)(Common),Raichur,17-09-2019,20.89
Green+Chilli,Chikkamagalore,25-09-2019,14.29
Tomato,Chikkamagalore,11-09-2019,8.55
Tomato,Srinivasapur,11-09-2019,4.33
Gur(Jaggery),Gulbarga,25-11-2019,35.5
Brinjal,Honnali,02-11-2019,11.8
Sunflower,Laxmeshwar,26-10-2019,25.29
Sunflower,Mundaragi,26-10-2019,28.57
Chrysanthemum(Loose),Malur,09-09-2019,41.66
Coconut,K.R. Pet,09-09-2019,110
Coconut,Udupi,09-09-2019,170
Cow,Arasikere,29-11-2019,360
Banana,Channapatana,23-09-2019,11
Tomato,Kolar,26-10-2019,11.2
Maize,Haliyala,14-10-2019,21
Maize,Holenarsipura,14-10-2019,20.5
Maize,Honnali,14-10-2019,21.6
Maize,Hungund,14-10-2019,23
Maize,K.R.Nagar,14-10-2019,21.5
Groundnut,Laxmeshwar,25-09-2019,46.99
Potato,Bangarpet,17-09-2019,10
Ragi+(Finger+Millet),Arasikere,15-10-2019,21
Ragi+(Finger+Millet),Davangere,15-10-2019,21.55
Ragi+(Finger+Millet),Harappana Halli,15-10-2019,21
Ragi+(Finger+Millet),Mysore (Bandipalya),15-10-2019,23
Corriander+seed,Bhadravathi,09-09-2019,80.66
Cotton,Bijapur,09-09-2019,53.83
Cotton,Kottur,09-09-2019,47.01
Cotton,Ranebennur,09-09-2019,46.5
Rice,Gangavathi,15-10-2019,20.75
Jowar(Sorghum),Bellary,25-09-2019,23.76
Jowar(Sorghum),Laxmeshwar,25-09-2019,18.19
Cabbage,Honnali,02-11-2019,10.6
Green+Peas,Shimoga,04-10-2019,77
Groundnut,Challakere,04-10-2019,73.19
Groundnut,Chitradurga,04-10-2019,55.31
Groundnut,Gadag,04-10-2019,65.67
Groundnut,Hubli (Amaragol),04-10-2019,53.66
Groundnut,Koppal,04-10-2019,62.52
Groundnut,Kottur,04-10-2019,72.13
Groundnut,Laxmeshwar,04-10-2019,54.51
Groundnut,Mysore (Bandipalya),04-10-2019,52.83
Groundnut,Raichur,04-10-2019,58
Maize,Bellary,25-09-2019,22.11
Maize,Shikaripura,25-09-2019,23
Maize,Somvarpet,25-09-2019,12
Wheat,Laxmeshwar,26-10-2019,18.74
Gur(Jaggery),Mandya,04-10-2019,33.5
Gur(Jaggery),Mhalingapur,04-10-2019,33.52
Gur(Jaggery),Mysore (Bandipalya),04-10-2019,47.5
Gur(Jaggery),Shimoga,04-10-2019,37.5
Paddy(Dhan)(Common),Chikkamagalore,06-11-2019,17.7
Paddy(Dhan)(Common),Shikaripura,06-11-2019,24
Paddy(Dhan)(Common),T. Narasipura,06-11-2019,19.5
Potato,Chintamani,25-10-2019,15
Sajje,Harappana Halli,15-10-2019,17.8
Paddy(Dhan)(Common),Hanagal,25-10-2019,16.2
Paddy(Dhan)(Common),Harihara,25-10-2019,25.5
Ragi+(Finger+Millet),Davangere,17-09-2019,18
Ragi+(Finger+Millet),Mysore (Bandipalya),17-09-2019,23.64
Ragi+(Finger+Millet),Tumkur,17-09-2019,24
Dry+Chillies,Byadagi,09-09-2019,109.69
Dry+Chillies,Hubli (Amaragol),09-09-2019,73
Dry+Chillies,Mysore (Bandipalya),09-09-2019,140
Dry+Grapes,Bijapur,09-09-2019,150
Rice,Bangarpet,17-09-2019,28
Rice,Gangavathi,17-09-2019,20.62
Garlic,Mysore (Bandipalya),09-09-2019,100
Alasande+Gram,Laxmeshwar,24-09-2019,52.85
Soyabean,Bidar,15-10-2019,27.5
Soyabean,Hubli (Amaragol),15-10-2019,28.88
Gurellu,Gadag,04-10-2019,53.48
Gurellu,Laxmeshwar,04-10-2019,47.77
Jowar(Sorghum),Gadag,04-10-2019,25.11
Jowar(Sorghum),Hubli (Amaragol),04-10-2019,24.21
Jowar(Sorghum),Kottur,04-10-2019,18.54
Jowar(Sorghum),Laxmeshwar,04-10-2019,24.27
Jowar(Sorghum),Mysore (Bandipalya),04-10-2019,23.28
Jowar(Sorghum),Shimoga,04-10-2019,39
Kulthi(Horse+Gram),Gundlupet,04-10-2019,40.95
Goat,Turvekere,09-09-2019,80
Grapes,Malur,09-09-2019,20
Sunflower,Bagalakot,17-09-2019,40.16
Sunflower,Gadag,17-09-2019,38.81
Sunflower,Kottur,17-09-2019,38.74
Sunflower,Raichur,17-09-2019,35.52
Black+pepper,Somvarpet,23-12-2019,280
Tamarind+Fruit,Tumkur,17-09-2019,65
Paddy(Dhan)(Common),Chikkamagalore,25-09-2019,24.86
Paddy(Dhan)(Common),Shikaripura,25-09-2019,17
Tomato,Davangere,17-09-2019,5.6
Tomato,Gundlupet,17-09-2019,7.5
Tomato,Malur,17-09-2019,10
Gur(Jaggery),Srirangapattana,09-10-2019,36.75
Sunflower,Bagalakot,11-09-2019,37.59
Sunflower,Bagalakot,15-10-2019,37.31
Sunflower,Kottur,15-10-2019,36.08
Sunflower,Raichur,15-10-2019,37.99
Sunflower,Rona,15-10-2019,34.49
Sajje,Gadag,20-11-2019,14.71
Sajje,Harappana Halli,20-11-2019,18.23
Maize,Challakere,04-10-2019,22.24
Maize,Chitradurga,04-10-2019,21.49
Maize,Hubli (Amaragol),04-10-2019,22.61
Maize,Hunsur,04-10-2019,15
Maize,Kottur,04-10-2019,19.72
Maize,Mysore (Bandipalya),04-10-2019,18.17
Maize,Santhesargur,04-10-2019,13
Maize,Shikaripura,04-10-2019,23.5
Maize,Shimoga,04-10-2019,22.8
Green+Chilli,Ramanagara,28-10-2019,28
Alasande+Gram,Holenarsipura,19-09-2019,65
Beans,Malur,24-09-2019,35.48
Jack+Fruit,Malur,25-11-2019,10
Jowar(Sorghum),Gadag,25-11-2019,33.7
Jowar(Sorghum),Gulbarga,25-11-2019,42.02
Jowar(Sorghum),Sindhanur,25-11-2019,16.5
Gur(Jaggery),Holalkere,20-09-2019,27.27
Tomato,Davangere,15-10-2019,11.5
Tomato,Malur,15-10-2019,19.23
Black+pepper,Sirsi,24-09-2019,313.91
Wheat,Bhadravathi,17-09-2019,30.3
Wheat,Gadag,17-09-2019,24.27
Wheat,Nargunda,17-09-2019,22.8
Groundnut,Bellary,09-09-2019,74.03
Groundnut,Chitradurga,09-09-2019,61.22
Groundnut,Raichur,09-09-2019,52.16
Jowar(Sorghum),Bellary,16-09-2019,25.27
Potato,Chikkamagalore,25-09-2019,12.35
Beans,Malur,19-12-2019,30.14
Ragi+(Finger+Millet),Bangalore,25-10-2019,32.5
Gur(Jaggery),Mhalingapur,09-09-2019,35.03
Gur(Jaggery),Shimoga,09-09-2019,40
Knool+Khol,Chikkamagalore,25-11-2019,11.74
Neem+Seed,Mysore (Bandipalya),04-10-2019,50.84
Rice,Honnali,30-10-2019,20
Rice,Santhesargur,30-10-2019,28
Onion,Hubli (Amaragol),04-10-2019,16.5
Onion,Raichur,04-10-2019,19.5
Onion,Ranebennur,04-10-2019,18
Jowar(Sorghum),Gadag,09-09-2019,25.97
Jowar(Sorghum),Hubli (Amaragol),09-09-2019,25.09
Cabbage,Honnali,17-09-2019,4
Ragi+(Finger+Millet),Gowribidanoor,03-10-2019,20
Ragi+(Finger+Millet),Tumkur,03-10-2019,24
Rice,Sindhanur,03-10-2019,44.75
Brinjal,Honnali,18-10-2019,8
Sunflower,Lingasugur,03-10-2019,41.2
Suvarna+Gadde,Somvarpet,03-10-2019,6
Tamarind+Fruit,Tumkur,03-10-2019,72
Lime,Bijapur,09-09-2019,18
Sunflower,Bagalakot,20-11-2019,38.25
Tomato,Channapatana,03-10-2019,11
Sunflower,Chitradurga,20-11-2019,33.46
Sunflower,Gadag,20-11-2019,35.18
Sunflower,Mundaragi,20-11-2019,33.6
Sunflower,Yadgir,20-11-2019,32.86
Cabbage,Honnali,18-10-2019,9
Maize,Annigeri,09-09-2019,22.5
Maize,Chitradurga,09-09-2019,22.13
Potato,Chikkamagalore,06-11-2019,14.63
Maize,Kottur,09-09-2019,23.28
Raddish,Chintamani,08-09-2019,9.5
Tomato,Kolar,08-09-2019,6.67
Knool+Khol,Ramanagara,19-12-2019,16
Chrysanthemum(Loose),Malur,24-09-2019,40
Chennangi+Dal,Bangalore,21-10-2019,61
Coconut,Kadur,24-09-2019,130
Coconut,Kanakapura,24-09-2019,116.67
Coconut,Kundapura,24-09-2019,130.13
Coconut,Tumkur,24-09-2019,102
Ragi+(Finger+Millet),Chintamani,16-12-2019,21
Marigold(Calcutta),Malur,09-09-2019,26.92
Paddy(Dhan)(Common),Mandya,04-10-2019,16
Paddy(Dhan)(Common),Mysore (Bandipalya),04-10-2019,15.36
Paddy(Dhan)(Common),Raichur,04-10-2019,23.33
Paddy(Dhan)(Common),Shikaripura,04-10-2019,24
Paddy(Dhan)(Common),Shimoga,04-10-2019,20.4
Paddy(Dhan)(Common),Sorabha,04-10-2019,16
Copra,Arasikere,24-09-2019,124.07
Copra,Kadur,24-09-2019,127.5
Coriander(Leaves),Gadag,24-09-2019,48.59
Maize,Honnali,21-09-2019,21.2
Maize,Santhesargur,21-09-2019,14
Maize,Somvarpet,21-09-2019,11
Potato,Hubli (Amaragol),18-11-2019,14
Corriander+seed,Hubli (Amaragol),24-09-2019,56.99
Corriander+seed,Laxmeshwar,24-09-2019,56.84
Cotton,Annigeri,24-09-2019,58
Cotton,Bijapur,24-09-2019,57.31
Cotton,Chitradurga,24-09-2019,63.28
Cotton,Gadag,24-09-2019,57.96
Rice,Manvi,16-12-2019,18.3
Thondekai,Kolar,25-10-2019,9
Tender+Coconut,Srirangapattana,20-11-2019,87.5
Tender+Coconut,T. Narasipura,20-11-2019,18
Sajje,Mundaragi,25-09-2019,20.17
Onion,Bijapur,09-09-2019,22
Onion,Davangere,09-09-2019,25
Onion,Hubli (Amaragol),09-09-2019,15
Onion,Mysore (Bandipalya),09-09-2019,22.5
Onion,Raichur,09-09-2019,22.9
Tomato,Kolar,25-10-2019,11.06
Wheat,Gadag,05-09-2019,29.67
Dry+Chillies,Byadagi,24-09-2019,98.1
Dry+Chillies,Hubli (Amaragol),24-09-2019,75
Ginger(Dry),Shikaripura,24-09-2019,60
Arhar+Dal(Tur+Dal),Madhugiri,13-09-2019,40.5
Gur(Jaggery),Madhugiri,23-10-2019,45
Gur(Jaggery),Srirangapattana,23-10-2019,30
Sunflower,Kadur,25-09-2019,40.5
Sunflower,Mundaragi,25-09-2019,40.03
Cotton,Haveri,01-10-2019,57
Paddy(Dhan)(Common),Davangere,09-09-2019,19.45
Paddy(Dhan)(Common),Raichur,09-09-2019,21.03
Paddy(Dhan)(Common),Shorapur,09-09-2019,23.64
Sunflower,Bagalakot,30-10-2019,37.84
Sunflower,Chitradurga,30-10-2019,38.05
Sunflower,Gadag,30-10-2019,37.49
Sunflower,Mundaragi,30-10-2019,35.64
Beans,Ramanagara,06-11-2024,40
Maize,Chikkamagalore,25-11-2019,16.52
Maize,Chitradurga,25-11-2019,16.83
Maize,Gadag,25-11-2019,15.77
Maize,Gokak,25-11-2019,16.5
Tomato,Channapatana,20-11-2019,17.5
Tomato,Chikkamagalore,20-11-2019,12.89
Maize,Gulbarga,25-11-2019,16.04
Maize,Haliyala,25-11-2019,16
Maize,Hanagal,25-11-2019,16
Maize,Harihara,25-11-2019,17
Maize,Haveri,25-11-2019,16.2
Tomato,Chikkamagalore,25-09-2019,25.52
Raddish,Honnali,26-09-2019,10
Maize,Kadur,25-11-2019,16
Ragi+(Finger+Millet),Doddaballa Pur,26-09-2019,27.5
Maize,Malur,25-11-2019,24
Rice,Kolar,26-09-2019,51.21
Maize,Mundaragi,25-11-2019,15.94
Maize,Mysore (Bandipalya),25-11-2019,16.31
Maize,Ramdurga,25-11-2019,17.5
Ridgeguard(Tori),Honnali,26-09-2019,17
Ridgeguard(Tori),Kolar,26-09-2019,15
Maize,Santhesargur,25-11-2019,15
Groundnut,Gadag,24-09-2019,66.24
Groundnut,Hubli (Amaragol),24-09-2019,56.99
Groundnut,Kadur,24-09-2019,41
Groundnut,Koppal,24-09-2019,72.68
Groundnut,Kottur,24-09-2019,73.23
Groundnut,Kumta,24-09-2019,80.6
Groundnut,Laxmeshwar,24-09-2019,56.69
Groundnut,Raichur,24-09-2019,62.11
Maize,Shikaripura,25-11-2019,18.3
Maize,Sindhanur,25-11-2019,18
Gur(Jaggery),Bijapur,24-09-2019,32
Gur(Jaggery),Gulbarga,24-09-2019,31.6
Gur(Jaggery),Mandya,24-09-2019,29.5
Tomato,Doddaballa Pur,26-09-2019,10
Tomato,Kolar,26-09-2019,15
Tomato,Srinivasapur,26-09-2019,7.87
Tomato,Channapatana,30-10-2019,17.5
Gurellu,Laxmeshwar,24-09-2019,51.25
Tomato,Chickkaballapura,30-10-2019,16
Tomato,Kolar,30-10-2019,14.67
Jowar(Sorghum),Gadag,24-09-2019,25.49
Jowar(Sorghum),Gulbarga,24-09-2019,32.65
Jowar(Sorghum),Gundlupet,24-09-2019,17.5
Jowar(Sorghum),Hubli (Amaragol),24-09-2019,26.19
Jowar(Sorghum),Kottur,24-09-2019,20.48
Jowar(Sorghum),Laxmeshwar,24-09-2019,24.15
Kulthi(Horse+Gram),Dharwar,24-09-2019,32.25
Kulthi(Horse+Gram),Tumkur,24-09-2019,34
Wheat,Kudchi,25-10-2019,35.83
Potato,Hubli (Amaragol),09-09-2019,12
Paddy(Dhan)(Common),Hanagal,22-10-2019,17
Paddy(Dhan)(Common),Lingasugur,22-10-2019,24.3
Maize,Gulbarga,24-09-2019,23.55
Maize,Hunsur,24-09-2019,13
Maize,Kottur,24-09-2019,17.1
Maize,Thirthahalli,24-09-2019,24
Onion,Tumkur,03-10-2019,22
Maize,Badami,31-10-2019,22.06
Maize,Holenarsipura,31-10-2019,17.5
Maize,Honnali,31-10-2019,20.8
Alasande+Gram,Bangalore,23-09-2019,62
Green+Chilli,Honnali,09-10-2019,18
Paddy(Dhan)(Common),Haliyala,03-10-2019,17
Paddy(Dhan)(Common),Lingasugur,03-10-2019,24.2
Paddy(Dhan)(Common),Nanjangud,03-10-2019,18
She+Buffalo,Chintamani,16-12-2019,225
She+Goat,Kudchi,16-12-2019,210
Onion,Raichur,24-09-2019,33
Wheat,Gadag,30-10-2019,21.41
Tomato,Ramanagara,25-09-2019,13.5
Ragi+(Finger+Millet),Chintamani,22-10-2019,24.5
Ragi+(Finger+Millet),Mandya,22-10-2019,30.77
Rice,Hanagal,22-10-2019,19
Ginger(Dry),Hunsur,29-11-2019,114
Ginger(Dry),Shikaripura,29-11-2019,140
Soyabean,Bangalore,22-10-2019,48.5
Soyabean,Hanagal,22-10-2019,33.17
Ragi+(Finger+Millet),Holenarsipura,09-09-2019,27.5
Rice,Mysore (Bandipalya),09-09-2019,53.5
Paddy(Dhan)(Common),Kumta,24-09-2019,17.52
Paddy(Dhan)(Common),Raichur,24-09-2019,19.21
Paddy(Dhan)(Common),Shorapur,24-09-2019,24.01
Tender+Coconut,Mandya,22-10-2019,100
Maize,Bangalore,15-10-2019,28
Maize,Haliyala,15-10-2019,21
Ragi+(Finger+Millet),Shimoga,04-10-2019,30.5
Maize,Santhesargur,15-10-2019,14
Tomato,Chintamani,22-10-2019,14.66
Rice,Gangavathi,04-10-2019,20.6
Rice,Gundlupet,04-10-2019,26.5
Rice,Nippani,04-10-2019,40
Onion,Bangalore,26-09-2019,27
Beans,Chikkamagalore,26-11-2019,11.54
Paddy(Dhan)(Common),Haliyala,26-09-2019,17
Paddy(Dhan)(Common),Hanagal,26-09-2019,17
Wheat,Gadag,20-11-2019,20.61
Sheep,Turvekere,09-09-2019,100
Jowar(Sorghum),Kudchi,11-10-2019,20
Safflower,Laxmeshwar,04-10-2019,48.59
Sajje,Harappana Halli,04-10-2019,20.25
She+Buffalo,Nippani,04-10-2019,600
Garlic,Chintamani,20-09-2019,50
Sunflower,Chitradurga,09-09-2019,38.56
Sunflower,Gadag,09-09-2019,36.84
Ginger(Green),Kolar,20-09-2019,41.66
Sajje,Mundaragi,06-11-2019,16.03
Soyabean,Bidar,04-10-2019,31.5
Soyabean,Hubli (Amaragol),04-10-2019,33.39
Tamarind+Seed,Madhugiri,16-12-2019,16.1
Green+Chilli,Chintamani,08-09-2019,12.5
Ragi+(Finger+Millet),Moodigere,21-11-2019,23.4
Tender+Coconut,Pandavapura,16-12-2019,110
Thogrikai,Kolar,16-12-2019,20
Rice,Gangavathi,21-11-2019,19.5
Tomato,Malur,09-09-2019,16.25
Sunflower,Chitradurga,06-11-2019,37.09
Sunflower,Mundaragi,06-11-2019,33.73
Sunflower,Yadgir,06-11-2019,32.67
Kulthi(Horse+Gram),Arasikere,21-09-2019,25
Onion,Ranebennur,25-11-2019,30
Goat,Arasikere,29-11-2019,81
Tomato,Channapatana,16-12-2019,10
Tomato,Chintamani,16-12-2019,7.33
Tomato,Kadur,16-12-2019,13.04
Sunflower,Chitradurga,04-10-2019,39.07
Sunflower,Gadag,04-10-2019,37.33
Sunflower,Kottur,04-10-2019,35.16
Sunflower,Mhalingapur,04-10-2019,30.5
Sunflower,Raichur,04-10-2019,35.89
Ragi+(Finger+Millet),Kadur,24-09-2019,21
Tomato,Kolar,16-12-2019,6.67
Ragi+(Finger+Millet),Tumkur,24-09-2019,22
Rice,Gulbarga,24-09-2019,47
Rice,Kumta,24-09-2019,18.08
Rice,Malur,24-09-2019,30.45
Tomato,Srinivasapur,16-12-2019,7
Coriander(Leaves),Chintamani,01-10-2019,60
Tomato,Bangarpet,06-11-2019,10.5
Tomato,Chikkamagalore,06-11-2019,19.67
Rice,Karatgi,18-11-2019,33.09
Green+Chilli,Honnali,12-09-2019,8.5
Water+Melon,Malur,09-09-2019,15
Beans,Honnali,18-10-2019,15.5
Beans,Kolar,18-10-2019,25
Beetroot,Honnali,18-10-2019,6
Cabbage,Malur,10-12-2019,10
Same/Savi,Savanur,21-11-2019,25.87
Safflower,Dharwar,24-09-2019,40
Safflower,Gulbarga,24-09-2019,43.52
Bitter+gourd,Honnali,18-10-2019,17
Soyabean,Dharwar,24-09-2019,37.65
Soyabean,Gulbarga,24-09-2019,31.04
Soyabean,Hubli (Amaragol),24-09-2019,37
Wheat,Bhadravathi,09-09-2019,30.55
Wheat,Gadag,09-09-2019,22.91
Wheat,Hubli (Amaragol),09-09-2019,21.29
Wheat,Nargunda,09-09-2019,22.92
Carrot,Honnali,21-10-2019,13.56
Carrot,Honnali,24-10-2019,9.7
Ragi+(Finger+Millet),Davangere,18-11-2019,19
Ragi+(Finger+Millet),Kadur,18-11-2019,24
Ragi+(Finger+Millet),Mysore (Bandipalya),18-11-2019,22.19
Ragi+(Finger+Millet),Tarikere,18-11-2019,25.28
Corriander+seed,Hubli (Amaragol),12-10-2019,55.69
Sunflower,Bagalakot,24-09-2019,38.12
Sunflower,Gadag,24-09-2019,39.98
Sunflower,Gulbarga,24-09-2019,33.82
Sunflower,Kottur,24-09-2019,38.3
Sunflower,Raichur,24-09-2019,37.55
Black+pepper,Gonikappal,19-12-2019,310
Turmeric,Gundlupet,04-10-2019,84
Rice,Gangavathi,18-11-2019,20.7
Onion,Chintamani,25-10-2019,25
Rice,Gulbarga,18-11-2019,41.5
Rice,Mysore (Bandipalya),18-11-2019,51
Tender+Coconut,Malur,24-09-2019,150
Tomato,Gundlupet,24-09-2019,13
Tomato,Srinivasapur,24-09-2019,6.67
Sunflower,Mundaragi,21-11-2019,33
Maize,Piriya Pattana,17-09-2019,12
Dry+Chillies,Hubli (Amaragol),12-10-2019,48.6
Wheat,Chitradurga,04-10-2019,19.97
Wheat,Gadag,04-10-2019,25.32
Wheat,Hubli (Amaragol),04-10-2019,21.09
Wheat,Shimoga,04-10-2019,32.5
Tender+Coconut,Mandya,21-11-2019,140
Paddy(Dhan)(Common),Bangarpet,25-11-2019,17.2
Cucumbar(Kheera),Ramanagara,25-09-2019,12.5
Paddy(Dhan)(Common),Gangavathi,25-11-2019,16.4
Paddy(Dhan)(Common),Hanagal,25-11-2019,15.5
Paddy(Dhan)(Common),Mysore (Bandipalya),25-11-2019,17.69
Paddy(Dhan)(Common),Shikaripura,25-11-2019,20
Paddy(Dhan)(Common),Tarikere,25-11-2019,18
Wheat,Gadag,24-09-2019,25.83
Wheat,Shimoga,24-09-2019,28
Groundnut,Hubli (Amaragol),12-10-2019,51.09
Jowar(Sorghum),Hubli (Amaragol),12-10-2019,24.09
Sheep,Bhadravathi,18-11-2019,141
Groundnut,Madhugiri,23-10-2019,67.1
White+Pumpkin,Ramanagara,10-09-2019,15
Groundnut,Chitradurga,29-11-2019,45.97
Soyabean,Gulbarga,18-11-2019,30.02
Soyabean,Haveri,18-11-2019,36
Soyabean,Hubli (Amaragol),18-11-2019,28.85
Groundnut,Gadag,29-11-2019,36.58
Groundnut,Kadur,29-11-2019,52
Groundnut,Mundaragi,29-11-2019,45.67
Maize,Haliyala,10-10-2019,22
Maize,Holenarsipura,10-10-2019,15
Cucumbar(Kheera),Kolar,20-09-2019,7
Kulthi(Horse+Gram),Bangalore,15-10-2019,36
Pineapple,Malur,25-11-2019,13.85
Coconut,Arasikere,10-12-2019,140
Coconut,Kadur,10-12-2019,150
Potato,Chikkamagalore,25-11-2019,14.82
Rice,Karatgi,17-09-2019,31.2
Cauliflower,Kolar,01-10-2019,30
Capsicum,Malur,10-12-2019,33.33
Chapparad+Avare,Kolar,01-10-2019,32
Beetroot,Honnali,17-09-2019,9.4
Sunflower,Chitradurga,18-11-2019,30.25
Sunflower,Gulbarga,18-11-2019,33.76
Sunflower,Raichur,18-11-2019,35.01
Sunflower,Rona,18-11-2019,31.3
Soyabean,Hubli (Amaragol),12-10-2019,32.09
Cabbage,Malur,09-12-2019,10
Jowar(Sorghum),Gadag,29-11-2019,30.28
Beans,Honnali,17-09-2019,13.5
Tamarind+Fruit,Tumkur,18-11-2019,68
Kulthi(Horse+Gram),Chitradurga,29-11-2019,30.71
Coconut,Kadur,05-12-2019,80
Brinjal,Honnali,18-09-2019,12.33
Coconut,Arasikere,27-11-2019,120
Groundnut,Bellary,27-09-2019,54.84
Cotton,Chitradurga,10-12-2019,54.33
Cotton,Savanur,10-12-2019,53.8
Beans,Honnali,16-09-2019,12.9
Beetroot,Honnali,16-09-2019,11.5
Groundnut,Bellary,25-09-2019,77.71
Green+Chilli,Honnali,21-09-2019,13
Tomato,Srinivasapur,18-11-2019,7
Maize,Honnali,25-10-2019,21
Maize,Hunsur,25-10-2019,14.25
Maize,Nargunda,25-10-2019,22.5
Maize,Santhesargur,26-09-2019,13
Carrot,Chintamani,08-09-2019,15
Maize,Arasikere,29-11-2019,16
Maize,Chitradurga,29-11-2019,17.68
Maize,Gadag,29-11-2019,17.04
Maize,Haveri,29-11-2019,16.5
Copra,Gubbi,05-12-2019,95
Copra,Tumkur,05-12-2019,113
Maize,Kadur,29-11-2019,16.5
Maize,Mundaragi,29-11-2019,16.77
Copra,Turvekere,05-12-2019,111.59
Copra,Tiptur,27-11-2019,119
Alasande+Gram,Laxmeshwar,14-09-2019,57.89
Coriander(Leaves),Gadag,05-12-2019,62.49
Coriander(Leaves),Tumkur,05-12-2019,83
Ragi+(Finger+Millet),Mysore (Bandipalya),25-11-2019,22.11
Mustard,Bangalore,22-10-2019,110
Rice,Gangavathi,25-11-2019,20.65
Rice,Sindhanur,25-11-2019,17
Coconut,Kumta,19-09-2019,193.3
Arhar+Dal(Tur+Dal),Bellary,30-12-2019,48.7
Copra,Tiptur,14-09-2019,120
Corriander+seed,Laxmeshwar,14-09-2019,47.78
Cotton,Arasikere,05-12-2019,62.5
Cotton,Bijapur,05-12-2019,50.82
Cotton,Chitradurga,05-12-2019,53.47
Cotton,Davangere,05-12-2019,41.07
Cotton,Gadag,05-12-2019,48.59
Beans,Honnali,02-11-2019,18
Beetroot,Honnali,02-11-2019,9.5
Cotton,Hubli (Amaragol),05-12-2019,49.19
Cotton,Raichur,05-12-2019,47.5
Cotton,Savanur,05-12-2019,52.78
Beans,Kolar,21-10-2019,17
Paddy(Dhan)(Common),Shorapur,14-09-2019,25.37
Cotton,Gadag,27-11-2019,48.88
Cotton,Haveri,27-11-2019,48
Cotton,Nargunda,27-11-2019,49.98
Cotton,Savanur,27-11-2019,52.82
Cotton,Sindhanur,27-11-2019,50
Safflower,Gadag,25-11-2019,47.59
Sajje,Gadag,25-11-2019,14.88
Maize,Hanagal,31-12-2019,17
Maize,Hirekerur,31-12-2019,18.5
Maize,Honnali,31-12-2019,18.5
Maize,Gowribidanoor,03-10-2019,17
Maize,Hiriyur,03-10-2019,26.26
Maize,Holenarsipura,03-10-2019,21
Maize,Kudchi,03-10-2019,20
Maize,Tumkur,03-10-2019,21
Sunflower,Mundaragi,14-09-2019,39.88
Alasande+Gram,Laxmeshwar,21-10-2019,38.09
Onion,Chintamani,06-09-2019,13.5
Paddy(Dhan)(Common),Haliyala,06-09-2019,17
Paddy(Dhan)(Common),Hanagal,06-09-2019,15.5
Paddy(Dhan)(Common),Harihara,06-09-2019,23.5
Paddy(Dhan)(Common),K.R.Nagar,06-09-2019,17.5
Beans,Chintamani,08-09-2019,22.5
Potato,Chintamani,06-09-2019,8.5
Arhar+Dal(Tur+Dal),Shimoga,21-10-2019,82
Green+Peas,Bangalore,11-10-2019,73
Beans,Kolar,06-10-2019,33
Bitter+gourd,Kolar,06-10-2019,13.33
Suvarna+Gadde,Somvarpet,06-09-2019,7.5
Sweet+Potato,Somvarpet,06-09-2019,8.75
Cabbage,Chikkamagalore,21-10-2019,9.03
Tomato,K.R.Nagar,06-09-2019,5.47
Tomato,Kolar,06-09-2019,11.67
Elephant+Yam+(Suran),Arasikere,10-12-2019,10
Soyabean,Gulbarga,25-11-2019,30.02
Carrot,Kolar,06-10-2019,27
Soyabean,Haveri,25-11-2019,32
Chapparad+Avare,Kolar,06-10-2019,33
Coconut,Kolar,06-10-2019,20
Cauliflower,Chikkamagalore,21-10-2019,10
Maize,Madhugiri,31-12-2019,20.5
Raddish,Kolar,12-11-2019,16
Cotton,Nanjangud,09-10-2019,62
Rice,Sindhanur,12-11-2019,17
Ridgeguard(Tori),Kolar,12-11-2019,28
Wheat,Bhadravathi,18-11-2019,27.54
Wheat,Hubli (Amaragol),18-11-2019,32.29
Sweet+Pumpkin,Ramanagara,12-11-2019,14
Tender+Coconut,Holenarsipura,12-11-2019,85
Thondekai,Ramanagara,12-11-2019,31
Tomato,Kolar,12-11-2019,8.46
Copra,Tiptur,02-11-2019,125
Cotton,Haveri,21-10-2019,47.85
Brinjal,Honnali,21-10-2019,7
Cotton,Santhesargur,21-10-2019,52
Cucumbar(Kheera),Chikkamagalore,21-10-2019,12.28
Cotton,Chitradurga,02-11-2019,59.26
Cotton,Haveri,02-11-2019,41.75
Ridgeguard(Tori),Kolar,06-10-2019,16
Cotton,Nargunda,02-11-2019,53.44
Cotton,Sindhanur,02-11-2019,55
Tomato,Kolar,06-10-2019,16
Groundnut,Chintamani,14-10-2019,47.5
Moath+Dal,Bangalore,06-09-2019,57.5
Ox,Arasikere,29-11-2019,760
Alasande+Gram,Laxmeshwar,10-10-2019,43.89
Calf,Chintamani,09-12-2019,150
Sunflower,Chitradurga,25-11-2019,34.59
Sunflower,Gadag,25-11-2019,35.32
Sunflower,Gulbarga,25-11-2019,32.02
Sunflower,Mundaragi,25-11-2019,34.67
Ginger(Green),Tarikere,10-12-2019,23.52
Ginger(Green),Santhesargur,21-10-2019,26.5
Ginger(Green),Somvarpet,21-10-2019,25
Rice,Karatgi,11-10-2019,34.51
Coconut,Kolar,20-09-2019,220
Coconut,Madhugiri,12-09-2019,100
Black+pepper,Chikkamagalore,31-12-2019,243.06
Black+pepper,Moodigere,31-12-2019,215.97
Black+pepper,Somvarpet,31-12-2019,280
Cucumbar(Kheera),Channapatana,12-09-2019,6
Cucumbar(Kheera),Honnali,12-09-2019,6.5
Paddy(Dhan)(Common),Tarikere,29-11-2019,18.59
Green+Chilli,Chikkamagalore,21-10-2019,15.63
Jowar(Sorghum),Bangalore,15-10-2019,31.5
Banana+-+Green,Santhesargur,10-10-2019,10
Dry+Chillies,Byadagi,05-12-2019,115.69
Dry+Chillies,Hubli (Amaragol),05-12-2019,74.93
Elephant+Yam+(Suran),Arasikere,05-12-2019,19.5
Maize,Hanagal,22-10-2019,20.5
Maize,Holenarsipura,22-10-2019,21
Groundnut,Haveri,02-11-2019,43.5
Groundnut,Mundaragi,02-11-2019,58.09
Groundnut,Savanur,02-11-2019,45.09
Gur(Jaggery),Mandya,02-11-2019,36
Dry+Chillies,Sindhanur,27-11-2019,77
Brinjal,Honnali,01-10-2019,8
Brinjal,Kolar,01-10-2019,5
Tomato,Chikkamagalore,25-11-2019,12.9
Tomato,Kadur,25-11-2019,13.33
Tomato,Kolar,25-11-2019,7.53
Tomato,Malur,25-11-2019,10.62
Black+pepper,Sirsi,10-10-2019,302.39
Jowar(Sorghum),Sindhanur,02-11-2019,19.5
Cabbage,Honnali,01-10-2019,9
Kulthi(Horse+Gram),Chintamani,02-11-2019,32.5
Calf,Chintamani,01-10-2019,150
Groundnut,Mundaragi,21-10-2019,51.09
Groundnut,Savanur,21-10-2019,56.6
Chili+Red,Shimoga,21-10-2019,150
Gur(Jaggery),Mandya,21-10-2019,33.5
Maize,Bellary,02-11-2019,19.04
Maize,Holenarsipura,02-11-2019,18
Coconut,Davangere,21-10-2019,140
Maize,Mundaragi,02-11-2019,16.57
Maize,Sindhanur,02-11-2019,21.4
Coconut,Kundapura,21-10-2019,128.51
Coconut,Tumkur,21-10-2019,105
Copra,Turvekere,21-10-2019,127.65
Coriander(Leaves),Gadag,21-10-2019,55.01
Coriander(Leaves),Tumkur,21-10-2019,86
Kulthi(Horse+Gram),Santhesargur,21-10-2019,38
Corriander+seed,Hubli (Amaragol),21-10-2019,48.59
Corriander+seed,Laxmeshwar,21-10-2019,50.97
Cotton,Bijapur,21-10-2019,52.34
Cotton,Davangere,21-10-2019,50.79
Cotton,Kadur,21-10-2019,62.1
Cotton,Kottur,21-10-2019,47.19
Cotton,Shorapur,21-10-2019,52.85
Cotton,Sindhanur,21-10-2019,56
Cotton,Haveri,22-10-2019,52.85
Garlic,Bangalore,02-12-2019,100
Cabbage,Malur,19-12-2019,10
Onion,Bangalore,02-11-2019,45
Maize,Mundaragi,21-10-2019,20.77
Maize,Santhesargur,21-10-2019,14.5
Maize,Somvarpet,21-10-2019,13
Beans,Honnali,18-09-2019,14.5
Beetroot,Honnali,18-09-2019,11.6
Dry+Chillies,Hubli (Amaragol),21-10-2019,64.1
Wheat,Gadag,25-11-2019,28.64
Wheat,Gangavathi,25-11-2019,19.6
Wheat,Hanagal,25-11-2019,18
Ginger(Green),Tarikere,21-10-2019,19.63
Cotton,Hubli (Amaragol),09-12-2019,52.59
Coconut,Gundlupet,10-12-2019,120
Beans,Honnali,21-10-2019,15
Coconut,Udupi,10-12-2019,100
Alasande+Gram,Bangalore,16-09-2019,59.5
Coconut,Bhadravathi,10-10-2019,120
Coconut,Kundapura,10-10-2019,135.06
Gur(Jaggery),Chamaraj Nagar,31-10-2019,37
Gur(Jaggery),Kudchi,31-10-2019,34
Copra,Turvekere,10-10-2019,126
Coriander(Leaves),Gadag,10-10-2019,64.28
Corriander+seed,Hubli (Amaragol),10-10-2019,56.97
Corriander+seed,Laxmeshwar,10-10-2019,62.23
Chilly+Capsicum,Kolar,12-09-2019,10
Arhar+Dal(Tur+Dal),Kolar,17-10-2019,81
Cotton,Annigeri,10-10-2019,55.5
Cotton,Davangere,10-10-2019,52.63
Cotton,Kottur,10-10-2019,50.71
Cotton,Ranebennur,10-10-2019,52.07
Copra,Arasikere,10-12-2019,110.86
Copra,Gubbi,10-12-2019,115
Copra,Tumkur,10-12-2019,43
Green+Peas,Shimoga,21-10-2019,84
Groundnut,Chitradurga,21-10-2019,55.22
Groundnut,Davangere,21-10-2019,54.73
Groundnut,Gadag,21-10-2019,41.69
Groundnut,Hubli (Amaragol),21-10-2019,50.09
Groundnut,Laxmeshwar,21-10-2019,47.87
Groundnut,Raichur,21-10-2019,40.02
Beans,Malur,17-10-2019,42.64
Coriander(Leaves),Tumkur,10-12-2019,83
Ginger(Green),Santhesargur,10-10-2019,23
Gurellu,Laxmeshwar,21-10-2019,45.74
Jowar(Sorghum),Gadag,21-10-2019,23.77
Jowar(Sorghum),Gundlupet,21-10-2019,18.5
Jowar(Sorghum),Harappana Halli,21-10-2019,16.91
Jowar(Sorghum),Hubli (Amaragol),21-10-2019,24.39
Jowar(Sorghum),Kottur,21-10-2019,18.25
Jowar(Sorghum),Laxmeshwar,21-10-2019,21.19
Jowar(Sorghum),Shimoga,21-10-2019,41
Ground+Nut+Seed,Bangalore,15-10-2019,155
Groundnut,Bangalore,15-10-2019,52
Groundnut,Madhugiri,15-10-2019,71.7
Alasande+Gram,Gundlupet,16-09-2019,69
Alasande+Gram,Laxmeshwar,16-09-2019,55.67
Gur(Jaggery),Bangalore,15-10-2019,48
Kulthi(Horse+Gram),Gundlupet,21-10-2019,33
Lime,Bijapur,21-10-2019,12
Maize,Bellary,21-10-2019,19.47
Maize,Chitradurga,21-10-2019,19.8
Maize,Gadag,21-10-2019,19.07
Maize,Gundlupet,21-10-2019,22
Maize,Kottur,21-10-2019,19.6
Groundnut,Davangere,10-10-2019,63.03
Groundnut,Gadag,10-10-2019,64.65
Groundnut,Hubli (Amaragol),10-10-2019,51.29
Groundnut,Laxmeshwar,10-10-2019,60.55
Groundnut,Madhugiri,10-10-2019,72.18
Groundnut,Raichur,10-10-2019,64.89
Groundnut,Ranebennur,10-10-2019,51.57
Maize,Shimoga,21-10-2019,22.25
Ragi+(Finger+Millet),Piriya Pattana,24-09-2019,22.5
Seemebadnekai,Ramanagara,24-09-2019,20
Groundnut,Kottur,10-12-2019,43.66
Alasande+Gram,Gundlupet,11-10-2019,38
Gur(Jaggery),Gulbarga,10-10-2019,32.52
Groundnut,Mundaragi,10-12-2019,40.26
Groundnut,Savanur,10-12-2019,39.97
Black+pepper,Moodigere,16-09-2019,263.75
Jowar(Sorghum),Bellary,15-10-2019,22.01
Cucumbar(Kheera),Channapatana,21-09-2019,4.5
Gurellu,Gadag,10-10-2019,51.23
Gurellu,Laxmeshwar,10-10-2019,45.68
Jowar(Sorghum),Basava Kalayana,10-10-2019,32
Jowar(Sorghum),Gadag,10-10-2019,22.68
Jowar(Sorghum),Gulbarga,10-10-2019,32.75
Jowar(Sorghum),Hubli (Amaragol),10-10-2019,24.11
Maize,Piriya Pattana,24-09-2019,15
Jowar(Sorghum),Koppal,10-10-2019,15.13
Jowar(Sorghum),Kottur,10-10-2019,17.6
Jowar(Sorghum),Laxmeshwar,10-10-2019,23.3
Jowar(Sorghum),Ramdurga,10-10-2019,14.5
Jowar(Sorghum),Shimoga,10-10-2019,37.5
Beans,Chikkamagalore,30-09-2019,18.92
Methi+Seeds,Shimoga,21-10-2019,70
Onion,Kadur,16-12-2019,25
Rice,Sindhanur,02-11-2019,14.5
Corriander+seed,Bhadravathi,10-12-2019,72.57
Maize,Athani,10-10-2019,18
Maize,Davangere,10-10-2019,16.51
Maize,Hubli (Amaragol),10-10-2019,17.09
Maize,Hunsur,10-10-2019,13.88
Maize,Koppal,10-10-2019,21.26
Maize,Kottur,10-10-2019,19.79
Maize,Laxmeshwar,10-10-2019,15.29
Maize,Rona,10-10-2019,21.3
Maize,Santhesargur,10-10-2019,13
Maize,Shimoga,10-10-2019,22.3
Capsicum,Malur,17-10-2019,31.25
Coconut,Davangere,16-09-2019,110
Potato,Holalkere,06-11-2024,10
Coriander(Leaves),Gadag,16-09-2019,49.5
Corriander+seed,Laxmeshwar,16-09-2019,46.83
Corriander+seed,Shimoga,16-09-2019,97.5
Cotton,Davangere,16-09-2019,51.33
Cotton,Kottur,16-09-2019,51.6
Cotton,Ranebennur,16-09-2019,60.19
Rice,Honnali,06-11-2024,19.59
Cauliflower,Kolar,17-10-2019,20
Paddy(Dhan)(Common),Chikkamagalore,21-10-2019,27.95
Alasande+Gram,Laxmeshwar,23-09-2019,47.83
Capsicum,Kolar,20-09-2019,21
Carrot,Kolar,20-09-2019,23
Dry+Chillies,Hubli (Amaragol),16-09-2019,52
Dry+Grapes,Bijapur,16-09-2019,150
Kulthi(Horse+Gram),Chintamani,25-10-2019,32.75
Kulthi(Horse+Gram),Srinivasapur,25-10-2019,76
Sunflower,Shorapur,06-11-2024,34.7
Tender+Coconut,Srirangapattana,06-11-2024,110
Beetroot,Kolar,11-10-2019,14
Onion,Bijapur,21-10-2019,14
Tomato,Chintamani,06-11-2024,18.66
Onion,Davangere,21-10-2019,14.5
Tomato,Srinivasapur,06-11-2024,14.67
Avare+Dal,Arasikere,23-09-2019,73
Onion,Hubli (Amaragol),21-10-2019,12.5
Onion,Kadur,21-10-2019,20.4
Onion,Raichur,21-10-2019,19.86
Banana+-+Green,Somvarpet,23-09-2019,15
Cucumbar(Kheera),Channapatana,30-09-2019,16
Beans,Chikkamagalore,23-09-2019,19.05
Beans,Kolar,23-09-2019,30
Beetroot,Chikkamagalore,23-09-2019,10.29
Beetroot,Kolar,23-09-2019,16
Ginger(Green),Piriya Pattana,24-09-2019,26
Onion,Hubli (Amaragol),10-10-2019,15
Onion,Raichur,10-10-2019,23.8
Onion,Ranebennur,10-10-2019,22
Onion,Tarikere,10-10-2019,17.22
Sunflower,Mundaragi,02-11-2019,35.6
Sunflower,Nargunda,02-11-2019,34.1
Dry+Chillies,Byadagi,30-09-2019,102.09
Coconut,Arasikere,21-09-2019,170
Garlic,Bangalore,30-09-2019,78.5
Black+pepper,Yellapur,11-10-2019,296
Green+Peas,Shimoga,16-09-2019,72.5
Gur(Jaggery),Mandya,10-12-2019,27.5
Groundnut,Chitradurga,16-09-2019,56.84
Groundnut,Davangere,16-09-2019,43.96
Groundnut,Gadag,16-09-2019,62.17
Groundnut,Laxmeshwar,16-09-2019,52.15
Groundnut,Mysore (Bandipalya),16-09-2019,37.45
Groundnut,Raichur,16-09-2019,56.09
Groundnut,Ranebennur,16-09-2019,40.2
Groundnut,Rona,16-09-2019,58.5
Cucumbar(Kheera),Ramanagara,24-09-2019,9
Bottle+gourd,Kolar,11-10-2019,6.5
Drumstick,Ramanagara,24-09-2019,40
Cabbage,Kolar,12-09-2019,6
Gur(Jaggery),Bijapur,16-09-2019,32
Gur(Jaggery),Gulbarga,16-09-2019,31.5
Gur(Jaggery),Gundlupet,16-09-2019,41.73
Gur(Jaggery),Shimoga,16-09-2019,40
Cotton,Kottur,17-10-2019,51.26
Cotton,Manvi,17-10-2019,45.31
Alasande+Gram,Arasikere,13-09-2019,56.01
Green+Chilli,Chikkamagalore,30-09-2019,18.01
Jowar(Sorghum),Gadag,16-09-2019,27.79
Jowar(Sorghum),Gulbarga,16-09-2019,36.76
Jowar(Sorghum),Gundlupet,16-09-2019,15.5
Jowar(Sorghum),Hubli (Amaragol),16-09-2019,26.69
Jowar(Sorghum),Laxmeshwar,16-09-2019,25.58
Carrot,Ramanagara,10-09-2019,38
Green+Chilli,Honnali,26-09-2019,16
Ridgeguard(Tori),Ramanagara,19-09-2019,30
Cabbage,Chikkamagalore,23-09-2019,9.84
Lime,Bijapur,16-09-2019,16
Gur(Jaggery),Srirangapattana,26-09-2019,32
Beans,Malur,13-09-2019,45.83
Maize,Annigeri,16-09-2019,23.72
Maize,Chitradurga,16-09-2019,22.29
Maize,Gulbarga,16-09-2019,21.76
Maize,Kottur,16-09-2019,19.86
Maize,Mysore (Bandipalya),16-09-2019,15.12
Maize,Shimoga,16-09-2019,24.15
Black+pepper,Gonikappal,13-09-2019,300
Paddy(Dhan)(Common),Bhadravathi,10-10-2019,18.45
Paddy(Dhan)(Common),Raichur,10-10-2019,22.89
Paddy(Dhan)(Common),Shimoga,10-10-2019,23
Paddy(Dhan)(Common),Sorabha,10-10-2019,14
Groundnut,Mundaragi,30-09-2019,61.9
Groundnut,Savanur,30-09-2019,55.99
Cauliflower,Chikkamagalore,23-09-2019,10.4
Gur(Jaggery),Mandya,30-09-2019,31.5
Gur(Jaggery),Mhalingapur,30-09-2019,33.5
Gur(Jaggery),Srirangapattana,30-09-2019,31
Beetroot,Honnali,01-10-2019,8
Paddy(Dhan)(Common),Davangere,21-10-2019,18.27
Paddy(Dhan)(Common),Gangavathi,21-10-2019,16.67
Paddy(Dhan)(Common),Harappana Halli,21-10-2019,16
Paddy(Dhan)(Common),Kundapura,21-10-2019,19
Paddy(Dhan)(Common),Raichur,21-10-2019,22.89
Paddy(Dhan)(Common),Shimoga,21-10-2019,23.5
Cabbage,Chikkamagalore,13-09-2019,10.29
Paddy(Dhan)(Common),Shorapur,21-10-2019,23
Coconut,Arasikere,23-09-2019,128.78
Coconut,Hiriyur,23-09-2019,113.35
Onion,Bijapur,16-09-2019,25
Onion,Davangere,16-09-2019,24
Onion,Raichur,16-09-2019,25.5
Dry+Chillies,Byadagi,17-10-2019,100.89
Corriander+seed,Bhadravathi,23-09-2019,61.71
Corriander+seed,Laxmeshwar,23-09-2019,55.93
Cotton,Haveri,23-09-2019,47.5
Coconut,Arasikere,13-09-2019,100
Coconut,Kadur,13-09-2019,120
Coconut,Tarikere,13-09-2019,117.66
Maize,Mundaragi,30-09-2019,21.57
Maize,Shikaripura,30-09-2019,25
Maize,Somvarpet,30-09-2019,15
Cucumbar(Kheera),Kolar,23-09-2019,10
Cotton,Bellary,10-12-2019,41.02
Cotton,Bellary,13-09-2019,56.88
Ginger(Dry),Shikaripura,17-10-2019,185
Paddy(Dhan)(Common),Davangere,16-09-2019,17.14
Paddy(Dhan)(Common),Moodigere,16-09-2019,17.5
Paddy(Dhan)(Common),Mysore (Bandipalya),16-09-2019,16.98
Paddy(Dhan)(Common),Raichur,16-09-2019,23.09
Paddy(Dhan)(Common),Shimoga,16-09-2019,21.5
Paddy(Dhan)(Common),Shorapur,16-09-2019,25.71
Cabbage,Kolar,11-10-2019,6.5
Cotton,Bijapur,10-12-2019,52.2
Cotton,Davangere,10-12-2019,47.33
Ginger(Green),Kolar,17-10-2019,42.22
Ginger(Green),Santhesargur,17-10-2019,23
Cotton,Gadag,10-12-2019,47.54
Dry+Chillies,Byadagi,23-09-2019,96.1
Elephant+Yam+(Suran),Arasikere,23-09-2019,16
Cotton,Hubli (Amaragol),10-12-2019,51.25
Cotton,Raichur,10-12-2019,48
Cotton,Shorapur,10-12-2019,48.97
Green+Chilli,Chikkamagalore,13-09-2019,13.33
Potato,Hubli (Amaragol),10-10-2019,12
Brinjal,Honnali,12-09-2019,12
Goat,Hirekerur,23-09-2019,56
Green+Chilli,Chikkamagalore,23-09-2019,14.74
Coconut,Kumta,10-10-2019,192.6
Ginger(Green),Ramanagara,19-09-2019,31
Potato,Chikkamagalore,21-10-2019,14.09
Groundnut,Bellary,13-09-2019,76.1
Groundnut,Chitradurga,13-09-2019,43.74
Groundnut,Gadag,13-09-2019,72.34
Groundnut,Raichur,13-09-2019,68.11
Groundnut,Laxmeshwar,23-09-2019,57.49
Groundnut,Mundaragi,23-09-2019,76.25
Gur(Jaggery),Mandya,13-09-2019,30.5
Gurellu,Laxmeshwar,23-09-2019,49.66
Jowar(Sorghum),Bellary,23-09-2019,24.34
Jowar(Sorghum),Haveri,23-09-2019,19
Jowar(Sorghum),Laxmeshwar,23-09-2019,21.6
Jowar(Sorghum),Nargunda,23-09-2019,28.5
Knool+Khol,Chikkamagalore,23-09-2019,12.5
Jowar(Sorghum),Bellary,13-09-2019,25.87
Jowar(Sorghum),Gadag,13-09-2019,25.72
Jowar(Sorghum),Hubli (Amaragol),13-09-2019,26.09
Knool+Khol,Chikkamagalore,13-09-2019,11.33
Cucumbar(Kheera),Ramanagara,19-09-2019,11.5
Maize,Bellary,23-09-2019,24.18
Maize,Mundaragi,23-09-2019,20.8
Maize,Santhesargur,23-09-2019,14
Ragi+(Finger+Millet),Davangere,16-09-2019,22
Ragi+(Finger+Millet),Mysore (Bandipalya),16-09-2019,23.34
Onion,Bangalore,30-09-2019,25
Onion,Chikkamagalore,30-09-2019,30
Onion,Hubli (Amaragol),30-09-2019,16.5
Rice,Gangavathi,16-09-2019,19.5
Rice,Nippani,16-09-2019,21.68
Maize,Bellary,13-09-2019,23.4
Maize,Hunsur,13-09-2019,14
Maize,Ramdurga,13-09-2019,22.5
Potato,Hubli (Amaragol),21-10-2019,12.5
Beans,Ramanagara,10-09-2019,38
Safflower,Gadag,16-09-2019,46.16
Safflower,Gulbarga,16-09-2019,42.5
Safflower,Raichur,16-09-2019,37.59
Sheep,Pavagada,16-09-2019,45
Soyabean,Bidar,16-09-2019,37.2
Soyabean,Hubli (Amaragol),16-09-2019,32.09
Ground+Nut+Seed,Kolar,17-10-2019,100
Coconut,Arasikere,11-10-2019,123.8
Coconut,Bhadravathi,11-10-2019,171.56
Sunflower,Bagalakot,16-09-2019,40.87
Sunflower,Chitradurga,16-09-2019,41.41
Sunflower,Gadag,16-09-2019,40.96
Sunflower,Raichur,16-09-2019,37.08
Sunflower,Rona,16-09-2019,41.43
Tamarind+Fruit,Shimoga,16-09-2019,102.5
Onion,Hubli (Amaragol),13-09-2019,17.5
Onion,Raichur,13-09-2019,23.6
Groundnut,Kolar,17-10-2019,60
Groundnut,Mundaragi,17-10-2019,65.24
Groundnut,Savanur,17-10-2019,61.94
Gur(Jaggery),Srirangapattana,10-10-2019,36
Paddy(Dhan)(Common),Harihara,04-11-2019,22.25
Coriander(Leaves),Gadag,11-10-2019,54.6
Coriander(Leaves),Tumkur,11-10-2019,91
Paddy(Dhan)(Common),Bhadravathi,13-09-2019,14
Paddy(Dhan)(Common),Raichur,13-09-2019,21.22
Paddy(Dhan)(Common),Udupi,13-09-2019,17.5
Wheat,Gadag,16-09-2019,25.15
Potato,Chikkamagalore,23-09-2019,11.02
Ragi+(Finger+Millet),Piriya Pattana,25-09-2019,22.5
Cotton,Bijapur,11-10-2019,57.39
Cotton,Gadag,11-10-2019,56.25
Groundnut,Madhugiri,03-10-2019,73
Cotton,Gundlupet,11-10-2019,58.2
Green+Peas,Bangalore,15-10-2019,75
Dry+Chillies,Hubli (Amaragol),09-12-2019,65.39
Rice,Gangavathi,10-10-2019,20.7
Rice,Gulbarga,10-10-2019,41.52
Papaya,Channapatana,04-11-2019,12
Cow,Nippani,11-10-2019,400
Jowar(Sorghum),Athani,17-10-2019,27
Jowar(Sorghum),Bellary,17-10-2019,23.04
Jowar(Sorghum),Harappana Halli,17-10-2019,17.2
Jowar(Sorghum),Kottur,17-10-2019,21.08
Sunflower,Lingasugur,25-09-2019,42.2
Paddy(Dhan)(Common),Chikkamagalore,30-09-2019,34.83
Paddy(Dhan)(Common),Shikaripura,30-09-2019,20
Paddy(Dhan)(Common),Somvarpet,30-09-2019,17.5
Knool+Khol,Kolar,17-10-2019,19
Tomato,Channapatana,25-09-2019,12.5
Tomato,Kolar,25-09-2019,17
Raddish,Chikkamagalore,23-09-2019,10.34
Ragi+(Finger+Millet),Arasikere,23-09-2019,22
Ragi+(Finger+Millet),Kadur,23-09-2019,21.5
Rice,Chikkamagalore,23-09-2019,40
Maize,Bellary,17-10-2019,20.42
Paddy(Dhan)(Common),Haveri,22-10-2019,15
Maize,Kottur,17-10-2019,20.19
Maize,Mundaragi,17-10-2019,20.99
Maize,Santhesargur,17-10-2019,13
Safflower,Gadag,10-10-2019,47.64
Potato,Chikkamagalore,13-09-2019,14.95
Safflower,Gulbarga,10-10-2019,47.25
Safflower,Hubli (Amaragol),10-10-2019,47.71
Sajje,Gadag,10-10-2019,13.42
Soyabean,Basava Kalayana,10-10-2019,34
Soyabean,Bidar,10-10-2019,28
Soyabean,Hubli (Amaragol),10-10-2019,30.89
Sajje,Mundaragi,23-09-2019,20.29
Alasande+Gram,Laxmeshwar,11-09-2019,58.57
Beans,Chikkamagalore,27-09-2019,20.51
Sunflower,Mundaragi,23-09-2019,41.27
Suvarna+Gadde,Somvarpet,23-09-2019,7.5
Potato,Chikkamagalore,30-09-2019,12.91
Potato,Hubli (Amaragol),30-09-2019,20
Arhar+Dal(Tur+Dal),Shimoga,11-09-2019,81.5
Tomato,Chikkamagalore,23-09-2019,11.64
Potato,Kolar,15-11-2019,13
Tomato,Srinivasapur,23-09-2019,7.33
Garlic,Mysore (Bandipalya),11-10-2019,125
Raddish,Honnali,04-11-2019,7
Sunflower,Gadag,10-10-2019,37.61
Sunflower,Gulbarga,10-10-2019,34.75
Sunflower,Koppal,10-10-2019,36.47
Sunflower,Raichur,10-10-2019,36.55
Sunflower,Rona,10-10-2019,36.29
Sunflower,Yadgir,10-10-2019,31.61
Beans,Malur,11-09-2019,50
Black+pepper,Chikkamagalore,27-09-2019,243.62
Black+pepper,Gonikappal,27-09-2019,315
Ragi+(Finger+Millet),Chintamani,04-11-2019,21
Ginger(Green),Kolar,11-10-2019,41.5
Bottle+gourd,Chikkamagalore,27-09-2019,11.11
Wheat,Arasikere,23-09-2019,24.21
Black+pepper,Gonikappal,11-09-2019,320
Tomato,Davangere,10-10-2019,12.6
Tomato,Malur,10-10-2019,14.28
Groundnut,Hiriyur,31-10-2019,51.31
Ridgeguard(Tori),Honnali,04-11-2019,17.7
Ridgeguard(Tori),Ramanagara,04-11-2019,36
White+Pumpkin,Chikkamagalore,23-09-2019,11.54
Ragi+(Finger+Millet),Davangere,21-10-2019,19.6
Onion,Bangalore,17-10-2019,18.5
Onion,Kolar,17-10-2019,33.18
Black+pepper,Somvarpet,20-09-2019,309.83
Bottle+gourd,Kolar,20-09-2019,5
Ragi+(Finger+Millet),Arasikere,13-09-2019,20
Groundnut,Davangere,05-12-2019,41.14
Rice,Arasikere,13-09-2019,22.33
Rice,Bhadravathi,13-09-2019,28
Rice,Kadur,13-09-2019,40
Groundnut,Gadag,05-12-2019,37.29
Groundnut,Hubli (Amaragol),05-12-2019,37.9
Rice,Gangavathi,21-10-2019,20.7
Arhar+Dal(Tur+Dal),Bellary,30-09-2019,49.61
Brinjal,Kolar,20-09-2019,10
Groundnut,Laxmeshwar,05-12-2019,35.69
Groundnut,Mysore (Bandipalya),05-12-2019,60.87
Thogrikai,Ramanagara,04-11-2019,44
Groundnut,Raichur,05-12-2019,44.29
Groundnut,Savanur,05-12-2019,42.24
Maize,Hanagal,12-11-2019,17
Maize,Holenarsipura,12-11-2019,18.5
Beetroot,Kolar,12-09-2019,16
Dry+Chillies,Chintamani,14-10-2019,50
Soyabean,Hubli (Amaragol),13-09-2019,30.36
Wheat,Gadag,10-10-2019,24.55
Wheat,Hubli (Amaragol),10-10-2019,27.39
Chili+Red,Shimoga,11-09-2019,155
Chrysanthemum(Loose),Malur,11-09-2019,42.1
Coconut,Bhadravathi,11-09-2019,167
Coconut,Hunsur,11-09-2019,100
Coconut,Kundapura,11-09-2019,125
Coconut,Malur,11-09-2019,107.14
Coconut,Tarikere,11-09-2019,150
Copra,Tiptur,11-09-2019,120
Raddish,Chikkamagalore,30-09-2019,12.46
Sunflower,Chitradurga,13-09-2019,40.7
Sunflower,Gadag,13-09-2019,40.07
Sunflower,Mundaragi,13-09-2019,40.15
Avare+Dal,Bangalore,01-10-2019,53
Corriander+seed,Laxmeshwar,11-09-2019,46.31
Corriander+seed,Shimoga,11-09-2019,92.5
Cotton,Bijapur,11-09-2019,61.82
Groundnut,Chitradurga,11-10-2019,59.51
Groundnut,Gadag,11-10-2019,69.51
Groundnut,Hubli (Amaragol),11-10-2019,50.59
Groundnut,Kottur,11-10-2019,77.55
Groundnut,Raichur,11-10-2019,52.22
Ragi+(Finger+Millet),Arasikere,29-11-2019,22
Ridgeguard(Tori),Kolar,15-11-2019,22
Ragi+(Finger+Millet),Chikkamagalore,30-09-2019,20.67
Tomato,Chikkamagalore,13-09-2019,11.99
Rice,Shikaripura,30-09-2019,17.2
Rice,Srirangapattana,30-09-2019,25.85
Elephant+Yam+(Suran),Arasikere,11-09-2019,15
Gur(Jaggery),Bhadravathi,11-10-2019,30
Gur(Jaggery),Bijapur,11-10-2019,33.5
Beans,Kolar,01-10-2019,35
Gur(Jaggery),Gundlupet,11-10-2019,38
Gur(Jaggery),Mandya,11-10-2019,31.5
Gur(Jaggery),Mhalingapur,11-10-2019,33.61
Coconut,Kadur,27-09-2019,120
Coconut,Tarikere,27-09-2019,102.22
Ragi+(Finger+Millet),Kadur,29-11-2019,21
Ragi+(Finger+Millet),Mysore (Bandipalya),29-11-2019,22.17
Paddy(Dhan)(Common),Hanagal,06-11-2024,16.65
Paddy(Dhan)(Common),Nanjangud,06-11-2024,17.5
Paddy(Dhan)(Common),Shorapur,06-11-2024,17.8
Ginger(Green),Shikaripura,11-09-2019,23
Groundnut,Gadag,27-11-2019,37.65
Groundnut,Haveri,27-11-2019,44.12
Groundnut,Savanur,27-11-2019,45.21
White+Pumpkin,Malur,10-10-2019,15
Copra,Kadur,27-09-2019,125
Copra,Turvekere,27-09-2019,128
Grapes,Malur,11-09-2019,15
Corriander+seed,Hubli (Amaragol),27-09-2019,52.69
Cotton,Bijapur,27-09-2019,61.05
Potato,Chintamani,04-10-2019,12
Gurellu,Gadag,11-10-2019,47.77
Black+pepper,Somvarpet,22-11-2019,250
Jowar(Sorghum),Gadag,11-10-2019,23.04
Jowar(Sorghum),Gulbarga,11-10-2019,34
Jowar(Sorghum),Hubli (Amaragol),11-10-2019,25.29
Jowar(Sorghum),Kottur,11-10-2019,16.93
Rice,Gangavathi,29-11-2019,20.8
Rice,Shikaripura,29-11-2019,25
Groundnut,Gadag,11-09-2019,71.35
Groundnut,Mysore (Bandipalya),11-09-2019,44.76
Groundnut,Raichur,11-09-2019,56
Cucumbar(Kheera),Chikkamagalore,27-09-2019,25
Ginger(Green),Somvarpet,03-10-2019,25
Gur(Jaggery),Mandya,11-09-2019,31
Kulthi(Horse+Gram),Gundlupet,11-10-2019,37.5
Wheat,Bhadravathi,13-09-2019,24.77
Wheat,Gadag,13-09-2019,25.94
Green+Chilli,Honnali,03-10-2019,12
Raddish,Honnali,04-10-2019,12
Tomato,Kolar,15-11-2019,9
Jowar(Sorghum),Basava Kalayana,11-09-2019,32.5
Jowar(Sorghum),Gadag,11-09-2019,25.22
Jowar(Sorghum),Gulbarga,11-09-2019,35.76
Rice,Karatgi,12-09-2019,31.3
Jowar(Sorghum),Laxmeshwar,11-09-2019,24
Cabbage,Honnali,09-10-2019,13
Rice,Manvi,04-10-2019,23.5
Ragi+(Finger+Millet),Chintamani,28-10-2019,21.5
Dry+Chillies,Hubli (Amaragol),27-09-2019,93
Rice,Manvi,28-10-2019,20.5
Snakeguard,Ramanagara,04-10-2019,12
Maize,Annigeri,11-09-2019,23.68
Maize,Chitradurga,11-09-2019,23.22
Maize,Gulbarga,11-09-2019,26.28
Maize,Haveri,11-09-2019,26
Maize,Hunsur,11-09-2019,14.25
Maize,Mysore (Bandipalya),11-09-2019,14.27
Maize,Shikaripura,11-09-2019,22.5
Suvarna+Gadde,Ramanagara,04-10-2019,34
Sajje,Gadag,21-10-2019,14.06
Tender+Coconut,Mandya,04-10-2019,120
Suvarna+Gadde,Somvarpet,28-10-2019,11.66
Maize,Chitradurga,11-10-2019,19.84
Maize,Kottur,11-10-2019,19.54
Tomato,Chintamani,04-10-2019,22
Tomato,Srinivasapur,04-10-2019,13.33
Brinjal,Honnali,22-11-2019,12.6
Methi+Seeds,Shimoga,11-09-2019,56
Tomato,K.R.Nagar,28-10-2019,6
Tomato,Kolar,28-10-2019,14.67
Tomato,Srinivasapur,28-10-2019,15.33
Sunflower,Mundaragi,30-09-2019,39.53
Sweet+Potato,Somvarpet,30-09-2019,6
Potato,Bangarpet,17-10-2019,12
White+Pumpkin,Ramanagara,04-10-2019,14
Soyabean,Bidar,21-10-2019,29.5
Soyabean,Hubli (Amaragol),21-10-2019,31.69
Green+Chilli,Chikkamagalore,27-09-2019,19.5
Tomato,Channapatana,30-09-2019,15
Tomato,Chikkamagalore,30-09-2019,18.47
Onion,Arasikere,11-09-2019,24.88
Onion,Raichur,11-09-2019,22
Onion,Ranebennur,11-09-2019,18
Gur(Jaggery),Bangarpet,27-11-2019,39.5
Gur(Jaggery),Mandya,27-11-2019,29.5
Paddy(Dhan)(Common),Haliyala,25-09-2019,17
Paddy(Dhan)(Common),Haveri,25-09-2019,15.4
Paddy(Dhan)(Common),Lingasugur,25-09-2019,24.3
Paddy(Dhan)(Common),Nanjangud,25-09-2019,21.5
Gur(Jaggery),Bijapur,05-12-2019,34
Gur(Jaggery),Chamaraj Nagar,05-12-2019,35
Paddy(Dhan)(Common),Mysore (Bandipalya),11-09-2019,19.67
Gur(Jaggery),Mandya,05-12-2019,29.1
Paddy(Dhan)(Common),Raichur,11-09-2019,16.39
Paddy(Dhan)(Common),Shikaripura,11-09-2019,20
Paddy(Dhan)(Common),Shimoga,11-09-2019,21.5
Paddy(Dhan)(Common),Shorapur,11-09-2019,24.39
Paddy(Dhan)(Common),T. Narasipura,11-09-2019,17.5
Groundnut,Hubli (Amaragol),27-09-2019,49.89
Groundnut,Kottur,27-09-2019,66.12
Groundnut,Mysore (Bandipalya),27-09-2019,45
Groundnut,Raichur,27-09-2019,39.89
Gur(Jaggery),Mhalingapur,05-12-2019,33.45
Papaya,Malur,11-09-2019,8.97
Sunflower,Chitradurga,21-10-2019,37.41
Sunflower,Gadag,21-10-2019,37.19
Sunflower,Raichur,21-10-2019,37.69
Sunflower,Yadgir,21-10-2019,33.4
Gur(Jaggery),Bijapur,27-09-2019,33
Gur(Jaggery),Gundlupet,27-09-2019,38
Gur(Jaggery),Mhalingapur,27-09-2019,33.21
Gur(Jaggery),Mhalingapur,20-10-2019,34.86
Safflower,Gadag,29-11-2019,47.46
Coriander(Leaves),Gadag,28-11-2019,61.48
Sajje,Gadag,29-11-2019,14.93
Ridgeguard(Tori),Ramanagara,30-11-2019,37
Seemebadnekai,Ramanagara,30-11-2019,17
Suvarna+Gadde,Ramanagara,30-11-2019,28
Sheep,Arasikere,29-11-2019,89
Tomato,Ramanagara,30-11-2019,17
Jowar(Sorghum),Nargunda,25-10-2019,27
Maize,Mhalingapur,20-10-2019,20.5
Onion,Hubli (Amaragol),11-10-2019,14
Onion,Mysore (Bandipalya),11-10-2019,32.5
Onion,Raichur,11-10-2019,26.11
Onion,Ranebennur,11-10-2019,23
Tamarind+Fruit,Tumkur,21-10-2019,70
Jowar(Sorghum),Bidar,27-09-2019,38
Jowar(Sorghum),Gangavathi,27-09-2019,25
Jowar(Sorghum),Hubli (Amaragol),27-09-2019,26.09
Jowar(Sorghum),Kottur,27-09-2019,19.59
Soyabean,Haveri,29-11-2019,32
Knool+Khol,Chikkamagalore,27-09-2019,10.34
Kulthi(Horse+Gram),Mysore (Bandipalya),27-09-2019,27.12
Cotton,Chitradurga,28-11-2019,55.17
Potato,Malur,11-09-2019,16.66
Cotton,Gadag,28-11-2019,45.49
Cotton,Haveri,28-11-2019,50.6
Cotton,Kottur,28-11-2019,43.22
Cotton,Sindhanur,28-11-2019,50
Green+Avare+(W),Ramanagara,10-10-2019,24
Sunflower,Mundaragi,21-10-2019,33.36
Maize,Kottur,27-09-2019,18.07
Maize,Mysore (Bandipalya),27-09-2019,15.84
Maize,Shimoga,27-09-2019,23.8
Beetroot,Kolar,20-09-2019,13
Ragi+(Finger+Millet),Harappana Halli,17-10-2019,20.8
Tender+Coconut,Moodigere,21-10-2019,100
Rice,Bangarpet,17-10-2019,30
Rice,Kolar,17-10-2019,39.54
Rice,Manvi,17-10-2019,23
Tomato,Kadur,21-10-2019,14.28
Marigold(Calcutta),Haveri,27-09-2019,5.5
Jowar(Sorghum),Gadag,27-11-2019,32.63
Tomato,Chikkamagalore,21-10-2019,15.69
Tomato,Kolar,21-10-2019,10.67
Tomato,Srinivasapur,21-10-2019,9.33
Paddy(Dhan)(Common),Gangavathi,11-10-2019,16.4
Raddish,Ramanagara,30-11-2019,20
Paddy(Dhan)(Common),Raichur,11-10-2019,22.19
Ragi+(Finger+Millet),Arasikere,11-09-2019,23
Ragi+(Finger+Millet),Mysore (Bandipalya),11-09-2019,24.08
Ragi+(Finger+Millet),Shimoga,11-09-2019,27.5
Chili+Red,Shimoga,09-12-2019,172.5
Rice,Gangavathi,11-09-2019,19.5
Garlic,Bangalore,15-10-2019,92.5
Sunflower,Chitradurga,29-11-2019,36.2
Sajje,Harappana Halli,17-10-2019,16.5
Sunflower,Gadag,29-11-2019,35.4
Sunflower,Mundaragi,29-11-2019,36.57
Safflower,Gulbarga,11-09-2019,43.52
Soyabean,Bidar,11-09-2019,36.5
Onion,Hubli (Amaragol),27-09-2019,16
Onion,Raichur,27-09-2019,23.7
Paddy(Dhan)(Common),Haliyala,04-10-2019,17
Paddy(Dhan)(Common),Hanagal,04-10-2019,17.25
Sunflower,Mundaragi,17-10-2019,35.84
Sunflower,Chitradurga,11-09-2019,37.46
Sunflower,Gadag,11-09-2019,40.54
Sunflower,Gulbarga,11-09-2019,35.52
Sunflower,Mysore (Bandipalya),11-09-2019,41.55
Sunflower,Raichur,11-09-2019,33.34
Tamarind+Fruit,Shimoga,11-09-2019,110
Maize,Arasikere,10-12-2019,19.3
Tender+Coconut,Malur,17-10-2019,200
Maize,Bagalakot,10-12-2019,18.87
Maize,Kadur,10-12-2019,18
Maize,Mundaragi,10-12-2019,18.01
Maize,Shikaripura,10-12-2019,19
Paddy(Dhan)(Common),Chikkamagalore,27-09-2019,31.86
Tomato,Kolar,17-10-2019,12.33
Tomato,Malur,17-10-2019,14.7
Paddy(Dhan)(Common),Raichur,27-09-2019,18.69
Jowar(Sorghum),Bijapur,05-12-2019,42
Dry+Chillies,Byadagi,28-11-2019,120.09
Dry+Chillies,Sindhanur,28-11-2019,66
Turmeric,Gundlupet,21-10-2019,45
Jowar(Sorghum),Hubli (Amaragol),05-12-2019,28
Cowpea(Veg),Honnali,26-09-2019,11
Maize,Bellary,30-09-2019,21.54
Cucumbar(Kheera),Honnali,26-09-2019,10
Cucumbar(Kheera),Kolar,26-09-2019,8
Cotton,Manvi,11-10-2019,42.72
Wheat,Basava Kalayana,11-09-2019,38.51
Paddy(Dhan)(Common),Hanagal,30-11-2019,15.5
Wheat,Bijapur,11-09-2019,32
Wheat,Gadag,11-09-2019,24.27
Peas+Wet,Ramanagara,30-11-2019,66
Ridgeguard(Tori),Kolar,08-10-2019,11
Wheat,Gadag,21-10-2019,20.71
Tomato,Kolar,08-10-2019,16.67
Tomato,Kadur,29-11-2019,11.11
Arhar+Dal(Tur+Dal),Bangalore,21-10-2019,86.5
Avare+Dal,Bangalore,21-10-2019,45
Onion,Bangalore,25-09-2019,29
Onion,Holalkere,25-09-2019,10
Wheat,Bhadravathi,21-10-2019,25.89
Copra,Gubbi,14-10-2019,130
Coriander(Leaves),Chintamani,14-10-2019,65
Potato,Chikkamagalore,27-09-2019,11.81
Potato,Hubli (Amaragol),27-09-2019,20
Beans,Malur,25-09-2019,39.13
Cucumbar(Kheera),Channapatana,14-10-2019,5
Cucumbar(Kheera),Honnali,14-10-2019,6
Coconut,Arasikere,09-12-2019,120
Black+pepper,Gonikappal,25-09-2019,322.1
Coconut,Malur,09-12-2019,133.33
Dry+Chillies,Hubli (Amaragol),10-12-2019,137
Coconut,Tumkur,09-12-2019,108
Brinjal,Honnali,09-10-2019,10
Ragi+(Finger+Millet),Tumkur,11-10-2019,23
Banana,Channapatana,20-09-2019,11
Rice,Gangavathi,11-10-2019,20.9
Rice,Pavagada,11-10-2019,22
Maize,Arasikere,27-11-2019,16
Maize,Gadag,27-11-2019,15.59
Maize,Harappana Halli,27-11-2019,16.65
Maize,Haveri,27-11-2019,15
Maize,Nargunda,27-11-2019,17.02
Coconut,Davangere,30-09-2019,120
Ragi+(Finger+Millet),Kadur,27-09-2019,23.6
Ragi+(Finger+Millet),Mysore (Bandipalya),27-09-2019,22.93
Rice,Bidar,27-09-2019,45
Rice,Gangavathi,27-09-2019,19.8
Safflower,Gadag,11-10-2019,47.91
Safflower,Gulbarga,11-10-2019,43.11
Sajje,Gadag,11-10-2019,10.11
Sheep,Nippani,11-10-2019,50
Green+Chilli,Honnali,31-10-2019,18
Soyabean,Bidar,11-10-2019,28
Soyabean,Gulbarga,11-10-2019,30.5
Soyabean,Hubli (Amaragol),11-10-2019,31.69
Cotton,Davangere,30-09-2019,55.24
Chapparad+Avare,Malur,25-09-2019,29.41
Chrysanthemum(Loose),Malur,25-09-2019,22.5
Coconut,Kundapura,25-09-2019,132.51
Coconut,Mandya,25-09-2019,100
Copra,Mandya,25-09-2019,125
Copra,Turvekere,25-09-2019,128
Coriander(Leaves),Gadag,25-09-2019,50.24
Tomato,Channapatana,27-09-2019,12.5
Tomato,K.R.Nagar,27-09-2019,7.5
Tomato,Mulabagilu,27-09-2019,13.33
Tomato,Srinivasapur,27-09-2019,8.67
Soyabean,Bidar,27-09-2019,38
Lime,Bijapur,05-12-2019,4
Sunflower,Bagalakot,11-10-2019,38.03
Sunflower,Chitradurga,11-10-2019,33.26
Sunflower,Gadag,11-10-2019,32.1
Sunflower,Gulbarga,11-10-2019,35.5
Cotton,Annigeri,25-09-2019,61
Cotton,Gundlupet,25-09-2019,48
Sunflower,Kadur,11-10-2019,39.7
Sunflower,Kottur,11-10-2019,34.55
Sunflower,Raichur,11-10-2019,37.4
Cucumbar(Kheera),Bangarpet,25-09-2019,8
Tamarind+Fruit,Tumkur,11-10-2019,65
Rice,Honnali,07-11-2019,18.63
Rice,Manvi,07-11-2019,18.25
Rice,Shikaripura,07-11-2019,37
Sunflower,Bagalakot,27-09-2019,37.54
Sunflower,Kadur,27-09-2019,40.75
Sunflower,Kottur,27-09-2019,36.55
Sunflower,Raichur,27-09-2019,36.66
Maize,Haliyala,11-12-2019,17.5
Tomato,Kolar,11-10-2019,7.73
Maize,Holenarsipura,11-12-2019,19.5
Maize,Honnali,11-12-2019,17.6
Tamarind+Fruit,Tarikere,27-09-2019,30
Soyabean,Hanagal,07-11-2019,35.74
Maize,Piriya Pattana,11-12-2019,17
Maize,Sankeshwar,11-12-2019,18.24
Tender+Coconut,Mandya,27-09-2019,100
Cotton,Sindhanur,23-10-2019,54
Dry+Chillies,Byadagi,25-09-2019,98.29
Tomato,Chikkamagalore,27-09-2019,17.81
Thogrikai,Ramanagara,07-11-2019,41
Onion,Chintamani,04-10-2019,20
Tomato,Kolar,07-11-2019,11.33
Maize,Arasikere,05-12-2019,17
Maize,Badami,05-12-2019,17
Maize,Bagalakot,05-12-2019,17.97
Maize,Bidar,05-12-2019,15.8
Maize,Bijapur,05-12-2019,18
Maize,Davangere,05-12-2019,17.9
Maize,Gadag,05-12-2019,18.67
Maize,Gundlupet,05-12-2019,14
Cotton,Manvi,23-12-2019,49.53
Maize,Athani,07-12-2019,17
Turmeric,Gundlupet,11-10-2019,60.5
Cotton,Nargunda,23-12-2019,49.67
Cucumbar(Kheera),Kolar,10-11-2019,6.5
Maize,Hubli (Amaragol),05-12-2019,16.3
Maize,Kadur,05-12-2019,17.4
Wheat,Bidar,11-10-2019,26
Wheat,Gadag,11-10-2019,25.97
Wheat,Haveri,11-10-2019,21
Maize,Kudchi,06-11-2024,20
Wheat,Hubli (Amaragol),27-09-2019,18.01
Cotton,Sindhanur,23-12-2019,43.5
Copra,Arasikere,09-12-2019,110
Maize,Ramdurga,05-12-2019,16.3
Maize,Shikaripura,05-12-2019,17
Groundnut,Gadag,25-09-2019,65.26
Groundnut,Raichur,25-09-2019,56.86
Groundnut,Davangere,30-09-2019,51.63
Gur(Jaggery),Bangarpet,25-09-2019,32.5
Gur(Jaggery),Malur,25-09-2019,40.41
Gur(Jaggery),Mandya,25-09-2019,30
Gur(Jaggery),Mhalingapur,25-09-2019,33.14
Gur(Jaggery),Ramdurga,25-09-2019,33.55
Wheat,Gadag,29-11-2019,23.37
Copra,Turvekere,09-12-2019,117.39
Maize,Sorabha,05-12-2019,16
Maize,Tumkur,05-12-2019,17.3
Seemebadnekai,Ramanagara,17-10-2019,16
Cucumbar(Kheera),Kolar,02-10-2019,14
Jowar(Sorghum),Basava Kalayana,25-09-2019,32.26
Jowar(Sorghum),Gadag,25-09-2019,26.89
Jowar(Sorghum),Gulbarga,25-09-2019,33.75
Kulthi(Horse+Gram),Gadag,25-09-2019,33.93
Onion,Ranebennur,27-09-2019,22
Maize,Annigeri,25-09-2019,23.54
Maize,Hunsur,25-09-2019,15
Cowpea(Veg),Honnali,03-10-2019,14
Paddy(Dhan)(Common),Haliyala,27-09-2019,17
Paddy(Dhan)(Common),Hanagal,27-09-2019,16
Dry+Chillies,Bangalore,15-10-2019,170
Banana,Channapatana,21-09-2019,11
Papaya,Channapatana,27-09-2019,11
Ground+Nut+Seed,Bangalore,28-11-2019,88
Tomato,Chickkaballapura,10-11-2019,13.1
Tomato,Kolar,10-11-2019,10
Groundnut,Gadag,28-11-2019,38.99
Onion,Hubli (Amaragol),25-09-2019,19
Onion,Raichur,25-09-2019,24
Groundnut,Laxmeshwar,28-11-2019,44.16
Groundnut,Mundaragi,28-11-2019,47.11
Groundnut,Mysore (Bandipalya),28-11-2019,40
Maize,Bellary,08-11-2019,17.47
Coconut,Kanakapura,14-10-2019,57
Onion,Davangere,30-09-2019,19
Coriander(Leaves),Tumkur,09-12-2019,83
Paddy(Dhan)(Common),Gonikappal,25-09-2019,17.5
Paddy(Dhan)(Common),Hanagal,25-09-2019,16.8
Paddy(Dhan)(Common),Mandya,25-09-2019,17
Paddy(Dhan)(Common),Raichur,25-09-2019,23.02
Maize,Holenarsipura,25-09-2019,20
Maize,Honnali,25-09-2019,21.5
Maize,Piriya Pattana,25-09-2019,12
Beans,Honnali,09-10-2019,20
Maize,Piriya Pattana,23-09-2019,16
Beetroot,Honnali,09-10-2019,14
Gur(Jaggery),Mandya,28-11-2019,27.8
Ragi+(Finger+Millet),Chintamani,08-11-2019,22.5
Maize,Hanagal,30-11-2019,16
Soyabean,Haveri,08-11-2019,35.3
Coconut,Doddaballa Pur,26-09-2019,150
Potato,Bangarpet,25-09-2019,13
Potato,Hubli (Amaragol),25-09-2019,12
Sunflower,Nargunda,08-11-2019,33.65
Jowar(Sorghum),Gadag,28-11-2019,31.28
Jowar(Sorghum),Kottur,28-11-2019,18.1
Tomato,Chintamani,08-11-2019,15.33
Beans,Honnali,24-10-2019,15
Beans,Ramanagara,24-10-2019,20
Maize,Hanagal,04-10-2019,20
Maize,Honnali,04-10-2019,21.6
Maize,Kudchi,04-10-2019,20
Beetroot,Honnali,24-10-2019,10
Kulthi(Horse+Gram),Mysore (Bandipalya),28-11-2019,37
Corriander+seed,Mysore (Bandipalya),09-12-2019,74
Corriander+seed,Hubli (Amaragol),25-09-2019,54.09
Chapparad+Avare,Kolar,02-10-2019,35
Ridgeguard(Tori),Kolar,22-12-2019,28
Maize,Bagalakot,28-11-2019,17.41
Maize,Bellary,28-11-2019,17.39
Maize,Gadag,28-11-2019,16.95
Maize,Gowribidanoor,28-11-2019,17.36
Maize,Haveri,28-11-2019,16
Groundnut,Hubli (Amaragol),09-12-2019,36.39
Maize,Kottur,28-11-2019,17.55
Maize,Mundaragi,28-11-2019,16.52
Maize,Sindhanur,28-11-2019,15.8
Ginger(Green),K.R.Nagar,31-10-2019,25
Rice,Bangarpet,25-09-2019,28
Rice,Bhadravathi,25-09-2019,20.73
Rice,Bidar,25-09-2019,48
Rice,Gangavathi,25-09-2019,19.5
Rice,Hanagal,25-09-2019,17.25
Rice,Malur,25-09-2019,37.26
Beans,Bangarpet,18-11-2019,16
Beetroot,Honnali,18-11-2019,13.3
Maize,Haliyala,28-10-2019,20
Drumstick,Ramanagara,17-10-2019,51
Green+Chilli,Davangere,10-12-2019,16
Safflower,Gadag,25-09-2019,47.76
Safflower,Gulbarga,25-09-2019,43.5
Black+pepper,Somvarpet,26-12-2019,294.84
Soyabean,Bidar,25-09-2019,37.75
Cotton,Annigeri,09-12-2019,53
Cotton,Arasikere,09-12-2019,50
Cotton,Bijapur,09-12-2019,51.86
Cotton,Davangere,09-12-2019,54.06
Cotton,Dharwar,09-12-2019,51.79
Cotton,Kottur,09-12-2019,44.01
Cotton,Raichur,09-12-2019,48
Cotton,Ranebennur,09-12-2019,50.72
Cotton,Savanur,09-12-2019,53.01
Cotton,Shorapur,09-12-2019,50.16
Cotton,Sindhanur,09-12-2019,44
Groundnut,Bellary,16-09-2019,76.24
Sunflower,Gadag,25-09-2019,38.58
Sunflower,Gulbarga,25-09-2019,34.5
Sunflower,Raichur,25-09-2019,36.79
Onion,Bijapur,05-12-2019,170
Onion,Davangere,05-12-2019,70
Onion,Gadag,05-12-2019,32
Onion,Hubli (Amaragol),05-12-2019,58
Onion,Raichur,05-12-2019,90.1
Tomato,Bangarpet,25-09-2019,10
Green+Avare+(W),Ramanagara,30-11-2019,32
Green+Chilli,Ramanagara,30-11-2019,26
Coconut,Honnali,23-10-2019,140
Groundnut,Hubli (Amaragol),25-09-2019,56.69
Copra,Gubbi,03-10-2019,126
Copra,Tumkur,03-10-2019,130
Groundnut,Madhugiri,25-10-2019,50
Coconut,Tumkur,19-12-2019,110
Wheat,Gadag,25-09-2019,27.77
Onion,Kolar,15-11-2019,43
Paddy(Dhan)(Common),Bangarpet,27-11-2019,18.3
Onion,Mysore (Bandipalya),28-11-2019,53
Paddy(Dhan)(Common),Harappana Halli,27-11-2019,17.94
Paddy(Dhan)(Common),Haveri,27-11-2019,16.5
Paddy(Dhan)(Common),Lingasugur,27-11-2019,24.1
Copra,Turvekere,24-09-2019,128
Cabbage,Chikkamagalore,31-12-2019,9.91
Ginger(Green),Ramanagara,30-11-2019,49
Jowar(Sorghum),Sindhanur,12-11-2019,18.2
Cotton,Manvi,15-10-2019,46.24
Bitter+gourd,Ramanagara,17-10-2019,29
Cucumbar(Kheera),Channapatana,15-10-2019,4.5
Cow,Chintamani,09-12-2019,450
Alasande+Gram,Bangalore,01-10-2019,64
Gur(Jaggery),Kudchi,22-10-2019,33
Chennangi+Dal,Bangalore,11-10-2019,55
Copra,Gubbi,19-12-2019,113
Copra,Turvekere,19-12-2019,115.89
Alasande+Gram,Laxmeshwar,07-11-2019,45.03
Paddy(Dhan)(Common),Davangere,05-12-2019,18.61
Banana+-+Green,Santhesargur,05-11-2019,12
Paddy(Dhan)(Common),Raichur,05-12-2019,17.61
Paddy(Dhan)(Common),Shikaripura,05-12-2019,16.5
Jowar(Sorghum),Hubli (Amaragol),09-12-2019,29.29
Paddy(Dhan)(Common),Harihara,08-11-2019,19.6
Coriander(Leaves),Tumkur,19-12-2019,82
Arhar+Dal(Tur+Dal),Shimoga,07-11-2019,94
Paddy(Dhan)(Common),Gowribidanoor,28-11-2019,19
Onion,Bangalore,07-11-2019,40
Maize,Holenarsipura,04-11-2019,19
Maize,Honnali,04-11-2019,18
Maize,Kustagi,04-11-2019,20
Bottle+gourd,Kolar,02-10-2019,11
Maize,Sindhanur,04-11-2019,20
Paddy(Dhan)(Common),K.R.Nagar,28-11-2019,17.18
Paddy(Dhan)(Common),Mysore (Bandipalya),28-11-2019,15.56
Maize,Hanagal,27-09-2019,23.2
Maize,Honnali,27-09-2019,21.6
Maize,Hunsur,27-09-2019,13.4
Paddy(Dhan)(Common),Hanagal,07-11-2019,18
Paddy(Dhan)(Common),Harihara,07-11-2019,19.65
Paddy(Dhan)(Common),Nanjangud,07-11-2019,21
Paddy(Dhan)(Common),Shikaripura,07-11-2019,25
Jowar(Sorghum),Manvi,28-10-2019,13
Jowar(Sorghum),Basava Kalayana,06-11-2024,32
Black+pepper,Chikkamagalore,24-09-2019,214.6
Black+pepper,Gonikappal,24-09-2019,250
Potato,Bangarpet,19-09-2019,12
Rice,Bangarpet,19-09-2019,27.5
Rice,Chintamani,19-09-2019,45
Sunflower,Lingasugur,19-09-2019,42
Tomato,Channapatana,19-09-2019,10
Tomato,Srinivasapur,19-09-2019,6.67
Seemebadnekai,Ramanagara,12-10-2019,30
Snakeguard,Ramanagara,12-10-2019,15
Tomato,Kolar,12-10-2019,12.2
Jowar(Sorghum),Haveri,25-09-2019,23
Coconut,Nanjangud,03-10-2019,97.5
Coconut,Tumkur,03-10-2019,105
Cabbage,Chikkamagalore,24-09-2019,10.12
Paddy(Dhan)(Common),Haliyala,12-10-2019,17.2
Green+Chilli,Honnali,25-10-2019,10
Paddy(Dhan)(Common),Bangarpet,19-09-2019,15.2
Paddy(Dhan)(Common),Hanagal,19-09-2019,19.5
Paddy(Dhan)(Common),Lingasugur,19-09-2019,24.1
Carrot,Kolar,26-09-2019,19
Coconut,Arasikere,24-09-2019,151.25
Coconut,Tarikere,24-09-2019,135.89
Cotton,Manvi,05-11-2019,48.42
Cotton,Shorapur,05-11-2019,48.52
Alasande+Gram,Laxmeshwar,19-09-2019,50.02
Cotton,Bellary,24-09-2019,54.69
Cotton,Haveri,24-09-2019,60.5
Dry+Chillies,Byadagi,05-11-2019,108.09
Jowar(Sorghum),Belgaum,06-11-2019,28.5
Coconut,Bangalore,15-10-2019,180
Ginger(Green),Shikaripura,05-11-2019,25
Ginger(Green),Somvarpet,05-11-2019,25
Cauliflower,Kolar,08-10-2019,12
Soyabean,Bidar,24-09-2019,37.75
Elephant+Yam+(Suran),Arasikere,24-09-2019,10
Gur(Jaggery),Kudchi,28-10-2019,28
Groundnut,Gadag,10-12-2019,35.9
Groundnut,Hubli (Amaragol),10-12-2019,37.29
Onion,Bangalore,19-09-2019,31
Groundnut,Koppal,10-12-2019,40.06
Groundnut,Koppal,05-11-2019,44.31
Groundnut,Mundaragi,05-11-2019,50.19
Groundnut,Laxmeshwar,10-12-2019,35.08
Green+Chilli,Chikkamagalore,24-09-2019,13.88
Groundnut,Raichur,10-12-2019,47.6
Groundnut,Rona,10-12-2019,34.17
Cotton,Annigeri,19-12-2019,54
Cotton,Bijapur,19-12-2019,51.29
Cotton,Davangere,19-12-2019,48.69
Chrysanthemum(Loose),Malur,19-09-2019,31.25
Coconut,Arasikere,19-09-2019,142.78
Coconut,Bhadravathi,19-09-2019,90
Cotton,Dharwar,19-12-2019,52
Cotton,Hubli (Amaragol),19-12-2019,53.09
Dry+Chillies,Bangalore,02-12-2019,180
Cotton,Ranebennur,19-12-2019,51.01
Cotton,Savanur,19-12-2019,53.16
Copra,Turvekere,19-09-2019,130
Corriander+seed,Laxmeshwar,19-09-2019,50.11
Cotton,Annigeri,19-09-2019,59
Cotton,Davangere,19-09-2019,49.44
Cotton,Ranebennur,19-09-2019,51.49
Thogrikai,Ramanagara,23-11-2019,34
Arhar+Dal(Tur+Dal),Bellary,23-09-2019,48.66
Jowar(Sorghum),Bellary,05-11-2019,20.09
Jowar(Sorghum),Haveri,05-11-2019,27
Cabbage,Honnali,03-12-2019,12.3
Rice,Bhadravathi,24-09-2019,21.85
Rice,Honnali,24-09-2019,20.4
She+Buffalo,Kudchi,24-09-2019,150
Maize,Haliyala,12-10-2019,20
Elephant+Yam+(Suran),Arasikere,19-09-2019,15
Groundnut,Mundaragi,24-09-2019,72.39
Cucumbar(Kheera),Ramanagara,30-11-2019,14
Tomato,Chintamani,24-09-2019,16.66
Tomato,Kolar,24-09-2019,16.67
Maize,Bellary,05-11-2019,18.42
Maize,Gowribidanoor,05-11-2019,21
Green+Avare+(W),Chintamani,23-12-2019,26.5
Maize,Mundaragi,05-11-2019,15.84
Maize,Shikaripura,05-11-2019,17
Maize,Somvarpet,05-11-2019,17
Cabbage,Chikkamagalore,23-12-2019,9.94
Maize,Athani,09-12-2019,16
Cabbage,Honnali,23-12-2019,7.66
Brinjal,Kolar,08-10-2019,6.5
Coconut,K.R. Pet,07-11-2019,100
Cotton,Manvi,31-10-2019,48.65
Cotton,Sindhanur,31-10-2019,52
Maize,Hubli (Amaragol),09-12-2019,15.48
Jowar(Sorghum),Bellary,24-09-2019,25.11
Jowar(Sorghum),Haveri,24-09-2019,25.5
Maize,Hanagal,07-11-2019,18
Maize,Holenarsipura,07-11-2019,19
Maize,Honnali,07-11-2019,18.5
Maize,Kudchi,07-11-2019,18
Maize,Piriya Pattana,07-11-2019,15.27
Onion,Belgaum,06-11-2019,21.5
Maize,Shikaripura,07-11-2019,22
Onion,Hubli (Amaragol),06-11-2019,25
Ginger(Green),Somvarpet,28-10-2019,25
Coconut,Tumkur,07-11-2019,108
Groundnut,Davangere,19-09-2019,51.75
Groundnut,Laxmeshwar,19-09-2019,52.9
Groundnut,Raichur,19-09-2019,55.39
Brinjal,Honnali,26-09-2019,11
Gur(Jaggery),Bhadravathi,10-12-2019,25.15
Gur(Jaggery),Mhalingapur,10-12-2019,34.04
Gur(Jaggery),Bijapur,19-09-2019,32
Gur(Jaggery),Gulbarga,19-09-2019,32.25
Gur(Jaggery),Mandya,19-09-2019,29
Gur(Jaggery),Mhalingapur,19-09-2019,33.07
Gur(Jaggery),Shimoga,19-09-2019,38.5
Copra,Tumkur,07-11-2019,125
Copra,Turvekere,07-11-2019,122.64
Sunflower,Bellary,15-10-2019,34.08
Cabbage,Honnali,26-09-2019,11
Jowar(Sorghum),Bagalakot,19-09-2019,19.5
Jowar(Sorghum),Gulbarga,19-09-2019,36.44
Jowar(Sorghum),Hubli (Amaragol),19-09-2019,24.69
Jowar(Sorghum),Laxmeshwar,19-09-2019,23.82
Jowar(Sorghum),Rona,19-09-2019,22.79
Cotton,Annigeri,07-11-2019,52.5
Cotton,Bijapur,07-11-2019,51.16
Cotton,Chitradurga,07-11-2019,58.88
Cotton,Davangere,07-11-2019,51.89
Cucumbar(Kheera),Honnali,10-10-2019,8
Maize,Bellary,24-09-2019,22.12
Maize,Haveri,24-09-2019,23.9
Cotton,Nargunda,07-11-2019,50.38
Lime,Bijapur,19-09-2019,20
Cotton,Savanur,07-11-2019,49
Cotton,Sindhanur,07-11-2019,52
Maize,Annigeri,19-09-2019,24.59
Maize,Gulbarga,19-09-2019,21.76
Maize,Kottur,19-09-2019,16.5
Cow,Annigeri,07-11-2019,550
Soyabean,Basava Kalayana,06-11-2024,35
Garlic,Chintamani,25-10-2019,100
Onion,Arasikere,19-09-2019,9.04
Onion,Bijapur,19-09-2019,20
Onion,Davangere,19-09-2019,29
Onion,Hubli (Amaragol),19-09-2019,24.5
Onion,Malur,19-09-2019,25
Onion,Raichur,19-09-2019,37.9
Onion,Ranebennur,19-09-2019,19
Brinjal,Honnali,14-10-2019,12
Dry+Chillies,Byadagi,09-12-2019,120.09
Dry+Chillies,Mysore (Bandipalya),09-12-2019,152
Potato,Hubli (Amaragol),05-12-2019,20
Kulthi(Horse+Gram),Chintamani,04-11-2019,33
Dry+Chillies,Nippani,07-11-2019,134.85
Elephant+Yam+(Suran),Arasikere,09-12-2019,16
Gur(Jaggery),Chamaraj Nagar,25-09-2019,35
Green+Chilli,Kolar,12-11-2019,23
Garlic,Mysore (Bandipalya),07-11-2019,130
Paddy(Dhan)(Common),Davangere,19-09-2019,18.9
Jowar(Sorghum),Basava Kalayana,10-12-2019,40
Jowar(Sorghum),Bidar,10-12-2019,40
Onion,Hubli (Amaragol),24-09-2019,20.5
Jowar(Sorghum),Gadag,10-12-2019,32.45
Jowar(Sorghum),Hubli (Amaragol),10-12-2019,25.29
Gur(Jaggery),Holalkere,12-11-2019,40
Gur(Jaggery),Srirangapattana,12-11-2019,26
Garlic,Chintamani,09-12-2019,110
Garlic,Mysore (Bandipalya),09-12-2019,100
Chennangi+Dal,Bangalore,15-10-2019,55
Beans,Kolar,08-10-2019,40
Kulthi(Horse+Gram),Gundlupet,10-12-2019,32
Kulthi(Horse+Gram),Mysore (Bandipalya),10-12-2019,36.07
Kulthi(Horse+Gram),Sindhanur,10-12-2019,33
Potato,Hubli (Amaragol),19-09-2019,10.5
Dry+Chillies,Hubli (Amaragol),19-12-2019,62.7
Potato,Belgaum,06-11-2019,18.5
Carrot,Honnali,03-10-2019,20
Groundnut,Laxmeshwar,23-12-2019,39.03
Groundnut,Mulabagilu,23-12-2019,38
Groundnut,Mundaragi,23-12-2019,40.62
Moath+Dal,Bangalore,16-12-2019,65
Mustard,Bangalore,16-12-2019,48
Avare+Dal,Bangalore,18-11-2019,42
Green+Chilli,Honnali,22-10-2019,9
Ragi+(Finger+Millet),Hunsur,28-11-2019,20
Ragi+(Finger+Millet),Kottur,28-11-2019,17.59
Ragi+(Finger+Millet),Mysore (Bandipalya),28-11-2019,21.94
Raddish,Malur,19-09-2019,10
Maize,Badami,10-12-2019,16.5
Brinjal,Ramanagara,30-11-2019,30
Maize,Bellary,10-12-2019,18.56
Maize,Bhadravathi,10-12-2019,18.74
Ragi+(Finger+Millet),Arasikere,10-12-2019,18
Maize,Davangere,10-12-2019,18.3
Maize,Gadag,10-12-2019,18.48
Maize,Gubbi,10-12-2019,20
Maize,Gundlupet,10-12-2019,13.75
Ragi+(Finger+Millet),Arasikere,19-09-2019,18
Ragi+(Finger+Millet),Davangere,19-09-2019,23.5
Rice,Gangavathi,19-09-2019,19.6
Maize,Hubli (Amaragol),10-12-2019,17.5
Maize,Rona,10-12-2019,18.41
Rice,Tarikere,10-12-2019,25
Groundnut,Davangere,07-11-2019,48.15
Groundnut,Hubli (Amaragol),07-11-2019,47.39
Groundnut,Laxmeshwar,07-11-2019,43.33
Maize,Tumkur,10-12-2019,17.2
Groundnut,Raichur,07-11-2019,45.99
Groundnut,Savanur,07-11-2019,44.01
Ridgeguard(Tori),Kolar,20-10-2019,20
Tomato,Kolar,20-10-2019,10.33
Rice,Gowribidanoor,05-11-2019,21.4
Gur(Jaggery),Gulbarga,07-11-2019,33.5
Gur(Jaggery),Mhalingapur,07-11-2019,35.63
Gur(Jaggery),Mandya,23-12-2019,29
Potato,Chikkamagalore,24-09-2019,12.75
Potato,Hubli (Amaragol),24-09-2019,18
Peas+Wet,Ramanagara,23-11-2019,95
Cucumbar(Kheera),Honnali,28-10-2019,3.5
Sajje,Gadag,28-11-2019,16.61
Alasande+Gram,Laxmeshwar,18-10-2019,40.15
Soyabean,Haveri,28-11-2019,28
Sajje,Mundaragi,05-11-2019,16.02
Jowar(Sorghum),Gulbarga,07-11-2019,37.75
Jowar(Sorghum),Hubli (Amaragol),07-11-2019,25.69
Jowar(Sorghum),Laxmeshwar,07-11-2019,25.31
Jowar(Sorghum),Nargunda,07-11-2019,32.24
Jowar(Sorghum),Sindhanur,07-11-2019,20
Soyabean,Haveri,05-11-2019,34
Paddy(Dhan)(Common),Haliyala,24-09-2019,17.5
Paddy(Dhan)(Common),Hanagal,24-09-2019,19.3
Gur(Jaggery),Srirangapattana,06-11-2024,32
Arhar+Dal(Tur+Dal),Bangalore,18-10-2019,85
Arhar+Dal(Tur+Dal),Bellary,18-10-2019,45.09
Kulthi(Horse+Gram),Tumkur,07-11-2019,32
Bottle+gourd,Kolar,26-09-2019,6
Jowar(Sorghum),Manvi,27-09-2019,18
Sunflower,Mundaragi,05-11-2019,34.75
Same/Savi,Kadur,10-12-2019,23
Banana,Channapatana,18-10-2019,12
Tender+Coconut,Mandya,05-11-2019,100
Sunflower,Bagalakot,28-11-2019,38.38
Sunflower,Bellary,28-11-2019,34.96
Sunflower,Gadag,28-11-2019,34.77
Sunflower,Mundaragi,28-11-2019,36.69
Maize,Athani,26-11-2019,17
Lime,Bijapur,07-11-2019,8
Tomato,Srinivasapur,05-11-2019,13.33
Coconut,K.R.Nagar,31-10-2019,103
Ginger(Green),Bangalore,25-09-2019,52
Maize,Bijapur,07-11-2019,16
Maize,Davangere,07-11-2019,17.21
Maize,Gulbarga,07-11-2019,20.5
Maize,Hubli (Amaragol),07-11-2019,17.39
Maize,Koppal,07-11-2019,17.83
Green+Chilli,Honnali,25-09-2019,15
Maize,Mhalingapur,07-11-2019,12.5
Maize,Nargunda,07-11-2019,19.61
Tender+Coconut,K.R.Nagar,28-11-2019,110
Maize,Shimoga,07-11-2019,17.25
Maize,Sorabha,07-11-2019,18
Ragi+(Finger+Millet),Kadur,05-12-2019,25
Beetroot,Chikkamagalore,18-10-2019,14.89
Ragi+(Finger+Millet),Mysore (Bandipalya),05-12-2019,21.68
Ragi+(Finger+Millet),Arasikere,24-09-2019,22.2
Ragi+(Finger+Millet),Bellary,24-09-2019,27.27
Ragi+(Finger+Millet),Piriya Pattana,30-09-2019,20.5
Thondekai,Ramanagara,30-09-2019,22
Coriander(Leaves),Gadag,12-10-2019,54.5
Black+pepper,Chikkamagalore,18-10-2019,230.22
Cotton,Gadag,12-10-2019,54.13
Sunflower,Bagalakot,10-12-2019,31.25
Sunflower,Kottur,10-12-2019,36.59
Sunflower,Mundaragi,10-12-2019,37.31
Jowar(Sorghum),Bellary,23-12-2019,25.56
Jowar(Sorghum),Laxmeshwar,23-12-2019,28.61
Jowar(Sorghum),Nargunda,23-12-2019,33
Sweet+Potato,Somvarpet,10-12-2019,10
Maize,Piriya Pattana,30-09-2019,15
Goat,Turvekere,09-12-2019,75
Brinjal,Channapatana,03-10-2019,9
Beans,Chikkamagalore,04-10-2019,21.43
Beans,Honnali,04-10-2019,13
Grapes,Malur,09-12-2019,20
Soyabean,Haveri,24-09-2019,37.4
Ground+Nut+Seed,Athani,12-10-2019,74
Groundnut,Gadag,12-10-2019,66.58
Groundnut,Hiriyur,12-10-2019,71.97
Corriander+seed,K.R.Nagar,28-10-2019,200
Cotton,Manvi,28-10-2019,48.56
Black+pepper,Moodigere,04-10-2019,239
Cashewnuts,Kumta,31-12-2019,93
Sunflower,Bellary,24-09-2019,40.9
Sunflower,Mundaragi,24-09-2019,40.5
Gurellu,Gadag,12-10-2019,50.51
Jowar(Sorghum),Gadag,12-10-2019,23.98
Maize,Holenarsipura,24-09-2019,16
Maize,Honnali,24-09-2019,21.5
Ragi+(Finger+Millet),Arasikere,27-11-2019,20.8
Kulthi(Horse+Gram),Gadag,12-10-2019,41.42
Sweet+Potato,Belgaum,06-11-2019,10.5
Brinjal,Kolar,04-10-2019,8
Tomato,Chikkamagalore,24-09-2019,9.17
Maize,Athani,12-10-2019,20
Maize,Gadag,12-10-2019,18.49
Ginger(Green),Ramanagara,30-09-2019,36
Wheat,Bangalore,28-11-2019,31
Beans,Honnali,22-11-2019,11.6
Wheat,Gadag,28-11-2019,21.43
Cabbage,Chikkamagalore,18-10-2019,9.12
Rice,Bangarpet,27-11-2019,29.5
Rice,Bhadravathi,27-11-2019,16.36
Beetroot,Honnali,22-11-2019,14.36
Rice,Sindhanur,27-11-2019,16.9
Cabbage,Chikkamagalore,04-10-2019,10.6
Onion,Bagalakot,07-11-2019,29
Onion,Bijapur,07-11-2019,15
Onion,Raichur,07-11-2019,21.7
Capsicum,Kolar,04-10-2019,27
Carrot,Kolar,04-10-2019,26
Carrot,Ramanagara,04-10-2019,32
Cauliflower,Chikkamagalore,04-10-2019,10.28
Soyabean,Bidar,05-12-2019,36
Soyabean,Dharwar,05-12-2019,38.94
Soyabean,Hubli (Amaragol),05-12-2019,37.11
Chapparad+Avare,Kolar,04-10-2019,29
Chilly+Capsicum,Ramanagara,04-10-2019,35
Coconut,Bhadravathi,04-10-2019,164.5
Coconut,Chamaraj Nagar,04-10-2019,140
Coriander(Leaves),Chintamani,04-10-2019,60
Beans,Honnali,26-09-2019,14
Cotton,Bellary,04-10-2019,55.53
Cotton,Haveri,04-10-2019,55.5
Cotton,Nanjangud,04-10-2019,61
Cowpea(Veg),Honnali,04-10-2019,15
Potato,Hubli (Amaragol),12-10-2019,16
Cucumbar(Kheera),Honnali,04-10-2019,9
Onion,Bagalakot,10-12-2019,55
Onion,Davangere,10-12-2019,40
Onion,Gadag,10-12-2019,24
Onion,Hubli (Amaragol),10-12-2019,38
Onion,Raichur,10-12-2019,59
Onion,Ranebennur,10-12-2019,35
Coconut,Hiriyur,18-10-2019,110
Coconut,T. Narasipura,18-10-2019,105
Sunflower,Bagalakot,05-12-2019,39.31
Sunflower,Gadag,05-12-2019,36.15
Sunflower,Raichur,05-12-2019,29.19
Garlic,Chintamani,04-10-2019,90
Copra,Arasikere,18-10-2019,125.14
Paddy(Dhan)(Common),Davangere,07-11-2019,19.28
Carrot,Ramanagara,30-09-2019,33
Paddy(Dhan)(Common),Raichur,07-11-2019,17.96
Paddy(Dhan)(Common),Sorabha,07-11-2019,16
Maize,Bellary,23-12-2019,19.2
Ginger(Green),Kolar,04-10-2019,50
Corriander+seed,Laxmeshwar,18-10-2019,48.57
Cotton,Bellary,18-10-2019,48.31
Cotton,Shorapur,18-10-2019,54.59
Safflower,Gadag,27-11-2019,47.69
Sajje,Gadag,12-10-2019,11.99
Soyabean,Bidar,12-10-2019,28.5
Green+Chilli,Chikkamagalore,04-10-2019,19.69
Maize,Mundaragi,23-12-2019,18.2
Maize,Nargunda,23-12-2019,19.67
Cucumbar(Kheera),Chikkamagalore,18-10-2019,18.75
Tamarind+Fruit,Tumkur,05-12-2019,65
Maize,Somvarpet,23-12-2019,17.5
Sunflower,Bagalakot,12-10-2019,38.27
Sunflower,Gadag,12-10-2019,37.84
Brinjal,Honnali,23-10-2019,9
Tomato,Chickkaballapura,12-10-2019,17
Groundnut,Mundaragi,04-10-2019,54.87
Alasande+Gram,Laxmeshwar,30-09-2019,45.18
Dry+Chillies,Bangalore,18-10-2019,145
Dry+Chillies,Byadagi,18-10-2019,101.29
Tomato,Gundlupet,05-12-2019,16.5
Jowar(Sorghum),Bellary,04-10-2019,23.31
Knool+Khol,Chikkamagalore,04-10-2019,10.6
Kulthi(Horse+Gram),Haveri,04-10-2019,36
Wheat,Athani,12-10-2019,20
Wheat,Gadag,12-10-2019,22.72
Arhar+Dal(Tur+Dal),Shimoga,30-09-2019,75
Maize,Bellary,04-10-2019,20.7
Maize,Haveri,04-10-2019,25
Maize,Mundaragi,04-10-2019,21.17
Ginger(Green),Shikaripura,18-10-2019,25
Moath+Dal,Bangalore,04-10-2019,54
Beans,Malur,30-09-2019,38.26
Sunflower,Bellary,06-11-2024,38.08
Snakeguard,Ramanagara,14-11-2019,20
Onion,Bangalore,04-10-2019,20
Black+pepper,Chikkamagalore,30-09-2019,256.83
Green+Avare+(W),Ramanagara,12-10-2019,23
Paddy(Dhan)(Common),Bhadravathi,10-12-2019,18.41
Paddy(Dhan)(Common),Davangere,10-12-2019,18.2
Paddy(Dhan)(Common),Gonikappal,10-12-2019,17
Sunflower,Gadag,27-11-2019,35.46
Paddy(Dhan)(Common),Chikkamagalore,04-10-2019,38
Paddy(Dhan)(Common),Kolar,04-10-2019,17.89
Paddy(Dhan)(Common),Harihara,10-12-2019,17.75
Paddy(Dhan)(Common),Hunsur,10-12-2019,15.97
Paddy(Dhan)(Common),K.R. Pet,10-12-2019,14
Paddy(Dhan)(Common),Karwar,10-12-2019,18
Paddy(Dhan)(Common),Mysore (Bandipalya),10-12-2019,14.83
Paddy(Dhan)(Common),Raichur,10-12-2019,17.81
Paddy(Dhan)(Common),Shorapur,10-12-2019,17.35
Ground+Nut+Seed,Bangalore,18-10-2019,132.5
Groundnut,Laxmeshwar,18-10-2019,51.97
Groundnut,Madhugiri,18-10-2019,75.77
Groundnut,Mundaragi,18-10-2019,63.96
Gur(Jaggery),Srirangapattana,18-10-2019,28
Potato,Hubli (Amaragol),07-11-2019,17
Capsicum,Malur,30-09-2019,28.88
Potato,Chikkamagalore,04-10-2019,14.36
Gurellu,Laxmeshwar,18-10-2019,46.77
Jowar(Sorghum),Badami,18-10-2019,14
Jowar(Sorghum),Bellary,18-10-2019,20.18
Jowar(Sorghum),Laxmeshwar,18-10-2019,21.83
Knool+Khol,Chikkamagalore,18-10-2019,12.77
Groundnut,Davangere,19-12-2019,37.85
Groundnut,Gadag,19-12-2019,37.58
Groundnut,Hubli (Amaragol),19-12-2019,38.49
Groundnut,Raichur,19-12-2019,31.89
Groundnut,Ranebennur,19-12-2019,35.9
Groundnut,Rona,19-12-2019,35.61
Groundnut,Savanur,19-12-2019,41.05
Chili+Red,Shimoga,30-09-2019,152.5
Chrysanthemum(Loose),Malur,30-09-2019,43.75
Coconut,Gubbi,30-09-2019,160
Coconut,Kadur,30-09-2019,110
Coconut,Kundapura,30-09-2019,130
Tomato,Bangarpet,27-11-2019,6.5
Maize,Hunsur,18-10-2019,12
Maize,Mundaragi,18-10-2019,20.6
Maize,Shikaripura,18-10-2019,22.5
Knool+Khol,Kolar,24-09-2019,13
Copra,Turvekere,30-09-2019,130
Alasande+Gram,Laxmeshwar,27-09-2019,41.21
Coriander(Leaves),Gadag,30-09-2019,49.89
Corriander+seed,Laxmeshwar,30-09-2019,59.03
Corriander+seed,Shimoga,30-09-2019,90
Cotton,Bijapur,30-09-2019,57.73
Cotton,Haveri,30-09-2019,46.5
Cotton,Kadur,30-09-2019,63.06
Cotton,Kottur,30-09-2019,53.37
Cotton,Ranebennur,30-09-2019,51.52
Cotton,Santhesargur,30-09-2019,57.13
Wheat,Gadag,05-12-2019,23.62
Wheat,Hubli (Amaragol),05-12-2019,22.09
Cucumbar(Kheera),Chikkamagalore,02-12-2019,9.76
Rice,Bhadravathi,04-10-2019,54.75
Beans,Chintamani,27-09-2019,20
Beans,Honnali,27-09-2019,12
Beans,Kolar,27-09-2019,20
Dry+Chillies,Hubli (Amaragol),30-09-2019,56
Beetroot,Chintamani,27-09-2019,9.5
Elephant+Yam+(Suran),Gubbi,30-09-2019,18
Ridgeguard(Tori),Kolar,04-10-2019,13
Bitter+gourd,Honnali,27-09-2019,19
Sajje,Mundaragi,04-10-2019,16.18
Same/Savi,Savanur,04-10-2019,31.4
Ginger(Dry),Santhesargur,30-09-2019,100
Ginger(Green),Santhesargur,30-09-2019,25.45
Gur(Jaggery),Mhalingapur,19-12-2019,34.69
Goat,Turvekere,30-09-2019,70
Rice,Honnali,23-09-2019,20.4
Rice,Manvi,23-09-2019,24
Sunflower,Mundaragi,04-10-2019,36.84
Suvarna+Gadde,Somvarpet,04-10-2019,14.29
Brinjal,Chintamani,27-09-2019,9.5
Brinjal,Honnali,27-09-2019,7
Brinjal,Ramanagara,27-09-2019,8
Chennangi+Dal,Bangalore,26-12-2019,46.5
Tamarind+Fruit,Bangalore,23-09-2019,82
Tomato,Channapatana,23-09-2019,9
Beetroot,Honnali,03-12-2019,17
Beetroot,Kolar,03-12-2019,31
Tomato,Chikkamagalore,04-10-2019,15.23
Cabbage,Honnali,27-09-2019,9
Groundnut,Challakere,30-09-2019,64.11
Groundnut,Gadag,30-09-2019,62.49
Groundnut,Hubli (Amaragol),30-09-2019,48.99
Groundnut,Kadur,30-09-2019,44
Groundnut,Laxmeshwar,30-09-2019,55.39
Groundnut,Mulabagilu,30-09-2019,44
Groundnut,Mysore (Bandipalya),30-09-2019,45.54
Groundnut,Raichur,30-09-2019,75.49
Groundnut,Ranebennur,30-09-2019,49.77
Carrot,Chintamani,27-09-2019,12.5
Black+pepper,Somvarpet,03-12-2019,310
Cowpea(Veg),Honnali,25-09-2019,8.5
Guava,Malur,30-09-2019,20
Gur(Jaggery),Bijapur,30-09-2019,32
Gurellu,Laxmeshwar,30-09-2019,46.93
Honge+seed,Gowribidanoor,30-09-2019,28.75
Coconut,Arasikere,27-09-2019,150
Coconut,Bhadravathi,27-09-2019,168.49
Coconut,Hiriyur,27-09-2019,60.13
Coconut,Holenarsipura,27-09-2019,115
Jowar(Sorghum),Gadag,30-09-2019,24.7
Jowar(Sorghum),Gangavathi,30-09-2019,23
Jowar(Sorghum),Gulbarga,30-09-2019,36.5
Jowar(Sorghum),Haveri,30-09-2019,14
Jowar(Sorghum),Hubli (Amaragol),30-09-2019,24.29
Jowar(Sorghum),Koppal,30-09-2019,17.72
Jowar(Sorghum),Kottur,30-09-2019,19.94
Jowar(Sorghum),Laxmeshwar,30-09-2019,26.36
Ragi+(Finger+Millet),Piriya Pattana,16-10-2019,21
Beetroot,Honnali,11-10-2019,15
Seemebadnekai,Ramanagara,16-10-2019,17
Snakeguard,Ramanagara,16-10-2019,19
Copra,Arasikere,27-09-2019,122.58
Coriander(Leaves),Gadag,27-09-2019,47.65
Corriander+seed,Laxmeshwar,27-09-2019,58.86
Cotton,Santhesargur,27-09-2019,54.59
Cowpea(Veg),Honnali,27-09-2019,9
Ragi+(Finger+Millet),Davangere,07-11-2019,18.06
Ragi+(Finger+Millet),Gangavathi,07-11-2019,23.5
Lime,Bijapur,30-09-2019,25
Cucumbar(Kheera),Channapatana,27-09-2019,10
Cucumbar(Kheera),Kolar,27-09-2019,9
Rice,Gulbarga,07-11-2019,28.5
Maize,Gulbarga,30-09-2019,20.5
Maize,Gundlupet,30-09-2019,15.6
Maize,Koppal,30-09-2019,22.13
Maize,Kottur,30-09-2019,20.22
Maize,Mysore (Bandipalya),30-09-2019,15.4
Maize,Santhesargur,30-09-2019,15
Dry+Chillies,Byadagi,27-09-2019,98.99
Elephant+Yam+(Suran),Arasikere,27-09-2019,15
Marigold(Calcutta),Malur,30-09-2019,18.08
Cotton,Manvi,25-10-2019,48
Cotton,Sindhanur,25-10-2019,51.28
Potato,Bangalore,23-09-2019,11.5
Ginger(Green),Kolar,27-09-2019,38
Ginger(Green),Somvarpet,27-09-2019,25
Cucumbar(Kheera),Honnali,25-10-2019,4.2
Mustard,Haveri,30-09-2019,37
Goat,Arasikere,27-09-2019,86
Green+Chilli,Chintamani,27-09-2019,18
Green+Chilli,Honnali,27-09-2019,15
Green+Chilli,Ramanagara,27-09-2019,32
Safflower,Gulbarga,07-11-2019,49.75
Soyabean,Bidar,07-11-2019,31.5
Soyabean,Gulbarga,07-11-2019,28.5
Soyabean,Hubli (Amaragol),07-11-2019,31.05
Groundnut,Bangalore,27-09-2019,56
Groundnut,Gadag,27-09-2019,60.42
Groundnut,Laxmeshwar,27-09-2019,53.44
Groundnut,Madhugiri,27-09-2019,32.18
Groundnut,Mulabagilu,27-09-2019,40
Chilly+Capsicum,Kolar,20-10-2019,14
Onion,Bijapur,30-09-2019,26
Onion,Raichur,30-09-2019,26
Onion,Ranebennur,30-09-2019,24
Arhar+Dal(Tur+Dal),Gangavathi,23-10-2019,45
Arhar+Dal(Tur+Dal),Shimoga,23-10-2019,81.5
Gur(Jaggery),Mandya,27-09-2019,31
Gur(Jaggery),Srirangapattana,27-09-2019,32
Gurellu,Laxmeshwar,27-09-2019,51.3
Jowar(Sorghum),Gadag,27-09-2019,25.7
Jowar(Sorghum),Laxmeshwar,27-09-2019,23.57
Kulthi(Horse+Gram),Arasikere,27-09-2019,28
Kulthi(Horse+Gram),Chintamani,27-09-2019,70
Kulthi(Horse+Gram),Laxmeshwar,27-09-2019,34.25
Maize,Mundaragi,27-09-2019,16.09
Maize,Piriya Pattana,16-10-2019,16
Sunflower,Gulbarga,07-11-2019,31.75
Sunflower,Koppal,07-11-2019,31.92
Sunflower,Nargunda,07-11-2019,32.1
Paddy(Dhan)(Common),Mysore (Bandipalya),30-09-2019,16.19
Paddy(Dhan)(Common),Raichur,30-09-2019,21.49
Paddy(Dhan)(Common),Shorapur,30-09-2019,20.74
Paddy(Dhan)(Common),Chikkamagalore,18-10-2019,25.73
Paddy(Dhan)(Common),Shikaripura,18-10-2019,22
Paddy(Dhan)(Common),Shorapur,18-10-2019,22.48
Paddy(Dhan)(Common),T. Narasipura,18-10-2019,19
Tamarind+Fruit,Tumkur,07-11-2019,70
Chapparad+Avare,Kolar,20-10-2019,40
Onion,Kolar,27-09-2019,40
Tomato,Davangere,07-11-2019,15.5
Tomato,Gundlupet,07-11-2019,11.5
Tomato,Srinivasapur,07-11-2019,10.67
Cotton,Haveri,25-09-2019,58
Ox,Arasikere,27-09-2019,710
Paddy(Dhan)(Common),Harihara,27-09-2019,19.85
Jowar(Sorghum),Bellary,30-09-2019,22.69
Potato,Malur,30-09-2019,20
Maize,Haveri,08-11-2019,16.6
Maize,Holenarsipura,08-11-2019,17
Maize,Honnali,08-11-2019,18.6
Maize,Hunsur,08-11-2019,17
Maize,K.R.Nagar,08-11-2019,19.8
Maize,Kudchi,08-11-2019,15
Maize,Nargunda,08-11-2019,20.74
Maize,Piriya Pattana,08-11-2019,16
Maize,Santhesargur,08-11-2019,14.25
Potato,Kolar,27-09-2019,14
Carrot,Kolar,20-10-2019,32
Black+pepper,Gonikappal,23-10-2019,260
Black+pepper,Siddapur,23-10-2019,298.99
Alasande+Gram,Laxmeshwar,01-10-2019,40.22
Carrot,Ramanagara,10-10-2019,42
Raddish,Chintamani,27-09-2019,12.5
Ragi+(Finger+Millet),Mysore (Bandipalya),30-09-2019,22.91
Banana,Channapatana,03-10-2019,12
Ragi+(Finger+Millet),Arasikere,27-09-2019,21
Rice,Bhadravathi,27-09-2019,22.5
Rice,Gangavathi,30-09-2019,20.76
Rice,Nippani,30-09-2019,20.03
Rice,T. Narasipura,30-09-2019,68.96
Cowpea(Veg),Honnali,06-11-2024,17
Green+Avare+(W),Ramanagara,16-10-2019,27
Wheat,Gulbarga,07-11-2019,21.25
Cucumbar(Kheera),Honnali,06-11-2024,10
Sajje,Mundaragi,27-09-2019,19.11
Sheep,Arasikere,27-09-2019,81
Ground+Nut+Seed,Athani,29-09-2019,79.75
Sunflower,Gadag,27-09-2019,39.59
Sunflower,Mundaragi,27-09-2019,38.28
Sweet+Potato,Somvarpet,27-09-2019,6
Thondekai,Chintamani,27-09-2019,9.5
Tomato,Chintamani,27-09-2019,14
Tomato,Kolar,27-09-2019,17.67
Potato,Chikkamagalore,18-10-2019,13.74
Safflower,Gadag,30-09-2019,46.49
Safflower,Gulbarga,30-09-2019,40
Sheep,Turvekere,30-09-2019,85
Ginger(Green),Ramanagara,16-10-2019,39
Soyabean,Bidar,30-09-2019,33
Soyabean,Gulbarga,30-09-2019,36
Soyabean,Hubli (Amaragol),30-09-2019,33.69
Alasande+Gram,Laxmeshwar,09-10-2019,41.1
Wheat,Gadag,27-09-2019,27.09
Wheat,Laxmeshwar,27-09-2019,17.37
Sunflower,Bagalakot,30-09-2019,39.05
Sunflower,Gadag,30-09-2019,38.55
Sunflower,Gulbarga,30-09-2019,36
Sunflower,Koppal,30-09-2019,38.93
Sunflower,Raichur,30-09-2019,35.69
Sweet+Pumpkin,Malur,30-09-2019,10
Cabbage,Kolar,20-10-2019,7
Coriander(Leaves),Chintamani,22-10-2019,74.55
Tomato,Gundlupet,30-09-2019,19
Tomato,Mulabagilu,30-09-2019,16.65
Cotton,Manvi,22-10-2019,55
Tomato,Kolar,29-09-2019,20
Cabbage,Chikkamagalore,01-10-2019,10.2
Wheat,Gadag,30-09-2019,25.98
Wheat,Hubli (Amaragol),30-09-2019,17
Wheat,Manvi,30-09-2019,16
Beans,Chikkamagalore,09-10-2019,27.45
Beans,Kolar,09-10-2019,34
Beetroot,Chikkamagalore,09-10-2019,14.39
Beetroot,Kolar,09-10-2019,16
Black+pepper,Somvarpet,09-10-2019,300
White+Pumpkin,Malur,30-09-2019,7.5
Coconut,Arasikere,01-10-2019,118.01
Copra,Arasikere,01-10-2019,127.63
Corriander+seed,Laxmeshwar,01-10-2019,58.51
Cotton,Chitradurga,01-10-2019,58.94
Arhar+Dal(Tur+Dal),Bangalore,11-10-2019,80
Cucumbar(Kheera),Chikkamagalore,01-10-2019,20.83
Avare+Dal,Bangalore,11-10-2019,40
Avare+Dal,Chintamani,11-10-2019,38
Cabbage,Chikkamagalore,09-10-2019,9.98
Dry+Chillies,Byadagi,01-10-2019,103.5
Maize,Piriya Pattana,19-10-2019,17
Elephant+Yam+(Suran),Arasikere,01-10-2019,19.35
Raddish,Honnali,17-10-2019,8
Carrot,Chikkamagalore,09-10-2019,29.41
Ragi+(Finger+Millet),Doddaballa Pur,17-10-2019,25
Green+Chilli,Chikkamagalore,01-10-2019,19.76
Cauliflower,Chikkamagalore,09-10-2019,10.69
Ridgeguard(Tori),Honnali,17-10-2019,12
Sajje,Nargunda,17-10-2019,15.5
Chapparad+Avare,Kolar,09-10-2019,39
Chilly+Capsicum,Kolar,09-10-2019,17
Groundnut,Koppal,01-10-2019,66.44
Groundnut,Laxmeshwar,01-10-2019,57.38
Groundnut,Mundaragi,01-10-2019,71.01
Coconut,Kadur,09-10-2019,130
Gur(Jaggery),Gulbarga,01-10-2019,31.5
Tomato,Chintamani,17-10-2019,14.66
Tomato,Srinivasapur,17-10-2019,10
Copra,Tiptur,09-10-2019,128
Gurellu,Laxmeshwar,01-10-2019,54.79
Jowar(Sorghum),Gulbarga,01-10-2019,36.45
Jowar(Sorghum),Laxmeshwar,01-10-2019,22.75
Knool+Khol,Chikkamagalore,01-10-2019,11.05
Maize,Mundaragi,01-10-2019,20.47
Cucumbar(Kheera),Chikkamagalore,09-10-2019,23.73
Beans,Kolar,20-10-2019,32
Onion,Arasikere,01-10-2019,20
Ginger(Green),Somvarpet,09-10-2019,25
Goat,Hirekerur,09-10-2019,63
Green+Chilli,Chikkamagalore,09-10-2019,16.67
Coconut,Kundapura,23-10-2019,90
Chilly+Capsicum,Kolar,29-09-2019,12
Groundnut,Laxmeshwar,09-10-2019,51.49
Groundnut,Mundaragi,09-10-2019,78.62
Groundnut,Savanur,09-10-2019,67.38
Copra,Tiptur,23-10-2019,120
Copra,Tumkur,23-10-2019,121
Gur(Jaggery),Mandya,09-10-2019,32
Coriander(Leaves),Gadag,23-10-2019,55.18
Coriander(Leaves),Tumkur,23-10-2019,86
Potato,Chikkamagalore,01-10-2019,12.69
Gurellu,Laxmeshwar,09-10-2019,43.19
Corriander+seed,Hubli (Amaragol),23-10-2019,55.09
Jowar(Sorghum),Bellary,09-10-2019,22.8
Jowar(Sorghum),Laxmeshwar,09-10-2019,19.49
Jowar(Sorghum),Nargunda,09-10-2019,26.78
Rice,Shikaripura,18-10-2019,32
Kulthi(Horse+Gram),Bangalore,09-10-2019,36.5
Bottle+gourd,Kolar,10-10-2019,8
Cotton,Bijapur,23-10-2019,48.61
Cotton,Davangere,23-10-2019,42.19
Cotton,Gadag,23-10-2019,53.87
Cotton,Ranebennur,23-10-2019,53.91
Green+Chilli,Honnali,04-11-2019,12.9
Maize,Bellary,09-10-2019,20.83
Maize,Harappana Halli,09-10-2019,21.5
Maize,Hirekerur,09-10-2019,22
Maize,Mundaragi,09-10-2019,21.18
Ragi+(Finger+Millet),Arasikere,01-10-2019,18
Cabbage,Honnali,10-10-2019,12
Rice,Sindhanur,01-10-2019,25
Safflower,Gulbarga,01-10-2019,43.75
Onion,Bangalore,09-10-2019,28.5
Onion,Chikkamagalore,09-10-2019,28.13
Sunflower,Gulbarga,01-10-2019,34.5
Sunflower,Mundaragi,01-10-2019,38.97
Tomato,Chikkamagalore,01-10-2019,20.18
Paddy(Dhan)(Common),Chikkamagalore,09-10-2019,42
Paddy(Dhan)(Common),Hanagal,09-10-2019,18.5
Paddy(Dhan)(Common),Shikaripura,09-10-2019,24
Paddy(Dhan)(Common),Shorapur,09-10-2019,23.8
Potato,Chikkamagalore,09-10-2019,14.34
Paddy(Dhan)(Common),Hanagal,17-10-2019,18.7
Paddy(Dhan)(Common),Honnali,17-10-2019,17.43
Paddy(Dhan)(Common),K.R.Nagar,17-10-2019,17
Ragi+(Finger+Millet),Chikkamagalore,09-10-2019,20
Ragi+(Finger+Millet),Kadur,09-10-2019,21
Sunflower,Mundaragi,18-10-2019,35.96
Groundnut,Davangere,23-10-2019,49.53
Groundnut,Gadag,23-10-2019,42.09
Groundnut,Hubli (Amaragol),23-10-2019,45.89
Groundnut,Raichur,23-10-2019,42.55
Groundnut,Ranebennur,23-10-2019,37.18
Ridgeguard(Tori),Kolar,09-10-2019,12
Gur(Jaggery),Mandya,23-10-2019,31.7
Sajje,Mundaragi,09-10-2019,16.17
Alasande+Gram,Arasikere,16-10-2019,51.65
Alasande+Gram,Laxmeshwar,16-10-2019,40.84
Groundnut,Bellary,09-12-2019,41.13
Groundnut,Chitradurga,09-12-2019,44.23
Groundnut,Davangere,09-12-2019,39.32
Groundnut,Gadag,09-12-2019,35.28
Groundnut,Laxmeshwar,09-12-2019,35.5
Groundnut,Mundaragi,09-12-2019,32
Soyabean,Hanagal,09-10-2019,37.72
Groundnut,Raichur,09-12-2019,42.51
Groundnut,Ranebennur,09-12-2019,37.5
Groundnut,Rona,09-12-2019,34.17
Groundnut,Savanur,09-12-2019,41.8
Sunflower,Mundaragi,09-10-2019,36.2
Sunflower,Yadgir,09-10-2019,30.24
Tomato,Chikkamagalore,09-10-2019,18.64
Tomato,Kolar,09-10-2019,12.67
Tomato,Srinivasapur,09-10-2019,8.67
Tomato,Channapatana,18-10-2019,20
Tomato,Chikkamagalore,18-10-2019,18.29
Tomato,Srinivasapur,18-10-2019,11
Jowar(Sorghum),Gadag,23-10-2019,24.65
Jack+Fruit,Malur,19-12-2019,10
Jowar(Sorghum),Hubli (Amaragol),23-10-2019,26.09
Jowar(Sorghum),Kottur,23-10-2019,18.41
Beetroot,Honnali,28-10-2019,8
Jowar(Sorghum),Basava Kalayana,19-12-2019,41
Jowar(Sorghum),Gadag,19-12-2019,33.11
Jowar(Sorghum),Gulbarga,19-12-2019,41.52
Jowar(Sorghum),Hubli (Amaragol),19-12-2019,33.59
Avare+Dal,Bangalore,16-10-2019,47.5
Jowar(Sorghum),Mysore (Bandipalya),19-12-2019,39
Wheat,Hanagal,09-10-2019,18.5
Wheat,Nargunda,09-10-2019,22.94
Maize,Gadag,23-10-2019,20.16
Maize,Gangavathi,23-10-2019,19.5
Maize,Kadur,23-10-2019,21
Maize,Kalagategi,23-10-2019,19
Maize,Kottur,23-10-2019,19.16
Maize,Rona,23-10-2019,20.41
White+Pumpkin,Chikkamagalore,09-10-2019,7.69
Beans,Chikkamagalore,16-10-2019,30.3
Beetroot,Chikkamagalore,16-10-2019,7.87
Potato,Hubli (Amaragol),10-12-2019,18
Potato,Malur,10-12-2019,20
Kulthi(Horse+Gram),Gundlupet,19-12-2019,34
Kulthi(Horse+Gram),Mysore (Bandipalya),19-12-2019,30.7
Beans,Honnali,23-10-2019,15
Beetroot,Honnali,23-10-2019,9.38
Bitter+gourd,Kolar,16-10-2019,13
Wheat,Gadag,27-11-2019,27.38
Paddy(Dhan)(Common),Hanagal,23-12-2019,16
Brinjal,Kolar,29-09-2019,6
Paddy(Dhan)(Common),Hunsur,23-12-2019,18.15
Paddy(Dhan)(Common),Somvarpet,23-12-2019,17.5
Cotton,Kottur,26-12-2019,42.66
Cotton,Nargunda,26-12-2019,49.96
Cotton,Raichur,26-12-2019,46
Cotton,Santhesargur,26-12-2019,36
Cotton,Sindhanur,26-12-2019,49.5
Gur(Jaggery),Gulbarga,09-12-2019,37.5
Gur(Jaggery),Mhalingapur,09-12-2019,33.55
Gur(Jaggery),Shimoga,09-12-2019,35.5
Maize,Madhugiri,16-12-2019,22.02
Maize,Piriya Pattana,16-12-2019,13
Maize,Sankeshwar,16-12-2019,16.5
Maize,Bagalakot,19-12-2019,20.12
Maize,Bhadravathi,19-12-2019,17.24
Maize,Bidar,19-12-2019,18
Maize,Davangere,19-12-2019,18.25
Maize,Gadag,19-12-2019,18.53
Maize,Gulbarga,19-12-2019,16.56
Maize,Gundlupet,19-12-2019,16.6
Maize,Hanagal,19-12-2019,18.5
Maize,Hubli (Amaragol),19-12-2019,18.76
Maize,Mysore (Bandipalya),19-12-2019,18.35
Maize,Ramdurga,19-12-2019,17
Maize,Rona,19-12-2019,19.35
Maize,Shimoga,19-12-2019,18.6
Maize,Sorabha,19-12-2019,18.5
Cabbage,Chikkamagalore,16-10-2019,9.04
Onion,Davangere,23-10-2019,16.5
Bitter+gourd,Honnali,10-10-2019,15
Onion,Hubli (Amaragol),23-10-2019,13.5
Onion,Raichur,23-10-2019,22
Onion,Ranebennur,23-10-2019,16
Cauliflower,Chikkamagalore,16-10-2019,10.44
Ragi+(Finger+Millet),Chintamani,30-09-2019,23
Ragi+(Finger+Millet),Honnali,30-09-2019,23.43
Rice,Bhadravathi,30-09-2019,35.77
Rice,Honnali,30-09-2019,21
Cabbage,Honnali,31-10-2019,9.8
Ridgeguard(Tori),Honnali,30-09-2019,18
Soyabean,Hanagal,30-09-2019,36.57
Sweet+Pumpkin,Chintamani,30-09-2019,26
Copra,Bangalore,16-10-2019,165
Tomato,Chickkaballapura,30-09-2019,19
Tomato,Chintamani,30-09-2019,17.33
Tomato,K.R.Nagar,30-09-2019,10
Tomato,Kolar,30-09-2019,21
Tomato,Srinivasapur,30-09-2019,12
Paddy(Dhan)(Common),Davangere,23-10-2019,18.34
Paddy(Dhan)(Common),Gangavathi,23-10-2019,17.07
Paddy(Dhan)(Common),Kalagategi,23-10-2019,16.15
Paddy(Dhan)(Common),Raichur,23-10-2019,22.33
Wheat,Nargunda,30-09-2019,23.21
Cucumbar(Kheera),Kolar,16-10-2019,5
Elephant+Yam+(Suran),Arasikere,16-10-2019,24.02
Ginger(Dry),Shikaripura,16-10-2019,70
Green+Chilli,Chikkamagalore,16-10-2019,15.17
Beans,Kolar,29-09-2019,23
Potato,Hubli (Amaragol),23-10-2019,14
Gur(Jaggery),Madhugiri,16-10-2019,35
Ground+Nut+Seed,Bangalore,16-10-2019,130
Groundnut,Bellary,16-10-2019,71.8
Groundnut,Chitradurga,16-10-2019,62.48
Groundnut,Laxmeshwar,16-10-2019,60.44
Groundnut,Madhugiri,16-10-2019,73.7
Groundnut,Mundaragi,16-10-2019,71.48
Groundnut,Raichur,16-10-2019,58.89
Groundnut,Savanur,16-10-2019,53.87
Gur(Jaggery),Mandya,16-10-2019,31.5
Gur(Jaggery),Srirangapattana,16-10-2019,30
Alasande+Gram,Bangalore,11-10-2019,64
Gurellu,Laxmeshwar,16-10-2019,39.62
Jowar(Sorghum),Bellary,16-10-2019,20.4
Jowar(Sorghum),Kottur,16-10-2019,17.75
Jowar(Sorghum),Laxmeshwar,16-10-2019,20.75
Paddy(Dhan)(Common),Channagiri,30-09-2019,23
Paddy(Dhan)(Common),Hanagal,30-09-2019,17
Paddy(Dhan)(Common),Lingasugur,30-09-2019,25.5
Knool+Khol,Chikkamagalore,16-10-2019,13.16
Lime,Kolar,16-10-2019,40
Maize,Bellary,16-10-2019,22.39
Maize,Chitradurga,16-10-2019,21.06
Maize,Hanagal,16-10-2019,18
Maize,Kottur,16-10-2019,21.21
Maize,Mundaragi,16-10-2019,21.96
Coconut,Arasikere,31-12-2019,100
Coconut,Gubbi,31-12-2019,145
Coconut,Kadur,31-12-2019,140
Onion,Arasikere,16-10-2019,10
Onion,Bangalore,16-10-2019,18
Onion,Raichur,16-10-2019,22.45
Rice,Gangavathi,23-10-2019,22
Carrot,Honnali,06-11-2024,13
Jack+Fruit,Malur,09-12-2019,10
Soyabean,Hubli (Amaragol),09-12-2019,34.85
Ragi+(Finger+Millet),Bellary,17-12-2019,19.23
Copra,Gubbi,31-12-2019,113
Arhar+Dal(Tur+Dal),Shimoga,22-10-2019,84
Jowar(Sorghum),Basava Kalayana,09-12-2019,40
Jowar(Sorghum),Bellary,09-12-2019,19.19
Jowar(Sorghum),Gadag,09-12-2019,31.12
Jowar(Sorghum),Gangavathi,09-12-2019,24.5
Jowar(Sorghum),Gulbarga,09-12-2019,38.5
Jowar(Sorghum),Kottur,09-12-2019,18.13
Coconut,Honnali,22-10-2019,80
Jowar(Sorghum),Laxmeshwar,09-12-2019,27.72
Coconut,Mandya,22-10-2019,150
Jowar(Sorghum),Mysore (Bandipalya),09-12-2019,41
Safflower,Gadag,23-10-2019,47.66
Cotton,Manvi,12-11-2019,48.08
Cotton,Sindhanur,12-11-2019,54
Maize,Chamaraj Nagar,18-12-2019,13
Maize,Channagiri,18-12-2019,19
Maize,Haliyala,18-12-2019,19
Maize,Holenarsipura,18-12-2019,17.6
Maize,Kudchi,18-12-2019,16
Maize,Madhugiri,18-12-2019,19.88
Maize,Nargunda,18-12-2019,19.02
Maize,Sankeshwar,18-12-2019,18.82
Soyabean,Hubli (Amaragol),23-10-2019,32.04
Arhar+Dal(Tur+Dal),Shimoga,06-11-2019,95
Paddy(Dhan)(Common),Hanagal,16-10-2019,16
Paddy(Dhan)(Common),Raichur,16-10-2019,22.59
Paddy(Dhan)(Common),Shikaripura,16-10-2019,12.5
Alasande+Gram,Bangalore,26-11-2019,69
Sunflower,Bagalakot,23-10-2019,39.38
Sunflower,Gadag,23-10-2019,35.6
Sunflower,Gundlupet,23-10-2019,38.5
Sunflower,Raichur,23-10-2019,37.55
Tamarind+Fruit,Tumkur,23-10-2019,71
Dry+Chillies,Byadagi,26-12-2019,126.9
Dry+Chillies,Sindhanur,26-12-2019,84.5
Tomato,Davangere,23-10-2019,14
Tomato,Kadur,23-10-2019,14.28
Potato,Bangalore,13-11-2019,9.5
Kulthi(Horse+Gram),Mysore (Bandipalya),09-12-2019,34
Raddish,Honnali,13-11-2019,11
Wheat,Gadag,23-10-2019,18.89
Ragi+(Finger+Millet),Davangere,10-12-2019,19
Ragi+(Finger+Millet),Gubbi,10-12-2019,20
Rice,Honnali,13-11-2019,18.5
Ragi+(Finger+Millet),Mysore (Bandipalya),10-12-2019,22.73
Arhar+Dal(Tur+Dal),Bangalore,26-11-2019,87
Ridgeguard(Tori),Honnali,13-11-2019,19
Rice,Gangavathi,10-12-2019,20.75
Ginger(Dry),Shikaripura,26-12-2019,55
Potato,Bangalore,16-10-2019,14
Potato,Chikkamagalore,16-10-2019,14.34
Ginger(Green),Somvarpet,26-12-2019,25
Thogrikai,Kolar,13-11-2019,37
Tomato,Kolar,13-11-2019,10.1
Tomato,Srinivasapur,13-11-2019,12.33
Onion,Bagalakot,19-12-2019,80
Onion,Bijapur,19-12-2019,70
Onion,Davangere,19-12-2019,55
Onion,Hubli (Amaragol),19-12-2019,58
Onion,Raichur,19-12-2019,73.3
Onion,Ranebennur,19-12-2019,50
Onion,Tumkur,19-12-2019,55
Avare+Dal,Bangalore,26-11-2019,42.5
Carrot,Honnali,25-10-2019,14
Cotton,Annigeri,31-12-2019,51
Cotton,Arasikere,31-12-2019,42
Cotton,Bijapur,31-12-2019,51.71
Cotton,Chitradurga,31-12-2019,51.86
Cotton,Davangere,31-12-2019,49.13
Bitter+gourd,Honnali,23-12-2019,15.3
Cotton,Nargunda,31-12-2019,51.46
Cotton,Raichur,31-12-2019,47
Cotton,Ranebennur,31-12-2019,54.95
Jowar(Sorghum),Bidar,23-10-2019,36
Cabbage,Malur,22-10-2019,5.41
Lint,Dharwar,09-12-2019,52.1
Soyabean,Basava Kalayana,10-12-2019,38
Soyabean,Bidar,10-12-2019,38.5
Soyabean,Hubli (Amaragol),10-12-2019,30.03
Black+pepper,Somvarpet,06-11-2024,281.45
Maize,Bellary,27-09-2019,22.1
Arhar+Dal(Tur+Dal),Bangalore,15-10-2019,83
Maize,Arasikere,09-12-2019,18
Maize,Bagalakot,09-12-2019,18.52
Maize,Bellary,09-12-2019,18.4
Maize,Bidar,09-12-2019,16.5
Maize,Chitradurga,09-12-2019,18.63
Maize,Davangere,09-12-2019,18
Maize,Gadag,09-12-2019,18.12
Maize,Gulbarga,09-12-2019,12.5
Maize,Harappana Halli,09-12-2019,16.49
Maize,Koppal,09-12-2019,18.74
Maize,Kottur,09-12-2019,18.36
Maize,Mhalingapur,09-12-2019,18.6
Maize,Mundaragi,09-12-2019,16.88
Maize,Rona,09-12-2019,18.39
Maize,Shimoga,09-12-2019,18.25
Maize,Sindhanur,09-12-2019,18.27
Cowpea(Veg),Hunsur,31-12-2019,49.35
Gur(Jaggery),Mhalingapur,29-09-2019,33.85
Paddy(Dhan)(Common),Bhadravathi,19-12-2019,18.55
Paddy(Dhan)(Common),Davangere,19-12-2019,18.1
Paddy(Dhan)(Common),Dharwar,19-12-2019,15.37
Paddy(Dhan)(Common),Gonikappal,19-12-2019,18
Beans,Malur,26-11-2019,21.05
Paddy(Dhan)(Common),Hanagal,19-12-2019,17.5
Paddy(Dhan)(Common),Hirekerur,19-12-2019,17.2
Paddy(Dhan)(Common),Karwar,19-12-2019,14.5
Paddy(Dhan)(Common),Kundapura,19-12-2019,18.36
Ragi+(Finger+Millet),Arasikere,16-10-2019,21.1
Tomato,Kolar,27-10-2019,11.67
Paddy(Dhan)(Common),Mysore (Bandipalya),19-12-2019,15.65
Rice,Kolar,16-10-2019,49.44
Paddy(Dhan)(Common),Raichur,19-12-2019,18.6
Paddy(Dhan)(Common),Sorabha,19-12-2019,17.25
Paddy(Dhan)(Common),Tarikere,19-12-2019,19
Coriander(Leaves),Gadag,22-10-2019,53.59
Sunflower,Bellary,10-12-2019,40.28
Sunflower,Gadag,10-12-2019,37.74
Sunflower,Raichur,10-12-2019,34.21
Wheat,Hubli (Amaragol),09-12-2019,16.29
Cotton,Bellary,22-10-2019,45.23
Cotton,Bijapur,22-10-2019,50.17
Cotton,Gadag,22-10-2019,54.78
Cotton,Ranebennur,22-10-2019,49.38
Castor+Seed,Raichur,06-11-2019,35.88
Sajje,Mundaragi,16-10-2019,16.22
Methi+Seeds,Mysore (Bandipalya),09-12-2019,59
Methi+Seeds,Shimoga,09-12-2019,51.5
Coconut,Chamaraj Nagar,02-12-2019,150
Coconut,Kadur,02-12-2019,147.83
Beans,Honnali,10-10-2019,18
Coconut,Kumta,17-10-2019,198.5
Ginger(Green),Santhesargur,22-10-2019,25
Copra,Gubbi,02-12-2019,90
Coconut,Arasikere,06-11-2019,124.7
Snakeguard,Ramanagara,21-11-2019,19
Cotton,Manvi,02-12-2019,49.81
Cotton,Sankeshwar,02-12-2019,64
Sweet+Pumpkin,Ramanagara,21-11-2019,10
Maize,Honnali,30-09-2019,20
Maize,Madhugiri,30-09-2019,24.8
Sunflower,Chitradurga,16-10-2019,36.98
Sunflower,Mundaragi,16-10-2019,36.32
Sunflower,Raichur,16-10-2019,37.05
Sunflower,Yadgir,16-10-2019,32.16
Carrot,Ramanagara,14-11-2019,62
Ridgeguard(Tori),Ramanagara,01-10-2019,15
Seemebadnekai,Ramanagara,01-10-2019,19
Cotton,Annigeri,06-11-2019,50
Cotton,Bijapur,06-11-2019,51.52
Cotton,Davangere,06-11-2019,41.83
Cotton,Gadag,06-11-2019,50.24
Cotton,Shorapur,06-11-2019,47.21
Cotton,Sindhanur,06-11-2019,53
Tomato,Chikkamagalore,16-10-2019,18.75
Tomato,Kolar,16-10-2019,10.67
Maize,Holenarsipura,17-10-2019,21.5
Maize,Honnali,17-10-2019,21.5
Maize,Kudchi,17-10-2019,35
Groundnut,Bellary,22-10-2019,54.65
Groundnut,Davangere,22-10-2019,48.76
Groundnut,Gadag,22-10-2019,40.48
Groundnut,Hubli (Amaragol),22-10-2019,45.01
Groundnut,Kottur,22-10-2019,55.57
Groundnut,Raichur,22-10-2019,50.15
Groundnut,Ranebennur,22-10-2019,36.62
Brinjal,Ramanagara,14-11-2019,40
Beans,Chikkamagalore,14-10-2019,26.92
Beetroot,Chikkamagalore,14-10-2019,11.11
Gur(Jaggery),Bijapur,22-10-2019,32
Gur(Jaggery),Mandya,22-10-2019,34.5
Gur(Jaggery),Mhalingapur,22-10-2019,35.85
Gurellu,Gadag,22-10-2019,50.18
Black+pepper,Gonikappal,14-10-2019,295
Jowar(Sorghum),Bellary,22-10-2019,19.68
Jowar(Sorghum),Gadag,22-10-2019,20.36
Jowar(Sorghum),Gundlupet,22-10-2019,19
Jowar(Sorghum),Hubli (Amaragol),22-10-2019,26.09
Jowar(Sorghum),Kottur,22-10-2019,19.27
Wheat,Bhadravathi,10-12-2019,30.05
Jowar(Sorghum),Nargunda,22-10-2019,26.3
Wheat,Gadag,10-12-2019,26.55
Bottle+gourd,Kolar,14-10-2019,7
Kulthi(Horse+Gram),Gundlupet,22-10-2019,36.5
Black+pepper,Somvarpet,04-12-2019,310
Maize,Bellary,22-10-2019,18.05
Maize,Davangere,22-10-2019,18.44
Maize,Gadag,22-10-2019,18.89
Maize,Kottur,22-10-2019,20.56
Maize,Mhalingapur,22-10-2019,22.6
Maize,Nargunda,22-10-2019,23.71
Maize,Santhesargur,22-10-2019,14
Cabbage,Chikkamagalore,14-10-2019,9.66
Cauliflower,Chikkamagalore,14-10-2019,9.66
Potato,Hubli (Amaragol),19-12-2019,18
Potato,Malur,19-12-2019,20
Potato,Mysore (Bandipalya),19-12-2019,21
Sunflower,Laxmeshwar,23-12-2019,30.13
Sunflower,Mundaragi,23-12-2019,38.45
Sunflower,Nargunda,23-12-2019,35.57
Suvarna+Gadde,Somvarpet,23-12-2019,7.5
White+Pumpkin,Chikkamagalore,16-10-2019,9.85
Sweet+Potato,Somvarpet,23-12-2019,7.5
Rice,Bidar,23-10-2019,44.5
Rice,Karatgi,23-10-2019,35.95
Cotton,Bijapur,14-10-2019,56.21
Cotton,Haveri,14-10-2019,50.85
Cotton,Kottur,14-10-2019,49.59
Cabbage,Malur,26-11-2019,7.5
Ginger(Green),Gundlupet,31-12-2019,23
Ginger(Green),Shikaripura,31-12-2019,17
Onion,Davangere,22-10-2019,14
Cucumbar(Kheera),Chikkamagalore,14-10-2019,30
Onion,Hubli (Amaragol),22-10-2019,13
Onion,Raichur,22-10-2019,22.2
Alasande+Gram,Bangalore,15-10-2019,65
Onion,Bijapur,09-12-2019,60
Onion,Chintamani,09-12-2019,19.5
Onion,Davangere,09-12-2019,80
Onion,Hubli (Amaragol),09-12-2019,43
Onion,Mysore (Bandipalya),09-12-2019,60
Onion,Raichur,09-12-2019,58.1
Onion,Ranebennur,09-12-2019,60
Ginger(Green),Somvarpet,31-12-2019,25
Groundnut,Bellary,06-11-2019,51.57
Groundnut,Challakere,06-11-2019,55.14
Groundnut,Davangere,06-11-2019,53.37
Groundnut,Gadag,06-11-2019,46.83
Groundnut,Hubli (Amaragol),06-11-2019,42.09
Groundnut,Raichur,06-11-2019,46.91
Soyabean,Bidar,23-10-2019,28
Avare+Dal,Bangalore,03-10-2019,41
Ginger(Green),Gonikappal,14-10-2019,20
Ginger(Green),Moodigere,14-10-2019,17.2
Tomato,Mulabagilu,23-12-2019,6.65
Gur(Jaggery),Gulbarga,06-11-2019,33.25
Gur(Jaggery),Mhalingapur,06-11-2019,35.6
Beans,Chikkamagalore,03-10-2019,30
Beans,Kolar,03-10-2019,32
Green+Chilli,Chikkamagalore,14-10-2019,16.09
Peas+Wet,Ramanagara,28-11-2019,80
Jowar(Sorghum),Annigeri,06-11-2019,18.25
Jowar(Sorghum),Bellary,06-11-2019,29.23
Jowar(Sorghum),Gadag,06-11-2019,29.85
Jowar(Sorghum),Gulbarga,06-11-2019,38.25
Paddy(Dhan)(Common),Davangere,22-10-2019,19
Paddy(Dhan)(Common),Harihara,22-10-2019,19.9
Green+Chilli,Kolar,27-10-2019,22
Groundnut,Mundaragi,14-10-2019,69.53
Groundnut,Savanur,14-10-2019,63.21
Maize,Bhadravathi,26-12-2019,18.89
Maize,Gowribidanoor,26-12-2019,17.6
Capsicum,Kolar,12-11-2019,31
Carrot,Kolar,12-11-2019,48.5
Groundnut,Madhugiri,07-11-2019,52.51
Maize,Kottur,26-12-2019,19.31
Maize,Nargunda,26-12-2019,19.95
Jowar(Sorghum),Kottur,14-10-2019,17.75
Jowar(Sorghum),Ramdurga,14-10-2019,19
Maize,Shikaripura,26-12-2019,18
Knool+Khol,Chikkamagalore,14-10-2019,12.35
Bottle+gourd,Kolar,03-10-2019,9
Lime,Bijapur,14-10-2019,15
Maize,Arasikere,06-11-2019,11.5
Maize,Bagalakot,06-11-2019,17.66
Maize,Bellary,06-11-2019,17.25
Maize,Davangere,06-11-2019,17.63
Maize,Gadag,06-11-2019,17.8
Maize,Haliyala,06-11-2019,18.8
Maize,Mhalingapur,06-11-2019,17.5
Maize,Mysore (Bandipalya),06-11-2019,17.87
Maize,Hunsur,14-10-2019,13
Maize,Kottur,14-10-2019,20.75
Maize,Mundaragi,14-10-2019,17.71
Maize,Ramdurga,14-10-2019,21.5
Maize,Shikaripura,14-10-2019,23
Beans,Ramanagara,01-10-2019,30
Brinjal,Chikkamagalore,03-10-2019,10.42
Wheat,Bidar,23-10-2019,27.5
Paddy(Dhan)(Common),Channagiri,13-11-2019,19
Paddy(Dhan)(Common),Harappana Halli,13-11-2019,17.4
Paddy(Dhan)(Common),Harihara,13-11-2019,18.75
Potato,Hubli (Amaragol),22-10-2019,16.5
Onion,Bijapur,14-10-2019,25
Onion,Chikkamagalore,14-10-2019,29.85
Cabbage,Chikkamagalore,03-10-2019,8.12
Paddy(Dhan)(Common),Chikkamagalore,14-10-2019,47.01
Paddy(Dhan)(Common),Shikaripura,14-10-2019,23.4
Carrot,Kolar,03-10-2019,27
Water+Melon,Somvarpet,23-12-2019,15
Paddy(Dhan)(Common),Davangere,09-12-2019,17.9
Paddy(Dhan)(Common),Mysore (Bandipalya),09-12-2019,15.1
Raddish,Malur,19-12-2019,15.04
Paddy(Dhan)(Common),Raichur,09-12-2019,17.71
Paddy(Dhan)(Common),Shorapur,09-12-2019,16.73
Green+Chilli,Arasikere,31-12-2019,22
Onion,Bhadravathi,06-11-2019,17.51
Onion,Davangere,06-11-2019,19
Onion,Raichur,06-11-2019,22.95
Onion,Ranebennur,06-11-2019,20
Potato,Chikkamagalore,14-10-2019,14.36
Chilly+Capsicum,Kolar,03-10-2019,17
Ragi+(Finger+Millet),Mysore (Bandipalya),19-12-2019,22.66
Ragi+(Finger+Millet),Shimoga,19-12-2019,26
Ragi+(Finger+Millet),Tumkur,19-12-2019,22
Rice,Malur,22-10-2019,34
Raddish,Chikkamagalore,14-10-2019,9.65
Cotton,Haveri,03-10-2019,52.35
Paddy(Dhan)(Common),Davangere,06-11-2019,19.78
Paddy(Dhan)(Common),Harihara,06-11-2019,19.62
Paddy(Dhan)(Common),Raichur,06-11-2019,18.86
Rice,Hoskote,14-10-2019,81.5
Rice,Shikaripura,14-10-2019,21
Sajje,Gadag,22-10-2019,13.92
Same/Savi,Hubli (Amaragol),22-10-2019,29.25
Banana+-+Green,Santhesargur,31-10-2019,15
Soyabean,Hubli (Amaragol),22-10-2019,30.41
Soyabean,Mhalingapur,22-10-2019,33.5
Sajje,Mundaragi,14-10-2019,15.69
Cucumbar(Kheera),Kolar,03-10-2019,13
Beetroot,Honnali,31-10-2019,9.3
Sunflower,Mundaragi,14-10-2019,35.92
Sunflower,Yadgir,14-10-2019,32.29
Tender+Coconut,Mandya,14-10-2019,120
Tomato,Chickkaballapura,14-10-2019,20.5
Tomato,Chikkamagalore,14-10-2019,19.71
Tomato,Kolar,14-10-2019,13.67
Tomato,Srinivasapur,14-10-2019,16
Sunflower,Davangere,22-10-2019,22
Sunflower,Gadag,22-10-2019,36.11
Sunflower,Kottur,22-10-2019,35.57
Sunflower,Mhalingapur,22-10-2019,40.5
Sunflower,Raichur,22-10-2019,29.39
Chilly+Capsicum,Kolar,27-10-2019,15
Cucumbar(Kheera),Ramanagara,04-11-2019,7.5
Tomato,Davangere,22-10-2019,15
Tomato,Malur,22-10-2019,12.5
Tomato,Srinivasapur,22-10-2019,9.33
Alasande+Gram,Bangalore,23-10-2019,68
Ginger(Green),Bangalore,03-10-2019,53.5
Ginger(Green),Santhesargur,03-10-2019,22
Capsicum,Kolar,27-10-2019,24
Green+Chilli,Chikkamagalore,03-10-2019,20
Potato,Hubli (Amaragol),06-11-2019,15
Potato,Mysore (Bandipalya),06-11-2019,20
Wheat,Gadag,22-10-2019,18.3
Raddish,Honnali,16-10-2019,7.5
Ridgeguard(Tori),Honnali,16-10-2019,15.3
Bottle+gourd,Kolar,27-10-2019,6
Brinjal,Kolar,27-10-2019,12
Groundnut,Madhugiri,08-11-2019,51.82
Tomato,Channapatana,16-10-2019,15
Groundnut,Mundaragi,03-10-2019,67.4
Groundnut,Raichur,03-10-2019,66
Groundnut,Savanur,03-10-2019,63.07
Gur(Jaggery),Mandya,03-10-2019,33.5
Maize,Bellary,14-10-2019,20.99
Jowar(Sorghum),Bellary,03-10-2019,22.5
Jowar(Sorghum),Haveri,03-10-2019,23
Maize,Mundaragi,03-10-2019,21.14
Maize,Santhesargur,03-10-2019,13
Maize,Shikaripura,03-10-2019,22
Maize,Bellary,03-10-2019,23.14
Beans,Kolar,27-10-2019,19
Ragi+(Finger+Millet),Bhadravathi,06-11-2019,20.62
Ragi+(Finger+Millet),Davangere,06-11-2019,18.64
Ragi+(Finger+Millet),Hirekerur,06-11-2019,17
Ragi+(Finger+Millet),Mysore (Bandipalya),06-11-2019,22.33
Mango,Srinivasapur,03-10-2019,7
Rice,Gangavathi,06-11-2019,20.3
Rice,Gulbarga,06-11-2019,28.5
Chilly+Capsicum,Malur,26-11-2019,85
Coriander(Leaves),Gadag,26-10-2019,54.45
Onion,Raichur,26-12-2019,45
Rice,Gangavathi,19-12-2019,19.8
Rice,Gulbarga,19-12-2019,39.5
Coconut,Arasikere,26-11-2019,130
Cotton,Gadag,26-10-2019,53.39
Safflower,Gadag,06-11-2019,47.92
Safflower,Gulbarga,06-11-2019,37.5
Copra,Arasikere,26-11-2019,116.39
Thogrikai,Ramanagara,26-10-2019,48
Tomato,Ramanagara,26-10-2019,25
Onion,Chikkamagalore,03-10-2019,31
Soyabean,Bidar,06-11-2019,31
Soyabean,Hubli (Amaragol),06-11-2019,31.59
Corriander+seed,Bangalore,26-11-2019,96.5
Brinjal,Honnali,12-11-2019,15
Brinjal,Ramanagara,12-11-2019,31
Cabbage,Ramanagara,12-11-2019,10
Sunflower,Bagalakot,06-11-2019,37.37
Sunflower,Gadag,06-11-2019,36.73
Sunflower,Gulbarga,06-11-2019,28
Sunflower,Raichur,06-11-2019,37.2
Cotton,Bijapur,26-11-2019,49.76
Paddy(Dhan)(Common),K.R.Nagar,16-10-2019,16.5
Tamarind+Fruit,Mysore (Bandipalya),06-11-2019,75
Beetroot,Kolar,22-12-2019,28
Paddy(Dhan)(Common),Bhadravathi,26-12-2019,17.5
Tender+Coconut,Malur,06-11-2019,100
Cotton,Haveri,26-11-2019,50.47
Paddy(Dhan)(Common),Hanagal,26-12-2019,15
Paddy(Dhan)(Common),Harihara,26-12-2019,19.5
Paddy(Dhan)(Common),Shikaripura,26-12-2019,17
Tomato,Davangere,06-11-2019,14.4
Groundnut,Gadag,26-10-2019,37.95
Paddy(Dhan)(Common),Bhadravathi,03-10-2019,18.76
Paddy(Dhan)(Common),Raichur,03-10-2019,18.22
Paddy(Dhan)(Common),Moodigere,03-10-2019,17
Paddy(Dhan)(Common),Shorapur,03-10-2019,23.53
Jowar(Sorghum),Gadag,26-10-2019,24.01
Maize,Piriya Pattana,26-10-2019,17
Safflower,Gulbarga,19-12-2019,47.22
Maize,Gadag,26-10-2019,17.9
Maize,Ramdurga,26-10-2019,21
Groundnut,Laxmeshwar,31-12-2019,39.79
Ginger(Green),Ramanagara,28-11-2019,49
Groundnut,Raichur,31-12-2019,38.59
Wheat,Bidar,06-11-2019,26.5
Wheat,Gadag,06-11-2019,26.73
Elephant+Yam+(Suran),Arasikere,26-11-2019,19
Coconut,Hiriyur,04-11-2019,120.18
Coconut,Honnali,04-11-2019,86
Cotton,Sindhanur,04-11-2019,51
Beans,Kolar,22-12-2019,31
Pineapple,Malur,09-12-2019,12
Soyabean,Basava Kalayana,19-12-2019,38
Soyabean,Bidar,19-12-2019,39.5
Potato,Chikkamagalore,03-10-2019,13.2
Soyabean,Dharwar,19-12-2019,38.67
Soyabean,Gulbarga,19-12-2019,38.62
Soyabean,Hubli (Amaragol),19-12-2019,35.39
Gur(Jaggery),Mandya,31-12-2019,30
Rice,Karatgi,01-10-2019,33.1
Potato,Bangalore,26-12-2019,19
Drumstick,Ramanagara,21-11-2019,190
Beans,Honnali,23-12-2019,27
Beans,Kolar,23-12-2019,27
Beetroot,Honnali,23-12-2019,17
Beetroot,Kolar,23-12-2019,26
Sunflower,Gadag,19-12-2019,37.85
Sunflower,Gulbarga,19-12-2019,37.22
Sunflower,Raichur,19-12-2019,37.02
Jowar(Sorghum),Bidar,31-12-2019,40
Tender+Coconut,Malur,19-12-2019,200
Papaya,Ramanagara,17-12-2019,14
Potato,Chintamani,09-12-2019,10.5
Potato,Mysore (Bandipalya),09-12-2019,15.5
Kulthi(Horse+Gram),Gundlupet,31-12-2019,29.83
Rice,Gangavathi,03-10-2019,20.65
Rice,Kolar,03-10-2019,52.42
Rice,Shikaripura,03-10-2019,18
Alasande+Gram,Bangalore,18-11-2019,71.5
Green+Chilli,Honnali,08-11-2019,11.8
Onion,Holalkere,16-10-2019,15
Green+Peas,Arasikere,26-11-2019,52
Green+Peas,Bangalore,26-11-2019,87
Ground+Nut+Seed,Malur,26-11-2019,71.4
Sajje,Gadag,26-10-2019,14.83
Maize,Arasikere,31-12-2019,19
Maize,Badami,31-12-2019,19.5
Maize,Bagalakot,31-12-2019,18.96
Maize,Bidar,31-12-2019,18
Maize,Chikkamagalore,31-12-2019,16.13
Maize,Davangere,31-12-2019,18.4
Maize,Gowribidanoor,31-12-2019,18.65
Beetroot,Honnali,04-12-2019,16.8
Maize,Kadur,31-12-2019,18.75
Maize,Nargunda,31-12-2019,19.45
Sunflower,Gadag,26-10-2019,35.65
Banana,Channapatana,03-12-2019,19
Maize,Shikaripura,31-12-2019,18.5
Sunflower,Bellary,03-10-2019,37.28
Sunflower,Mundaragi,03-10-2019,37.83
Sunflower,Raichur,03-10-2019,38.25
Ragi+(Finger+Millet),Kottur,26-12-2019,22.27
Banana+-+Green,Santhesargur,03-12-2019,8.34
Tomato,Chikkamagalore,03-10-2019,20.05
Tomato,Kolar,03-10-2019,13.33
Tomato,Srinivasapur,03-10-2019,8.67
Gur(Jaggery),Bangarpet,26-11-2019,35
Beans,Chikkamagalore,03-12-2019,15.28
Groundnut,Bellary,18-12-2019,39.91
Cabbage,Ramanagara,28-11-2019,14
Wheat,Gadag,26-10-2019,24.02
Potato,Chintamani,19-10-2019,17.5
Potato,Holalkere,19-10-2019,20
Jowar(Sorghum),Bijapur,26-11-2019,38
Soyabean,Hanagal,26-12-2019,40.57
Maize,Hiriyur,15-12-2019,17.26
White+Pumpkin,Chikkamagalore,03-10-2019,9.09
Rice,Hanagal,19-10-2019,19
Rice,Honnali,19-10-2019,18.6
Beetroot,Kolar,12-11-2019,30
Maize,Haliyala,13-11-2019,17
Maize,Honnali,13-11-2019,18.6
Maize,Piriya Pattana,13-11-2019,15
Maize,Somvarpet,13-11-2019,12
Kulthi(Horse+Gram),Haveri,26-11-2019,33.8
Suvarna+Gadde,Somvarpet,26-12-2019,7.5
Tomato,Kolar,19-10-2019,11.33
Sweet+Potato,Somvarpet,26-12-2019,6.25
Alasande+Gram,Laxmeshwar,31-10-2019,43.36
Carrot,Honnali,04-11-2019,17
Maize,Arasikere,26-11-2019,15.5
Maize,Hanagal,26-11-2019,16
Maize,Haveri,26-11-2019,15.5
Maize,Hirekerur,26-11-2019,15.8
Wheat,Gadag,19-12-2019,28.81
Wheat,Hubli (Amaragol),19-12-2019,20.39
Arhar+Dal(Tur+Dal),Srinivasapur,25-10-2019,82
Beans,Kolar,31-10-2019,22
Ginger(Green),Kolar,15-11-2019,38
Beans,Kolar,25-10-2019,17
Maize,Mundaragi,08-10-2019,20.28
Mustard,Haveri,26-11-2019,36
Paddy(Dhan)(Common),Honnali,19-10-2019,18.6
Paddy(Dhan)(Common),K.R.Nagar,19-10-2019,18.03
Onion,Arasikere,31-12-2019,30
Onion,Bagalakot,31-12-2019,50
Onion,Hubli (Amaragol),31-12-2019,33
Onion,Kadur,31-12-2019,33.33
Onion,Raichur,31-12-2019,42
Onion,Ranebennur,31-12-2019,45
Onion,Tumkur,31-12-2019,65
Sunflower,Mundaragi,08-10-2019,34.92
Capsicum,Kolar,31-10-2019,32
Cauliflower,Kolar,31-10-2019,22
Onion,Bangalore,26-11-2019,70
White+Pumpkin,Malur,19-12-2019,5
Chilly+Capsicum,Kolar,31-10-2019,19
Coconut,Arasikere,31-10-2019,180
Copra,Arasikere,31-10-2019,120
Honge+seed,Madhugiri,16-12-2019,30
Ragi+(Finger+Millet),Davangere,09-12-2019,19.5
Ragi+(Finger+Millet),Gubbi,09-12-2019,30
Ragi+(Finger+Millet),Harappana Halli,09-12-2019,17.9
Ragi+(Finger+Millet),Kottur,09-12-2019,18.12
Ragi+(Finger+Millet),Mysore (Bandipalya),09-12-2019,21.98
Cotton,Bijapur,31-10-2019,47.75
Cotton,Haveri,31-10-2019,41.35
Cotton,Shorapur,31-10-2019,48.33
Cucumbar(Kheera),Kolar,31-10-2019,6
Rice,Bidar,09-12-2019,45
Rice,Gangavathi,09-12-2019,20.75
Rice,Gulbarga,09-12-2019,41.5
Rice,Malur,09-12-2019,28.01
Rice,Mysore (Bandipalya),09-12-2019,47
Orange,Malur,26-11-2019,20
Dry+Chillies,Byadagi,31-10-2019,101.09
Dry+Grapes,Bangalore,31-10-2019,229
Maize,Haliyala,16-10-2019,21
Maize,Haveri,16-10-2019,22.5
Maize,Holenarsipura,16-10-2019,21.5
Maize,Kustagi,16-10-2019,21.2
Maize,Somvarpet,16-10-2019,14
Cabbage,Ramanagara,17-12-2019,12
Ginger(Green),Madhugiri,31-10-2019,20
Ginger(Green),Somvarpet,31-10-2019,25
Paddy(Dhan)(Common),Chikkamagalore,31-12-2019,18.4
Paddy(Dhan)(Common),Davangere,31-12-2019,18.7
Paddy(Dhan)(Common),Hunsur,31-12-2019,15
Paddy(Dhan)(Common),Kundapura,31-12-2019,16.5
Cotton,Manvi,07-11-2019,48.23
Paddy(Dhan)(Common),Moodigere,31-12-2019,17.6
Paddy(Dhan)(Common),Raichur,31-12-2019,19.69
Paddy(Dhan)(Common),Shikaripura,31-12-2019,16.5
Paddy(Dhan)(Common),Shorapur,31-12-2019,17.42
Paddy(Dhan)(Common),T. Narasipura,31-12-2019,20.75
Paddy(Dhan)(Common),Udupi,31-12-2019,18.5
Cucumbar(Kheera),Honnali,07-11-2019,3.6
Green+Chilli,Arasikere,31-10-2019,20
Green+Chilli,Chikkamagalore,31-10-2019,20.83
Green+Chilli,Kolar,31-10-2019,21
Ground+Nut+Seed,Kolar,31-10-2019,81
Groundnut,Laxmeshwar,31-10-2019,44.42
Groundnut,Madhugiri,31-10-2019,56.07
Groundnut,Mundaragi,31-10-2019,59.51
Groundnut,Savanur,31-10-2019,43.46
Gur(Jaggery),Kolar,31-10-2019,13.5
Jowar(Sorghum),Bellary,31-10-2019,24.66
Onion,Chintamani,19-10-2019,12.5
Onion,Madhugiri,19-10-2019,15
Lime,Bijapur,31-10-2019,12
Maize,Bagalakot,31-10-2019,20.59
Maize,Bellary,31-10-2019,19.04
Maize,Haveri,31-10-2019,18
Maize,Mundaragi,31-10-2019,18.96
Neem+Seed,Lingasugur,31-10-2019,10.5
Groundnut,Madhugiri,17-10-2019,71.44
Onion,Bijapur,31-10-2019,22
Onion,Chikkamagalore,31-10-2019,22.22
Potato,Chikkamagalore,31-10-2019,14.29
Groundnut,Ramdurga,06-10-2019,64.55
Jowar(Sorghum),Ramdurga,06-10-2019,36
Ox,Ramdurga,06-10-2019,300
Raddish,Kolar,31-10-2019,4
Thogrikai,Ramanagara,13-10-2019,21
Rice,Kolar,31-10-2019,49.64
She+Goat,Ramdurga,06-10-2019,50
Sunflower,Ramdurga,06-10-2019,33
Ridgeguard(Tori),Kolar,31-10-2019,25
Sunflower,Bagalakot,31-10-2019,34.82
Sunflower,Mundaragi,31-10-2019,35.04
Tomato,Arasikere,31-10-2019,18
Tomato,Chikkamagalore,31-10-2019,18.18
Tomato,Chintamani,31-10-2019,18
Tomato,Kolar,31-10-2019,10.34
Tomato,Srinivasapur,31-10-2019,20
Cow,Athani,20-10-2019,590
Beetroot,Honnali,22-10-2019,9
Ground+Nut+Seed,Athani,20-10-2019,94
Groundnut,Hiriyur,20-10-2019,58.5
Jowar(Sorghum),Athani,20-10-2019,28
Maize,Athani,20-10-2019,21
Peas+Wet,Ramanagara,09-11-2019,180
Ridgeguard(Tori),Ramanagara,09-11-2019,36
She+Buffalo,Athani,20-10-2019,400
Cabbage,Honnali,04-11-2019,9
Coconut,K.R.Nagar,07-11-2019,102
Thondekai,Ramanagara,09-11-2019,24
Tomato,Kolar,09-11-2019,10.34
Alasande+Gram,Laxmeshwar,05-11-2019,45.74
Maize,Athani,19-10-2019,21
Maize,Haliyala,19-10-2019,20
Maize,Hanagal,19-10-2019,20
Arhar+Dal(Tur+Dal),Mysore (Bandipalya),05-11-2019,86
Arhar+Dal(Tur+Dal),Shimoga,05-11-2019,92
Beans,Ramanagara,13-10-2019,35
Beans,Malur,05-11-2019,20
Tomato,Kolar,07-10-2019,13.33
Black+pepper,Gonikappal,05-11-2019,300.51
Black+pepper,Kumta,05-11-2019,196.67
Black+pepper,Moodigere,05-11-2019,256.74
Black+pepper,Yellapur,05-11-2019,288.89
Groundnut,Madhugiri,11-12-2019,45.28
Groundnut,Srinivasapur,11-12-2019,48.38
Paddy(Dhan)(Common),Bangarpet,26-11-2019,21.2
Paddy(Dhan)(Common),Hanagal,26-11-2019,16
Gur(Jaggery),Bangalore,11-12-2019,43
Gur(Jaggery),Sankeshwar,11-12-2019,32
Alasande+Gram,Laxmeshwar,24-10-2019,43.79
Chapparad+Avare,Kolar,02-12-2019,21
Onion,Hubli (Amaragol),21-10-2019,12.5
Kulthi(Horse+Gram),Chintamani,19-10-2019,35.1
Brinjal,Kolar,24-10-2019,9
Cabbage,Chikkamagalore,24-10-2019,9.7
Coconut,Bhadravathi,05-11-2019,134.5
Coconut,Kundapura,05-11-2019,80
Copra,Arasikere,05-11-2019,120.09
Cauliflower,Kolar,24-10-2019,15
Coriander(Leaves),Gadag,05-11-2019,53.43
Corriander+seed,Mysore (Bandipalya),05-11-2019,85
Cotton,Annigeri,05-11-2019,53.5
Cotton,Bellary,05-11-2019,44.27
Cotton,Bhadravathi,05-11-2019,53
Cotton,Bijapur,05-11-2019,51.02
Cotton,Chitradurga,05-11-2019,58.8
Cotton,Davangere,05-11-2019,33.55
Cotton,Ranebennur,05-11-2019,43.5
Chapparad+Avare,Ramanagara,07-11-2019,42
Coconut,Kolar,24-10-2019,260
Corriander+seed,Laxmeshwar,24-10-2019,47.63
Cucumbar(Kheera),Chikkamagalore,24-10-2019,11.9
Brinjal,Honnali,04-11-2019,15
Dry+Chillies,Mysore (Bandipalya),05-11-2019,145
Garlic,Mysore (Bandipalya),05-11-2019,135
Cotton,Manvi,08-11-2019,50.5
Cotton,Nargunda,08-11-2019,49.37
Cotton,Ramdurga,08-11-2019,47
Cucumbar(Kheera),Honnali,08-11-2019,4
Ginger(Green),Kolar,24-10-2019,42.1
Knool+Khol,Ramanagara,19-10-2019,25
Ground+Nut+Seed,Hiriyur,24-10-2019,70
Groundnut,Laxmeshwar,24-10-2019,40.55
Groundnut,Mundaragi,24-10-2019,47.51
Groundnut,Mysore (Bandipalya),24-10-2019,43.78
Groundnut,Savanur,24-10-2019,43.75
Gur(Jaggery),Mandya,24-10-2019,34.5
Ground+Nut+Seed,Mysore (Bandipalya),05-11-2019,108.5
Honge+seed,Kanakapura,24-10-2019,19
Jowar(Sorghum),Bellary,24-10-2019,19.77
Jowar(Sorghum),Harappana Halli,24-10-2019,17.1
Jowar(Sorghum),Laxmeshwar,24-10-2019,17.63
Groundnut,Davangere,05-11-2019,53.52
Groundnut,Gadag,05-11-2019,44.55
Groundnut,Hubli (Amaragol),05-11-2019,45.89
Groundnut,Kottur,05-11-2019,48.85
Groundnut,Laxmeshwar,05-11-2019,45.26
Groundnut,Mysore (Bandipalya),05-11-2019,55.64
Groundnut,Raichur,05-11-2019,53.68
Groundnut,Savanur,05-11-2019,43.15
Knool+Khol,Kolar,24-10-2019,15
Cucumbar(Kheera),Channapatana,17-10-2019,5.5
Gur(Jaggery),Bhadravathi,05-11-2019,33
Gur(Jaggery),Gulbarga,05-11-2019,34.5
Gur(Jaggery),Mhalingapur,05-11-2019,35.72
Maize,Bellary,24-10-2019,19.99
Maize,Mundaragi,24-10-2019,17.01
Maize,Mysore (Bandipalya),24-10-2019,17.23
Jowar(Sorghum),Gadag,05-11-2019,27.27
Jowar(Sorghum),Gulbarga,05-11-2019,35.65
Jowar(Sorghum),Hubli (Amaragol),05-11-2019,28.39
Jowar(Sorghum),Kottur,05-11-2019,18.04
Jowar(Sorghum),Laxmeshwar,05-11-2019,22.29
Kulthi(Horse+Gram),Mysore (Bandipalya),05-11-2019,28.1
Neem+Seed,Mysore (Bandipalya),24-10-2019,45.17
Onion,Ranebennur,24-10-2019,24
Thogrikai,Ramanagara,25-11-2019,33
Maize,Arasikere,05-11-2019,20
Maize,Badami,05-11-2019,20
Maize,Bagalakot,05-11-2019,18.63
Maize,Davangere,05-11-2019,18.1
Maize,Gadag,05-11-2019,15.78
Maize,Kadur,05-11-2019,20.63
Maize,Kalagategi,05-11-2019,19.6
Maize,Kottur,05-11-2019,17.97
Maize,Mysore (Bandipalya),05-11-2019,18.68
Paddy(Dhan)(Common),Shikaripura,24-10-2019,22
Alasande+Gram,Laxmeshwar,11-10-2019,45.95
Onion,Hubli (Amaragol),05-11-2019,17
Onion,Kadur,05-11-2019,25
Onion,Mysore (Bandipalya),05-11-2019,30
Onion,Raichur,05-11-2019,26.95
Onion,Ranebennur,05-11-2019,21
Beans,Chikkamagalore,11-10-2019,25
Black+pepper,Gonikappal,11-10-2019,340
Beetroot,Honnali,04-11-2019,9.6
Potato,Chikkamagalore,24-10-2019,14.29
Beans,Honnali,04-11-2019,15.5
Paddy(Dhan)(Common),Davangere,05-11-2019,19.26
Paddy(Dhan)(Common),Gangavathi,05-11-2019,15.6
Paddy(Dhan)(Common),Mysore (Bandipalya),05-11-2019,21
Paddy(Dhan)(Common),Raichur,05-11-2019,18.65
Paddy(Dhan)(Common),Shimoga,05-11-2019,16.75
Rice,Kolar,05-11-2019,41.11
Coconut,Doddaballa Pur,17-10-2019,150
Thogrikai,Ramanagara,05-11-2019,42
Tomato,Channapatana,05-11-2019,20
Tomato,Chintamani,05-11-2019,17.33
Tomato,Kolar,05-11-2019,12.8
Onion,Chikkamagalore,05-11-2019,49.51
Raddish,Kolar,24-10-2019,5
Carrot,Ramanagara,07-11-2019,50
Ragi+(Finger+Millet),Mysore (Bandipalya),24-10-2019,22.47
Rice,Kolar,24-10-2019,52.6
Potato,Hubli (Amaragol),05-11-2019,16.5
Potato,Malur,05-11-2019,16
Potato,Mysore (Bandipalya),05-11-2019,19.5
Green+Peas,Bangalore,19-10-2019,74
Sajje,Harappana Halli,24-10-2019,16.99
Sajje,Mundaragi,24-10-2019,15.41
Gur(Jaggery),Kudchi,19-10-2019,25
Beans,Malur,31-10-2019,20
Sunflower,Mundaragi,24-10-2019,34.51
Tomato,Chintamani,13-10-2019,20.66
Tomato,Kolar,13-10-2019,13.33
Black+pepper,Chikkamagalore,31-10-2019,314.47
Black+pepper,Gonikappal,31-10-2019,287.99
Tomato,Chikkamagalore,24-10-2019,18.46
Tomato,Kolar,24-10-2019,12.2
Coconut,Kanakapura,08-11-2019,130
Potato,Chintamani,13-10-2019,15
Ragi+(Finger+Millet),Arasikere,05-11-2019,20.9
Ragi+(Finger+Millet),Mysore (Bandipalya),05-11-2019,22.08
Rice,Gangavathi,05-11-2019,20.76
Potato,Kolar,01-11-2019,18
Raddish,Kolar,01-11-2019,12
Safflower,Gulbarga,05-11-2019,47.15
Sajje,Gadag,05-11-2019,15.82
Soyabean,Bidar,05-11-2019,30
Soyabean,Gulbarga,05-11-2019,32.51
Soyabean,Hubli (Amaragol),05-11-2019,35.39
Soyabean,Mhalingapur,05-11-2019,36.5
Tomato,Kolar,01-11-2019,12.67
Cabbage,Chikkamagalore,11-10-2019,9.91
Alasande+Gram,Laxmeshwar,15-10-2019,46.51
Sunflower,Bagalakot,05-11-2019,35.71
Sunflower,Gadag,05-11-2019,36.09
Sunflower,Gulbarga,05-11-2019,33.5
Sunflower,Kottur,05-11-2019,34.34
Sunflower,Mhalingapur,05-11-2019,23.5
Sunflower,Raichur,05-11-2019,37.09
Coconut,Tarikere,11-10-2019,104.43
Tomato,Davangere,05-11-2019,16.5
Corriander+seed,Laxmeshwar,11-10-2019,58.77
Cotton,Bellary,11-10-2019,54.45
Carrot,Malur,31-10-2019,40.02
Beans,Chikkamagalore,15-10-2019,29.17
Beans,Honnali,15-10-2019,18
Beetroot,Chikkamagalore,15-10-2019,8.05
Beetroot,Honnali,15-10-2019,10
Maize,Hiriyur,13-10-2019,34.3
Dry+Chillies,Byadagi,11-10-2019,102.69
Ragi+(Finger+Millet),Chintamani,05-11-2019,23
Thogrikai,Ramanagara,21-10-2019,46
Banana,Channapatana,04-11-2019,10
Banana+-+Green,Santhesargur,04-11-2019,12.5
Black+pepper,Siddapur,15-10-2019,316.99
Wheat,Bidar,05-11-2019,26.52
Wheat,Gadag,05-11-2019,20.86
Wheat,Gangavathi,05-11-2019,21
Maize,Piriya Pattana,21-10-2019,17
Groundnut,Bellary,11-10-2019,50.23
Groundnut,Laxmeshwar,11-10-2019,65.42
Groundnut,Mundaragi,11-10-2019,71.16
Groundnut,Mysore (Bandipalya),11-10-2019,47.22
Coconut,Kadur,31-10-2019,70
Coconut,Kumta,31-10-2019,186.6
Rice,Kolar,06-11-2019,49.27
Gurellu,Laxmeshwar,11-10-2019,43.69
Jowar(Sorghum),Bellary,11-10-2019,19.89
Jowar(Sorghum),Laxmeshwar,11-10-2019,22.17
Jowar(Sorghum),Tarikere,11-10-2019,25
Brinjal,Honnali,15-10-2019,8.5
Kulthi(Horse+Gram),Mysore (Bandipalya),11-10-2019,33
Maize,Bellary,11-10-2019,20.82
Maize,Mundaragi,11-10-2019,19.39
Maize,Mysore (Bandipalya),11-10-2019,18.45
Maize,Somvarpet,11-10-2019,13
Copra,Tumkur,31-10-2019,124
Coriander(Leaves),Gadag,31-10-2019,54.86
Tomato,Chintamani,06-11-2019,15.33
Cotton,Annigeri,31-10-2019,55
Cotton,Chitradurga,31-10-2019,58.59
Cotton,Davangere,31-10-2019,40.82
Cotton,Gadag,31-10-2019,50.36
Cotton,Kottur,31-10-2019,40.12
Cotton,Ranebennur,31-10-2019,36.99
Paddy(Dhan)(Common),Lingasugur,11-10-2019,24.3
Paddy(Dhan)(Common),Mysore (Bandipalya),11-10-2019,17.37
Paddy(Dhan)(Common),Shorapur,11-10-2019,26.31
Groundnut,Hiriyur,19-10-2019,57.09
Potato,Chikkamagalore,11-10-2019,15.49
Cucumbar(Kheera),Ramanagara,19-10-2019,6
Drumstick,Ramanagara,19-10-2019,52
Dry+Chillies,Hubli (Amaragol),31-10-2019,112
Garlic,Chintamani,19-10-2019,125
Coriander(Leaves),Gadag,15-10-2019,53.83
Corriander+seed,Laxmeshwar,15-10-2019,57.9
Ragi+(Finger+Millet),Mysore (Bandipalya),11-10-2019,22.75
Ridgeguard(Tori),Chikkamagalore,11-10-2019,19.05
Cucumbar(Kheera),Honnali,15-10-2019,5.5
Safflower,Gadag,09-12-2019,46.6
Sunflower,Mundaragi,11-10-2019,35.4
Sunflower,Yadgir,11-10-2019,31.58
Suvarna+Gadde,Somvarpet,11-10-2019,13.33
Sajje,Gadag,09-12-2019,15.97
Potato,Chintamani,26-10-2019,10.5
Paddy(Dhan)(Common),Haliyala,20-11-2019,17.5
Paddy(Dhan)(Common),Hanagal,20-11-2019,17
Paddy(Dhan)(Common),Lingasugur,20-11-2019,19.85
Paddy(Dhan)(Common),Madhugiri,20-11-2019,19.21
Carrot,Honnali,17-10-2019,14.3
Beans,Ramanagara,17-12-2019,46
Ginger(Green),Moodigere,15-10-2019,17
Alasande+Gram,Bangalore,19-10-2019,66.5
Alasande+Gram,Laxmeshwar,19-10-2019,44.74
Garlic,Chintamani,13-10-2019,105
Cabbage,Honnali,07-11-2019,7.9
Arhar+Dal(Tur+Dal),Bangalore,19-10-2019,84.5
Green+Chilli,Chikkamagalore,15-10-2019,16.67
Avare+Dal,Bangalore,19-10-2019,50
Sheep,Chintamani,09-12-2019,105
Paddy(Dhan)(Common),Hanagal,05-11-2019,15
Paddy(Dhan)(Common),Harihara,05-11-2019,21.57
Paddy(Dhan)(Common),Lingasugur,05-11-2019,24.8
Sheep,Turvekere,09-12-2019,80
Black+pepper,Gonikappal,17-10-2019,325
Rice,Kolar,20-11-2019,50.95
Ridgeguard(Tori),Honnali,20-11-2019,17
Black+pepper,Gonikappal,19-10-2019,260.01
Drumstick,Ramanagara,09-11-2019,250
Groundnut,Gadag,15-10-2019,63.34
Groundnut,Laxmeshwar,15-10-2019,62.32
Groundnut,Mundaragi,15-10-2019,53.29
Groundnut,Davangere,31-10-2019,44.6
Groundnut,Gadag,31-10-2019,40.59
Groundnut,Hubli (Amaragol),31-10-2019,37.09
Groundnut,Raichur,31-10-2019,50.46
Groundnut,Ranebennur,31-10-2019,36.09
Gur(Jaggery),Holalkere,15-10-2019,20
Gur(Jaggery),Mandya,15-10-2019,31.5
Gurellu,Laxmeshwar,15-10-2019,44.91
Jowar(Sorghum),Gadag,15-10-2019,23.21
Jowar(Sorghum),Laxmeshwar,15-10-2019,19.91
Cabbage,Honnali,19-10-2019,8
Onion,Chintamani,01-11-2019,20
Onion,Kolar,01-11-2019,27
Gur(Jaggery),Mandya,31-10-2019,35.5
Gur(Jaggery),Mhalingapur,31-10-2019,34.3
Maize,Honnali,15-10-2019,22
Maize,Kolar,15-10-2019,30
Maize,Mundaragi,15-10-2019,19.88
Coconut,Moodigere,17-10-2019,200
Copra,Turvekere,17-10-2019,131.18
Jowar(Sorghum),Bidar,31-10-2019,35
Jowar(Sorghum),Gadag,31-10-2019,24.38
Jowar(Sorghum),Gulbarga,31-10-2019,36.11
Jowar(Sorghum),Kottur,31-10-2019,19.31
Coriander(Leaves),Gadag,17-10-2019,55.73
Corriander+seed,Hubli (Amaragol),17-10-2019,56.69
Cotton,Shorapur,19-10-2019,55.25
Cotton,Nanjangud,16-10-2019,64
Cowpea(Veg),Honnali,16-10-2019,18
Cotton,Annigeri,17-10-2019,54.5
Cotton,Bijapur,17-10-2019,56.56
Cotton,Chitradurga,17-10-2019,58.87
Cotton,Davangere,17-10-2019,52.59
Cotton,Haveri,17-10-2019,50.4
Cotton,Ranebennur,17-10-2019,52.75
Cotton,Shorapur,17-10-2019,51.88
Cucumbar(Kheera),Honnali,16-10-2019,3
Ginger(Green),Shikaripura,19-10-2019,24
Rice,Karatgi,14-10-2019,35.24
Ground+Nut+Seed,Hiriyur,03-11-2019,90
Gur(Jaggery),Mhalingapur,03-11-2019,35.58
Goat,Hiriyur,19-10-2019,48
Cabbage,Honnali,17-10-2019,8.5
Maize,Annigeri,31-10-2019,18.66
Maize,Davangere,31-10-2019,18.43
Maize,Gadag,31-10-2019,20.61
Maize,Hirekerur,31-10-2019,19
Maize,Kottur,31-10-2019,18.11
Green+Chilli,Chikkamagalore,17-10-2019,19.12
Green+Chilli,Davangere,17-10-2019,12.5
Maize,Mhalingapur,31-10-2019,13.5
Maize,Shikaripura,31-10-2019,22
Groundnut,Laxmeshwar,19-10-2019,44.86
Groundnut,Mundaragi,19-10-2019,61.72
Groundnut,Savanur,19-10-2019,60.47
Gur(Jaggery),Gulbarga,19-10-2019,33.3
Gur(Jaggery),Mandya,19-10-2019,33.7
Paddy(Dhan)(Common),Shikaripura,15-10-2019,19
Paddy(Dhan)(Common),Shorapur,15-10-2019,23.38
Jowar(Sorghum),Bellary,19-10-2019,18.87
Jowar(Sorghum),Gulbarga,19-10-2019,34.76
Jowar(Sorghum),Haveri,19-10-2019,25.5
Groundnut,Davangere,17-10-2019,59.3
Groundnut,Gadag,17-10-2019,43.67
Groundnut,Hubli (Amaragol),17-10-2019,50.86
Groundnut,Mysore (Bandipalya),17-10-2019,30.84
Groundnut,Raichur,17-10-2019,55.44
Groundnut,Ranebennur,17-10-2019,52.13
Gur(Jaggery),Bijapur,17-10-2019,31.45
Gur(Jaggery),Mandya,17-10-2019,33.5
Gur(Jaggery),Mhalingapur,17-10-2019,34.68
Maize,Bagalakot,19-10-2019,19.46
Maize,Bellary,19-10-2019,19.94
Maize,Gulbarga,19-10-2019,21.72
Maize,Harappana Halli,19-10-2019,22.44
Maize,Hunsur,19-10-2019,15.17
Maize,Mundaragi,19-10-2019,19.75
Jowar(Sorghum),Gadag,17-10-2019,25.52
Jowar(Sorghum),Hubli (Amaragol),17-10-2019,24.46
Lime,Bijapur,17-10-2019,12
Maize,Davangere,17-10-2019,18.92
Maize,Gadag,17-10-2019,21.07
Maize,Gundlupet,17-10-2019,16
Maize,Haliyala,17-10-2019,21
Maize,Mysore (Bandipalya),17-10-2019,18.63
Maize,Shimoga,17-10-2019,21.75
Raddish,Ramanagara,02-11-2019,48
Snakeguard,Ramanagara,02-11-2019,26
Thogrikai,Ramanagara,02-11-2019,44
Paddy(Dhan)(Common),Shikaripura,19-10-2019,14
Paddy(Dhan)(Common),Shorapur,19-10-2019,24.28
Onion,Bijapur,17-10-2019,18
Onion,Davangere,17-10-2019,13
Onion,Hubli (Amaragol),17-10-2019,14
Onion,Raichur,17-10-2019,22.5
Onion,Ranebennur,17-10-2019,15.5
Onion,Chintamani,26-10-2019,22.5
Paddy(Dhan)(Common),Hanagal,06-11-2019,12.5
Paddy(Dhan)(Common),Hanagal,26-10-2019,16.65
Paddy(Dhan)(Common),Davangere,17-10-2019,17
Paddy(Dhan)(Common),Gangavathi,17-10-2019,16.53
Paddy(Dhan)(Common),Harihara,17-10-2019,18.5
Paddy(Dhan)(Common),Raichur,17-10-2019,20.39
Paddy(Dhan)(Common),Shorapur,17-10-2019,21.27
Paddy(Dhan)(Common),Udupi,17-10-2019,18.6
Onion,Davangere,31-10-2019,21.5
Onion,Hubli (Amaragol),31-10-2019,17
Onion,Raichur,31-10-2019,25.9
Onion,Ranebennur,31-10-2019,17
Tomato,Chickkaballapura,20-11-2019,9.1
Tomato,Chintamani,20-11-2019,8
Tomato,Kolar,20-11-2019,6.8
Bottle+gourd,Kolar,07-11-2019,5.5
Arhar+Dal(Tur+Dal),Shimoga,13-11-2019,97
Soyabean,Basava Kalayana,09-12-2019,38
Potato,Chikkamagalore,17-10-2019,14.53
Potato,Hubli (Amaragol),17-10-2019,13
Soyabean,Bidar,09-12-2019,38
Soyabean,Dharwar,09-12-2019,37.83
Rice,Gulbarga,19-10-2019,40
Knool+Khol,Ramanagara,02-11-2019,48
Safflower,Gulbarga,19-10-2019,47.26
Sajje,Harappana Halli,19-10-2019,16.75
Soyabean,Gulbarga,19-10-2019,31.12
Soyabean,Haveri,19-10-2019,34.8
Sunflower,Bagalakot,19-10-2019,37.59
Sunflower,Gulbarga,19-10-2019,33.76
Sunflower,Mundaragi,19-10-2019,35.72
Tomato,Srinivasapur,19-10-2019,10
Paddy(Dhan)(Common),Bhadravathi,31-10-2019,18.6
Paddy(Dhan)(Common),Davangere,31-10-2019,19.7
Paddy(Dhan)(Common),Kundapura,31-10-2019,17.35
Paddy(Dhan)(Common),Raichur,31-10-2019,19.33
Paddy(Dhan)(Common),Shikaripura,31-10-2019,22
Ragi+(Finger+Millet),Davangere,17-10-2019,20.6
Ragi+(Finger+Millet),Mysore (Bandipalya),17-10-2019,22.6
Rice,Gangavathi,17-10-2019,20.3
Rice,Mysore (Bandipalya),17-10-2019,53.5
Safflower,Gadag,17-10-2019,47.4
Soyabean,Bidar,17-10-2019,30
Soyabean,Hubli (Amaragol),17-10-2019,32.19
Sunflower,Gadag,17-10-2019,37.54
Sunflower,Raichur,17-10-2019,37.19
Tomato,Chikkamagalore,17-10-2019,19.27
Tomato,Davangere,17-10-2019,12
Cucumbar(Kheera),Ramanagara,02-11-2019,8
Wheat,Gadag,17-10-2019,21.4
Wheat,Hubli (Amaragol),17-10-2019,23.69
Potato,Hubli (Amaragol),31-10-2019,16
Potato,Chikkamagalore,15-10-2019,14.71
Jowar(Sorghum),Bellary,14-10-2019,20.73
Maize,Hanagal,05-11-2019,19.5
Maize,Holenarsipura,05-11-2019,20
Maize,K.R.Nagar,05-11-2019,15
Maize,Madhugiri,05-11-2019,22.9
Maize,Piriya Pattana,05-11-2019,16
Alasande+Gram,Laxmeshwar,23-10-2019,40.58
Arhar+Dal(Tur+Dal),Kolar,23-10-2019,82.5
Beans,Chikkamagalore,23-10-2019,24.24
Beans,Kolar,23-10-2019,23
Beetroot,Chikkamagalore,23-10-2019,11.76
Safflower,Gadag,15-10-2019,47.7
Sajje,Mundaragi,15-10-2019,15.94
Rice,Bidar,31-10-2019,45
Rice,Shikaripura,31-10-2019,26
Sunflower,Gadag,15-10-2019,36.58
Sunflower,Mundaragi,15-10-2019,36.16
Maize,Hanagal,26-10-2019,20
Bottle+gourd,Kolar,23-10-2019,2.7
Tomato,Chikkamagalore,15-10-2019,15.79
Tomato,Kolar,15-10-2019,13.67
Tomato,Srinivasapur,15-10-2019,9.33
Safflower,Gulbarga,31-10-2019,46
Brinjal,Kolar,23-10-2019,11
Soyabean,Bidar,31-10-2019,29
Soyabean,Gulbarga,31-10-2019,28
Soyabean,Nippani,31-10-2019,30
Wheat,Gadag,15-10-2019,19.85
Cabbage,Chikkamagalore,23-10-2019,9.76
Cabbage,Kolar,23-10-2019,9
Alasande+Gram,Gulbarga,12-11-2019,42.12
Soyabean,Gulbarga,09-12-2019,36.02
Capsicum,Kolar,23-10-2019,36
Carrot,Kolar,23-10-2019,32
Sunflower,Davangere,31-10-2019,30.94
Sunflower,Gadag,31-10-2019,36.27
Sunflower,Gulbarga,31-10-2019,32.5
Sunflower,Raichur,31-10-2019,35.29
Potato,Bangalore,24-10-2019,14.5
Tamarind+Fruit,Tumkur,31-10-2019,70
Ridgeguard(Tori),Honnali,24-10-2019,15.6
Black+pepper,Moodigere,12-11-2019,280
Black+pepper,Yellapur,12-11-2019,292
Knool+Khol,Chintamani,01-11-2019,100
Knool+Khol,Kolar,01-11-2019,14
Thogrikai,Ramanagara,24-10-2019,49
Chilly+Capsicum,Kolar,23-10-2019,14
Black+pepper,Chikkamagalore,13-11-2019,258.14
Cotton,Shorapur,23-10-2019,52
Cashewnuts,Kumta,12-11-2019,102.5
Potato,Chikkamagalore,06-12-2019,15.04
Potato,Kolar,06-12-2019,19.01
Cabbage,Honnali,08-11-2019,8.3
Wheat,Gadag,31-10-2019,28.77
Banana,Channapatana,04-12-2019,17.5
Coconut,Arasikere,12-11-2019,120
Coconut,Kumta,12-11-2019,193.3
Coriander(Leaves),Tumkur,12-11-2019,85
Potato,Bangarpet,05-12-2019,17
Cotton,Annigeri,12-11-2019,51
Cotton,Bijapur,12-11-2019,48.23
Cotton,Nargunda,12-11-2019,50.03
Cotton,Ranebennur,12-11-2019,42.79
Raddish,Honnali,06-12-2019,8.9
Raddish,Honnali,05-12-2019,8.6
Onion,Ranebennur,20-11-2019,19
Ginger(Green),Moodigere,12-11-2019,16.74
Ragi+(Finger+Millet),K.R.Nagar,06-12-2019,17
Ragi+(Finger+Millet),Piriya Pattana,05-12-2019,20
Rice,Bangarpet,05-12-2019,28
Rice,Kolar,05-12-2019,53.24
Potato,Chikkamagalore,31-12-2019,17.65
Ridgeguard(Tori),Honnali,06-12-2019,17
Ridgeguard(Tori),Honnali,05-12-2019,16.3
Ragi+(Finger+Millet),Arasikere,26-11-2019,18
Soyabean,Sankeshwar,05-12-2019,37.3
Rice,Bangarpet,26-11-2019,31
Groundnut,Hubli (Amaragol),12-11-2019,40.19
Groundnut,Kottur,12-11-2019,39.92
Rice,Gangavathi,26-11-2019,20.75
Groundnut,Mysore (Bandipalya),12-11-2019,49.49
Groundnut,Raichur,12-11-2019,38.89
Groundnut,Tumkur,12-11-2019,54
Rice,Malur,26-11-2019,30.84
Gur(Jaggery),Bijapur,12-11-2019,33
Gur(Jaggery),Gulbarga,12-11-2019,33.8
Gur(Jaggery),Mhalingapur,12-11-2019,33.74
Rice,Kolar,27-11-2019,47.63
Rice,Sankeshwar,27-11-2019,20.3
Cucumbar(Kheera),Ramanagara,23-10-2019,5
Jowar(Sorghum),Gulbarga,12-11-2019,38.72
Tamarind+Seed,Madhugiri,06-12-2019,16.1
Jowar(Sorghum),Hubli (Amaragol),12-11-2019,35.21
Green+Chilli,Chikkamagalore,23-10-2019,17.24
Tender+Coconut,Pandavapura,05-12-2019,80
Tender+Coconut,Pandavapura,06-12-2019,120
Coriander(Leaves),Gadag,23-11-2019,60.14
Tomato,Srinivasapur,05-12-2019,9.33
Maize,Arasikere,12-11-2019,17.5
Maize,Chikkamagalore,12-11-2019,20.05
Maize,Gulbarga,12-11-2019,20.5
Maize,Haliyala,12-11-2019,17.5
Chilly+Capsicum,Ramanagara,25-11-2019,28
Maize,Hubli (Amaragol),12-11-2019,17.01
Maize,Mhalingapur,12-11-2019,18.5
Maize,Mundgod,12-11-2019,16.6
Maize,Nargunda,12-11-2019,18.93
Tomato,Channapatana,06-12-2019,14
Tomato,Chikkamagalore,06-12-2019,12.63
Tomato,Chintamani,06-12-2019,10.66
Tomato,Kadur,06-12-2019,11.11
Tomato,Kolar,06-12-2019,8.67
Ginger(Green),Ramanagara,23-11-2019,46
Tomato,Srinivasapur,06-12-2019,10.67
Cotton,Gadag,23-11-2019,47.9
Cotton,Hubli (Amaragol),23-11-2019,50.01
Sunflower,Manvi,27-11-2019,49.58
Onion,Arasikere,12-11-2019,5
Onion,Hubli (Amaragol),12-11-2019,23
Onion,Raichur,12-11-2019,27
Onion,Ranebennur,12-11-2019,14.5
Thogrikai,Ramanagara,27-11-2019,30
Thondekai,Chintamani,27-11-2019,12.5
Sunflower,Bagalakot,09-12-2019,34.98
Sunflower,Chitradurga,09-12-2019,37.75
Sunflower,Gadag,09-12-2019,36.97
Tomato,Chikkamagalore,27-11-2019,13.61
Tomato,Chintamani,27-11-2019,8.66
Tomato,Kadur,27-11-2019,11.11
Tomato,Kolar,27-11-2019,8.53
Tomato,Srinivasapur,27-11-2019,9
Groundnut,Bellary,23-10-2019,54.16
Groundnut,Chitradurga,23-10-2019,50.18
Groundnut,Laxmeshwar,23-10-2019,45.02
Groundnut,Mundaragi,23-10-2019,52
Groundnut,Savanur,23-10-2019,48.02
Sunflower,Gulbarga,09-12-2019,38.54
Sunflower,Koppal,09-12-2019,34.92
Sunflower,Laxmeshwar,09-12-2019,35.56
Sunflower,Mundaragi,09-12-2019,36.71
Paddy(Dhan)(Common),Gangavathi,12-11-2019,16.2
Paddy(Dhan)(Common),Haliyala,12-11-2019,17
Paddy(Dhan)(Common),Mundgod,12-11-2019,17
Paddy(Dhan)(Common),Mysore (Bandipalya),12-11-2019,15.56
Paddy(Dhan)(Common),Raichur,12-11-2019,18.89
Wheat,Manvi,27-11-2019,21.5
Gur(Jaggery),Gulbarga,23-10-2019,34.75
Soyabean,Haveri,26-11-2019,35
Dry+Chillies,Hubli (Amaragol),23-11-2019,70.99
Beetroot,Chikkamagalore,04-11-2019,7.79
White+Pumpkin,Chikkamagalore,06-12-2019,8.33
Jowar(Sorghum),Bellary,23-10-2019,21.9
Jowar(Sorghum),Gulbarga,23-10-2019,32.5
Potato,Hubli (Amaragol),12-11-2019,14
Knool+Khol,Chikkamagalore,23-10-2019,11.36
Knool+Khol,Kolar,23-10-2019,20
Black+pepper,Chikkamagalore,04-11-2019,295
Black+pepper,Gonikappal,04-11-2019,285.66
Coriander(Leaves),Gadag,13-11-2019,57.03
Beans,Honnali,07-11-2019,15.3
Cotton,Bijapur,13-11-2019,48.08
Cotton,Gadag,13-11-2019,50.01
Cotton,Raichur,13-11-2019,48
Cotton,Ranebennur,13-11-2019,44.79
Maize,Bellary,23-10-2019,18.52
Maize,Chitradurga,23-10-2019,19.17
Maize,Hirekerur,23-10-2019,18.5
Maize,Mundaragi,23-10-2019,17.25
Tender+Coconut,Malur,09-12-2019,150
Maize,Bellary,25-11-2019,16.86
Ragi+(Finger+Millet),Arasikere,12-11-2019,19.5
Ragi+(Finger+Millet),Mysore (Bandipalya),12-11-2019,21.56
Ragi+(Finger+Millet),Tumkur,12-11-2019,22
Rice,Gangavathi,12-11-2019,20.76
Rice,Gulbarga,12-11-2019,45.5
Safflower,Gulbarga,12-11-2019,46.76
Soyabean,Bidar,12-11-2019,30.5
Soyabean,Gulbarga,12-11-2019,33.26
Soyabean,Hubli (Amaragol),12-11-2019,33.66
Cabbage,Chikkamagalore,04-11-2019,9.77
Sunflower,Gulbarga,12-11-2019,34.26
Sunflower,Kottur,12-11-2019,34.09
Sunflower,Raichur,12-11-2019,35.89
Tamarind+Fruit,Tumkur,12-11-2019,62
Maize,Hanagal,06-11-2019,19.5
Maize,Harappana Halli,06-11-2019,21.63
Maize,Holenarsipura,06-11-2019,18
Maize,Honnali,06-11-2019,18.9
Maize,Piriya Pattana,06-11-2019,16
Copra,Arasikere,31-12-2019,110.7
Tomato,Chintamani,09-12-2019,6.66
Tomato,Malur,09-12-2019,20
Onion,Holalkere,24-10-2019,16
Paddy(Dhan)(Common),Haliyala,24-10-2019,16
Paddy(Dhan)(Common),Hanagal,24-10-2019,13
Paddy(Dhan)(Common),K.R.Nagar,24-10-2019,16.48
Paddy(Dhan)(Common),Shorapur,24-10-2019,20.39
Cauliflower,Chikkamagalore,04-11-2019,9.85
Groundnut,Gadag,23-11-2019,36.28
Groundnut,Hiriyur,23-11-2019,47.59
Groundnut,Hubli (Amaragol),23-11-2019,42.89
Groundnut,Laxmeshwar,23-11-2019,45.82
Wheat,Arasikere,12-11-2019,25
Gur(Jaggery),Mandya,23-11-2019,31
Ragi+(Finger+Millet),Chintamani,21-10-2019,23
Ridgeguard(Tori),Honnali,21-10-2019,11
Jowar(Sorghum),Gadag,23-11-2019,34.38
Banana,Channapatana,25-10-2019,23
Tomato,Channapatana,21-10-2019,16
Maize,Bellary,04-11-2019,19.06
Cotton,Bellary,31-12-2019,44.38
Cotton,Gadag,31-12-2019,46.45
Cotton,Savanur,31-12-2019,49.11
Corriander+seed,Bhadravathi,04-11-2019,73.26
Paddy(Dhan)(Common),Shorapur,23-10-2019,21.43
Cotton,Haveri,04-11-2019,45
Brinjal,Channapatana,25-10-2019,9
Paddy(Dhan)(Common),Hanagal,21-10-2019,19
Paddy(Dhan)(Common),Holenarsipura,21-10-2019,13
Cabbage,Chikkamagalore,25-10-2019,9.63
Potato,Chikkamagalore,23-10-2019,14.86
Coconut,Tarikere,25-10-2019,131.6
Copra,Arasikere,25-10-2019,120.15
Coriander(Leaves),Gadag,25-10-2019,54.26
Cotton,Bellary,25-10-2019,42.79
Cotton,Gadag,25-10-2019,52.01
Cotton,Santhesargur,25-10-2019,60.85
Green+Chilli,Chikkamagalore,04-11-2019,16.24
Cucumbar(Kheera),Channapatana,25-10-2019,4
Cucumbar(Kheera),Chikkamagalore,25-10-2019,12.9
Dry+Chillies,Byadagi,25-10-2019,102.1
Raddish,Kolar,23-10-2019,4.5
Green+Chilli,Chikkamagalore,25-10-2019,20
Onion,Ranebennur,21-10-2019,17
Groundnut,Challakere,04-11-2019,57.13
Groundnut,Mundaragi,04-11-2019,55.31
Ragi+(Finger+Millet),Chikkamagalore,23-10-2019,19.44
Rice,Kolar,23-10-2019,48.55
Ground+Nut+Seed,Hiriyur,25-10-2019,77
Groundnut,Bellary,25-10-2019,53.79
Groundnut,Gadag,25-10-2019,38.52
Groundnut,Mundaragi,25-10-2019,47.4
Jowar(Sorghum),Bellary,25-10-2019,20.98
Jowar(Sorghum),Gadag,25-10-2019,24.9
Knool+Khol,Chikkamagalore,25-10-2019,12
Safflower,Gulbarga,23-10-2019,45.66
Soyabean,Gulbarga,23-10-2019,32.1
Maize,Bellary,25-10-2019,19.4
Maize,Gadag,25-10-2019,19.11
Jowar(Sorghum),Haveri,04-11-2019,27.4
Maize,Mundaragi,25-10-2019,16.57
Maize,Santhesargur,25-10-2019,14
Maize,Gadag,23-11-2019,15.81
Sunflower,Chitradurga,23-10-2019,37.22
Sunflower,Gulbarga,23-10-2019,34.36
Sunflower,Mundaragi,23-10-2019,33.98
Sunflower,Yadgir,23-10-2019,31.03
Sweet+Potato,Somvarpet,23-10-2019,10
Ground+Nut+Seed,Hiriyur,13-11-2019,72
Groundnut,Chintamani,01-11-2019,57.5
Groundnut,Bellary,13-11-2019,44.25
Groundnut,Challakere,13-11-2019,47.91
Groundnut,Gadag,13-11-2019,33.89
Groundnut,Hubli (Amaragol),13-11-2019,42.09
Groundnut,Raichur,13-11-2019,49.99
Onion,Chikkamagalore,25-10-2019,26.47
Tomato,Chikkamagalore,23-10-2019,18.75
Tomato,Kolar,23-10-2019,11.33
Maize,Hanagal,04-11-2019,20
Maize,Mundaragi,04-11-2019,16.11
Maize,Nargunda,04-11-2019,19
Maize,Ramdurga,04-11-2019,19
Cabbage,Chikkamagalore,02-12-2019,10.28
Cabbage,Honnali,02-12-2019,14.3
Paddy(Dhan)(Common),Mandya,25-10-2019,30
Jowar(Sorghum),Bagalakot,13-11-2019,16.88
Jowar(Sorghum),Gadag,13-11-2019,33.28
Jowar(Sorghum),Kottur,13-11-2019,21.42
Maize,Haliyala,24-10-2019,20
Maize,Piriya Pattana,24-10-2019,15
Maize,Santhesargur,24-10-2019,14.25
Maize,Somvarpet,24-10-2019,13
Maize,Hanagal,21-10-2019,17
Maize,Holenarsipura,21-10-2019,16
Onion,Hubli (Amaragol),23-11-2019,41
Potato,Chikkamagalore,25-10-2019,14.18
Rice,Bangarpet,30-11-2019,25.2
Cauliflower,Chikkamagalore,02-12-2019,12.63
Cauliflower,Kolar,02-12-2019,18
Maize,Bagalakot,13-11-2019,16.64
Maize,Bellary,13-11-2019,16.79
Maize,Gadag,13-11-2019,16.76
Maize,Kadur,13-11-2019,17
Maize,Kottur,13-11-2019,16.96
Maize,Sindhanur,13-11-2019,10.51
Ridgeguard(Tori),Honnali,30-11-2019,16.5
Ragi+(Finger+Millet),Arasikere,31-12-2019,23
Ragi+(Finger+Millet),Hunsur,31-12-2019,31.5
Potato,Chikkamagalore,27-11-2019,14.8
Ragi+(Finger+Millet),Tumkur,31-12-2019,21
Soyabean,Sankeshwar,30-11-2019,35
Dry+Chillies,Byadagi,31-12-2019,121.09
Onion,Kolar,06-12-2019,80
Tender+Coconut,Pandavapura,30-11-2019,90
Rice,Gangavathi,31-12-2019,20.8
Tomato,Channapatana,30-11-2019,20
Tomato,Kadur,30-11-2019,8.69
Tomato,Kolar,30-11-2019,6.87
Tomato,Srinivasapur,30-11-2019,8.33
Rice,Manvi,30-10-2019,24.69
Paddy(Dhan)(Common),Hanagal,06-12-2019,16
Paddy(Dhan)(Common),Hiriyur,06-12-2019,18
Paddy(Dhan)(Common),Honnali,06-12-2019,17.8
Paddy(Dhan)(Common),K.R.Nagar,06-12-2019,16.78
Paddy(Dhan)(Common),Srirangapattana,06-12-2019,16
Raddish,Chintamani,27-11-2019,15
Raddish,Ramanagara,27-11-2019,24
Onion,Chikkamagalore,04-11-2019,41.67
Tomato,Chintamani,30-10-2019,20
Tomato,Srinivasapur,30-10-2019,17.67
Ragi+(Finger+Millet),Nanjangud,27-11-2019,20.4
Paddy(Dhan)(Common),Harihara,05-12-2019,17.8
Paddy(Dhan)(Common),Honnali,05-12-2019,18.33
Paddy(Dhan)(Common),Lingasugur,05-12-2019,24.75
Paddy(Dhan)(Common),Srirangapattana,05-12-2019,15
Rice,Gangavathi,25-10-2019,20.7
Onion,Hubli (Amaragol),13-11-2019,25
Onion,Raichur,13-11-2019,28.1
Onion,Ranebennur,13-11-2019,14
Wheat,Gadag,09-12-2019,29.19
Wheat,Gangavathi,09-12-2019,21
Green+Chilli,Kolar,11-12-2019,21
Sajje,Gadag,25-10-2019,13.38
Potato,Hubli (Amaragol),23-11-2019,16
Soyabean,Bidar,31-12-2019,40.5
Sunflower,Badami,25-10-2019,31
Sunflower,Gadag,25-10-2019,36.93
Sunflower,Mundaragi,25-10-2019,33.87
Tender+Coconut,Mandya,25-10-2019,100
Paddy(Dhan)(Common),Chikkamagalore,04-11-2019,17.31
Paddy(Dhan)(Common),Hanagal,04-11-2019,16.95
Tomato,Channapatana,25-10-2019,19
Tomato,Chikkamagalore,25-10-2019,17.32
Tomato,Srinivasapur,25-10-2019,9.33
Paddy(Dhan)(Common),Raichur,13-11-2019,18.79
Green+Chilli,Kolar,01-11-2019,26
Cotton,Nargunda,21-11-2019,49.37
Sunflower,Bagalakot,31-12-2019,34.38
Potato,Bangalore,30-10-2019,16.5
Sunflower,Laxmeshwar,31-12-2019,38.48
Sunflower,Raichur,31-12-2019,38.09
Turmeric,Santhesargur,25-10-2019,61.22
White+Pumpkin,Malur,09-12-2019,10
Suvarna+Gadde,Somvarpet,31-12-2019,6
Sweet+Potato,Somvarpet,31-12-2019,7
Groundnut,Gadag,31-12-2019,35.69
Groundnut,Kottur,31-12-2019,45.05
Wheat,Gadag,25-10-2019,21.76
Groundnut,Mundaragi,31-12-2019,40.95
Groundnut,Savanur,31-12-2019,39.87
Groundnut,Yadgir,31-12-2019,44.11
Alasande+Gram,Bangalore,28-10-2019,69.5
Arhar+Dal(Tur+Dal),Bhadravathi,28-10-2019,86
Avare+Dal,Bangalore,28-10-2019,43
Tamarind+Fruit,Tumkur,31-12-2019,75
Tamarind+Seed,Tumkur,31-12-2019,15.2
Rice,Bidar,23-11-2019,25
Beetroot,Chikkamagalore,28-10-2019,12.14
Black+pepper,Gonikappal,28-10-2019,250
Black+pepper,Holalkere,28-10-2019,300
Potato,Chikkamagalore,04-11-2019,17.41
Cabbage,Chikkamagalore,28-10-2019,9.69
Safflower,Gadag,23-11-2019,44.26
Sajje,Gadag,23-11-2019,14.11
Alasande+Gram,Arasikere,22-10-2019,53.75
Alasande+Gram,Laxmeshwar,22-10-2019,47.48
Cauliflower,Chikkamagalore,28-10-2019,10.18
Garlic,Chintamani,26-10-2019,135
Soyabean,Bidar,23-11-2019,32.5
Chennangi+Dal,Bangalore,28-10-2019,55
Potato,Hubli (Amaragol),13-11-2019,15
Coconut,Bangalore,28-10-2019,165
Coconut,Udupi,28-10-2019,17.5
Corriander+seed,Bangalore,28-10-2019,96.5
Corriander+seed,Bhadravathi,28-10-2019,75.53
Banana,Channapatana,22-10-2019,26
Cotton,Santhesargur,28-10-2019,64.81
Ragi+(Finger+Millet),Arasikere,30-11-2019,21.75
Ragi+(Finger+Millet),Holenarsipura,30-11-2019,18
Cucumbar(Kheera),Chikkamagalore,28-10-2019,11.59
Dry+Chillies,Bangalore,28-10-2019,170.5
Maize,Haliyala,20-11-2019,15.5
Maize,Hanagal,20-11-2019,16
Maize,Hirekerur,20-11-2019,16
Maize,Holenarsipura,20-11-2019,17
Maize,Honnali,20-11-2019,16.8
Maize,Kudchi,20-11-2019,16.8
Ginger(Green),Bangalore,28-10-2019,31
Maize,Madhugiri,20-11-2019,30
Maize,Piriya Pattana,20-11-2019,17
Maize,Santhesargur,20-11-2019,14.06
Ginger(Green),Santhesargur,28-10-2019,25
Sunflower,Gadag,23-11-2019,36.99
Beetroot,Kolar,22-10-2019,14
Green+Chilli,Chikkamagalore,28-10-2019,16.43
Green+Peas,Bangalore,28-10-2019,83
Green+Peas,Bhadravathi,28-10-2019,80
Groundnut,Ramdurga,28-10-2019,54.55
Gur(Jaggery),Bangalore,28-10-2019,46.5
Tomato,Chikkamagalore,31-12-2019,11.29
Snakeguard,Ramanagara,10-12-2019,19
Tomato,Chintamani,31-12-2019,7.33
Knool+Khol,Chikkamagalore,28-10-2019,11.67
Tomato,Kadur,31-12-2019,6.66
Maize,Santhesargur,28-10-2019,14.5
Onion,Bangalore,28-10-2019,30
Onion,Chikkamagalore,28-10-2019,28.57
Onion,Holalkere,28-10-2019,13
Paddy(Dhan)(Common),Bhadravathi,28-10-2019,23.9
Peas+Wet,Ramanagara,10-12-2019,42
Potato,Bangalore,28-10-2019,17
Potato,Chikkamagalore,28-10-2019,14.61
Jowar(Sorghum),Bellary,31-12-2019,24.57
Jowar(Sorghum),Gadag,31-12-2019,32.54
Jowar(Sorghum),Gulbarga,31-12-2019,41.04
Cabbage,Chikkamagalore,22-10-2019,8.75
Raddish,Chikkamagalore,28-10-2019,11.05
Ragi+(Finger+Millet),Bhadravathi,28-10-2019,19.5
Rice,Holenarsipura,07-12-2019,33
Tamarind+Fruit,Bangalore,28-10-2019,81.5
Wheat,Gadag,23-11-2019,26.34
Tomato,Chikkamagalore,28-10-2019,20.13
Ridgeguard(Tori),Honnali,07-12-2019,18
Cauliflower,Chikkamagalore,22-10-2019,10.67
Soyabean,Sankeshwar,07-12-2019,39
Turmeric,Bangalore,28-10-2019,101.5
Wheat,Bhadravathi,28-10-2019,27.61
Ginger(Green),Kolar,01-11-2019,36.67
Thogrikai,Ramanagara,07-12-2019,24
Groundnut,Madhugiri,13-11-2019,44.2
Coconut,Arasikere,22-10-2019,170
Coconut,Bhadravathi,22-10-2019,95
Tomato,Chintamani,07-12-2019,9.33
Tomato,Kolar,07-12-2019,9
Tomato,Srinivasapur,07-12-2019,10.67
Copra,Arasikere,22-10-2019,121.13
Corriander+seed,Bhadravathi,22-10-2019,63.9
Cotton,Shorapur,22-10-2019,53.09
Cotton,Sindhanur,22-10-2019,54.75
Cucumbar(Kheera),Channapatana,22-10-2019,3.5
Cucumbar(Kheera),Chikkamagalore,22-10-2019,12.07
Sheep,Bhadravathi,04-11-2019,68
Sheep,Pavagada,04-11-2019,45
Maize,Nargunda,21-11-2019,17.46
Elephant+Yam+(Suran),Arasikere,22-10-2019,20
Soyabean,Haveri,04-11-2019,34.5
Maize,Bellary,31-12-2019,18.98
Maize,Gadag,31-12-2019,18.45
Maize,Gokak,31-12-2019,18.45
Maize,Gulbarga,31-12-2019,16.54
Ragi+(Finger+Millet),Kottur,13-11-2019,16.46
Ginger(Green),Shikaripura,22-10-2019,16
Maize,Mundaragi,31-12-2019,18.26
Rice,Gangavathi,13-11-2019,20.75
Rice,Sindhanur,13-11-2019,17
Green+Chilli,Chikkamagalore,22-10-2019,16.95
Tender+Coconut,Somvarpet,30-12-2019,80
Green+Chilli,Honnali,16-12-2019,19.5
Sunflower,Mundaragi,04-11-2019,35
Banana+-+Green,Chamaraj Nagar,26-11-2019,10
Sajje,Gadag,13-11-2019,14.9
Tender+Coconut,Chamaraj Nagar,04-11-2019,120
Groundnut,Laxmeshwar,22-10-2019,44.47
Groundnut,Mundaragi,22-10-2019,57.96
Groundnut,Savanur,22-10-2019,50.92
Gur(Jaggery),Bhadravathi,22-10-2019,27.53
Groundnut,Madhugiri,16-12-2019,40
Groundnut,Srinivasapur,16-12-2019,51.2
Tomato,Chikkamagalore,04-11-2019,21.8
Tomato,Kolar,04-11-2019,11.13
Tomato,Srinivasapur,04-11-2019,13.33
Gur(Jaggery),Sankeshwar,16-12-2019,38.16
Jowar(Sorghum),Sindhanur,22-10-2019,23.2
Soyabean,Bidar,13-11-2019,31
Soyabean,Hubli (Amaragol),13-11-2019,31.19
Maize,Bagalakot,22-10-2019,18.69
Maize,Haliyala,22-10-2019,20
Maize,Kalagategi,22-10-2019,20
Maize,Mundaragi,22-10-2019,19.83
Black+pepper,Gonikappal,26-11-2019,290
Black+pepper,Sakaleshpura,26-11-2019,235.15
Black+pepper,Yellapur,26-11-2019,308.99
Potato,Kolar,20-12-2019,19
Rice,Ramanagara,31-10-2019,50
Onion,Chikkamagalore,22-10-2019,25
Onion,Ranebennur,22-10-2019,18
Thondekai,Ramanagara,31-10-2019,20
Paddy(Dhan)(Common),Lingasugur,30-10-2019,24.9
Paddy(Dhan)(Common),Nanjangud,30-10-2019,17.5
Turmeric,Chamaraj Nagar,04-11-2019,59
Paddy(Dhan)(Common),Shikaripura,22-10-2019,22
Paddy(Dhan)(Common),Shorapur,22-10-2019,23.21
Wheat,Bhadravathi,04-11-2019,28.24
Green+Peas,Bangalore,05-11-2019,86
Groundnut,Madhugiri,05-11-2019,57.64
Alasande+Gram,Laxmeshwar,30-10-2019,48.25
Potato,Chikkamagalore,22-10-2019,14.29
Arhar+Dal(Tur+Dal),Mysore (Bandipalya),30-10-2019,83
Jowar(Sorghum),Manvi,24-10-2019,22.5
Maize,Piriya Pattana,31-10-2019,17
Beans,Chintamani,30-10-2019,19.5
Beans,Malur,30-10-2019,33.33
Black+pepper,Chikkamagalore,30-10-2019,237.41
Black+pepper,Karkala,30-10-2019,285
Cabbage,Chikkamagalore,30-10-2019,9.46
Groundnut,Madhugiri,06-11-2019,52.11
Gur(Jaggery),Kolar,06-11-2019,49
Coconut,Kadur,30-10-2019,140
Coconut,Malur,30-10-2019,110
Cotton,Bijapur,30-10-2019,46.65
Cucumbar(Kheera),Chikkamagalore,30-10-2019,11.54
Dry+Chillies,Hubli (Amaragol),30-10-2019,150
Drumstick,Ramanagara,31-10-2019,90
Green+Chilli,Chikkamagalore,30-10-2019,19.51
Sunflower,Badami,13-11-2019,41.01
Sunflower,Bagalakot,13-11-2019,37.42
Sunflower,Gadag,13-11-2019,35.69
Green+Chilli,Kolar,05-11-2019,21
Green+Peas,Mysore (Bandipalya),30-10-2019,92.5
Green+Peas,Shimoga,30-10-2019,95
Groundnut,Hubli (Amaragol),30-10-2019,37.29
Groundnut,Laxmeshwar,30-10-2019,43.48
Groundnut,Raichur,30-10-2019,38.95
Raddish,Kolar,20-12-2019,10
Cucumbar(Kheera),Ramanagara,31-10-2019,7
Raddish,Srinivasapur,20-12-2019,5
Gur(Jaggery),Bhadravathi,30-10-2019,25.38
Gur(Jaggery),Gundlupet,30-10-2019,34
Gur(Jaggery),Mandya,30-10-2019,35
Gur(Jaggery),Mhalingapur,30-10-2019,34.18
Gur(Jaggery),Mysore (Bandipalya),30-10-2019,37.5
Gur(Jaggery),Srirangapattana,30-10-2019,34
Jowar(Sorghum),Bidar,30-10-2019,35
Jowar(Sorghum),Bijapur,30-10-2019,32.5
Jowar(Sorghum),Chittapur,30-10-2019,37
Jowar(Sorghum),Shimoga,30-10-2019,41
Rice,Sankeshwar,20-12-2019,57.97
Kulthi(Horse+Gram),Arasikere,30-10-2019,31
Raddish,Honnali,02-11-2019,9.5
Rice,Manvi,02-11-2019,18.5
Maize,Annigeri,30-10-2019,18.24
Maize,Gundlupet,30-10-2019,21.5
Maize,Mhalingapur,30-10-2019,19.5
Maize,Shimoga,30-10-2019,22.25
Ridgeguard(Tori),Kolar,20-12-2019,26
Sweet+Potato,Somvarpet,02-11-2019,10
Tomato,Kadur,13-11-2019,13.15
Tomato,Srinivasapur,02-11-2019,12.33
Mustard,Mysore (Bandipalya),30-10-2019,48
Mustard,Shimoga,30-10-2019,50
Tender+Coconut,Pandavapura,20-12-2019,90
Thogrikai,Ramanagara,20-12-2019,29
Tomato,Chintamani,20-12-2019,4
Tomato,Kolar,20-12-2019,6.46
Tomato,Srinivasapur,20-12-2019,5.33
Onion,Hubli (Amaragol),30-10-2019,15
Onion,Kadur,30-10-2019,28.22
Onion,Mysore (Bandipalya),30-10-2019,25
Onion,Raichur,30-10-2019,27
Black+pepper,Kadur,17-12-2019,225
Black+pepper,Yellapur,17-12-2019,323.99
White+Pumpkin,Kolar,20-12-2019,8
Peas+Wet,Ramanagara,07-12-2019,52
Paddy(Dhan)(Common),Bhadravathi,31-12-2019,17
Ginger(Green),Ramanagara,11-12-2019,50
Groundnut,Madhugiri,18-12-2019,43.37
Paddy(Dhan)(Common),Chikkamagalore,30-10-2019,23.75
Paddy(Dhan)(Common),Shimoga,30-10-2019,22.25
Maize,Haliyala,06-12-2019,17.7
Maize,Hanagal,06-12-2019,17
Maize,Holalkere,06-12-2019,17.85
Maize,Honnali,06-12-2019,17.8
Maize,Kadur,06-12-2019,16.45
Maize,Kudchi,06-12-2019,18
Maize,Piriya Pattana,06-12-2019,16
Maize,Sankeshwar,06-12-2019,17.46
Maize,Sindhanur,06-12-2019,17.6
Maize,Somvarpet,06-12-2019,15
Cashewnuts,Kumta,26-11-2019,98.5
Beetroot,Kolar,29-10-2019,18
Onion,Bangalore,27-11-2019,62.5
Maize,Hanagal,30-10-2019,19
Maize,Holalkere,30-10-2019,22
Maize,K.R.Nagar,30-10-2019,15.79
Potato,Chikkamagalore,30-10-2019,15.17
Potato,Hubli (Amaragol),30-10-2019,16
Potato,Mysore (Bandipalya),30-10-2019,18
Wheat,Bidar,13-11-2019,26
Wheat,Gadag,13-11-2019,21.08
Carrot,Kolar,29-10-2019,37
Paddy(Dhan)(Common),Channagiri,27-11-2019,18.8
Paddy(Dhan)(Common),Hanagal,27-11-2019,16.7
Paddy(Dhan)(Common),Honnali,27-11-2019,18.9
Coconut,Kolar,01-11-2019,250
Paddy(Dhan)(Common),Hanagal,02-11-2019,17
Coconut,Hosadurga,26-11-2019,100
Coconut,Kumta,26-11-2019,170
Coconut,Tarikere,26-11-2019,137.47
Coconut,Tumkur,26-11-2019,105
Copra,Gubbi,26-11-2019,115
Coriander(Leaves),Tumkur,26-11-2019,91
Green+Chilli,Kolar,29-10-2019,18
Corriander+seed,Bhadravathi,26-11-2019,72.39
Groundnut,Mundaragi,29-10-2019,59.1
Cotton,Annigeri,26-11-2019,50
Cotton,Chitradurga,26-11-2019,54.6
Cotton,Davangere,26-11-2019,45.18
Cotton,Ranebennur,26-11-2019,49.02
Rice,Bidar,30-10-2019,45.5
Maize,Mundaragi,29-10-2019,18.72
Onion,Doddaballa Pur,30-11-2019,55
Ridgeguard(Tori),Chikkamagalore,30-10-2019,17.5
Paddy(Dhan)(Common),Bangarpet,30-11-2019,17.2
Paddy(Dhan)(Common),Channagiri,30-11-2019,18.85
Paddy(Dhan)(Common),Haliyala,30-11-2019,17
Soyabean,Bidar,30-10-2019,29
Sunflower,Kadur,30-10-2019,38.5
Sunflower,Raichur,30-10-2019,38.39
Tomato,Chikkamagalore,30-10-2019,20.5
Tomato,Gundlupet,30-10-2019,21
Sajje,Mundaragi,29-10-2019,16.42
Sunflower,Mundaragi,29-10-2019,37.02
Tomato,Kolar,29-10-2019,14
Alasande+Gram,Laxmeshwar,18-11-2019,51.7
Green+Chilli,Shimoga,26-11-2019,190
Banana+-+Green,Santhesargur,18-11-2019,9.09
Ground+Nut+Seed,Mysore (Bandipalya),26-11-2019,94
Beans,Chikkamagalore,18-11-2019,13.47
Groundnut,Davangere,26-11-2019,44.8
Groundnut,Kottur,26-11-2019,46.31
Groundnut,Mysore (Bandipalya),26-11-2019,45.51
Beetroot,Chikkamagalore,18-11-2019,16.67
Gur(Jaggery),Bhadravathi,26-11-2019,30.99
Gur(Jaggery),Chamaraj Nagar,26-11-2019,38
Gur(Jaggery),Tarikere,26-11-2019,35
Beans,Chikkamagalore,04-12-2019,15.97
Chilly+Capsicum,Kolar,01-11-2019,18
Groundnut,Bellary,08-11-2019,49.9
Jowar(Sorghum),Dharwar,26-11-2019,40
Jowar(Sorghum),H.B. Halli,26-11-2019,22
Coconut,Gubbi,17-12-2019,180
Black+pepper,Gonikappal,04-12-2019,280
Coconut,Hunsur,17-12-2019,120
Coconut,Kadur,17-12-2019,120
Coconut,Udupi,17-12-2019,160
Paddy(Dhan)(Common),Channagiri,20-12-2019,18.15
Paddy(Dhan)(Common),Harihara,20-12-2019,18
Paddy(Dhan)(Common),Honnali,20-12-2019,17.2
Paddy(Dhan)(Common),K.R.Nagar,20-12-2019,16.4
Paddy(Dhan)(Common),Nanjangud,20-12-2019,19
Paddy(Dhan)(Common),Hanagal,07-12-2019,16.8
Paddy(Dhan)(Common),Honnali,07-12-2019,18.16
Paddy(Dhan)(Common),Srirangapattana,20-12-2019,16
Paddy(Dhan)(Common),Shorapur,07-12-2019,18.2
Alasande+Gram,Laxmeshwar,08-11-2019,47.74
Copra,Gubbi,17-12-2019,120
Maize,Annigeri,26-11-2019,17
Maize,Challakere,26-11-2019,16.8
Maize,Davangere,26-11-2019,16.1
Maize,Dharwar,26-11-2019,16.67
Maize,H.B. Halli,26-11-2019,16.5
Maize,Tumkur,26-11-2019,17
Coriander(Leaves),Tumkur,17-12-2019,86
Brinjal,Chintamani,04-12-2019,15
Methi+Seeds,Mysore (Bandipalya),26-11-2019,65
Papaya,Ramanagara,20-12-2019,12
Cotton,Annigeri,17-12-2019,50
Cotton,Bellary,17-12-2019,43
Cotton,Bijapur,17-12-2019,51.79
Cotton,Davangere,17-12-2019,52.07
Cotton,Dharwar,17-12-2019,53.57
Cotton,Gadag,17-12-2019,46.06
Cotton,Hubli (Amaragol),17-12-2019,68
Cotton,Raichur,17-12-2019,47
Cotton,Ranebennur,17-12-2019,50.34
Cotton,Sindhanur,17-12-2019,53
Mustard,Bhadravathi,26-11-2019,43.11
Mustard,Mysore (Bandipalya),26-11-2019,56
Peas+Wet,Ramanagara,20-12-2019,39
Maize,Arasikere,30-11-2019,16.5
Maize,Haliyala,30-11-2019,16.5
Maize,Hirekerur,30-11-2019,16.5
Maize,Hunsur,30-11-2019,12.65
Maize,Kadur,30-11-2019,16.5
Maize,Piriya Pattana,30-11-2019,14
Maize,Sankeshwar,30-11-2019,17
Onion,Davangere,26-11-2019,47.5
Onion,Hubli (Amaragol),26-11-2019,42.5
Onion,Mysore (Bandipalya),26-11-2019,42
Onion,Ranebennur,26-11-2019,28
Onion,Bangalore,14-11-2019,45.5
Paddy(Dhan)(Common),Harihara,14-11-2019,19.15
Paddy(Dhan)(Common),K.R.Nagar,14-11-2019,15.75
Paddy(Dhan)(Common),Kolar,14-11-2019,18.43
Paddy(Dhan)(Common),Lingasugur,14-11-2019,24.7
Coconut,Arasikere,18-11-2019,163.82
Coconut,Kunigal,18-11-2019,120
Potato,Bangalore,19-12-2019,17
Potato,Kolar,19-12-2019,22.5
Rice,Gulbarga,31-12-2019,38.2
Copra,Kunigal,18-11-2019,120
Carrot,Chintamani,04-12-2019,17.5
Paddy(Dhan)(Common),Bhadravathi,26-11-2019,17.49
Paddy(Dhan)(Common),Davangere,26-11-2019,19
Paddy(Dhan)(Common),H.B. Halli,26-11-2019,18.5
Cotton,Manvi,13-11-2019,49.16
Raddish,Honnali,14-11-2019,11.8
Paddy(Dhan)(Common),Mysore (Bandipalya),26-11-2019,14
Paddy(Dhan)(Common),Sorabha,26-11-2019,15.8
Cotton,Gadag,18-11-2019,49.26
Cotton,Savanur,18-11-2019,51.31
Cotton,Sindhanur,18-11-2019,50.5
Rice,Honnali,14-11-2019,18.5
Ragi+(Finger+Millet),Bellary,11-11-2019,17.04
Tamarind+Seed,Madhugiri,14-11-2019,13.8
Tender+Coconut,Mandya,14-11-2019,100
Tomato,K.R.Nagar,14-11-2019,4
Tomato,Kolar,14-11-2019,10
Coconut,Tarikere,08-11-2019,135.39
Coconut,Tumkur,08-11-2019,115
Copra,Arasikere,08-11-2019,120.09
Copra,Tumkur,08-11-2019,60
Coriander(Leaves),Tumkur,08-11-2019,82
Corriander+seed,Laxmeshwar,08-11-2019,58.77
Cotton,Annigeri,08-11-2019,49
Cotton,Bellary,08-11-2019,43.71
Cotton,Bijapur,08-11-2019,51.37
Cotton,Davangere,08-11-2019,37.27
Dry+Chillies,Byadagi,18-11-2019,118.69
Cucumbar(Kheera),Bangarpet,08-11-2019,3.5
Elephant+Yam+(Suran),Arasikere,18-11-2019,16.5
Maize,Hanagal,02-11-2019,21
Maize,Honnali,02-11-2019,21.3
Maize,Somvarpet,02-11-2019,13
Black+pepper,Kadur,28-10-2019,150
Potato,Hubli (Amaragol),26-11-2019,12
Cucumbar(Kheera),Honnali,05-11-2019,5
Copra,Tiptur,04-12-2019,113
Cashewnuts,Kumta,28-10-2019,70
Suvarna+Gadde,Somvarpet,19-12-2019,10
Sweet+Potato,Somvarpet,19-12-2019,7.5
Coconut,Gundlupet,28-10-2019,85
Coconut,Kadur,28-10-2019,140
Coconut,Kundapura,28-10-2019,126.02
Coconut,Tumkur,28-10-2019,100
Grapes,Kolar,18-11-2019,20
Thogrikai,Kolar,19-12-2019,28
Sajje,Gadag,31-12-2019,17.17
Green+Chilli,Chikkamagalore,18-11-2019,19.12
Cotton,Gadag,04-12-2019,46.52
Cotton,Haveri,04-12-2019,47.7
Cotton,Shorapur,04-12-2019,49.44
Cotton,Bijapur,28-10-2019,47.59
Cotton,Sindhanur,28-10-2019,46.5
Tomato,Bangarpet,19-12-2019,6.8
Tomato,Channapatana,19-12-2019,10.5
Maize,Haliyala,05-12-2019,18.2
Maize,Honnali,05-12-2019,17.6
Maize,K.R.Nagar,05-12-2019,13
Maize,Madhugiri,05-12-2019,21.6
Tomato,Kolar,19-12-2019,7.06
Tomato,Mulabagilu,19-12-2019,6.65
Tomato,Srinivasapur,19-12-2019,4.67
Ginger(Dry),Shikaripura,28-10-2019,115
Goat,Turvekere,28-10-2019,70
Groundnut,Chitradurga,08-11-2019,43.92
Groundnut,Davangere,08-11-2019,45.5
Groundnut,Dharwar,08-11-2019,45.22
Groundnut,Kottur,08-11-2019,44.84
Groundnut,Laxmeshwar,08-11-2019,41.07
Groundnut,Raichur,08-11-2019,55.59
Groundnut,Tumkur,08-11-2019,55
Soyabean,Gulbarga,31-12-2019,37.54
Gur(Jaggery),Gulbarga,08-11-2019,32.5
Gur(Jaggery),Gundlupet,08-11-2019,44.86
Gur(Jaggery),Mhalingapur,08-11-2019,35.51
Jowar(Sorghum),Harappana Halli,28-10-2019,17.3
Jowar(Sorghum),Shimoga,28-10-2019,40.5
Cabbage,Kolar,01-11-2019,13
Gurellu,Laxmeshwar,08-11-2019,50.81
Jowar(Sorghum),Bagalakot,08-11-2019,17.75
Jowar(Sorghum),Bellary,08-11-2019,27.77
Jowar(Sorghum),Gulbarga,08-11-2019,35
Jowar(Sorghum),Harappana Halli,08-11-2019,18.17
Jowar(Sorghum),Laxmeshwar,08-11-2019,27.7
Ginger(Dry),Shikaripura,04-12-2019,80
Ragi+(Finger+Millet),Davangere,26-11-2019,19
Ragi+(Finger+Millet),Hosadurga,26-11-2019,25
Ragi+(Finger+Millet),Mysore (Bandipalya),26-11-2019,24
Ragi+(Finger+Millet),Tarikere,26-11-2019,21.9
Maize,Bagalakot,08-11-2019,17.43
Maize,Chitradurga,08-11-2019,17.38
Maize,Davangere,08-11-2019,17.03
Maize,Gangavathi,08-11-2019,21.5
Maize,Haliyala,08-11-2019,19.5
Maize,Hanagal,08-11-2019,18.5
Maize,Harappana Halli,08-11-2019,19
Maize,Kottur,08-11-2019,16.82
Maize,Shikaripura,08-11-2019,21.02
Maize,Tumkur,08-11-2019,21
Ground+Nut+Seed,Kolar,18-11-2019,86.15
Kulthi(Horse+Gram),Gundlupet,28-10-2019,31
Kulthi(Horse+Gram),Shimoga,28-10-2019,41.5
Groundnut,Gadag,18-11-2019,35.69
Groundnut,Laxmeshwar,18-11-2019,39.65
Groundnut,Mundaragi,18-11-2019,44.94
Groundnut,Savanur,18-11-2019,41.65
Maize,Davangere,28-10-2019,17.42
Onion,Davangere,28-10-2019,16
Onion,Kadur,28-10-2019,14.92
Sunflower,Bellary,31-12-2019,39.47
Sunflower,Gadag,31-12-2019,40.75
Groundnut,Gadag,17-12-2019,35.69
Groundnut,Hubli (Amaragol),17-12-2019,40.09
Groundnut,Kumta,17-12-2019,80.24
Sunflower,Gulbarga,31-12-2019,36.54
Sunflower,Kottur,31-12-2019,40.38
Groundnut,Raichur,17-12-2019,40.59
Sunflower,Mundaragi,31-12-2019,39.61
Green+Chilli,Chintamani,04-12-2019,17.5
Paddy(Dhan)(Common),Davangere,28-10-2019,17.75
Paddy(Dhan)(Common),Kumta,28-10-2019,15
Soyabean,Dharwar,26-11-2019,36.47
Kulthi(Horse+Gram),Holenarsipura,31-12-2019,30
Gur(Jaggery),Malur,18-11-2019,43.98
Potato,Chikkamagalore,24-12-2019,16.13
Sunflower,Kottur,26-11-2019,32.85
Arhar+Dal(Tur+Dal),Bangalore,19-11-2019,87
Gur(Jaggery),Bangarpet,17-12-2019,36.1
Gur(Jaggery),Gundlupet,17-12-2019,39.11
Onion,Davangere,08-11-2019,18.5
Onion,Hubli (Amaragol),08-11-2019,24
Onion,Raichur,08-11-2019,21.85
Onion,Tarikere,08-11-2019,14
Onion,Tumkur,08-11-2019,25
Gur(Jaggery),Mhalingapur,17-12-2019,33.58
Tamarind+Fruit,Tumkur,26-11-2019,62
Cucumbar(Kheera),Honnali,06-11-2019,3.8
Sheep,Turvekere,28-10-2019,75
Tomato,Kadur,28-10-2019,14.7
Tomato,Mulabagilu,28-10-2019,20
Groundnut,Bellary,04-12-2019,42.79
Jowar(Sorghum),Bellary,18-11-2019,26.37
Jowar(Sorghum),Gadag,18-11-2019,33.27
Groundnut,Challakere,04-12-2019,45
Jowar(Sorghum),Laxmeshwar,18-11-2019,27.68
Groundnut,Chintamani,04-12-2019,46.5
Groundnut,Chitradurga,04-12-2019,42.91
Groundnut,Gadag,04-12-2019,36.71
Groundnut,Haveri,04-12-2019,44.4
Groundnut,Mundaragi,04-12-2019,41.36
Wheat,Bijapur,28-10-2019,34.25
Wheat,Shimoga,28-10-2019,28
Beans,Chikkamagalore,02-12-2019,14.63
Beans,Honnali,02-12-2019,12.5
Beetroot,Chikkamagalore,02-12-2019,14.52
Beetroot,Honnali,02-12-2019,17.2
Knool+Khol,Kolar,18-11-2019,20
Gur(Jaggery),Mandya,04-12-2019,28.7
Beans,Chikkamagalore,19-11-2019,12.5
Beetroot,Kolar,19-11-2019,30
Paddy(Dhan)(Common),Davangere,08-11-2019,19.93
Paddy(Dhan)(Common),Hanagal,08-11-2019,16.5
Paddy(Dhan)(Common),Kundapura,08-11-2019,16.22
Paddy(Dhan)(Common),Raichur,08-11-2019,17.63
Paddy(Dhan)(Common),Shikaripura,08-11-2019,22.5
Ragi+(Finger+Millet),Chintamani,24-12-2019,23
Maize,Chikkamagalore,27-11-2019,16
Maize,Haliyala,27-11-2019,15
Maize,Hanagal,27-11-2019,16.8
Maize,Harihara,27-11-2019,16.4
Maize,Hirekerur,27-11-2019,16.2
Maize,Honnali,27-11-2019,16.4
Maize,K.R.Nagar,27-11-2019,15.48
Maize,Kadur,27-11-2019,16
Maize,Piriya Pattana,27-11-2019,15
Maize,Shikaripura,27-11-2019,16.5
Rice,Bangarpet,24-12-2019,28
Bottle+gourd,Kolar,19-11-2019,4.5
Jowar(Sorghum),Gadag,04-12-2019,30.64
Maize,Arasikere,18-11-2019,17
Maize,Bagalakot,18-11-2019,16.5
Maize,Bellary,18-11-2019,16.86
Maize,Chikkamagalore,18-11-2019,17
Maize,Gadag,18-11-2019,15.96
Maize,Mundaragi,18-11-2019,15.98
Maize,Somvarpet,18-11-2019,12.5
Jowar(Sorghum),Basava Kalayana,17-12-2019,39
Wheat,Bhadravathi,26-11-2019,27.1
Jowar(Sorghum),Gadag,17-12-2019,27.26
Jowar(Sorghum),Gulbarga,17-12-2019,41.21
Jowar(Sorghum),Hubli (Amaragol),17-12-2019,31.59
Coconut,K.R.Nagar,05-11-2019,118
Suvarna+Gadde,Somvarpet,24-12-2019,8
Tamarind+Fruit,Chintamani,24-12-2019,45
Tamarind+Seed,Madhugiri,24-12-2019,16
Tender+Coconut,Somvarpet,24-12-2019,100
Potato,Hubli (Amaragol),08-11-2019,13
Maize,Bellary,04-12-2019,19.41
Maize,Chikkamagalore,04-12-2019,18.5
Maize,Chitradurga,04-12-2019,19.49
Maize,Gadag,04-12-2019,18.26
Maize,Haveri,04-12-2019,18
Maize,Kottur,04-12-2019,19.24
Maize,Lingasugur,04-12-2019,41
Maize,Mundaragi,04-12-2019,18.77
Tomato,Bangarpet,24-12-2019,6.5
Tomato,Chikkamagalore,24-12-2019,9.43
Tomato,Srinivasapur,24-12-2019,8
Bitter+gourd,Kolar,01-11-2019,18
Alasande+Gram,Bangalore,13-12-2019,70.5
Alasande+Gram,Gulbarga,13-12-2019,56.72
Alasande+Gram,Gundlupet,13-12-2019,62.08
Alasande+Gram,Laxmeshwar,13-12-2019,46.37
Kulthi(Horse+Gram),Mysore (Bandipalya),17-12-2019,32.43
Turmeric,Santhesargur,31-12-2019,10
Ragi+(Finger+Millet),Bangalore,08-11-2019,24.5
Ragi+(Finger+Millet),Davangere,08-11-2019,17.81
Ragi+(Finger+Millet),Tarikere,08-11-2019,21
Rice,Gangavathi,08-11-2019,20.65
Rice,Gulbarga,08-11-2019,45
Chennangi+Dal,Bangalore,19-11-2019,57
Chilly+Capsicum,Kolar,19-11-2019,13
Coconut,Arasikere,19-11-2019,120
Coconut,Holenarsipura,19-11-2019,90
Coconut,Malur,19-11-2019,125
Coconut,Nanjangud,19-11-2019,107
Arhar+Dal(Tur+Dal),Bangalore,13-12-2019,83.5
Safflower,Gulbarga,08-11-2019,48.5
Sajje,Harappana Halli,08-11-2019,18.25
Arhar+Dal(Tur+Dal),Pavagada,13-12-2019,70
Arhar+Dal(Tur+Dal),Shimoga,13-12-2019,81
Soyabean,Bidar,08-11-2019,31.5
Soyabean,Gulbarga,08-11-2019,32
Soyabean,Hubli (Amaragol),08-11-2019,36.09
Jowar(Sorghum),Manvi,02-11-2019,16.73
Corriander+seed,Mysore (Bandipalya),19-11-2019,70
Cotton,Arasikere,19-11-2019,51
Cotton,Haveri,19-11-2019,49.8
Cotton,Manvi,19-11-2019,50.14
Cowpea(Veg),Honnali,19-11-2019,13
Sunflower,Bagalakot,08-11-2019,36.32
Sunflower,Chitradurga,08-11-2019,35.02
Sunflower,Gulbarga,08-11-2019,33
Sunflower,Kottur,08-11-2019,33.08
Sunflower,Raichur,08-11-2019,37.22
Cucumbar(Kheera),Chikkamagalore,19-11-2019,11.11
Cucumbar(Kheera),Honnali,19-11-2019,3.5
Paddy(Dhan)(Common),Bhadravathi,04-12-2019,17.25
Paddy(Dhan)(Common),Chikkamagalore,04-12-2019,41.5
Paddy(Dhan)(Common),Lingasugur,04-12-2019,24.38
Paddy(Dhan)(Common),Shorapur,04-12-2019,15.2
Paddy(Dhan)(Common),Tarikere,04-12-2019,24
Cotton,Manvi,06-11-2019,48.59
Banana,Channapatana,13-12-2019,10
Tomato,Bangarpet,08-11-2019,9.8
Wheat,Gadag,31-12-2019,23.47
Dry+Chillies,Byadagi,19-11-2019,123.89
Elephant+Yam+(Suran),Arasikere,19-11-2019,14
Maize,Piriya Pattana,30-12-2019,16
Paddy(Dhan)(Common),Harihara,18-11-2019,18.4
Ginger(Green),Shikaripura,19-11-2019,21
Papaya,Chintamani,04-12-2019,5.5
Wheat,Bidar,08-11-2019,26.5
Wheat,Mhalingapur,08-11-2019,20.5
Banana+-+Green,Santhesargur,13-12-2019,8.66
Green+Chilli,Chikkamagalore,19-11-2019,18.42
Green+Chilli,Honnali,19-11-2019,14
Brinjal,Ramanagara,23-11-2019,38
Green+Peas,Bangalore,19-11-2019,90
Ground+Nut+Seed,Bangalore,19-11-2019,85
Ground+Nut+Seed,Chintamani,19-11-2019,95
Ground+Nut+Seed,Kolar,19-11-2019,65
Ground+Nut+Seed,Mysore (Bandipalya),19-11-2019,91.5
Groundnut,Chintamani,19-11-2019,60
Groundnut,Laxmeshwar,19-11-2019,33.01
Groundnut,Madhugiri,19-11-2019,51.25
Groundnut,Mundaragi,19-11-2019,45.5
Groundnut,Mysore (Bandipalya),19-11-2019,51.17
Guava,Malur,19-11-2019,10
Gur(Jaggery),Mandya,19-11-2019,32
Gur(Jaggery),Srirangapattana,19-11-2019,30
Beans,Honnali,13-12-2019,29
Beans,Malur,13-12-2019,30.7
Beans,Ramanagara,13-12-2019,46
Beetroot,Chikkamagalore,13-12-2019,16
Beetroot,Kolar,13-12-2019,29
Jowar(Sorghum),Harappana Halli,19-11-2019,18.37
Knool+Khol,Chikkamagalore,19-11-2019,11.9
Bitter+gourd,Honnali,13-12-2019,15.3
Potato,Chikkamagalore,04-12-2019,15.91
Maize,Bhadravathi,17-12-2019,19.34
Maize,Bidar,17-12-2019,18
Maize,Challakere,17-12-2019,15.95
Maize,Davangere,17-12-2019,18.8
Maize,Dharwar,17-12-2019,18.96
Maize,Gadag,17-12-2019,18.35
Potato,Chikkamagalore,18-11-2019,15.08
Maize,Gowribidanoor,17-12-2019,17.6
Maize,Gundlupet,17-12-2019,14
Maize,Hubli (Amaragol),17-12-2019,18
Maize,Kadur,17-12-2019,19
Maize,Mysore (Bandipalya),17-12-2019,17
Maize,Arasikere,19-11-2019,16.5
Maize,Chikkamagalore,19-11-2019,16.59
Maize,Gokak,19-11-2019,17.1
Maize,Haliyala,19-11-2019,17
Maize,Harappana Halli,19-11-2019,18.37
Maize,Haveri,19-11-2019,17
Maize,Hirekerur,19-11-2019,16
Maize,Holenarsipura,19-11-2019,16
Maize,Honnali,19-11-2019,17
Maize,Mundaragi,19-11-2019,15.99
Maize,Mysore (Bandipalya),19-11-2019,15.98
Maize,Shikaripura,19-11-2019,16
Maize,Sorabha,17-12-2019,16
Maize,Tarikere,17-12-2019,17.5
Groundnut,Madhugiri,02-11-2019,42.36
Gur(Jaggery),Chamaraj Nagar,02-11-2019,43
Moath+Dal,Bangalore,19-11-2019,71
Honge+seed,Gubbi,02-11-2019,25
Black+pepper,Gonikappal,13-12-2019,300
Onion,Bangalore,19-11-2019,50
Maize,Channagiri,14-11-2019,34
Maize,Honnali,14-11-2019,18
Paddy(Dhan)(Common),Harappana Halli,19-11-2019,17.14
Paddy(Dhan)(Common),Honnali,19-11-2019,19.3
Paddy(Dhan)(Common),Mysore (Bandipalya),19-11-2019,13.47
Knool+Khol,Chikkamagalore,27-11-2019,11.92
Knool+Khol,Ramanagara,27-11-2019,43
Potato,Bangalore,19-11-2019,17.5
Potato,Chikkamagalore,19-11-2019,14.77
Potato,Mysore (Bandipalya),19-11-2019,16.5
Rice,Malur,18-11-2019,35.02
Rice,Thirthahalli,18-11-2019,35
Beetroot,Kolar,15-11-2019,22
Ridgeguard(Tori),Kolar,18-11-2019,23
Safflower,Gadag,18-11-2019,39.84
Sajje,Gadag,18-11-2019,14.66
Ragi+(Finger+Millet),Chintamani,19-11-2019,23
Ragi+(Finger+Millet),Harappana Halli,19-11-2019,19.5
Ragi+(Finger+Millet),Mysore (Bandipalya),19-11-2019,22.03
Rice,Holenarsipura,19-11-2019,30
Rice,Kolar,19-11-2019,46.93
Rice,Pavagada,19-11-2019,16
Sunflower,Bagalakot,18-11-2019,39.23
Sunflower,Gadag,18-11-2019,38.16
Sunflower,Laxmeshwar,18-11-2019,32.28
Sunflower,Mundaragi,18-11-2019,34.28
Sunflower,Yadgir,18-11-2019,32.34
Sajje,Harappana Halli,19-11-2019,17.43
Sajje,Mundaragi,19-11-2019,15.62
Sweet+Pumpkin,Chikkamagalore,18-11-2019,10
Tender+Coconut,Malur,18-11-2019,175
Thogrikai,Kolar,18-11-2019,30
Sunflower,Mundaragi,19-11-2019,35.01
Sunflower,Yadgir,19-11-2019,31.87
Alasande+Gram,Laxmeshwar,02-11-2019,45.89
Tender+Coconut,Madhugiri,19-11-2019,200
Tomato,Chikkamagalore,18-11-2019,16.84
Tomato,Kolar,18-11-2019,8.13
Alasande+Gram,Laxmeshwar,22-11-2019,49.51
Tomato,Chikkamagalore,19-11-2019,14.06
Tomato,Kolar,19-11-2019,8.2
Tomato,Srinivasapur,19-11-2019,8.33
Arhar+Dal(Tur+Dal),Shimoga,02-11-2019,89.5
Beans,Chikkamagalore,02-11-2019,23.08
Beans,Malur,02-11-2019,23.21
Green+Chilli,Honnali,20-11-2019,15
Green+Chilli,Kolar,20-11-2019,17
Sajje,Gadag,04-12-2019,14.42
Groundnut,Madhugiri,20-11-2019,46.78
Wheat,Gadag,18-11-2019,24.43
Rice,Sindhanur,29-11-2019,17
Ginger(Green),Nanjangud,02-11-2019,26
Ginger(Green),Somvarpet,02-11-2019,25
Cabbage,Chikkamagalore,02-11-2019,9.36
Cabbage,Malur,02-11-2019,5.31
Green+Chilli,Hirekerur,02-11-2019,23
Green+Chilli,Honnali,02-11-2019,13
Rice,Kolar,21-11-2019,56
Paddy(Dhan)(Common),Shiggauv,25-11-2019,14.8
Ridgeguard(Tori),Chikkamagalore,29-11-2019,18.87
Maize,Haliyala,07-12-2019,17.5
Maize,Hanagal,07-12-2019,18.5
Maize,Holenarsipura,07-12-2019,19.5
Maize,Honnali,07-12-2019,18.3
Maize,Nanjangud,07-12-2019,20.55
Soyabean,Haveri,04-12-2019,36
Maize,Piriya Pattana,07-12-2019,17
Maize,Sankeshwar,07-12-2019,18
Maize,Somvarpet,07-12-2019,17
Tomato,Chintamani,21-11-2019,8.66
Tomato,Kolar,21-11-2019,7.67
Beans,Chikkamagalore,22-11-2019,10.45
Beans,Malur,22-11-2019,20
Alasande+Gram,Laxmeshwar,21-11-2019,47.21
Soyabean,Hanagal,29-11-2019,35.02
Soyabean,Sankeshwar,29-11-2019,36
Chili+Red,Shimoga,02-11-2019,152.5
Coconut,Bhadravathi,02-11-2019,0.17
Coconut,Kundapura,02-11-2019,170
Coconut,Mysore (Bandipalya),02-11-2019,140
Coconut,Tarikere,02-11-2019,122.85
Coconut,Tumkur,02-11-2019,105
Arhar+Dal(Tur+Dal),Haveri,07-11-2019,77.3
Cabbage,Chikkamagalore,13-12-2019,9.93
Cabbage,Malur,13-12-2019,10
Coriander(Leaves),Gadag,02-11-2019,54.79
Coriander(Leaves),Tumkur,02-11-2019,85
Corriander+seed,Laxmeshwar,02-11-2019,46.99
Tamarind+Seed,Madhugiri,29-11-2019,14.44
Cotton,Bijapur,02-11-2019,50.02
Cotton,Davangere,02-11-2019,39.91
Cotton,Gundlupet,02-11-2019,56
Cow,Nippani,02-11-2019,400
Black+pepper,Moodigere,22-11-2019,245.99
Cucumbar(Kheera),Chikkamagalore,02-11-2019,9.79
Thogrikai,Ramanagara,29-11-2019,22
Arhar+Dal(Tur+Dal),Doddaballa Pur,21-11-2019,102
Arhar+Dal(Tur+Dal),Gowribidanoor,21-11-2019,82
Bottle+gourd,Malur,22-11-2019,20
Tomato,Channapatana,29-11-2019,17
Tomato,Chikkamagalore,29-11-2019,13.48
Tomato,Kolar,29-11-2019,7.33
Tomato,Ramanagara,29-11-2019,20
Tomato,Srinivasapur,29-11-2019,6.67
Raddish,Doddaballa Pur,25-11-2019,12
Beans,Malur,07-11-2019,26.66
Dry+Chillies,Byadagi,02-11-2019,102.09
Black+pepper,Gonikappal,07-11-2019,270
Black+pepper,Moodigere,07-11-2019,269.05
Ridgeguard(Tori),Doddaballa Pur,25-11-2019,20
Ridgeguard(Tori),Honnali,25-11-2019,19.4
Goat,Nippani,02-11-2019,50
Green+Chilli,Chikkamagalore,02-11-2019,21.11
Sunflower,Chitradurga,04-12-2019,37.34
Sunflower,Gadag,04-12-2019,36
Sunflower,Mundaragi,04-12-2019,36.71
Sunflower,Nargunda,25-11-2019,30
Tender+Coconut,Pandavapura,25-11-2019,90
Beans,Chikkamagalore,21-11-2019,12.79
Beans,Gowribidanoor,21-11-2019,19
Tomato,Mulabagilu,25-11-2019,10
Tomato,Srinivasapur,25-11-2019,9.67
Ground+Nut+Seed,Mysore (Bandipalya),02-11-2019,112.5
Groundnut,Bagalakot,02-11-2019,44.92
Groundnut,Davangere,02-11-2019,47.75
Groundnut,Gadag,02-11-2019,46.58
Groundnut,Kottur,02-11-2019,48.78
Groundnut,Laxmeshwar,02-11-2019,50.09
Groundnut,Mysore (Bandipalya),02-11-2019,50.88
Groundnut,Raichur,02-11-2019,44.19
Gur(Jaggery),Malur,02-11-2019,40
Gurellu,Gadag,02-11-2019,47.53
Gurellu,Laxmeshwar,02-11-2019,41.92
Cabbage,Chikkamagalore,07-11-2019,9.72
Jowar(Sorghum),Gadag,02-11-2019,26.58
Jowar(Sorghum),Kottur,02-11-2019,18.29
Jowar(Sorghum),Laxmeshwar,02-11-2019,23.51
Knool+Khol,Chikkamagalore,02-11-2019,10.71
Kulthi(Horse+Gram),Gundlupet,02-11-2019,36
Kulthi(Horse+Gram),Kadur,02-11-2019,31
Black+pepper,Chikkamagalore,21-11-2019,230.79
Black+pepper,Gonikappal,21-11-2019,315
Black+pepper,Hosanagar,21-11-2019,312.93
Maize,Badami,02-11-2019,21
Maize,Bagalakot,02-11-2019,19.3
Maize,Bijapur,02-11-2019,20
Maize,Davangere,02-11-2019,19.71
Maize,Gadag,02-11-2019,18.27
Maize,Gundlupet,02-11-2019,14
Maize,Kottur,02-11-2019,17.81
Maize,Mysore (Bandipalya),02-11-2019,18.51
Wheat,Nargunda,25-11-2019,23.45
Beans,Kolar,03-11-2019,13
Bottle+gourd,Kolar,03-11-2019,4
Cabbage,Malur,22-11-2019,9.93
Cauliflower,Chikkamagalore,07-11-2019,10.29
Cabbage,Kolar,03-11-2019,10
Cauliflower,Kolar,03-11-2019,17
Chilly+Capsicum,Kolar,03-11-2019,20
Onion,Chikkamagalore,02-11-2019,29.17
Onion,Kadur,02-11-2019,11.76
Onion,Mysore (Bandipalya),02-11-2019,22.5
Onion,Raichur,02-11-2019,29.2
Chennangi+Dal,Haveri,07-11-2019,55.5
Brinjal,Gowribidanoor,21-11-2019,5.5
Knool+Khol,Kolar,03-11-2019,25
Cabbage,Honnali,06-11-2019,8.6
Cabbage,Ramanagara,06-11-2019,11.5
Coconut,Chamaraj Nagar,07-11-2019,150
Coconut,Kumta,07-11-2019,189.5
Coconut,Bhadravathi,03-12-2019,136
Carrot,Honnali,06-11-2019,11.8
Carrot,Ramanagara,06-11-2019,49
Paddy(Dhan)(Common),Davangere,02-11-2019,19
Paddy(Dhan)(Common),Raichur,02-11-2019,15.51
Tomato,Chikkamagalore,04-12-2019,14.71
Cotton,Gadag,07-11-2019,49.76
Cotton,Haveri,07-11-2019,44.8
Cotton,Kottur,07-11-2019,41.6
Cotton,Ranebennur,07-11-2019,38
Tomato,Kolar,03-11-2019,12.86
Capsicum,Kolar,13-12-2019,21
Potato,Chikkamagalore,02-11-2019,14.69
Potato,Tumkur,02-11-2019,15
Jowar(Sorghum),Manvi,30-11-2019,12.02
Dry+Chillies,Byadagi,07-11-2019,105.09
Elephant+Yam+(Suran),Arasikere,07-11-2019,12
Garlic,Chintamani,07-11-2019,95
Carrot,Kolar,13-12-2019,27
Cotton,Nargunda,03-12-2019,50.38
Cotton,Savanur,03-12-2019,52.16
Cotton,Shorapur,03-12-2019,48.83
Raddish,Honnali,28-11-2019,8.8
Green+Chilli,Chikkamagalore,07-11-2019,19.23
Green+Chilli,Malur,07-11-2019,40
Ragi+(Finger+Millet),Doddaballa Pur,28-11-2019,22
Ragi+(Finger+Millet),Davangere,02-11-2019,14
Ragi+(Finger+Millet),Kadur,02-11-2019,20
Ragi+(Finger+Millet),Mysore (Bandipalya),02-11-2019,20.75
Rice,Kolar,28-11-2019,53.49
Coconut,Arasikere,22-11-2019,100
Coconut,Davangere,22-11-2019,120
Coconut,Tarikere,22-11-2019,136.74
Safflower,Gadag,02-11-2019,47.03
Sajje,Gadag,02-11-2019,12.5
She+Buffalo,Nippani,02-11-2019,600
Sheep,Nippani,02-11-2019,40
Soyabean,Sankeshwar,28-11-2019,34
Soyabean,Bidar,02-11-2019,29.5
Groundnut,Gadag,07-11-2019,48.78
Groundnut,Mundaragi,07-11-2019,48.91
Groundnut,Mysore (Bandipalya),07-11-2019,56.42
Groundnut,Ranebennur,07-11-2019,40.23
Copra,Arasikere,22-11-2019,112.78
Castor+Seed,Raichur,21-11-2019,37.42
Sunflower,Bagalakot,02-11-2019,36.89
Sunflower,Gadag,02-11-2019,36.24
Sunflower,Kottur,02-11-2019,32.97
Sunflower,Laxmeshwar,02-11-2019,27.83
Sunflower,Raichur,02-11-2019,36.89
Tamarind+Fruit,Shimoga,02-11-2019,97.5
Gur(Jaggery),Chamaraj Nagar,07-11-2019,36
Gur(Jaggery),Mandya,07-11-2019,36.7
Tomato,Chikkamagalore,02-11-2019,20.17
Tomato,Davangere,02-11-2019,17.5
Tomato,Kadur,02-11-2019,14.28
Tomato,Channapatana,28-11-2019,15
Tomato,Chikkamagalore,28-11-2019,12.86
Tomato,Kadur,28-11-2019,12
Tomato,Kolar,28-11-2019,8.46
Tomato,Srinivasapur,28-11-2019,6.67
Jowar(Sorghum),Bellary,07-11-2019,21.66
Jowar(Sorghum),Gadag,07-11-2019,27.33
Jowar(Sorghum),Haveri,07-11-2019,26
Jowar(Sorghum),Kottur,07-11-2019,17.87
Kulthi(Horse+Gram),Arasikere,07-11-2019,25
Kulthi(Horse+Gram),Haveri,07-11-2019,30
Cotton,Annigeri,22-11-2019,51
Cotton,Bellary,22-11-2019,43.51
Cotton,Bijapur,22-11-2019,50.47
Cotton,Dharwar,22-11-2019,52.72
Cotton,Gadag,22-11-2019,48.63
Cotton,Raichur,22-11-2019,50
Cow,Nippani,22-11-2019,400
Turmeric,Gundlupet,02-11-2019,68.8
Maize,Arasikere,07-11-2019,17.5
Maize,Bagalakot,07-11-2019,17.42
Maize,Bellary,07-11-2019,18.2
Maize,Gadag,07-11-2019,17.05
Maize,Haveri,07-11-2019,19.5
Maize,Kottur,07-11-2019,16.99
Maize,Mundaragi,07-11-2019,15.73
Maize,Mysore (Bandipalya),07-11-2019,15.25
Maize,Somvarpet,07-11-2019,19
Wheat,Bidar,02-11-2019,26
Wheat,Bijapur,02-11-2019,32
Wheat,Gadag,02-11-2019,26.6
Wheat,Gadag,04-12-2019,26.29
Elephant+Yam+(Suran),Arasikere,03-12-2019,23.69
Coconut,Arasikere,21-11-2019,133.25
Coconut,Bhadravathi,21-11-2019,164.25
Coconut,Kadur,21-11-2019,154
Coconut,Kumta,21-11-2019,189.5
Coconut,Tumkur,21-11-2019,105
Cauliflower,Chikkamagalore,13-12-2019,10.44
Copra,Kadur,21-11-2019,900
Coriander(Leaves),Tumkur,21-11-2019,86
Onion,Davangere,17-12-2019,45
Onion,Hubli (Amaragol),17-12-2019,68
Onion,Chintamani,07-11-2019,16
Onion,Malur,07-11-2019,20
Onion,Ranebennur,07-11-2019,17.5
Onion,Raichur,17-12-2019,84
Onion,Ranebennur,17-12-2019,38
Onion,Tumkur,17-12-2019,45
Alasande+Gram,Laxmeshwar,04-11-2019,49.05
Dry+Chillies,Byadagi,22-11-2019,120
Cotton,Bijapur,21-11-2019,50.55
Cotton,Chitradurga,21-11-2019,55.14
Cotton,Davangere,21-11-2019,45.47
Cotton,Gadag,21-11-2019,48.6
Cotton,Haveri,21-11-2019,49.85
Cotton,Kottur,21-11-2019,43.63
Cotton,Raichur,21-11-2019,47
Cotton,Ranebennur,21-11-2019,49.38
Cotton,Shorapur,21-11-2019,50.66
Elephant+Yam+(Suran),Arasikere,22-11-2019,20
Ginger(Green),Gonikappal,03-12-2019,23
Arhar+Dal(Tur+Dal),Shimoga,04-11-2019,92.5
Paddy(Dhan)(Common),Lingasugur,07-11-2019,24.5
Paddy(Dhan)(Common),Mysore (Bandipalya),07-11-2019,16.02
Bitter+gourd,Honnali,06-11-2019,14.5
Papaya,Malur,07-11-2019,8.5
Goat,Arasikere,22-11-2019,97
Goat,Nippani,22-11-2019,70
Dry+Chillies,Byadagi,21-11-2019,120.09
Dry+Chillies,Hubli (Amaragol),21-11-2019,54.09
Grapes,Malur,22-11-2019,20
Beans,Malur,04-11-2019,21.51
Brinjal,Kolar,06-11-2019,15
Brinjal,Ramanagara,06-11-2019,36
Pineapple,Malur,07-11-2019,10
Garlic,Mysore (Bandipalya),21-11-2019,110
Green+Chilli,Chikkamagalore,22-11-2019,20.11
Potato,Chikkamagalore,07-11-2019,14.71
Ginger(Green),Hosanagar,21-11-2019,15
Chili+Red,Shimoga,13-12-2019,127.5
Chilly+Capsicum,Ramanagara,13-12-2019,29
Coconut,Bhadravathi,13-12-2019,187.14
Green+Chilli,Chikkamagalore,21-11-2019,18.52
Coconut,Sira,13-12-2019,105
Coconut,Tarikere,13-12-2019,131.75
Coconut,Udupi,13-12-2019,140
Groundnut,Bellary,22-11-2019,47.15
Groundnut,Davangere,22-11-2019,44.64
Groundnut,Gadag,22-11-2019,36.11
Groundnut,Hubli (Amaragol),22-11-2019,38.19
Paddy(Dhan)(Common),Hanagal,21-11-2019,15
Paddy(Dhan)(Common),Harihara,21-11-2019,18.85
Groundnut,Laxmeshwar,22-11-2019,43.71
Groundnut,Mundaragi,22-11-2019,48.42
Paddy(Dhan)(Common),Shikaripura,21-11-2019,23
Paddy(Dhan)(Common),Srirangapattana,21-11-2019,17
Groundnut,Mysore (Bandipalya),22-11-2019,42.02
Groundnut,Raichur,22-11-2019,45.71
Groundnut,Rona,22-11-2019,34.08
Gur(Jaggery),Bhadravathi,22-11-2019,30.5
Ragi+(Finger+Millet),Arasikere,07-11-2019,20.95
Gur(Jaggery),Bijapur,22-11-2019,33.55
Ragi+(Finger+Millet),Mysore (Bandipalya),07-11-2019,22.29
Gur(Jaggery),Mandya,22-11-2019,31
Gur(Jaggery),Mhalingapur,22-11-2019,33.16
Rice,Hoskote,07-11-2019,21.6
Peas+Wet,Ramanagara,29-11-2019,62
Copra,Arasikere,13-12-2019,113.85
Copra,Gubbi,13-12-2019,111
Groundnut,Davangere,21-11-2019,44.56
Groundnut,Gadag,21-11-2019,37.02
Groundnut,Hubli (Amaragol),21-11-2019,44.69
Groundnut,Laxmeshwar,21-11-2019,45.02
Groundnut,Mulabagilu,21-11-2019,43
Groundnut,Mysore (Bandipalya),21-11-2019,56.7
Groundnut,Raichur,21-11-2019,41.85
Groundnut,Ranebennur,21-11-2019,40.52
Safflower,Gadag,07-11-2019,41.01
Sajje,Gadag,07-11-2019,14.18
Groundnut,Kadur,03-12-2019,14.5
Groundnut,Laxmeshwar,03-12-2019,35.79
Groundnut,Mundaragi,03-12-2019,42.05
Groundnut,Savanur,03-12-2019,40.78
Jowar(Sorghum),Basava Kalayana,22-11-2019,40
Soyabean,Haveri,07-11-2019,36.25
Jowar(Sorghum),Bellary,22-11-2019,24.31
Jowar(Sorghum),Dharwar,22-11-2019,35.13
Jowar(Sorghum),Gadag,22-11-2019,34.12
Jowar(Sorghum),Hubli (Amaragol),22-11-2019,30.09
Jowar(Sorghum),Laxmeshwar,22-11-2019,30.78
Knool+Khol,Ramanagara,18-11-2019,39
Gur(Jaggery),Bijapur,21-11-2019,34
Gur(Jaggery),Mandya,21-11-2019,32
Gur(Jaggery),Mhalingapur,21-11-2019,33.4
Gur(Jaggery),Mysore (Bandipalya),21-11-2019,42
Potato,Chikkamagalore,29-11-2019,14.86
Potato,Kolar,29-11-2019,22.66
Sunflower,Bagalakot,07-11-2019,34.1
Sunflower,Gadag,07-11-2019,35.2
Sunflower,Mundaragi,07-11-2019,34.41
Onion,Gadag,08-11-2019,12
Tender+Coconut,Mandya,07-11-2019,120
Coconut,Davangere,04-11-2019,130
Coconut,Kadur,04-11-2019,140
Coconut,Kundapura,04-11-2019,130.58
Tomato,Chikkamagalore,07-11-2019,20.29
Copra,Turvekere,04-11-2019,124.78
Jowar(Sorghum),Dharwar,21-11-2019,23.33
Jowar(Sorghum),Gadag,21-11-2019,33.94
Coriander(Leaves),Gadag,04-11-2019,54.97
Jowar(Sorghum),Hubli (Amaragol),21-11-2019,32.89
Jowar(Sorghum),Kottur,21-11-2019,15.95
Jowar(Sorghum),Laxmeshwar,21-11-2019,31.48
Jowar(Sorghum),Ramdurga,21-11-2019,18
Gur(Jaggery),Mandya,03-12-2019,28.5
Corriander+seed,Laxmeshwar,04-11-2019,54.47
Corriander+seed,Shimoga,04-11-2019,80
Cotton,Annigeri,04-11-2019,50
Cotton,Bijapur,04-11-2019,50.61
Cotton,Davangere,04-11-2019,43.93
Cotton,Gadag,04-11-2019,51.01
Cotton,Hubli (Amaragol),04-11-2019,42.09
Cotton,Kottur,04-11-2019,40.87
Cotton,Ranebennur,04-11-2019,38.69
Cotton,Savanur,04-11-2019,48.45
Cotton,Shorapur,04-11-2019,48.98
Maize,Arasikere,22-11-2019,16
Maize,Bagalakot,22-11-2019,16.71
Maize,Bellary,22-11-2019,16.79
Maize,Davangere,22-11-2019,15.83
Maize,Dharwar,22-11-2019,15.13
Maize,Gadag,22-11-2019,15.66
Maize,Harappana Halli,22-11-2019,17.17
Maize,Hubli (Amaragol),22-11-2019,14.11
Maize,Hunsur,22-11-2019,10.6
Maize,Kadur,22-11-2019,16.4
Maize,Mundaragi,22-11-2019,15.49
Maize,Mysore (Bandipalya),22-11-2019,16.06
Maize,Ramdurga,22-11-2019,17.5
Maize,Rona,22-11-2019,16.63
Maize,Shikaripura,22-11-2019,16.5
Turmeric,Chamaraj Nagar,07-11-2019,60
Maize,Arasikere,21-11-2019,16.5
Maize,Bhadravathi,21-11-2019,14.5
Maize,Chikkamagalore,21-11-2019,17.39
Maize,Davangere,21-11-2019,15.9
Maize,Dharwar,21-11-2019,14.95
Maize,Gadag,21-11-2019,15.47
Maize,H.B. Halli,21-11-2019,16.8
Maize,Haveri,21-11-2019,17
Maize,Hosanagar,21-11-2019,16
Maize,Hubli (Amaragol),21-11-2019,15.48
Maize,Kadur,21-11-2019,17.5
Maize,Koppal,21-11-2019,16.51
Maize,Kottur,21-11-2019,16.48
Maize,Mhalingapur,21-11-2019,16.5
Maize,Mysore (Bandipalya),21-11-2019,15.74
Maize,Ramdurga,21-11-2019,16
Maize,Shimoga,21-11-2019,16.75
Maize,Tumkur,21-11-2019,16
Dry+Chillies,Byadagi,04-11-2019,106.1
Dry+Chillies,Hubli (Amaragol),04-11-2019,75.99
Cotton,Annigeri,13-12-2019,50
Cotton,Bellary,13-12-2019,38.28
Cotton,Bijapur,13-12-2019,52.39
Cotton,Davangere,13-12-2019,48.48
Cotton,Gadag,13-12-2019,40.75
Cotton,Hubli (Amaragol),13-12-2019,48
Cotton,Manvi,13-12-2019,15.9
Cotton,Nargunda,13-12-2019,49.74
Cotton,Raichur,13-12-2019,46
Cotton,Ranebennur,13-12-2019,49.41
Cotton,Sindhanur,13-12-2019,54.33
Cotton,Yellapur,13-12-2019,68.99
Ragi+(Finger+Millet),Honnali,29-11-2019,18.53
Goat,Turvekere,04-11-2019,85
Thogrikai,Ramanagara,19-11-2019,45
Mustard,Mysore (Bandipalya),22-11-2019,49
Cowpea(Veg),Honnali,13-12-2019,25
Bitter+gourd,Honnali,13-11-2019,19
Groundnut,Chitradurga,04-11-2019,46.83
Groundnut,Davangere,04-11-2019,46.6
Groundnut,Gadag,04-11-2019,44.41
Groundnut,Hubli (Amaragol),04-11-2019,42.88
Groundnut,Laxmeshwar,04-11-2019,44.37
Groundnut,Raichur,04-11-2019,46
Groundnut,Ranebennur,04-11-2019,38.37
Groundnut,Savanur,04-11-2019,43.25
Groundnut,Shorapur,04-11-2019,41.09
Paddy(Dhan)(Common),Bangarpet,24-12-2019,17.1
Paddy(Dhan)(Common),Chikkamagalore,24-12-2019,28.01
Paddy(Dhan)(Common),Honnali,24-12-2019,17.3
Paddy(Dhan)(Common),Nanjangud,24-12-2019,20
Bottle+gourd,Kolar,13-11-2019,4
Paddy(Dhan)(Common),Srirangapattana,24-12-2019,17.65
Gur(Jaggery),Mandya,04-11-2019,36.5
Gur(Jaggery),Mhalingapur,04-11-2019,35.68
Gur(Jaggery),Srirangapattana,04-11-2019,34
Ginger(Green),Hirekerur,20-11-2019,23
Ginger(Green),Somvarpet,20-11-2019,25
Onion,Davangere,22-11-2019,35
Onion,Hubli (Amaragol),22-11-2019,40
Onion,Mysore (Bandipalya),22-11-2019,37.5
Onion,Raichur,22-11-2019,43.8
Cucumbar(Kheera),Chikkamagalore,13-12-2019,9.92
Cucumbar(Kheera),Honnali,13-12-2019,14
Onion,Bijapur,21-11-2019,32
Onion,Hubli (Amaragol),21-11-2019,31
Onion,Raichur,21-11-2019,47
Gurellu,Laxmeshwar,04-11-2019,50.39
Jowar(Sorghum),Bellary,04-11-2019,19.19
Jowar(Sorghum),Gadag,04-11-2019,24.09
Jowar(Sorghum),Gulbarga,04-11-2019,32
Jowar(Sorghum),Kottur,04-11-2019,19.63
Jowar(Sorghum),Laxmeshwar,04-11-2019,23.34
Kulthi(Horse+Gram),Shimoga,04-11-2019,40
Maize,Arasikere,03-12-2019,18
Maize,Bellary,03-12-2019,18.54
Maize,Bhadravathi,03-12-2019,15.72
Maize,Challakere,03-12-2019,19.48
Maize,H.B. Halli,03-12-2019,17.5
Maize,Harappana Halli,03-12-2019,16.64
Maize,Kadur,03-12-2019,17
Maize,Mundaragi,03-12-2019,18.26
Maize,Nargunda,03-12-2019,18.03
Maize,Shikaripura,03-12-2019,15.5
Lime,Bijapur,04-11-2019,8
Maize,Annigeri,04-11-2019,18.81
Maize,Bagalakot,04-11-2019,19.15
Maize,Chitradurga,04-11-2019,18.26
Maize,Davangere,04-11-2019,17.81
Maize,Gadag,04-11-2019,18.66
Maize,Kadur,04-11-2019,19
Maize,Kottur,04-11-2019,18.07
Paddy(Dhan)(Common),Channagiri,28-11-2019,18.2
Paddy(Dhan)(Common),Hanagal,28-11-2019,15.7
Maize,Shimoga,04-11-2019,19
Paddy(Dhan)(Common),Kolar,28-11-2019,18.73
Ox,Arasikere,22-11-2019,740
Paddy(Dhan)(Common),Bhadravathi,21-11-2019,18.28
Paddy(Dhan)(Common),Davangere,21-11-2019,19.2
Paddy(Dhan)(Common),H.B. Halli,21-11-2019,18.2
Paddy(Dhan)(Common),Hosanagar,21-11-2019,16
Paddy(Dhan)(Common),Kundapura,21-11-2019,16
Paddy(Dhan)(Common),Raichur,21-11-2019,17.89
Paddy(Dhan)(Common),Shorapur,21-11-2019,16.35
Paddy(Dhan)(Common),Davangere,22-11-2019,18.8
Paddy(Dhan)(Common),Harappana Halli,22-11-2019,20.55
Paddy(Dhan)(Common),Raichur,22-11-2019,17.39
Copra,Tiptur,23-11-2019,113.66
Dry+Chillies,Mysore (Bandipalya),13-12-2019,152.5
Onion,Bijapur,04-11-2019,28
Onion,Davangere,04-11-2019,22.5
Onion,Hubli (Amaragol),04-11-2019,19
Onion,Raichur,04-11-2019,23.9
Cotton,Chitradurga,23-11-2019,53.75
Cotton,Savanur,23-11-2019,52.88
Garlic,Bangalore,13-12-2019,120
Paddy(Dhan)(Common),Gangavathi,04-11-2019,15.33
Paddy(Dhan)(Common),Raichur,04-11-2019,18.2
Paddy(Dhan)(Common),Shikaripura,04-11-2019,25
Paddy(Dhan)(Common),Shorapur,04-11-2019,23.74
Paddy(Dhan)(Common),Sorabha,04-11-2019,15.6
Potato,Chikkamagalore,21-11-2019,14.41
Potato,Hubli (Amaragol),21-11-2019,15.5
Cowpea(Veg),Honnali,16-12-2019,26
Potato,Bangalore,22-11-2019,22
Potato,Chikkamagalore,22-11-2019,15.65
Potato,Mysore (Bandipalya),22-11-2019,17
Onion,Arasikere,03-12-2019,28.57
Ginger(Green),Kolar,13-12-2019,38.23
Cucumbar(Kheera),Channapatana,16-12-2019,10
Cucumbar(Kheera),Honnali,16-12-2019,15.5
Ginger(Green),Shikaripura,13-12-2019,21
Cucumbar(Kheera),Kolar,16-12-2019,12
Potato,Hubli (Amaragol),04-11-2019,18
Potato,Malur,04-11-2019,18.18
Paddy(Dhan)(Common),Bhadravathi,03-12-2019,19.44
Paddy(Dhan)(Common),Gonikappal,03-12-2019,17.2
Paddy(Dhan)(Common),H.B. Halli,03-12-2019,18
Paddy(Dhan)(Common),Shorapur,03-12-2019,20.86
Paddy(Dhan)(Common),T. Narasipura,03-12-2019,17
Goat,Nippani,13-12-2019,60
Paddy(Dhan)(Common),Bhadravathi,17-12-2019,17.65
Paddy(Dhan)(Common),Davangere,17-12-2019,17.9
Paddy(Dhan)(Common),Kumta,17-12-2019,17.75
Ragi+(Finger+Millet),Arasikere,21-11-2019,23
Ragi+(Finger+Millet),Bhadravathi,21-11-2019,24
Ragi+(Finger+Millet),Davangere,21-11-2019,19.1
Ragi+(Finger+Millet),Gowribidanoor,21-11-2019,19
Ragi+(Finger+Millet),H.B. Halli,21-11-2019,16.5
Ragi+(Finger+Millet),Kadur,21-11-2019,20
Ragi+(Finger+Millet),Mysore (Bandipalya),21-11-2019,22.34
Green+Chilli,Honnali,13-12-2019,18.3
Rice,Doddaballa Pur,21-11-2019,20.4
Groundnut,Mundaragi,23-11-2019,47.4
Groundnut,Savanur,23-11-2019,44.05
Paddy(Dhan)(Common),Kundapura,17-12-2019,18.5
Paddy(Dhan)(Common),Mysore (Bandipalya),17-12-2019,16.67
Paddy(Dhan)(Common),Raichur,17-12-2019,18.72
Ragi+(Finger+Millet),Kadur,04-11-2019,23
Ragi+(Finger+Millet),Kottur,04-11-2019,15.09
Rice,Gangavathi,04-11-2019,20.68
Rice,Gulbarga,04-11-2019,41
Ragi+(Finger+Millet),Arasikere,22-11-2019,20.8
Ragi+(Finger+Millet),Chikkamagalore,22-11-2019,18.73
Ragi+(Finger+Millet),Moodigere,22-11-2019,18
Ragi+(Finger+Millet),Mysore (Bandipalya),22-11-2019,22.25
Kulthi(Horse+Gram),Chintamani,07-12-2019,33.7
Sajje,Gadag,21-11-2019,14.39
Paddy(Dhan)(Common),Lingasugur,25-11-2019,25.3
Paddy(Dhan)(Common),Piriya Pattana,25-11-2019,12
Safflower,Gadag,04-11-2019,44
Safflower,Gulbarga,04-11-2019,50.25
Sheep,Turvekere,04-11-2019,80
Soyabean,Bidar,21-11-2019,32.5
Soyabean,Dharwar,21-11-2019,33.94
Soyabean,Hubli (Amaragol),21-11-2019,30.39
Soyabean,Bidar,04-11-2019,29.5
Soyabean,Gulbarga,04-11-2019,30
Soyabean,Hubli (Amaragol),04-11-2019,34.89
Safflower,Bellary,22-11-2019,45
Sajje,Harappana Halli,22-11-2019,18
She+Buffalo,Nippani,22-11-2019,450
Sheep,Arasikere,22-11-2019,89.5
Sheep,Nippani,22-11-2019,40
Sunflower,Gadag,21-11-2019,35.73
Sunflower,Laxmeshwar,21-11-2019,33.57
Soyabean,Basava Kalayana,22-11-2019,34.5
Soyabean,Bidar,22-11-2019,32.5
Soyabean,Dharwar,22-11-2019,35.09
Soyabean,Hubli (Amaragol),22-11-2019,34.11
Tamarind+Fruit,Mysore (Bandipalya),21-11-2019,72.5
Tamarind+Fruit,Tumkur,21-11-2019,68
Tamarind+Seed,Arasikere,21-11-2019,13.2
Avare+Dal,Kolar,13-11-2019,35
Maize,Mundaragi,23-11-2019,15.51
Tomato,Chikkamagalore,21-11-2019,13.41
Tomato,Davangere,21-11-2019,11.5
Tomato,Kadur,21-11-2019,13.63
Tomato,Mulabagilu,21-11-2019,10
Sunflower,Gadag,22-11-2019,35.63
Sunflower,Laxmeshwar,22-11-2019,33.99
Sunflower,Mundaragi,22-11-2019,33.87
Sunflower,Raichur,22-11-2019,34.25
Sunflower,Yadgir,22-11-2019,30.06
Tender+Coconut,Malur,22-11-2019,200
Maize,Haliyala,21-11-2019,16
Maize,Hanagal,21-11-2019,16
Maize,Holenarsipura,21-11-2019,16
Maize,Honnali,21-11-2019,16.5
Maize,Kudchi,21-11-2019,17
Tomato,Chikkamagalore,22-11-2019,14.74
Tomato,Kadur,22-11-2019,9.09
Tomato,Srinivasapur,22-11-2019,9
Beans,Honnali,06-11-2019,16.3
Beans,Kolar,06-11-2019,27
Green+Peas,Bangalore,13-12-2019,90
Green+Peas,Mysore (Bandipalya),13-12-2019,94
Onion,Kolar,29-11-2019,72
Wheat,Gadag,21-11-2019,21.89
Groundnut,Bellary,13-12-2019,46.04
Groundnut,Challakere,13-12-2019,46.33
Groundnut,Chitradurga,13-12-2019,45.05
Groundnut,Davangere,13-12-2019,39.74
Groundnut,Gadag,13-12-2019,37.89
Groundnut,Hubli (Amaragol),13-12-2019,39.89
Paddy(Dhan)(Common),Channagiri,29-11-2019,18.5
Paddy(Dhan)(Common),Chikkamagalore,29-11-2019,25.5
Groundnut,Kottur,13-12-2019,44.41
Paddy(Dhan)(Common),Harihara,29-11-2019,18.35
Paddy(Dhan)(Common),Honnali,29-11-2019,17.5
Paddy(Dhan)(Common),Madhugiri,29-11-2019,18
Groundnut,Laxmeshwar,13-12-2019,36.54
Groundnut,Mundaragi,13-12-2019,41.42
Groundnut,Raichur,13-12-2019,41.4
Groundnut,Rona,13-12-2019,34.89
Groundnut,Sira,13-12-2019,45.74
Wheat,Gadag,22-11-2019,22.67
Wheat,Hubli (Amaragol),22-11-2019,27.39
Gur(Jaggery),Bangarpet,13-12-2019,39.5
Gur(Jaggery),Bijapur,13-12-2019,33.9
Gur(Jaggery),Gulbarga,13-12-2019,37.5
Gur(Jaggery),Gundlupet,13-12-2019,36.17
Gur(Jaggery),Mandya,13-12-2019,29
Gur(Jaggery),Mhalingapur,13-12-2019,33.78
Gur(Jaggery),Srirangapattana,13-12-2019,28.5
Jowar(Sorghum),Gadag,13-12-2019,32.56
Jowar(Sorghum),Gulbarga,13-12-2019,38.52
Jowar(Sorghum),Laxmeshwar,13-12-2019,29.07
Ragi+(Finger+Millet),Arasikere,03-12-2019,21
Ragi+(Finger+Millet),H.B. Halli,03-12-2019,18.5
Ragi+(Finger+Millet),Harappana Halli,03-12-2019,18
Ridgeguard(Tori),Kolar,24-11-2019,18
Kulthi(Horse+Gram),Gundlupet,13-12-2019,38.2
Kulthi(Horse+Gram),Mysore (Bandipalya),13-12-2019,35.95
Kulthi(Horse+Gram),Shimoga,13-12-2019,39
Groundnut,Chintamani,30-11-2019,49.5
Groundnut,Madhugiri,30-11-2019,42.49
Gur(Jaggery),Sankeshwar,30-11-2019,32.58
Arhar+Dal(Tur+Dal),Kolar,06-11-2019,79
Sunflower,Bellary,03-12-2019,41
Sunflower,Mundaragi,03-12-2019,36.78
Lint,Sira,13-12-2019,103
Sunflower,Mundaragi,23-11-2019,34.56
Maize,Bagalakot,13-12-2019,19.07
Maize,Bangalore,13-12-2019,38
Maize,Bangarpet,13-12-2019,20.5
Maize,Bellary,13-12-2019,18.98
Maize,Bhadravathi,13-12-2019,18.54
Maize,Bidar,13-12-2019,40
Ground+Nut+Seed,Kolar,14-11-2019,82.03
Raddish,Kolar,24-11-2019,4.5
Maize,Challakere,13-12-2019,18.64
Groundnut,Madhugiri,14-11-2019,53.07
Maize,Chitradurga,13-12-2019,18.88
Maize,Davangere,13-12-2019,18.9
Maize,Gadag,13-12-2019,18.54
Maize,Gulbarga,13-12-2019,16.54
Maize,Hanagal,13-12-2019,18.2
Maize,Harihara,13-12-2019,17.6
Maize,Hirekerur,13-12-2019,17.5
Maize,Hubli (Amaragol),13-12-2019,16.09
Maize,Kadur,13-12-2019,18.5
Maize,Madhugiri,13-12-2019,19.7
Tomato,Kolar,23-11-2019,7.73
Maize,Mhalingapur,13-12-2019,18.4
Maize,Mundaragi,13-12-2019,18.35
Maize,Mysore (Bandipalya),13-12-2019,19.29
Maize,Nargunda,13-12-2019,18.45
Maize,Rona,13-12-2019,18.77
Maize,Shimoga,13-12-2019,18.35
Tomato,Chickkaballapura,03-12-2019,12
Tomato,Kadur,03-12-2019,8.75
Kulthi(Horse+Gram),Bangalore,21-11-2019,41
Onion,Doddaballa Pur,25-11-2019,16
Paddy(Dhan)(Common),Channagiri,09-12-2019,18.25
Paddy(Dhan)(Common),Hanagal,09-12-2019,15.5
Paddy(Dhan)(Common),Honnali,09-12-2019,18.57
Paddy(Dhan)(Common),Nanjangud,09-12-2019,18.5
Paddy(Dhan)(Common),Srirangapattana,09-12-2019,18
Wheat,Nargunda,03-12-2019,21
Alasande+Gram,Laxmeshwar,09-11-2019,45.6
Cotton,Manvi,20-11-2019,48.97
Cowpea(Veg),Honnali,20-11-2019,12.5
Copra,Tiptur,09-11-2019,122
Cotton,Chitradurga,09-11-2019,59.69
Cotton,Shorapur,09-11-2019,50.11
Raddish,Honnali,09-12-2019,11.59
Groundnut,Mundaragi,09-11-2019,47.42
Groundnut,Savanur,09-11-2019,44.17
Ragi+(Finger+Millet),Chintamani,09-12-2019,20.5
Jowar(Sorghum),Laxmeshwar,09-11-2019,38.42
Ragi+(Finger+Millet),Kunigal,09-12-2019,22
Maize,Mundaragi,09-11-2019,15.07
Soyabean,Sankeshwar,09-12-2019,36.49
Paddy(Dhan)(Common),Shorapur,09-11-2019,15.25
Onion,Davangere,13-12-2019,42.5
Onion,Hubli (Amaragol),13-12-2019,46
Onion,Kolar,13-12-2019,70
Onion,Raichur,13-12-2019,58.1
Onion,Ranebennur,13-12-2019,38
Tomato,Kadur,09-12-2019,16.66
Tomato,Kolar,09-12-2019,5.93
Tomato,Srinivasapur,09-12-2019,9.33
Sunflower,Mundaragi,09-11-2019,33.1
Sunflower,Yadgir,09-11-2019,32.39
Groundnut,Chintamani,06-12-2019,48
Groundnut,Kolar,06-12-2019,40
Groundnut,Madhugiri,06-12-2019,44.16
Paddy(Dhan)(Common),Bangarpet,13-12-2019,15.8
Paddy(Dhan)(Common),Chikkamagalore,13-12-2019,19
Paddy(Dhan)(Common),Davangere,13-12-2019,18.1
Paddy(Dhan)(Common),Gonikappal,13-12-2019,19
Gur(Jaggery),Srirangapattana,06-12-2019,29
Paddy(Dhan)(Common),Hanagal,13-12-2019,15
Paddy(Dhan)(Common),Harihara,13-12-2019,18.5
Thogrikai,Kolar,01-12-2019,23
Paddy(Dhan)(Common),Honnali,13-12-2019,18.66
Paddy(Dhan)(Common),Lingasugur,13-12-2019,23
Paddy(Dhan)(Common),Mysore (Bandipalya),13-12-2019,14.59
Paddy(Dhan)(Common),Raichur,13-12-2019,17.89
Tomato,Kolar,01-12-2019,9.47
Paddy(Dhan)(Common),Sorabha,13-12-2019,15
Paddy(Dhan)(Common),Srinivasapur,13-12-2019,7
Paddy(Dhan)(Common),Srirangapattana,13-12-2019,15.5
Papaya,Channapatana,13-12-2019,10
Green+Chilli,Honnali,30-11-2019,17.5
Ground+Nut+Seed,Kolar,27-11-2019,87.69
Groundnut,Madhugiri,27-11-2019,40.02
Paddy(Dhan)(Common),Honnali,19-12-2019,17.1
Peas+Wet,Ramanagara,13-12-2019,36
Paddy(Dhan)(Common),K.R.Nagar,19-12-2019,18.07
Paddy(Dhan)(Common),Lingasugur,19-12-2019,23.75
Paddy(Dhan)(Common),Madhugiri,19-12-2019,14.49
Paddy(Dhan)(Common),Somvarpet,19-12-2019,18
Onion,Bangalore,20-12-2019,75
Onion,Kolar,20-12-2019,111
Potato,Bangalore,13-12-2019,16
Potato,Chikkamagalore,13-12-2019,14.75
Potato,Hubli (Amaragol),13-12-2019,18
Potato,Kolar,13-12-2019,16.92
Potato,Malur,13-12-2019,18.43
Maize,Honnali,25-11-2019,16.6
Maize,Lingasugur,25-11-2019,38
Maize,Nargunda,25-11-2019,17.55
Maize,Piriya Pattana,25-11-2019,15
Alasande+Gram,Gulbarga,28-11-2019,58
Moath+Dal,Bangalore,09-12-2019,63
Jowar(Sorghum),H.B. Halli,13-11-2019,19.8
Potato,Hubli (Amaragol),17-12-2019,19
Raddish,Chikkamagalore,13-12-2019,11.54
Potato,Kadur,17-12-2019,15
Maize,H.B. Halli,13-11-2019,17
Tomato,Chickkaballapura,22-11-2019,8.2
Coconut,K.R.Nagar,20-11-2019,250
Coconut,Kanakapura,20-11-2019,135
Ragi+(Finger+Millet),Davangere,13-12-2019,21.3
Ragi+(Finger+Millet),Mysore (Bandipalya),13-12-2019,22.4
Ragi+(Finger+Millet),Tarikere,13-12-2019,21.25
Rice,Bangarpet,13-12-2019,29.2
Rice,Gulbarga,13-12-2019,39.5
Rice,Sindhanur,13-12-2019,16.8
Methi+Seeds,Bangalore,29-11-2019,96.5
Ridgeguard(Tori),Chikkamagalore,13-12-2019,19.23
Ridgeguard(Tori),Honnali,13-12-2019,14.5
Ridgeguard(Tori),Kolar,13-12-2019,22
Safflower,Gulbarga,13-12-2019,47.5
Sajje,Gadag,13-12-2019,15.8
Same/Savi,Kadur,13-12-2019,24
She+Buffalo,Nippani,13-12-2019,600
Sheep,Nippani,13-12-2019,50
Soyabean,Bidar,13-12-2019,39
Soyabean,Gulbarga,13-12-2019,36.12
Soyabean,Hanagal,13-12-2019,37.82
Soyabean,Hubli (Amaragol),13-12-2019,36.09
Sunflower,Challakere,13-12-2019,39.25
Sunflower,Chitradurga,13-12-2019,38.43
Sunflower,Gadag,13-12-2019,38.48
Sunflower,Gulbarga,13-12-2019,37.22
Sunflower,Kottur,13-12-2019,39.5
Sunflower,Laxmeshwar,13-12-2019,33.73
Sunflower,Mundaragi,13-12-2019,37.87
Sunflower,Raichur,13-12-2019,37.25
Paddy(Dhan)(Common),H.B. Halli,13-11-2019,19
Thogrikai,Channapatana,13-12-2019,20
Green+Chilli,Chikkamagalore,06-12-2019,16
Green+Chilli,Honnali,06-12-2019,16.5
Thogrikai,Ramanagara,13-12-2019,26
Tomato,Bangarpet,13-12-2019,5.6
Tomato,Chikkamagalore,13-12-2019,14.04
Tomato,Chintamani,13-12-2019,7.33
Tomato,Davangere,13-12-2019,6.5
Tomato,Kadur,13-12-2019,14.28
Tomato,Kolar,13-12-2019,6.93
Tomato,Malur,13-12-2019,10
Tomato,Mulabagilu,13-12-2019,8
Tomato,Srinivasapur,13-12-2019,7
Green+Peas,Bangalore,06-12-2019,88
Maize,Channagiri,28-11-2019,18
Maize,Chikkamagalore,28-11-2019,17.6
Maize,Haliyala,28-11-2019,16
Maize,Hanagal,28-11-2019,16
Maize,Holalkere,28-11-2019,17.16
Maize,Holenarsipura,28-11-2019,17
Maize,Kadur,28-11-2019,16.5
Maize,Madhugiri,28-11-2019,18.4
Maize,Nargunda,28-11-2019,17.04
Maize,Sankeshwar,28-11-2019,16.5
Maize,Shikaripura,28-11-2019,16.5
Jowar(Sorghum),Sindhanur,21-11-2019,27
Wheat,Gadag,13-12-2019,26.03
Green+Chilli,Chikkamagalore,27-11-2019,19.15
Green+Chilli,Ramanagara,27-11-2019,28
Coriander(Leaves),Chintamani,16-12-2019,79.25
Cotton,Manvi,16-12-2019,49.92
Drumstick,Ramanagara,22-11-2019,200
Coconut,Arasikere,28-11-2019,124.8
Coconut,K.R. Pet,28-11-2019,80
Coconut,Kumta,28-11-2019,189.65
Maize,Sindhanur,14-12-2019,17
Copra,Gubbi,28-11-2019,115
Copra,Tumkur,28-11-2019,115
Copra,Turvekere,28-11-2019,118.41
Raddish,Ramanagara,26-11-2019,23
Seemebadnekai,Ramanagara,26-11-2019,19
Snakeguard,Ramanagara,26-11-2019,18
Thogrikai,Ramanagara,26-11-2019,32
Tomato,Ramanagara,26-11-2019,18.5
Beans,Ramanagara,14-12-2019,46
Beetroot,Ramanagara,14-12-2019,44
Cotton,Annigeri,28-11-2019,51
Cotton,Bijapur,28-11-2019,49.45
Cotton,Dharwar,28-11-2019,49.22
Cotton,Hubli (Amaragol),28-11-2019,50.19
Cotton,Raichur,28-11-2019,48
Cotton,Ranebennur,28-11-2019,48.83
Cotton,Santhesargur,28-11-2019,61.96
Cotton,Savanur,28-11-2019,52.83
Brinjal,Ramanagara,14-12-2019,24
Cotton,Sindhanur,14-12-2019,54.4
Cucumbar(Kheera),Ramanagara,14-12-2019,22
Dry+Chillies,Hubli (Amaragol),28-11-2019,56
Elephant+Yam+(Suran),Arasikere,28-11-2019,23.56
Cucumbar(Kheera),Kolar,24-11-2019,6
Bunch+Beans,Ramanagara,22-11-2019,26
Maize,Channagiri,29-11-2019,18.4
Maize,Chikkamagalore,29-11-2019,17.09
Maize,Haliyala,29-11-2019,16.5
Maize,Hanagal,29-11-2019,16
Maize,Nargunda,29-11-2019,17.19
Maize,Piriya Pattana,29-11-2019,15
Knool+Khol,Ramanagara,26-11-2019,37
Ginger(Green),Santhesargur,28-11-2019,24
Groundnut,Srinivasapur,07-12-2019,41.89
Tomato,Kolar,14-12-2019,7
Tomato,Ramanagara,14-12-2019,18
Alasande+Gram,Gulbarga,14-12-2019,40.26
Groundnut,Madhugiri,05-12-2019,46.71
Ragi+(Finger+Millet),Davangere,17-12-2019,20.2
Ragi+(Finger+Millet),Mysore (Bandipalya),17-12-2019,22.99
Ragi+(Finger+Millet),Tumkur,17-12-2019,21
Groundnut,Hubli (Amaragol),28-11-2019,40.89
Groundnut,Raichur,28-11-2019,42.32
Groundnut,Ranebennur,28-11-2019,47.4
Groundnut,Rona,28-11-2019,35.38
Groundnut,Savanur,28-11-2019,44.14
Rice,Bangarpet,17-12-2019,25
Rice,Gangavathi,17-12-2019,19.9
Rice,Gulbarga,17-12-2019,28.5
Rice,Kumta,17-12-2019,18
Ridgeguard(Tori),Ramanagara,11-11-2019,28
Gur(Jaggery),Bangarpet,28-11-2019,38.5
Gur(Jaggery),Bijapur,28-11-2019,31
Thogrikai,Ramanagara,11-11-2019,38
Gur(Jaggery),Mhalingapur,28-11-2019,33.02
Green+Avare+(W),Ramanagara,26-11-2019,33
Ginger(Green),K.R.Nagar,06-12-2019,21.1
Ginger(Green),Kolar,06-12-2019,42.63
Ginger(Green),Nanjangud,06-12-2019,21
Maize,Channagiri,20-12-2019,16.5
Maize,Holenarsipura,20-12-2019,19.5
Maize,Honnali,20-12-2019,18.5
Maize,K.R.Nagar,20-12-2019,16.5
Dry+Chillies,Bangalore,14-11-2019,126.5
Jowar(Sorghum),Bellary,28-11-2019,27.78
Jowar(Sorghum),Gulbarga,28-11-2019,42.54
Jowar(Sorghum),Hubli (Amaragol),28-11-2019,28.09
Onion,Bangalore,19-12-2019,80
Onion,Kolar,19-12-2019,166.27
Kulthi(Horse+Gram),Chintamani,28-11-2019,35.5
Lime,Kolar,28-11-2019,33.33
Ginger(Green),Ramanagara,26-11-2019,47
Kulthi(Horse+Gram),Mandya,28-11-2019,32
Kulthi(Horse+Gram),Santhesargur,28-11-2019,33.3
Maize,Arasikere,28-11-2019,16
Maize,Bhadravathi,28-11-2019,18.68
Maize,Bidar,28-11-2019,15
Maize,Dharwar,28-11-2019,16.55
Maize,Gulbarga,28-11-2019,20
Maize,H.B. Halli,28-11-2019,17
Maize,Hubli (Amaragol),28-11-2019,15.5
Maize,Kustagi,28-11-2019,16.35
Maize,Rona,28-11-2019,17.15
Maize,Savanur,28-11-2019,16.57
Maize,Sorabha,28-11-2019,16.5
Copra,Tiptur,14-12-2019,115
Cotton,Chitradurga,14-12-2019,54.16
Cotton,Savanur,14-12-2019,53.76
Ginger(Green),Chikkamagalore,27-11-2019,44
Ginger(Green),Ramanagara,27-11-2019,50
Chilly+Capsicum,Ramanagara,26-11-2019,31
Safflower,Gulbarga,17-12-2019,47.71
Sajje,Gadag,17-12-2019,15.87
Onion,Arasikere,28-11-2019,20
Onion,Gadag,28-11-2019,17
Onion,Hubli (Amaragol),28-11-2019,32
Onion,Raichur,28-11-2019,44
Onion,Ranebennur,28-11-2019,30.5
Carrot,Ramanagara,26-11-2019,58
Groundnut,Laxmeshwar,14-12-2019,35.81
Groundnut,Mundaragi,14-12-2019,39.39
Groundnut,Savanur,14-12-2019,39.07
Gur(Jaggery),Gulbarga,14-12-2019,37.5
Cabbage,Ramanagara,26-11-2019,10
Jowar(Sorghum),Gulbarga,14-12-2019,38.08
Paddy(Dhan)(Common),Bangarpet,28-11-2019,18.5
Paddy(Dhan)(Common),Bhadravathi,28-11-2019,18.46
Paddy(Dhan)(Common),H.B. Halli,28-11-2019,18
Paddy(Dhan)(Common),Kundapura,28-11-2019,18.5
Paddy(Dhan)(Common),Raichur,28-11-2019,18.89
Paddy(Dhan)(Common),Santhesargur,28-11-2019,15.5
Paddy(Dhan)(Common),Udupi,28-11-2019,18.5
Maize,Gulbarga,14-12-2019,13.26
Maize,Mundaragi,14-12-2019,18.84
Brinjal,Ramanagara,26-11-2019,31
Maize,Haliyala,09-12-2019,17.2
Maize,Hanagal,09-12-2019,17.4
Maize,Kadur,09-12-2019,17.75
Maize,Kustagi,09-12-2019,18.18
Maize,Piriya Pattana,09-12-2019,17
Soyabean,Basava Kalayana,17-12-2019,38
Beans,Chikkamagalore,11-11-2019,20.62
Soyabean,Bidar,17-12-2019,39.5
Soyabean,Dharwar,17-12-2019,39.99
Soyabean,Gulbarga,17-12-2019,37.21
Soyabean,Hubli (Amaragol),17-12-2019,39.61
Beetroot,Chikkamagalore,11-11-2019,10.53
Potato,Chintamani,17-12-2019,16
Potato,Kolar,17-12-2019,24
Kulthi(Horse+Gram),Chintamani,29-11-2019,19.5
Beans,Ramanagara,26-11-2019,25
Potato,Hubli (Amaragol),28-11-2019,10
Rice,Gulbarga,14-12-2019,39.7
Cabbage,Chikkamagalore,11-11-2019,9.26
Safflower,Gulbarga,14-12-2019,45.3
Soyabean,Gulbarga,14-12-2019,35.26
Paddy(Dhan)(Common),Haliyala,26-12-2019,16
Paddy(Dhan)(Common),Honnali,26-12-2019,19.5
Ragi+(Finger+Millet),Chintamani,17-12-2019,23
Paddy(Dhan)(Common),Nanjangud,26-12-2019,20
Rice,Honnali,17-12-2019,22.5
Sunflower,Gulbarga,14-12-2019,35.16
Sunflower,Mundaragi,14-12-2019,38.2
Soyabean,Haveri,17-12-2019,37
Green+Chilli,Honnali,07-12-2019,17.8
Sunflower,Nargunda,17-12-2019,29.1
Cauliflower,Chikkamagalore,11-11-2019,10.38
Suvarna+Gadde,Somvarpet,17-12-2019,7.5
Green+Chilli,Kolar,21-11-2019,19
Cabbage,Kolar,24-11-2019,11.5
Peas+Wet,Ramanagara,26-12-2019,34
Tender+Coconut,Somvarpet,17-12-2019,130
Thogrikai,Kolar,17-12-2019,20
Ground+Nut+Seed,Bangalore,21-11-2019,87
Groundnut,Chintamani,21-11-2019,42.5
Groundnut,Madhugiri,21-11-2019,45.84
Tomato,Channapatana,17-12-2019,12.5
Tomato,Chintamani,17-12-2019,8
Coconut,Kadur,16-12-2019,80
Tomato,Srinivasapur,17-12-2019,6.67
Potato,Chikkamagalore,26-12-2019,14.89
Alasande+Gram,Rona,14-12-2019,63.89
Coconut,Honnali,30-11-2019,110
Coconut,Kunigal,30-11-2019,159
Cotton,Haveri,11-11-2019,46.4
Cotton,Hunsur,11-11-2019,57.57
Coconut,Sankeshwar,30-11-2019,112.7
Cotton,Sindhanur,11-11-2019,52
Ragi+(Finger+Millet),Tumkur,28-11-2019,22
Rice,Bangarpet,28-11-2019,31
Rice,Gangavathi,28-11-2019,20.69
Raddish,Chikkamagalore,26-12-2019,12.5
Cotton,Manvi,30-11-2019,49.05
Cotton,Santhesargur,30-11-2019,62.44
Sunflower,Gadag,17-12-2019,38.34
Sunflower,Gulbarga,17-12-2019,37.15
Cucumbar(Kheera),Channapatana,30-11-2019,5.5
Cucumbar(Kheera),Honnali,30-11-2019,6
Ragi+(Finger+Millet),Harappana Halli,26-12-2019,21.5
Tamarind+Seed,Tumkur,17-12-2019,16.5
Safflower,Gulbarga,28-11-2019,48
Groundnut,Bellary,06-12-2019,41.66
Green+Chilli,Chikkamagalore,11-11-2019,17.01
Soyabean,Bidar,28-11-2019,33.5
Soyabean,Dharwar,28-11-2019,35.91
Soyabean,Gulbarga,28-11-2019,32.02
Soyabean,Hubli (Amaragol),28-11-2019,33.84
Thogrikai,Kolar,26-12-2019,26
Thogrikai,Ramanagara,26-12-2019,25
Tomato,Chikkamagalore,26-12-2019,10.26
Tomato,Kolar,26-12-2019,7
Tomato,Srinivasapur,26-12-2019,7.33
Green+Chilli,Ramanagara,11-11-2019,30
Groundnut,Chitradurga,11-11-2019,41.56
Groundnut,Mundaragi,11-11-2019,46.12
Tomato,Bangarpet,17-12-2019,5.2
Tomato,Chickkaballapura,17-12-2019,8.9
Tomato,Davangere,17-12-2019,5.2
Onion,Gadag,22-11-2019,20
Tomato,Kadur,17-12-2019,12.5
Gur(Jaggery),Mandya,11-11-2019,36
Gur(Jaggery),Srirangapattana,11-11-2019,34
Sunflower,Gulbarga,28-11-2019,33.04
Sunflower,Rona,28-11-2019,32.16
Knool+Khol,Chikkamagalore,11-11-2019,11.11
Maize,Chitradurga,11-11-2019,17.61
Maize,Haliyala,11-11-2019,18
Maize,Haveri,11-11-2019,17
Maize,Hunsur,11-11-2019,15
Maize,Mundaragi,11-11-2019,15.59
Maize,Sindhanur,11-11-2019,19
Maize,Somvarpet,11-11-2019,13
Onion,Chikkamagalore,11-11-2019,35.71
Coconut,Kundapura,14-12-2019,155
Coriander(Leaves),Gadag,14-12-2019,59.54
Turmeric,Santhesargur,28-11-2019,13.75
Paddy(Dhan)(Common),Lingasugur,11-11-2019,25
Wheat,Gadag,28-11-2019,21.43
Cotton,Gadag,14-12-2019,48.72
Cotton,Raichur,14-12-2019,46
Cotton,Shorapur,14-12-2019,50.85
Potato,Chikkamagalore,11-11-2019,15.6
Paddy(Dhan)(Common),Hanagal,17-12-2019,16.1
Paddy(Dhan)(Common),Honnali,17-12-2019,17
Paddy(Dhan)(Common),K.R.Nagar,17-12-2019,15.96
Paddy(Dhan)(Common),Lingasugur,17-12-2019,17.85
Paddy(Dhan)(Common),Mandya,17-12-2019,15.5
Paddy(Dhan)(Common),Nanjangud,17-12-2019,21.5
Paddy(Dhan)(Common),Somvarpet,17-12-2019,17
Paddy(Dhan)(Common),T. Narasipura,17-12-2019,17.5
Coconut,Athani,21-12-2019,100
Cotton,Manvi,18-12-2019,50.96
Cotton,Nargunda,18-12-2019,51.19
Turmeric,Gundlupet,17-12-2019,65.33
Carrot,Ramanagara,11-11-2019,59
Cucumbar(Kheera),Channapatana,18-12-2019,12
Cucumbar(Kheera),Honnali,18-12-2019,16
Groundnut,Gadag,14-12-2019,36.58
Groundnut,Hiriyur,14-12-2019,47.17
Groundnut,Raichur,14-12-2019,46.81
Gur(Jaggery),Belgaum,14-12-2019,29
Jowar(Sorghum),Gadag,14-12-2019,32.07
Jowar(Sorghum),Raichur,14-12-2019,37.01
Wheat,Bidar,17-12-2019,26.5
Wheat,Gadag,17-12-2019,30.31
Ridgeguard(Tori),Chikkamagalore,11-11-2019,17.86
Maize,Bagalakot,14-12-2019,19.37
Maize,Gadag,14-12-2019,18.78
Maize,Rona,14-12-2019,19.18
Sunflower,Chitradurga,11-11-2019,33.92
Sunflower,Mundaragi,11-11-2019,34.55
Sunflower,Yadgir,11-11-2019,31.69
Tomato,Chikkamagalore,11-11-2019,19.7
Maize,Bellary,11-11-2019,16.99
Onion,Bagalakot,14-12-2019,80
Onion,Belgaum,14-12-2019,88
Onion,Gadag,14-12-2019,24
Onion,Raichur,14-12-2019,61
Gur(Jaggery),Channagiri,25-11-2019,26.08
Maize,Haliyala,19-12-2019,19
Maize,Holenarsipura,19-12-2019,18
Maize,Honnali,19-12-2019,18.2
Maize,Madhugiri,19-12-2019,20.5
Maize,Sankeshwar,19-12-2019,18.84
Maize,Somvarpet,19-12-2019,18
Tomato,Kolar,08-12-2019,8.66
Cabbage,Honnali,20-11-2019,12.6
Paddy(Dhan)(Common),Raichur,14-12-2019,18.69
Paddy(Dhan)(Common),Shorapur,14-12-2019,16.1
Dry+Chillies,Hiriyur,05-12-2019,140
Dry+Chillies,Gadag,21-12-2019,85
Jowar(Sorghum),Nargunda,28-11-2019,34
Carrot,Chintamani,20-11-2019,9.5
Carrot,Honnali,20-11-2019,15
Potato,Belgaum,14-12-2019,19.5
Coconut,Honnali,14-11-2019,100
Cotton,Manvi,14-11-2019,48.07
Cowpea(Veg),Honnali,06-12-2019,19.66
Cucumbar(Kheera),Kolar,06-12-2019,6
Sajje,Gadag,14-12-2019,15.65
Soyabean,Bidar,14-12-2019,39
Sunflower,Bagalakot,14-12-2019,31.12
Sunflower,Gadag,14-12-2019,38.23
Sweet+Potato,Belgaum,14-12-2019,7.5
Ragi+(Finger+Millet),Chintamani,18-11-2019,20
Rice,Chintamani,18-11-2019,40
Rice,Honnali,18-11-2019,21.5
Ridgeguard(Tori),Honnali,18-11-2019,19.6
Sajje,Harappana Halli,18-11-2019,18.57
Cotton,Sindhanur,16-12-2019,56
Sunflower,Ramdurga,18-11-2019,36
Tomato,Bangarpet,18-11-2019,8
Wheat,Gadag,14-12-2019,24.47
Wheat,Honnali,18-11-2019,20
Onion,Chintamani,17-12-2019,55
Onion,Kolar,17-12-2019,108.45
Cucumbar(Kheera),Chikkamagalore,27-11-2019,11.67
Cucumbar(Kheera),Ramanagara,27-11-2019,13
Maize,Athani,21-12-2019,18
Maize,Piriya Pattana,27-12-2019,17
Paddy(Dhan)(Common),Bangarpet,18-11-2019,17.8
Paddy(Dhan)(Common),Channagiri,18-11-2019,18.7
Paddy(Dhan)(Common),Hanagal,18-11-2019,17
Paddy(Dhan)(Common),Honnali,18-11-2019,20.5
Paddy(Dhan)(Common),Lingasugur,18-11-2019,24.8
Maize,Chikkamagalore,24-12-2019,18.4
Maize,Chintamani,24-12-2019,19.5
Maize,Haliyala,24-12-2019,19
Maize,Hirekerur,24-12-2019,18.1
Maize,Honnali,24-12-2019,18.5
Maize,Kudchi,24-12-2019,16.5
Maize,Kustagi,24-12-2019,19.25
Dry+Grapes,Bangalore,07-12-2019,234
Alasande+Gram,Sira,23-12-2019,52.87
Wheat,Nargunda,11-11-2019,23.5
Groundnut,Madhugiri,25-11-2019,41.03
Onion,Gadag,21-12-2019,25
Coconut,Nanjangud,05-12-2019,11
Arhar+Dal(Tur+Dal),Shimoga,23-12-2019,85
Groundnut,Madhugiri,28-11-2019,42.31
Gur(Jaggery),Sankeshwar,28-11-2019,33
Cowpea(Veg),Honnali,05-12-2019,17.5
Paddy(Dhan)(Common),Athani,21-12-2019,16.7
Cucumbar(Kheera),Bangarpet,05-12-2019,4
Cucumbar(Kheera),Honnali,05-12-2019,7.44
Brinjal,Honnali,20-11-2019,14.8
Brinjal,Kolar,20-11-2019,23
Coconut,Kadur,06-12-2019,158
Onion,Holalkere,18-11-2019,25
Lime,Kolar,19-12-2019,50
Black+pepper,Gonikappal,23-12-2019,300
Potato,Bangalore,10-12-2019,18.5
Potato,Chikkamagalore,10-12-2019,14.71
Carrot,Kolar,16-12-2019,35
Maize,Hanagal,17-12-2019,18
Maize,Haveri,17-12-2019,18.5
Maize,Holenarsipura,17-12-2019,19
Maize,Kudchi,17-12-2019,18
Maize,Nargunda,17-12-2019,18.72
Maize,Sankeshwar,17-12-2019,19.37
Maize,Santhesargur,17-12-2019,16.5
Maize,Somvarpet,17-12-2019,14.78
Goat,Ramdurga,24-11-2019,61
Groundnut,Ramdurga,24-11-2019,45.51
Arhar+Dal(Tur+Dal),Bangarpet,02-12-2019,75.5
Gur(Jaggery),Mhalingapur,24-11-2019,33.8
Jowar(Sorghum),Ramdurga,24-11-2019,21
Maize,Ramdurga,24-11-2019,16.5
Cucumbar(Kheera),Honnali,21-11-2019,3.3
Cucumbar(Kheera),Kolar,21-11-2019,9
Ragi+(Finger+Millet),Piriya Pattana,10-12-2019,18
Rice,Honnali,10-12-2019,19.46
Coconut,K.R.Nagar,27-11-2019,130
Soyabean,Sankeshwar,10-12-2019,35.5
Thogrikai,Kolar,10-12-2019,26
Thondekai,Kolar,10-12-2019,33
Black+pepper,Moodigere,02-12-2019,308.3
Tomato,Channapatana,10-12-2019,11.5
Tomato,Chikkamagalore,10-12-2019,13.11
Tomato,Kolar,10-12-2019,6.26
Tomato,Srinivasapur,10-12-2019,8
Sheep,Ramdurga,24-11-2019,55
Green+Chilli,Doddaballa Pur,25-11-2019,25
Sunflower,Ramdurga,24-11-2019,26
Maize,Chikkamagalore,26-12-2019,18.21
Maize,Haliyala,26-12-2019,19
Maize,Harappana Halli,26-12-2019,19.55
Maize,Honnali,26-12-2019,18.8
Cotton,Manvi,07-12-2019,51
Cotton,Shorapur,07-12-2019,49.4
Cotton,Sindhanur,07-12-2019,50.75
Rice,Karatgi,21-12-2019,33
Green+Chilli,Honnali,28-11-2019,19.6
Wheat,Mhalingapur,01-12-2019,19.5
Castor+Seed,Bellary,02-12-2019,23
Corriander+seed,Bellary,02-12-2019,100
Cotton,Haveri,02-12-2019,48.5
Cotton,Nargunda,02-12-2019,48.62
Cotton,Savanur,02-12-2019,52.67
Cauliflower,Kolar,06-12-2019,16
Tamarind+Fruit,Tumkur,30-12-2019,75
Tamarind+Seed,Shimoga,30-12-2019,108.5
Tamarind+Seed,Tumkur,30-12-2019,15
Dry+Chillies,Byadagi,02-12-2019,119.11
Cabbage,Chikkamagalore,12-11-2019,9.63
Cotton,Manvi,21-11-2019,48.25
Ginger(Green),Shikaripura,02-12-2019,19
Green+Chilli,Chikkamagalore,29-11-2019,20.59
Green+Chilli,Ramanagara,29-11-2019,31
Coconut,Harihara,12-11-2019,90
Ridgeguard(Tori),Kolar,29-12-2019,18
Groundnut,Madhugiri,29-11-2019,48.29
Tomato,Kolar,29-12-2019,9
Cabbage,Honnali,30-11-2019,15.2
Copra,Arasikere,12-11-2019,120.31
Corriander+seed,Bhadravathi,12-11-2019,77.1
Cotton,Bellary,12-11-2019,38.43
Cotton,Chitradurga,12-11-2019,58.04
Cotton,Shorapur,12-11-2019,49.04
Knool+Khol,Kolar,24-12-2019,7
Dry+Chillies,Byadagi,12-11-2019,114
Coconut,Davangere,23-12-2019,120
Paddy(Dhan)(Common),Hanagal,10-12-2019,15
Paddy(Dhan)(Common),Honnali,10-12-2019,17.5
Coconut,Tumkur,23-12-2019,115
Coconut,Udupi,23-12-2019,90
Maize,Haliyala,18-11-2019,17
Maize,Hanagal,18-11-2019,16
Maize,Harappana Halli,18-11-2019,17.96
Maize,Hirekerur,18-11-2019,17
Maize,Holalkere,18-11-2019,18
Maize,Holenarsipura,18-11-2019,17
Maize,Honnali,18-11-2019,17
Maize,Madhugiri,18-11-2019,18
Maize,Ramdurga,18-11-2019,17.5
Groundnut,Madhugiri,12-11-2019,53.01
Groundnut,Mundaragi,12-11-2019,46.62
Groundnut,Savanur,12-11-2019,40.75
Gur(Jaggery),Mandya,12-11-2019,36
Jowar(Sorghum),Bellary,12-11-2019,24.4
Jowar(Sorghum),Haveri,12-11-2019,24.5
Kulthi(Horse+Gram),Badami,12-11-2019,38
Groundnut,Bellary,02-12-2019,38.68
Groundnut,Mundaragi,02-12-2019,42.25
Groundnut,Savanur,02-12-2019,42.57
Maize,Badami,12-11-2019,17
Maize,Bagalakot,12-11-2019,16.98
Maize,Bellary,12-11-2019,16.74
Maize,Haveri,12-11-2019,17.5
Maize,Mundaragi,12-11-2019,15.74
Maize,Piriya Pattana,12-11-2019,16
Maize,Savanur,12-11-2019,16.73
Maize,Shikaripura,12-11-2019,19
Copra,Tumkur,23-12-2019,40
Copra,Turvekere,23-12-2019,115.4
Neem+Seed,Madhugiri,12-11-2019,12
Paddy(Dhan)(Common),Bhadravathi,12-11-2019,17.5
Paddy(Dhan)(Common),Harihara,12-11-2019,18.65
Paddy(Dhan)(Common),Shorapur,12-11-2019,15.98
Gur(Jaggery),Bangarpet,02-12-2019,38.5
Potato,Chikkamagalore,12-11-2019,15.53
Ragi+(Finger+Millet),Bellary,12-11-2019,23.59
Rice,Shikaripura,12-11-2019,27
Jowar(Sorghum),Bellary,02-12-2019,13.5
Jowar(Sorghum),Gulbarga,02-12-2019,38.12
Sajje,Mundaragi,12-11-2019,15.48
Soyabean,Haveri,12-11-2019,36
Sunflower,Bagalakot,12-11-2019,38.06
Sunflower,Mundaragi,12-11-2019,36.87
Tamarind+Seed,Madhugiri,12-11-2019,13.8
Cotton,Annigeri,23-12-2019,51.5
Cotton,Bijapur,23-12-2019,51.75
Cotton,Davangere,23-12-2019,45.4
Cotton,Haveri,23-12-2019,51.45
Cotton,Hubli (Amaragol),23-12-2019,51.81
Cotton,Kottur,23-12-2019,44.66
Tomato,Chikkamagalore,12-11-2019,17.22
Tomato,Srinivasapur,12-11-2019,12.33
Cotton,Raichur,23-12-2019,48
Cotton,Ranebennur,23-12-2019,51.2
Cotton,Savanur,23-12-2019,53.5
Chilly+Capsicum,Ramanagara,27-11-2019,31.5
Cotton,Shorapur,23-12-2019,49.61
Wheat,Bhadravathi,12-11-2019,30.5
Maize,Bellary,02-12-2019,19.59
Maize,Gulbarga,02-12-2019,17.76
Maize,Hanagal,02-12-2019,16
Maize,Harappana Halli,02-12-2019,17
Maize,Haveri,02-12-2019,16
Maize,Mundaragi,02-12-2019,17.91
Maize,Nargunda,02-12-2019,17.12
Maize,Ramdurga,02-12-2019,16
Jowar(Sorghum),Honnali,20-12-2019,19.55
Potato,Kolar,22-11-2019,12
Groundnut,Srinivasapur,09-12-2019,44.23
Coconut,K.R.Nagar,18-12-2019,110
Ragi+(Finger+Millet),Holenarsipura,22-11-2019,20
Rice,Sindhanur,22-11-2019,16.9
Beans,Chikkamagalore,13-11-2019,11.98
Ridgeguard(Tori),Honnali,22-11-2019,19.5
Tomato,Chintamani,22-11-2019,8
Tomato,Kolar,22-11-2019,7.53
Alasande+Gram,Gulbarga,29-11-2019,58.76
Alasande+Gram,Gundlupet,29-11-2019,64
Alasande+Gram,Laxmeshwar,29-11-2019,48.92
Dry+Chillies,Byadagi,23-12-2019,120.89
Dry+Chillies,Hubli (Amaragol),23-12-2019,153.99
Dry+Grapes,Bijapur,23-12-2019,130
Cabbage,Chikkamagalore,13-11-2019,9.78
Coconut,K.R.Nagar,21-11-2019,230
Beans,Honnali,20-11-2019,11
Coconut,Nanjangud,07-12-2019,80
Paddy(Dhan)(Common),Hanagal,02-12-2019,15
Paddy(Dhan)(Common),Harappana Halli,02-12-2019,18
Coconut,Arasikere,13-11-2019,100
Copra,Mandya,13-11-2019,125
Ginger(Green),Shikaripura,23-12-2019,20
Cotton,Laxmeshwar,13-11-2019,51
Soyabean,Sankeshwar,26-11-2019,34.48
Tender+Coconut,Mandya,26-11-2019,100
Thogrikai,Kolar,26-11-2019,27
Elephant+Yam+(Suran),Arasikere,13-11-2019,10
Tomato,Chikkamagalore,26-11-2019,12.6
Tomato,Chintamani,26-11-2019,10.66
Tomato,Kadur,26-11-2019,20
Tomato,Kolar,26-11-2019,8.13
Tomato,Srinivasapur,26-11-2019,7.33
Green+Chilli,Chikkamagalore,13-11-2019,17.71
Paddy(Dhan)(Common),Haliyala,22-11-2019,16.99
Cotton,Nargunda,11-11-2019,46.57
Paddy(Dhan)(Common),Hanagal,22-11-2019,16.5
Paddy(Dhan)(Common),Holenarsipura,22-11-2019,20
Groundnut,Chitradurga,13-11-2019,41.24
Groundnut,Laxmeshwar,13-11-2019,38.4
Groundnut,Mundaragi,13-11-2019,39.65
Groundnut,Savanur,13-11-2019,42.35
Gur(Jaggery),Bangarpet,13-11-2019,32
Gur(Jaggery),Mandya,13-11-2019,35.7
Gur(Jaggery),Srirangapattana,13-11-2019,31
Jowar(Sorghum),Haveri,13-11-2019,34.5
Kulthi(Horse+Gram),Shikaripura,13-11-2019,32
Ginger(Green),Bangalore,29-11-2019,29.75
Ginger(Green),Kolar,29-11-2019,37.61
Ginger(Green),Ramanagara,29-11-2019,48
Maize,Arasikere,13-11-2019,17.5
Maize,Chitradurga,13-11-2019,17
Maize,Hanagal,13-11-2019,17
Maize,Hirekerur,13-11-2019,16
Maize,Holalkere,13-11-2019,20
Maize,Holenarsipura,13-11-2019,14
Maize,Mundaragi,13-11-2019,16.02
Cauliflower,Kolar,05-12-2019,12
Cabbage,Honnali,14-11-2019,8.5
Rice,Bangarpet,02-12-2019,31
Rice,Gulbarga,02-12-2019,41.55
Groundnut,Challakere,23-12-2019,44.12
Groundnut,Chitradurga,23-12-2019,44.21
Groundnut,Davangere,23-12-2019,38.59
Groundnut,Gadag,23-12-2019,36.58
Groundnut,Hubli (Amaragol),23-12-2019,36.09
Groundnut,Raichur,23-12-2019,39.69
Groundnut,Ranebennur,23-12-2019,47.6
Groundnut,Savanur,23-12-2019,41.03
Groundnut,Sira,23-12-2019,45.12
Paddy(Dhan)(Common),Hanagal,13-11-2019,17.4
Paddy(Dhan)(Common),Shikaripura,13-11-2019,24
Paddy(Dhan)(Common),Srirangapattana,13-11-2019,17.5
Jowar(Sorghum),Nargunda,11-11-2019,35
Safflower,Gulbarga,02-12-2019,47.16
She+Goat,Pavagada,02-12-2019,45
Soyabean,Gulbarga,02-12-2019,35.06
Maize,Nargunda,11-11-2019,20.6
Paddy(Dhan)(Common),Harappana Halli,26-11-2019,18.5
Paddy(Dhan)(Common),K.R.Nagar,26-11-2019,16.24
Gur(Jaggery),Bhadravathi,23-12-2019,28.55
Potato,Chikkamagalore,13-11-2019,14.88
Sunflower,Gulbarga,02-12-2019,32.54
Sunflower,Mundaragi,02-12-2019,36.21
Sunflower,Nargunda,02-12-2019,27.8
Onion,Gadag,23-11-2019,20
Onion,Gadag,11-11-2019,16
Alasande+Gram,Gundlupet,30-11-2019,59
Jowar(Sorghum),Gadag,23-12-2019,32.89
Jowar(Sorghum),Hubli (Amaragol),23-12-2019,32.19
Jowar(Sorghum),Kottur,23-12-2019,20.59
Tomato,Bangarpet,02-12-2019,9.2
Kulthi(Horse+Gram),Gundlupet,23-12-2019,32.5
Kulthi(Horse+Gram),Mysore (Bandipalya),23-12-2019,31.49
Ragi+(Finger+Millet),Arasikere,13-11-2019,23
Ragi+(Finger+Millet),Bangarpet,13-11-2019,23.5
Rice,Bangarpet,13-11-2019,30
Gur(Jaggery),Srirangapattana,31-12-2019,24.5
Cauliflower,Chikkamagalore,27-11-2019,10.53
Maize,Athani,23-12-2019,17
Maize,Badami,23-12-2019,17.5
Maize,Bagalakot,23-12-2019,20.12
Maize,Bhadravathi,23-12-2019,17.5
Maize,Chitradurga,23-12-2019,19.14
Maize,Davangere,23-12-2019,18.2
Maize,Gadag,23-12-2019,19.05
Maize,Gundlupet,23-12-2019,13.8
Maize,Haveri,23-12-2019,18.5
Maize,Hubli (Amaragol),23-12-2019,18.61
Maize,Kadur,23-12-2019,19
Maize,Kottur,23-12-2019,19.54
Maize,Savanur,23-12-2019,18.5
Maize,Shikaripura,23-12-2019,18
Maize,Shimoga,23-12-2019,19.25
Sunflower,Chitradurga,13-11-2019,31.16
Sunflower,Mundaragi,13-11-2019,35.11
Sunflower,Yadgir,13-11-2019,32.71
Castor+Seed,Gundlupet,29-11-2019,38.8
Green+Chilli,Honnali,09-12-2019,19.3
Green+Chilli,Kolar,09-12-2019,19
Tomato,Chikkamagalore,13-11-2019,16.17
Tomato,Chintamani,13-11-2019,13.33
Beans,Chikkamagalore,30-11-2019,14.74
Beetroot,Chikkamagalore,30-11-2019,16.13
Green+Peas,Bangalore,09-12-2019,89
Black+pepper,Chikkamagalore,30-11-2019,249.85
Wheat,Bhadravathi,13-11-2019,25.61
Gur(Jaggery),Kudchi,20-12-2019,32
Cotton,Nargunda,25-11-2019,48.8
Cowpea(Veg),Honnali,25-11-2019,11.5
Coconut,Mysore (Bandipalya),29-11-2019,160
Copra,Arasikere,29-11-2019,112.09
Copra,Tumkur,29-11-2019,38
Rice,Karatgi,11-11-2019,39.59
Coriander(Leaves),Tumkur,29-11-2019,84
Cabbage,Chikkamagalore,30-11-2019,10.92
Onion,Bijapur,23-12-2019,45
Onion,Hubli (Amaragol),23-12-2019,43
Onion,Raichur,23-12-2019,56.7
Onion,Ranebennur,23-12-2019,48
Onion,Tumkur,23-12-2019,54
Banana,Channapatana,30-11-2019,20
Banana+-+Green,Doddaballa Pur,30-11-2019,33
Cauliflower,Kolar,18-12-2019,16
Corriander+seed,Bhadravathi,29-11-2019,77.77
Brinjal,Honnali,16-12-2019,12
Beetroot,Honnali,30-11-2019,15.2
Sunflower,Nargunda,11-11-2019,29
Paddy(Dhan)(Common),Hanagal,11-11-2019,16.6
Paddy(Dhan)(Common),Harihara,11-11-2019,18.3
Paddy(Dhan)(Common),Holenarsipura,11-11-2019,20
Cotton,Annigeri,29-11-2019,50
Cotton,Bellary,29-11-2019,39.99
Cotton,Bijapur,29-11-2019,49.6
Cotton,Dharwar,29-11-2019,51.57
Cotton,Gokak,29-11-2019,47
Cotton,Gundlupet,29-11-2019,60.62
Cotton,Hubli (Amaragol),29-11-2019,51.59
Cotton,Raichur,29-11-2019,47
Cotton,Ranebennur,29-11-2019,44.82
Paddy(Dhan)(Common),Davangere,23-12-2019,18.3
Paddy(Dhan)(Common),Gonikappal,23-12-2019,18
Paddy(Dhan)(Common),Haveri,23-12-2019,16.8
Paddy(Dhan)(Common),Mysore (Bandipalya),23-12-2019,16.71
Paddy(Dhan)(Common),Raichur,23-12-2019,19.69
Paddy(Dhan)(Common),Shikaripura,23-12-2019,17.5
Paddy(Dhan)(Common),Shorapur,23-12-2019,16.53
Ragi+(Finger+Millet),Chintamani,11-11-2019,22
Ragi+(Finger+Millet),Holenarsipura,11-11-2019,18.5
Rice,Honnali,11-11-2019,18.56
Ridgeguard(Tori),Honnali,11-11-2019,19.3
Tender+Coconut,Holenarsipura,11-11-2019,90
Tomato,Kolar,11-11-2019,10.53
Tomato,Srinivasapur,11-11-2019,12.33
Jowar(Sorghum),Harappana Halli,18-11-2019,18.05
Jowar(Sorghum),Ramdurga,18-11-2019,20
Coconut,Kumta,30-11-2019,130
Copra,Gubbi,30-11-2019,116
Copra,Kunigal,30-11-2019,110
Coriander(Leaves),Gadag,30-11-2019,62.86
Coriander(Leaves),Tumkur,30-11-2019,83
Green+Chilli,Kolar,29-12-2019,15
Cotton,Annigeri,30-11-2019,55
Cotton,Bijapur,30-11-2019,49.42
Cotton,Chitradurga,30-11-2019,52.71
Cotton,Dharwar,30-11-2019,50.26
Cotton,Gadag,30-11-2019,47.54
Cotton,Gundlupet,30-11-2019,68
Cotton,Haveri,30-11-2019,52
Cotton,Hubli (Amaragol),30-11-2019,49.89
Cotton,Raichur,30-11-2019,46
Tomato,Ramanagara,15-11-2019,10
Capsicum,Kolar,05-12-2019,20
Alasande+Gram,Gundlupet,20-12-2019,45
Cucumbar(Kheera),Chikkamagalore,30-11-2019,10.29
Rice,Karatgi,16-12-2019,31.2
Rice,Sindhanur,16-12-2019,35
Maize,Haliyala,22-11-2019,16
Maize,Hanagal,22-11-2019,16
Maize,Harihara,22-11-2019,16
Maize,Hirekerur,22-11-2019,16.5
Maize,Holenarsipura,22-11-2019,13
Maize,Honnali,22-11-2019,16.6
Maize,Sindhanur,22-11-2019,17.26
Garlic,Mysore (Bandipalya),29-11-2019,115
Cashewnuts,Chintamani,21-11-2019,82.5
Dry+Chillies,Gadag,28-12-2019,120
Dry+Chillies,Gadag,30-11-2019,90
Dry+Chillies,Hubli (Amaragol),30-11-2019,51.1
Potato,Hubli (Amaragol),23-12-2019,16
Ginger(Green),Arakalgud,29-11-2019,19
Ginger(Green),Gonikappal,29-11-2019,25
Cabbage,Chikkamagalore,06-12-2019,10.19
Cucumbar(Kheera),Channapatana,29-11-2019,6
Cucumbar(Kheera),Chikkamagalore,29-11-2019,10.14
Cotton,Manvi,28-11-2019,49.16
Cotton,Nargunda,28-11-2019,47.94
Cucumbar(Kheera),Channapatana,28-11-2019,9
Groundnut,Davangere,30-11-2019,37.22
Groundnut,Gadag,30-11-2019,36.89
Groundnut,Haveri,30-11-2019,48.5
Groundnut,Hiriyur,30-11-2019,45.47
Groundnut,Hubli (Amaragol),30-11-2019,38.69
Groundnut,Kumta,30-11-2019,71.45
Groundnut,Raichur,30-11-2019,43.45
Groundnut,Tumkur,30-11-2019,52
Gur(Jaggery),Bijapur,30-11-2019,32
Gur(Jaggery),Gulbarga,30-11-2019,36.5
Cabbage,Honnali,27-11-2019,14
Jowar(Sorghum),Basava Kalayana,30-11-2019,39
Jowar(Sorghum),Dharwar,30-11-2019,39
Jowar(Sorghum),Gadag,30-11-2019,30.09
Jowar(Sorghum),Gangavathi,30-11-2019,24
Jowar(Sorghum),Gulbarga,30-11-2019,41.5
Jowar(Sorghum),Haveri,30-11-2019,32
Jowar(Sorghum),Hubli (Amaragol),30-11-2019,28.56
Carrot,Ramanagara,27-11-2019,56
Kulthi(Horse+Gram),Gundlupet,30-11-2019,34.4
Ragi+(Finger+Millet),Davangere,23-12-2019,21.1
Ragi+(Finger+Millet),Kottur,23-12-2019,21.62
Ragi+(Finger+Millet),Mysore (Bandipalya),23-12-2019,22.5
Maize,Bagalakot,30-11-2019,17.6
Maize,Bellary,30-11-2019,17.79
Maize,Bidar,30-11-2019,15
Maize,Chikkamagalore,30-11-2019,16.95
Maize,Davangere,30-11-2019,18.1
Maize,Dharwar,30-11-2019,16.6
Maize,Gadag,30-11-2019,17.71
Maize,Gulbarga,30-11-2019,17.54
Maize,Gundlupet,30-11-2019,15
Maize,H.B. Halli,30-11-2019,17
Maize,Harappana Halli,30-11-2019,17
Maize,Haveri,30-11-2019,17.3
Maize,Hubli (Amaragol),30-11-2019,15.39
Maize,Kunigal,30-11-2019,19.4
Maize,Ramdurga,30-11-2019,19
Maize,Tumkur,30-11-2019,17.3
Gur(Jaggery),Belgaum,28-12-2019,29
Rice,Gangavathi,23-12-2019,19.9
Rice,Shikaripura,23-12-2019,27
Green+Chilli,Honnali,18-11-2019,13.8
Groundnut,Bellary,29-11-2019,45.09
Groundnut,Hubli (Amaragol),29-11-2019,36.59
Groundnut,Kottur,29-11-2019,44.4
Groundnut,Laxmeshwar,29-11-2019,43.2
Groundnut,Raichur,29-11-2019,52.33
Green+Peas,Bangalore,18-11-2019,88
Green+Chilli,Honnali,20-12-2019,17.5
Groundnut,Madhugiri,18-11-2019,40
Green+Peas,Bangalore,20-12-2019,80.5
Safflower,Gadag,23-12-2019,45.8
Sajje,Gadag,23-12-2019,16.01
Same/Savi,Kadur,23-12-2019,24
Sheep,Bhadravathi,23-12-2019,111.91
Sheep,Turvekere,23-12-2019,90
Groundnut,Madhugiri,31-12-2019,43.96
Soyabean,Bidar,23-12-2019,39.5
Soyabean,Hubli (Amaragol),23-12-2019,34.29
Onion,Davangere,30-11-2019,30
Onion,Hubli (Amaragol),30-11-2019,40.5
Onion,Raichur,30-11-2019,45.86
Gur(Jaggery),Bangarpet,29-11-2019,38.5
Gur(Jaggery),Gulbarga,29-11-2019,36
Gur(Jaggery),Mandya,29-11-2019,27.8
Gur(Jaggery),Mhalingapur,29-11-2019,33.14
Sunflower,Bagalakot,23-12-2019,30.72
Sunflower,Challakere,23-12-2019,38.02
Sunflower,Chitradurga,23-12-2019,38.04
Sunflower,Gadag,23-12-2019,37.95
Sunflower,Raichur,23-12-2019,38.51
Tamarind+Seed,Haveri,23-12-2019,13.6
Tamarind+Seed,Tumkur,23-12-2019,15
Paddy(Dhan)(Common),Davangere,30-11-2019,17.5
Paddy(Dhan)(Common),H.B. Halli,30-11-2019,18.5
Paddy(Dhan)(Common),Harappana Halli,30-11-2019,17.5
Paddy(Dhan)(Common),Harihara,30-11-2019,18.15
Paddy(Dhan)(Common),Kumta,30-11-2019,15.5
Paddy(Dhan)(Common),Raichur,30-11-2019,18.71
Jowar(Sorghum),Bellary,29-11-2019,24.59
Jowar(Sorghum),Chittapur,29-11-2019,35
Jowar(Sorghum),Dharwar,29-11-2019,35.66
Jowar(Sorghum),Gulbarga,29-11-2019,41.52
Jowar(Sorghum),Hubli (Amaragol),29-11-2019,24.59
Jowar(Sorghum),Laxmeshwar,29-11-2019,33.27
Beetroot,Honnali,16-12-2019,26
Beetroot,Kolar,16-12-2019,24
Bitter+gourd,Honnali,16-12-2019,14.7
Tomato,Gundlupet,23-12-2019,10.5
Tomato,Kadur,23-12-2019,7.69
Beans,Kolar,14-11-2019,18
Kulthi(Horse+Gram),Gundlupet,29-11-2019,32
Kulthi(Horse+Gram),Tumkur,29-11-2019,37
Gur(Jaggery),Bangarpet,24-12-2019,40
Jowar(Sorghum),Lingasugur,17-12-2019,19
Onion,Belgaum,28-12-2019,68
Bitter+gourd,Ramanagara,15-11-2019,34
Potato,Chikkamagalore,30-11-2019,15.2
Potato,Hubli (Amaragol),30-11-2019,14
Capsicum,Kolar,18-12-2019,25
Maize,Arakalgud,29-11-2019,14
Maize,Bagalakot,29-11-2019,17.51
Maize,Bellary,29-11-2019,17.53
Maize,Bhadravathi,29-11-2019,16.19
Maize,Bidar,29-11-2019,14.5
Maize,Bijapur,29-11-2019,16.3
Maize,Dharwar,29-11-2019,17
Maize,Gokak,29-11-2019,17.4
Maize,Gulbarga,29-11-2019,16.8
Maize,Gundlupet,29-11-2019,15
Wheat,Bidar,23-12-2019,25
Wheat,Gadag,23-12-2019,26.82
Wheat,Hubli (Amaragol),23-12-2019,18.26
Maize,Hubli (Amaragol),29-11-2019,17.01
Maize,Rona,29-11-2019,17.22
Maize,Shimoga,29-11-2019,17.05
Chilly+Capsicum,Kolar,29-12-2019,20
Brinjal,Bangarpet,05-12-2019,10
Brinjal,Kolar,05-12-2019,15
Coconut,Doddaballa Pur,28-11-2019,160
Coconut,Pandavapura,28-11-2019,130
Maize,Hanagal,11-11-2019,17
Maize,Harappana Halli,11-11-2019,18
Maize,Holenarsipura,11-11-2019,18.5
Maize,Honnali,11-11-2019,18.4
Green+Avare+(W),Kolar,26-12-2019,23
Green+Chilli,Chikkamagalore,26-12-2019,21.82
Green+Chilli,Kolar,26-12-2019,16
Ragi+(Finger+Millet),Davangere,30-11-2019,18.8
Methi+Seeds,Shimoga,29-11-2019,57
Rice,Gulbarga,30-11-2019,41.5
Gur(Jaggery),Manvi,26-12-2019,47
Maize,Harappana Halli,26-11-2019,16.2
Maize,Honnali,26-11-2019,16.5
Maize,K.R.Nagar,26-11-2019,14
Maize,Kadur,26-11-2019,17
Maize,Piriya Pattana,26-11-2019,14.5
Maize,Sankeshwar,26-11-2019,17.86
Maize,Shikaripura,26-11-2019,16
Bottle+gourd,Chikkamagalore,06-12-2019,8.57
Safflower,Gulbarga,30-11-2019,47.84
Safflower,Hubli (Amaragol),30-11-2019,47.11
Sajje,Gadag,30-11-2019,15.39
Soyabean,Basava Kalayana,30-11-2019,35
Soyabean,Bidar,30-11-2019,35.25
Soyabean,Gulbarga,30-11-2019,32.76
Soyabean,Hubli (Amaragol),30-11-2019,28.89
Potato,Belgaum,28-12-2019,18.5
Sunflower,Gadag,30-11-2019,35.97
Sunflower,Gulbarga,30-11-2019,32.76
Sunflower,H.B. Halli,30-11-2019,34
Maize,Haliyala,10-12-2019,17.8
Maize,Hanagal,10-12-2019,17
Maize,Hirekerur,10-12-2019,17
Maize,Holenarsipura,10-12-2019,19.5
Maize,Honnali,10-12-2019,17.9
Maize,Kolar,10-12-2019,53.21
Maize,Piriya Pattana,10-12-2019,17
Maize,Sankeshwar,10-12-2019,17.5
Tomato,Chikkamagalore,30-11-2019,12.21
Tomato,Davangere,30-11-2019,9
Onion,Hubli (Amaragol),29-11-2019,38
Onion,Raichur,29-11-2019,42.6
Onion,Ranebennur,29-11-2019,26
Coconut,Hiriyur,29-11-2019,141.76
Coconut,Honnali,29-11-2019,100
Brinjal,Honnali,27-11-2019,13.8
Brinjal,Ramanagara,27-11-2019,30
Copra,Kunigal,29-11-2019,118
Cotton,Madhugiri,29-11-2019,103
Cotton,Nargunda,29-11-2019,49.9
Cotton,Sindhanur,29-11-2019,49.5
Knool+Khol,Doddaballa Pur,22-11-2019,15
Turmeric,Gundlupet,30-11-2019,60
Ginger(Green),Ramanagara,20-12-2019,48
Wheat,Bidar,30-11-2019,26.5
Wheat,Gadag,30-11-2019,25.82
Wheat,Hubli (Amaragol),30-11-2019,25.39
Wheat,Shimoga,30-11-2019,33
Cabbage,Ramanagara,07-12-2019,29
Knool+Khol,Kolar,11-11-2019,20
Paddy(Dhan)(Common),Raichur,29-11-2019,18.89
Groundnut,Chintamani,17-12-2019,45
Alasande+Gram,Gundlupet,19-11-2019,59
Gur(Jaggery),Pandavapura,17-12-2019,30
Gur(Jaggery),Sankeshwar,17-12-2019,33.81
Black+pepper,Somvarpet,21-11-2019,295
Arhar+Dal(Tur+Dal),Shimoga,19-11-2019,87.5
Brinjal,Honnali,21-11-2019,13.5
Sweet+Potato,Belgaum,28-12-2019,7.5
Raddish,Honnali,30-12-2019,7.28
Raddish,Ramanagara,30-12-2019,12
Avare+Dal,Chintamani,14-11-2019,35
Ragi+(Finger+Millet),Chintamani,30-12-2019,22.5
Dry+Chillies,Hubli (Amaragol),31-12-2019,90.58
Rice,Chintamani,30-12-2019,38
Rice,Honnali,30-12-2019,19.43
Rice,Kolar,30-12-2019,52.25
Ridgeguard(Tori),Honnali,30-12-2019,19.56
Soyabean,Sankeshwar,30-12-2019,43
Tender+Coconut,Channagiri,30-12-2019,12
Thondekai,Kolar,30-12-2019,25
Tomato,Kolar,30-12-2019,7
Black+pepper,Gonikappal,19-11-2019,284
Black+pepper,Kumta,19-11-2019,200
Maize,Bellary,17-12-2019,19.15
Ginger(Green),Shikaripura,18-11-2019,22
Chilly+Capsicum,Kolar,28-11-2019,13
Alasande+Gram,Dharwar,25-11-2019,50
Alasande+Gram,Laxmeshwar,25-11-2019,51.26
Alasande+Gram,Holenarsipura,16-12-2019,54
Brinjal,Kolar,18-12-2019,16
Groundnut,Madhugiri,19-12-2019,45.03
Groundnut,Srinivasapur,19-12-2019,51.59
Arhar+Dal(Tur+Dal),Mysore (Bandipalya),25-11-2019,88
Carrot,Doddaballa Pur,25-11-2019,30
Cauliflower,Doddaballa Pur,25-11-2019,10
Cowpea(Veg),Honnali,09-12-2019,24
Cucumbar(Kheera),Honnali,09-12-2019,7.83
Beetroot,Chikkamagalore,16-12-2019,19.57
Chili+Red,Shimoga,19-11-2019,175
Groundnut,Hubli (Amaragol),31-12-2019,38.98
Coconut,Kadur,19-11-2019,148.26
Coconut,Kumta,19-11-2019,100
Coconut,Udupi,19-11-2019,110
Coriander(Leaves),Tumkur,19-11-2019,85
Black+pepper,Bangalore,25-11-2019,355
Black+pepper,Gonikappal,25-11-2019,300
Arhar+Dal(Tur+Dal),Shimoga,20-11-2019,86.5
Cotton,Annigeri,19-11-2019,52
Cotton,Bellary,19-11-2019,43.79
Cotton,Bijapur,19-11-2019,50.81
Cotton,Gadag,19-11-2019,47.06
Cotton,Hubli (Amaragol),19-11-2019,49.09
Cotton,Hunsur,19-11-2019,42.94
Cotton,Raichur,19-11-2019,48
Cotton,Shorapur,19-11-2019,50.23
Cotton,Sindhanur,19-11-2019,52.5
Black+pepper,Moodigere,16-12-2019,273.76
Gur(Jaggery),Gundlupet,20-12-2019,36.4
Cucumbar(Kheera),Bangarpet,19-11-2019,5
Garlic,Tumkur,19-11-2019,68
Bitter+gourd,Ramanagara,27-11-2019,27
Ginger(Dry),Bhadravathi,19-11-2019,23
Ginger(Green),Tarikere,19-11-2019,19.07
Black+pepper,Somvarpet,07-12-2019,293
Black+pepper,Kadur,20-11-2019,200
Beans,Kolar,21-11-2019,15
Beans,Somvarpet,21-11-2019,15
Beetroot,Honnali,21-11-2019,14.2
Rice,Bangarpet,29-11-2019,24
Kulthi(Horse+Gram),Gundlupet,20-12-2019,28
Green+Peas,Shimoga,19-11-2019,87.5
Jowar(Sorghum),Harappana Halli,11-11-2019,25
Jowar(Sorghum),Manvi,11-11-2019,10.5
Groundnut,Gadag,19-11-2019,35.69
Groundnut,H.B. Halli,19-11-2019,40
Groundnut,Hubli (Amaragol),19-11-2019,39.19
Groundnut,Kumta,19-11-2019,54.03
Groundnut,Pavagada,19-11-2019,46
Groundnut,Raichur,19-11-2019,43.05
Gur(Jaggery),Bangarpet,19-11-2019,31.5
Gur(Jaggery),Bijapur,19-11-2019,34.1
Safflower,Gulbarga,29-11-2019,47.52
Jowar(Sorghum),Bellary,19-11-2019,16.07
Jowar(Sorghum),Dharwar,19-11-2019,38
Jowar(Sorghum),Gadag,19-11-2019,34.32
Jowar(Sorghum),Hoskote,19-11-2019,16
Jowar(Sorghum),Hubli (Amaragol),19-11-2019,35.09
Jowar(Sorghum),Shimoga,19-11-2019,45.5
Jowar(Sorghum),Sindhanur,19-11-2019,33
Soyabean,Bidar,29-11-2019,35
Soyabean,Gulbarga,29-11-2019,33.76
Soyabean,Hubli (Amaragol),29-11-2019,30.03
Cabbage,Chikkamagalore,16-12-2019,9.88
Maize,Bagalakot,19-11-2019,16.65
Maize,Bhadravathi,19-11-2019,16
Maize,Dharwar,19-11-2019,16.29
Maize,Gadag,19-11-2019,15.82
Maize,H.B. Halli,19-11-2019,16.5
Maize,Hubli (Amaragol),19-11-2019,13.16
Maize,Hunsur,19-11-2019,15
Maize,Kadur,19-11-2019,16
Maize,Nippani,19-11-2019,18.55
Maize,Tumkur,19-11-2019,18
Methi+Seeds,Shimoga,19-11-2019,50
Sunflower,Gulbarga,29-11-2019,32.76
Sunflower,Kottur,29-11-2019,33.87
Maize,Gundlupet,20-12-2019,12
Tamarind+Fruit,Tumkur,29-11-2019,73
Onion,Gadag,31-12-2019,20
Onion,Gadag,19-11-2019,17
Onion,Hubli (Amaragol),19-11-2019,26.5
Onion,Kadur,19-11-2019,20
Onion,Raichur,19-11-2019,37
Onion,Ranebennur,19-11-2019,18
Cauliflower,Chikkamagalore,16-12-2019,10.18
Coconut,Tumkur,20-11-2019,102
Tomato,Gundlupet,29-11-2019,13.75
Copra,Tumkur,20-11-2019,116
Brinjal,Honnali,25-11-2019,12.2
Corriander+seed,Mysore (Bandipalya),20-11-2019,71.5
Green+Chilli,Chikkamagalore,24-12-2019,20.73
Cotton,Annigeri,20-11-2019,50
Cotton,Bijapur,20-11-2019,50.5
Cotton,Davangere,20-11-2019,49.41
Cotton,Haveri,20-11-2019,50.3
Cotton,Hubli (Amaragol),20-11-2019,50.5
Cotton,Raichur,20-11-2019,47.5
Paddy(Dhan)(Common),H.B. Halli,19-11-2019,18.5
Paddy(Dhan)(Common),Raichur,19-11-2019,18.77
Paddy(Dhan)(Common),Shorapur,19-11-2019,16.5
Paddy(Dhan)(Common),Tarikere,19-11-2019,23
Beetroot,Kolar,05-12-2019,33
Cabbage,Honnali,25-11-2019,15.3
Groundnut,Madhugiri,24-12-2019,41.1
Tomato,Chickkaballapura,24-12-2019,9.6
Coconut,Arasikere,25-11-2019,170
Coconut,Davangere,25-11-2019,110
Coconut,K.R. Pet,25-11-2019,100
Coconut,Tumkur,25-11-2019,105
Coconut,Udupi,25-11-2019,140
Copra,Arasikere,25-11-2019,112
Copra,Turvekere,25-11-2019,117.69
Black+pepper,Gonikappal,30-11-2019,280
Coriander(Leaves),Tumkur,25-11-2019,85
Black+pepper,Moodigere,30-11-2019,225.95
Black+pepper,Somvarpet,30-11-2019,250
Cauliflower,Chikkamagalore,29-11-2019,10.27
Cotton,Haliyala,09-12-2019,67.9
Cotton,Manvi,09-12-2019,49.37
Paddy(Dhan)(Common),Haliyala,30-12-2019,16
Cotton,Annigeri,25-11-2019,55.5
Cotton,Bhadravathi,25-11-2019,52
Cotton,Bijapur,25-11-2019,50.1
Cotton,Davangere,25-11-2019,45.5
Cotton,Dharwar,25-11-2019,50.72
Cotton,Hubli (Amaragol),25-11-2019,49.09
Cotton,Kottur,25-11-2019,43.21
Maize,Hiriyur,01-12-2019,33.48
Potato,Hubli (Amaragol),19-11-2019,10.5
Cotton,Raichur,25-11-2019,50
Cotton,Ranebennur,25-11-2019,49.3
Paddy(Dhan)(Common),Lingasugur,30-12-2019,19.05
Cotton,Savanur,25-11-2019,52.42
Cotton,Shorapur,25-11-2019,46.98
Paddy(Dhan)(Common),Nanjangud,30-12-2019,20
Turmeric,Gundlupet,29-11-2019,65
Garlic,Chintamani,17-12-2019,100
Ginger(Green),K.R.Nagar,17-12-2019,20
Ginger(Green),Somvarpet,17-12-2019,25
Banana+-+Green,Doddaballa Pur,06-12-2019,30
Ginger(Green),Kolar,19-12-2019,36.66
Ginger(Green),Moodigere,19-12-2019,17.8
Beans,Chikkamagalore,06-12-2019,14.91
Beetroot,Honnali,06-12-2019,17.3
Wheat,Hubli (Amaragol),29-11-2019,22.12
Green+Chilli,Channapatana,19-12-2019,22
Groundnut,Challakere,20-11-2019,48.94
Groundnut,Davangere,20-11-2019,42.36
Groundnut,Haveri,20-11-2019,47
Groundnut,Hubli (Amaragol),20-11-2019,38.89
Groundnut,Laxmeshwar,20-11-2019,39
Dry+Chillies,Hubli (Amaragol),25-11-2019,90.89
Dry+Chillies,Mysore (Bandipalya),25-11-2019,147.5
Ragi+(Finger+Millet),Bangarpet,19-11-2019,22.9
Ragi+(Finger+Millet),Hoskote,19-11-2019,17
Elephant+Yam+(Suran),Arasikere,25-11-2019,13
Ragi+(Finger+Millet),Shimoga,19-11-2019,25.5
Ragi+(Finger+Millet),Tumkur,19-11-2019,22
Gur(Jaggery),Mhalingapur,20-11-2019,33.48
Gur(Jaggery),Ramdurga,20-11-2019,34.6
Rice,Nippani,19-11-2019,27.5
Rice,Sindhanur,19-11-2019,17
Jowar(Sorghum),Hubli (Amaragol),20-11-2019,28.69
Sajje,Gadag,19-11-2019,14.94
Cotton,Haliyala,16-12-2019,70.69
Soyabean,Bidar,19-11-2019,30.5
Soyabean,Hubli (Amaragol),19-11-2019,32.69
Arhar+Dal(Tur+Dal),Bangalore,06-12-2019,83.5
Avare+Dal,Bangalore,06-12-2019,43.5
Sunflower,Bagalakot,19-11-2019,28.33
Sunflower,Gadag,19-11-2019,35.65
Sunflower,Raichur,19-11-2019,36.69
Maize,Arasikere,20-11-2019,16.5
Maize,Bijapur,20-11-2019,16.5
Maize,Davangere,20-11-2019,15.8
Maize,Gangavathi,20-11-2019,16.5
Copra,Tiptur,30-11-2019,115
Maize,Haveri,20-11-2019,17
Tamarind+Fruit,Tumkur,19-11-2019,65
Maize,Hubli (Amaragol),20-11-2019,14.01
Maize,Kadur,20-11-2019,16.25
Maize,Kottur,20-11-2019,16.45
Maize,Ramdurga,20-11-2019,18
Maize,Shikaripura,20-11-2019,14.5
Maize,Shimoga,20-11-2019,16.85
Maize,Tumkur,20-11-2019,16.2
Ginger(Green),Hosanagar,25-11-2019,18
Tomato,Bangarpet,19-11-2019,15
Tomato,Chickkaballapura,19-11-2019,10.6
Tomato,Gundlupet,19-11-2019,12
Tomato,Kadur,19-11-2019,12.82
Cotton,Savanur,30-11-2019,52.95
Cotton,Sindhanur,30-11-2019,50.25
Grapes,Kolar,11-11-2019,26.67
Green+Chilli,Honnali,11-11-2019,12
Cucumbar(Kheera),Chikkamagalore,16-12-2019,10.2
Mustard,Mysore (Bandipalya),20-11-2019,50
Beans,Chikkamagalore,27-11-2019,13.31
Beans,Chintamani,27-11-2019,15
Beans,Ramanagara,27-11-2019,28
Beetroot,Honnali,27-11-2019,15
Wheat,Gadag,19-11-2019,21.87
Beans,Honnali,07-12-2019,13.6
Ginger(Dry),Hosanagar,30-11-2019,106.23
Ginger(Green),Hosanagar,30-11-2019,24
Onion,Davangere,20-11-2019,27.5
Onion,Hubli (Amaragol),20-11-2019,26
Onion,Raichur,20-11-2019,40
Banana+-+Green,Santhesargur,07-12-2019,12
Cowpea(Veg),Honnali,20-12-2019,15
Cucumbar(Kheera),Honnali,20-12-2019,15.87
Cabbage,Honnali,28-11-2019,15.5
Paddy(Dhan)(Common),Davangere,20-11-2019,19
Paddy(Dhan)(Common),Mysore (Bandipalya),20-11-2019,15.51
Paddy(Dhan)(Common),Raichur,20-11-2019,18.49
Groundnut,Laxmeshwar,30-11-2019,43
Groundnut,Mundaragi,30-11-2019,45.17
Groundnut,Savanur,30-11-2019,43.97
Gur(Jaggery),Mandya,30-11-2019,27.8
Ground+Nut+Seed,Mysore (Bandipalya),25-11-2019,90
Groundnut,Bagalakot,25-11-2019,31.67
Groundnut,Bijapur,25-11-2019,40
Groundnut,Challakere,25-11-2019,49.44
Groundnut,Davangere,25-11-2019,43.12
Groundnut,Hubli (Amaragol),25-11-2019,42.09
Groundnut,Laxmeshwar,25-11-2019,41.38
Groundnut,Raichur,25-11-2019,44.88
Jowar(Sorghum),Kottur,30-11-2019,19.15
Maize,Hosanagar,30-11-2019,16
Maize,Kottur,30-11-2019,18.38
Maize,Mundaragi,30-11-2019,17.56
Bitter+gourd,Doddaballa Pur,25-11-2019,21
Maize,Sindhanur,30-11-2019,15.5
Suvarna+Gadde,Somvarpet,30-12-2019,8.33
Groundnut,Ranebennur,25-11-2019,41.55
Groundnut,Rona,25-11-2019,36.66
Groundnut,Savanur,25-11-2019,44.12
Moath+Dal,Bangalore,30-11-2019,61
Potato,Hubli (Amaragol),20-11-2019,15
Green+Chilli,Chikkamagalore,16-12-2019,20.79
Gur(Jaggery),Bijapur,25-11-2019,33.6
Gur(Jaggery),Mandya,25-11-2019,30.5
Gur(Jaggery),Mhalingapur,25-11-2019,33.13
Groundnut,Chintamani,26-11-2019,48
Groundnut,Bellary,25-11-2019,47.86
Cowpea(Veg),Honnali,18-11-2019,17
Cucumbar(Kheera),Bangarpet,18-11-2019,4.5
Jowar(Sorghum),Bellary,25-11-2019,23.46
Jowar(Sorghum),Hubli (Amaragol),25-11-2019,34.05
Jowar(Sorghum),Kottur,25-11-2019,27.01
Jowar(Sorghum),Laxmeshwar,25-11-2019,28.48
Paddy(Dhan)(Common),Hosanagar,30-11-2019,16
Paddy(Dhan)(Common),Shikaripura,30-11-2019,16.5
Paddy(Dhan)(Common),Somvarpet,30-11-2019,13
Ragi+(Finger+Millet),Arasikere,20-11-2019,18
Ragi+(Finger+Millet),Davangere,20-11-2019,18.9
Ragi+(Finger+Millet),Kottur,20-11-2019,16.16
Ragi+(Finger+Millet),Mysore (Bandipalya),20-11-2019,22.74
Rice,Gangavathi,20-11-2019,20.55
Rice,Mysore (Bandipalya),20-11-2019,50
Kulthi(Horse+Gram),Gundlupet,25-11-2019,30
Soyabean,Bidar,20-11-2019,31
Soyabean,Hubli (Amaragol),20-11-2019,31.09
Coconut,Kunigal,09-12-2019,160
Arhar+Dal(Tur+Dal),Bangalore,21-11-2019,85.5
Sunflower,Laxmeshwar,20-11-2019,32.76
Banana+-+Green,Doddaballa Pur,05-12-2019,32
Banana+-+Green,Santhesargur,05-12-2019,11.12
Green+Chilli,Honnali,22-11-2019,15
Tamarind+Fruit,Tumkur,20-11-2019,66
Beans,Honnali,05-12-2019,11.3
Maize,Arasikere,25-11-2019,16
Maize,Bagalakot,25-11-2019,16.75
Maize,Bellary,25-11-2019,16.86
Maize,Bhadravathi,25-11-2019,15.92
Maize,Bijapur,25-11-2019,16
Maize,Challakere,25-11-2019,35.36
Maize,Davangere,25-11-2019,16.1
Maize,Dharwar,25-11-2019,16
Tomato,Kadur,20-11-2019,12.5
Tomato,Srinivasapur,20-11-2019,9.33
Maize,Harappana Halli,25-11-2019,16.8
Maize,Hubli (Amaragol),25-11-2019,15.29
Maize,Kottur,25-11-2019,16.89
Maize,Mhalingapur,25-11-2019,15.7
Maize,Rona,25-11-2019,16.85
Maize,Shimoga,25-11-2019,16.7
Maize,Sorabha,25-11-2019,16
Groundnut,Mundaragi,16-12-2019,42.22
Goat,Kudchi,24-12-2019,80
Alasande+Gram,Laxmeshwar,30-12-2019,45.19
Ragi+(Finger+Millet),Kottur,30-11-2019,18.06
Rice,Hosanagar,30-11-2019,17
Sajje,Mundaragi,30-11-2019,16.29
Arhar+Dal(Tur+Dal),Shimoga,30-12-2019,87.5
Sunflower,Mundaragi,30-11-2019,37.27
Tomato,Ramanagara,03-12-2019,23
Jowar(Sorghum),Chittapur,16-12-2019,36
Cotton,Manvi,26-12-2019,51.09
Cucumbar(Kheera),Honnali,26-12-2019,16.5
Ginger(Green),Nanjangud,26-11-2019,25
Onion,Davangere,25-11-2019,45
Onion,Gadag,25-11-2019,18
Green+Chilli,Honnali,26-11-2019,19
Onion,Hubli (Amaragol),25-11-2019,40
Onion,Mysore (Bandipalya),25-11-2019,43
Onion,Raichur,25-11-2019,46.9
Beetroot,Honnali,25-11-2019,16
Maize,Chikkamagalore,16-12-2019,18.12
Maize,Haliyala,16-12-2019,18
Maize,Hanagal,16-12-2019,18
Maize,Hirekerur,16-12-2019,18.2
Maize,Holalkere,16-12-2019,20.5
Maize,Holenarsipura,16-12-2019,16
Maize,Mundaragi,16-12-2019,18.64
Maize,Shikaripura,16-12-2019,16.7
Maize,Somvarpet,16-12-2019,14
Maize,Bellary,16-12-2019,19.26
Potato,Chikkamagalore,27-12-2019,14.94
Potato,Kolar,27-12-2019,27.69
Copra,Madhugiri,20-12-2019,80
Alasande+Gram,Gundlupet,21-12-2019,67
Cotton,Madhugiri,20-12-2019,103.5
Paddy(Dhan)(Common),Bhadravathi,25-11-2019,21.88
Paddy(Dhan)(Common),Davangere,25-11-2019,18.8
Paddy(Dhan)(Common),Harappana Halli,25-11-2019,21
Paddy(Dhan)(Common),Raichur,25-11-2019,17.89
Paddy(Dhan)(Common),Shorapur,25-11-2019,17.14
Black+pepper,Gonikappal,30-12-2019,300
Ginger(Green),Kolar,22-11-2019,32
Ragi+(Finger+Millet),Harappana Halli,27-12-2019,22.25
Rice,Kolar,27-12-2019,52.98
Rice,Mulabagilu,27-12-2019,54
Same/Savi,Kadur,27-12-2019,27
Soyabean,Hanagal,27-12-2019,40.03
Arhar+Dal(Tur+Dal),Bhadravathi,21-12-2019,83
Cabbage,Chikkamagalore,29-11-2019,10.98
Cabbage,Honnali,29-11-2019,15.63
Cabbage,Ramanagara,29-11-2019,28
Suvarna+Gadde,Somvarpet,27-12-2019,8
Tender+Coconut,Somvarpet,27-12-2019,83.33
Thondekai,Kolar,27-12-2019,23
Tomato,Channapatana,27-12-2019,8
Tomato,Chikkamagalore,27-12-2019,11.74
Tomato,Kadur,27-12-2019,6.66
Tomato,Kolar,27-12-2019,9.87
Tomato,Srinivasapur,27-12-2019,5.33
Banana,Hospet,21-12-2019,5
Maize,Channagiri,30-12-2019,19
Maize,Haliyala,30-12-2019,18
Maize,Hirekerur,30-12-2019,18
Maize,Hiriyur,30-12-2019,18
Maize,Honnali,30-12-2019,18.5
Maize,Madhugiri,30-12-2019,20.5
Alasande+Gram,Bangalore,21-11-2019,74.5
Banana+-+Green,Kundapura,21-12-2019,20
Beans,Arasikere,21-12-2019,10
Paddy(Dhan)(Common),Chikkamagalore,16-12-2019,25.1
Paddy(Dhan)(Common),Haliyala,16-12-2019,16
Paddy(Dhan)(Common),Hanagal,16-12-2019,15
Paddy(Dhan)(Common),Holenarsipura,16-12-2019,16.5
Paddy(Dhan)(Common),Shikaripura,16-12-2019,17.5
Paddy(Dhan)(Common),Somvarpet,16-12-2019,17.5
Potato,Bangalore,25-11-2019,8
Potato,Hubli (Amaragol),25-11-2019,13
Potato,Mysore (Bandipalya),25-11-2019,15
Carrot,Ramanagara,03-12-2019,52
Groundnut,Madhugiri,10-12-2019,40.54
Alasande+Gram,Dharwar,16-12-2019,54.01
Alasande+Gram,Hubli (Amaragol),16-12-2019,53.69
Alasande+Gram,Laxmeshwar,16-12-2019,47.5
Alasande+Gram,Sira,16-12-2019,51.5
Gur(Jaggery),Mhalingapur,01-12-2019,32.81
Bitter+gourd,Ramanagara,03-12-2019,22
Cabbage,Hospet,21-12-2019,7
Coconut,Honnali,26-12-2019,146
Coconut,Pandavapura,26-12-2019,130
Coconut,Sankeshwar,26-12-2019,114.3
Beetroot,Ramanagara,03-12-2019,46
Potato,Chikkamagalore,16-12-2019,15.98
Peas+Wet,Ramanagara,27-12-2019,40
Maize,Bellary,30-12-2019,18.86
Cashewnuts,Kumta,21-12-2019,109.6
Tomato,Gundlupet,20-12-2019,14.3
Banana+-+Green,Doddaballa Pur,25-11-2019,34
Arhar+Dal(Tur+Dal),Hiriyur,24-11-2019,84
Beans,Doddaballa Pur,25-11-2019,33
Copra,Gubbi,11-11-2019,102
Cotton,Manvi,11-11-2019,49.15
Ragi+(Finger+Millet),Arasikere,25-11-2019,21.3
Ragi+(Finger+Millet),Davangere,25-11-2019,19.2
Green+Avare+(W),Ramanagara,02-12-2019,31
Black+pepper,Gonikappal,16-12-2019,300
Chili+Red,Shimoga,30-12-2019,250
Copra,Davangere,21-12-2019,45.42
Copra,Gubbi,21-12-2019,115
Copra,Tiptur,21-12-2019,112
Coconut,Davangere,30-12-2019,65
Coconut,Nippani,30-12-2019,12
Coconut,Tarikere,30-12-2019,133.62
Coconut,Tumkur,30-12-2019,112
Coconut,Udupi,30-12-2019,150
Dry+Chillies,Sindhanur,19-12-2019,71
Copra,Turvekere,30-12-2019,116.38
Cotton,Annigeri,21-12-2019,49.5
Cotton,Bijapur,21-12-2019,51.1
Cotton,Davangere,21-12-2019,51.18
Cotton,Dharwar,21-12-2019,52.67
Cotton,Gundlupet,21-12-2019,55
Cotton,Haveri,21-12-2019,52
Cotton,Hubli (Amaragol),21-12-2019,52.59
Cotton,Raichur,21-12-2019,48.5
Coriander(Leaves),Tumkur,30-12-2019,84
Sajje,Harappana Halli,25-11-2019,16.5
Cucumbar(Kheera),Hospet,21-12-2019,12
Raddish,Chikkamagalore,16-12-2019,11.11
Cucumbar(Kheera),Honnali,22-11-2019,3.66
Soyabean,Bidar,25-11-2019,33.5
Soyabean,Dharwar,25-11-2019,34.24
Soyabean,Hubli (Amaragol),25-11-2019,32.59
Cotton,Annigeri,30-12-2019,50
Cotton,Bijapur,30-12-2019,51.75
Cotton,Davangere,30-12-2019,51.41
Cotton,Gadag,30-12-2019,48.42
Cotton,Hubli (Amaragol),30-12-2019,45.09
Cotton,Raichur,30-12-2019,46
Cotton,Ranebennur,30-12-2019,51.32
Cotton,Savanur,30-12-2019,53.43
Cotton,Shorapur,30-12-2019,50.02
Turmeric,Gundlupet,20-12-2019,66
Chilly+Capsicum,Ramanagara,02-12-2019,32
Dry+Chillies,Hubli (Amaragol),21-12-2019,175.6
Chilly+Capsicum,Kolar,20-12-2019,15
Chilly+Capsicum,Ramanagara,20-12-2019,25
Coconut,Chamaraj Nagar,20-12-2019,150
Coconut,Hiriyur,20-12-2019,150
Cotton,Haveri,17-12-2019,63.5
Cotton,Manvi,17-12-2019,50.73
Cotton,Nargunda,17-12-2019,50.76
Elephant+Yam+(Suran),Arasikere,21-12-2019,15.84
Banana+-+Green,Gubbi,03-12-2019,40
Capsicum,Kolar,09-12-2019,18
Ginger(Dry),Gundlupet,21-12-2019,22
Sunflower,Laxmeshwar,25-11-2019,33.71
Tamarind+Fruit,Tumkur,25-11-2019,71
Tamarind+Seed,Tumkur,25-11-2019,17
Black+pepper,Karkala,03-12-2019,305
Green+Chilli,Arasikere,21-12-2019,20
Dry+Chillies,Byadagi,30-12-2019,120.09
Dry+Grapes,Bijapur,30-12-2019,140
Brinjal,Ramanagara,02-12-2019,27
Bunch+Beans,Ramanagara,02-12-2019,25
Green+Chilli,Chikkamagalore,10-12-2019,19.77
Green+Chilli,Honnali,10-12-2019,18.5
Soyabean,Hanagal,16-12-2019,38.63
Ginger(Green),Somvarpet,30-12-2019,25
Groundnut,Hiriyur,21-12-2019,45.52
Groundnut,Hubli (Amaragol),21-12-2019,42.42
Groundnut,Raichur,21-12-2019,42.15
Sunflower,Mundaragi,16-12-2019,37.94
Suvarna+Gadde,Somvarpet,16-12-2019,10
Gur(Jaggery),Hospet,21-12-2019,31.85
Gur(Jaggery),Mysore (Bandipalya),21-12-2019,43
Sweet+Potato,Somvarpet,16-12-2019,10
Onion,Kolar,27-12-2019,123.52
Paddy(Dhan)(Common),Channagiri,27-12-2019,19
Paddy(Dhan)(Common),Chikkamagalore,27-12-2019,18.69
Paddy(Dhan)(Common),Hanagal,27-12-2019,15
Paddy(Dhan)(Common),Nanjangud,27-12-2019,19
Paddy(Dhan)(Common),Somvarpet,27-12-2019,18
Turmeric,Gundlupet,25-11-2019,59
Tender+Coconut,Somvarpet,16-12-2019,110
Jowar(Sorghum),Basava Kalayana,21-12-2019,38
Jowar(Sorghum),Davangere,21-12-2019,20
Jowar(Sorghum),Hubli (Amaragol),21-12-2019,30.02
Coconut,Tumkur,16-12-2019,110
Wheat,Bidar,25-11-2019,26
Tomato,Chikkamagalore,16-12-2019,11.76
Kulthi(Horse+Gram),Arasikere,21-12-2019,22.8
Kulthi(Horse+Gram),Gundlupet,21-12-2019,35.5
Kulthi(Horse+Gram),Mysore (Bandipalya),21-12-2019,30.89
Copra,Gubbi,16-12-2019,116
Alasande+Gram,Bangalore,06-12-2019,71
Maize,Arasikere,21-12-2019,18.5
Maize,Badami,21-12-2019,18.35
Maize,Bagalakot,21-12-2019,19.75
Maize,Bidar,21-12-2019,18
Maize,Davangere,21-12-2019,18.5
Maize,Dharwar,21-12-2019,17.61
Maize,Gundlupet,21-12-2019,17
Onion,Gadag,27-11-2019,16
Maize,Haveri,21-12-2019,19
Maize,Hubli (Amaragol),21-12-2019,16.01
Maize,Kottur,21-12-2019,19.38
Maize,Ramdurga,21-12-2019,17.5
Cotton,Annigeri,16-12-2019,50
Cotton,Bijapur,16-12-2019,52.33
Cotton,Davangere,16-12-2019,49.85
Cotton,Dharwar,16-12-2019,52.98
Cotton,Gadag,16-12-2019,44.71
Cotton,Haveri,16-12-2019,47.95
Cotton,Hubli (Amaragol),16-12-2019,53.11
Cotton,Raichur,16-12-2019,47
Cotton,Ranebennur,16-12-2019,51.11
Cotton,Savanur,16-12-2019,53.43
Groundnut,Chitradurga,30-12-2019,45.22
Groundnut,Davangere,30-12-2019,37.75
Groundnut,Gadag,30-12-2019,33.58
Groundnut,Hubli (Amaragol),30-12-2019,37.39
Groundnut,Laxmeshwar,30-12-2019,36.19
Groundnut,Mulabagilu,30-12-2019,39
Groundnut,Raichur,30-12-2019,44.11
Groundnut,Savanur,30-12-2019,42.13
Gur(Jaggery),Mhalingapur,30-12-2019,34.39
Coconut,Kumta,03-12-2019,199.93
Cotton,Manvi,26-11-2019,47.29
Cucumbar(Kheera),Honnali,26-11-2019,4.5
Copra,Arasikere,03-12-2019,111.26
Onion,Bagalakot,21-12-2019,60
Onion,Belgaum,21-12-2019,65
Onion,Davangere,21-12-2019,57.5
Onion,Hubli (Amaragol),21-12-2019,62
Onion,Mysore (Bandipalya),21-12-2019,60
Onion,Raichur,21-12-2019,69.1
Onion,Ranebennur,21-12-2019,52
Jowar(Sorghum),Bellary,04-12-2019,29.73
Cotton,Annigeri,03-12-2019,52
Cotton,Bijapur,03-12-2019,50.74
Cotton,Chitradurga,03-12-2019,56.4
Cotton,Gadag,03-12-2019,48.95
Cotton,Haveri,03-12-2019,40.45
Cotton,Hubli (Amaragol),03-12-2019,49.59
Cotton,Raichur,03-12-2019,47
Cotton,Ranebennur,03-12-2019,50.61
Jowar(Sorghum),Basava Kalayana,30-12-2019,40
Jowar(Sorghum),Bellary,30-12-2019,25.76
Jowar(Sorghum),Gadag,30-12-2019,31.7
Jowar(Sorghum),Harappana Halli,30-12-2019,19.5
Jowar(Sorghum),Laxmeshwar,30-12-2019,27.19
Dry+Chillies,Byadagi,16-12-2019,120.89
Dry+Chillies,Hubli (Amaragol),16-12-2019,53.69
Dry+Chillies,Mysore (Bandipalya),16-12-2019,150
Dry+Grapes,Bijapur,16-12-2019,140
Paddy(Dhan)(Common),Davangere,21-12-2019,18.8
Paddy(Dhan)(Common),Hospet,21-12-2019,19.66
Paddy(Dhan)(Common),Kumta,21-12-2019,15.8
Paddy(Dhan)(Common),Mysore (Bandipalya),21-12-2019,16.49
Paddy(Dhan)(Common),Raichur,21-12-2019,18.88
Paddy(Dhan)(Common),Sorabha,21-12-2019,14.5
Paddy(Dhan)(Common),Srirangapattana,21-12-2019,17
Banana,Channapatana,29-11-2019,20
Copra,Nanjangud,24-12-2019,85
Beans,Chikkamagalore,29-11-2019,12.71
Beetroot,Honnali,29-11-2019,15.7
Beetroot,Kolar,29-11-2019,25
Cowpea(Veg),Honnali,24-12-2019,14.7
Dry+Chillies,Byadagi,03-12-2019,112.69
Dry+Chillies,Hubli (Amaragol),03-12-2019,130.99
Kulthi(Horse+Gram),Gundlupet,30-12-2019,31
Cucumbar(Kheera),Chikkamagalore,24-12-2019,12.5
Cucumbar(Kheera),Doddaballa Pur,24-12-2019,7
Cucumbar(Kheera),Honnali,24-12-2019,14.6
Alasande+Gram,Arasikere,17-12-2019,48
Alasande+Gram,Bangalore,17-12-2019,67
Maize,Annigeri,30-12-2019,16.5
Maize,Bagalakot,30-12-2019,20
Cotton,Kudchi,19-12-2019,46
Cotton,Manvi,19-12-2019,51.58
Cotton,Sindhanur,19-12-2019,54
Maize,Chitradurga,30-12-2019,18.95
Maize,Davangere,30-12-2019,19.2
Maize,Gadag,30-12-2019,18.44
Maize,Gokak,30-12-2019,18.88
Maize,Gundlupet,30-12-2019,13.8
Maize,Harappana Halli,30-12-2019,18.9
Cowpea(Veg),Honnali,19-12-2019,22
Maize,Mhalingapur,30-12-2019,19.2
Maize,Savanur,30-12-2019,18.9
Maize,Shimoga,30-12-2019,18.68
Cucumbar(Kheera),Channapatana,19-12-2019,11.5
Cucumbar(Kheera),Honnali,19-12-2019,15.3
Cotton,Sindhanur,22-11-2019,53
Potato,Arasikere,21-12-2019,21
Potato,Belgaum,21-12-2019,19.5
Potato,Hospet,21-12-2019,12
Potato,Hubli (Amaragol),21-12-2019,23
Beetroot,Chikkamagalore,17-12-2019,17.86
Groundnut,Gadag,03-12-2019,37.02
Groundnut,Hubli (Amaragol),03-12-2019,38.5
Groundnut,Kottur,03-12-2019,42.33
Groundnut,Raichur,03-12-2019,45.28
Garlic,Bangalore,10-12-2019,155
Chennangi+Dal,Bangalore,20-12-2019,56.5
Gur(Jaggery),Bangarpet,03-12-2019,37.5
Gur(Jaggery),Mhalingapur,03-12-2019,32.58
Gur(Jaggery),Srirangapattana,03-12-2019,29
Jowar(Sorghum),Basava Kalayana,03-12-2019,41
Jowar(Sorghum),Bijapur,03-12-2019,42
Jowar(Sorghum),Gadag,03-12-2019,29.18
Jowar(Sorghum),Hubli (Amaragol),03-12-2019,18.26
Maize,Channagiri,27-12-2019,18.5
Maize,Chintamani,27-12-2019,17
Maize,Harappana Halli,27-12-2019,19.15
Maize,Harihara,27-12-2019,18.75
Maize,Holenarsipura,27-12-2019,20.5
Maize,Kadur,27-12-2019,19
Maize,Somvarpet,27-12-2019,16.16
Onion,Raichur,30-12-2019,49.51
Ragi+(Finger+Millet),Davangere,21-12-2019,20
Ragi+(Finger+Millet),Kottur,21-12-2019,20.91
Ragi+(Finger+Millet),Mysore (Bandipalya),21-12-2019,22.53
Groundnut,Chitradurga,16-12-2019,45.72
Groundnut,Davangere,16-12-2019,42.06
Groundnut,Gadag,16-12-2019,37.58
Groundnut,Hubli (Amaragol),16-12-2019,37
Groundnut,Laxmeshwar,16-12-2019,35.58
Groundnut,Raichur,16-12-2019,48.69
Groundnut,Ranebennur,16-12-2019,36.59
Groundnut,Savanur,16-12-2019,41.41
Groundnut,Sira,16-12-2019,44.35
Rice,Gangavathi,21-12-2019,19.8
Cabbage,Chikkamagalore,26-12-2019,9.91
Onion,Bijapur,30-12-2019,40
Onion,Hubli (Amaragol),30-12-2019,40
Onion,Ranebennur,30-12-2019,50
Carrot,Kolar,26-12-2019,36
Coconut,K.R.Nagar,26-11-2019,90
Soyabean,Basava Kalayana,21-12-2019,39
Soyabean,Bidar,21-12-2019,40
Soyabean,Dharwar,21-12-2019,39.71
Soyabean,Hubli (Amaragol),21-12-2019,32.09
Maize,Athani,03-12-2019,15.5
Maize,Bagalakot,03-12-2019,17.89
Maize,Davangere,03-12-2019,17.3
Maize,Dharwar,03-12-2019,18.01
Maize,Gadag,03-12-2019,18.61
Maize,Gundlupet,03-12-2019,16.6
Gur(Jaggery),Bhadravathi,16-12-2019,27.78
Gur(Jaggery),Mhalingapur,16-12-2019,33.62
Seemebadnekai,Ramanagara,04-12-2019,15
Maize,Hubli (Amaragol),03-12-2019,16.64
Maize,Tumkur,03-12-2019,17.3
Paddy(Dhan)(Common),Davangere,30-12-2019,18.6
Paddy(Dhan)(Common),Hanagal,30-12-2019,16
Paddy(Dhan)(Common),Kundapura,30-12-2019,17.42
Sunflower,Bagalakot,21-12-2019,29.39
Paddy(Dhan)(Common),Raichur,30-12-2019,20.49
Paddy(Dhan)(Common),Shorapur,30-12-2019,17.12
Jowar(Sorghum),Gadag,16-12-2019,31.13
Jowar(Sorghum),Gulbarga,16-12-2019,38.75
Jowar(Sorghum),Hubli (Amaragol),16-12-2019,31.79
Jowar(Sorghum),Laxmeshwar,16-12-2019,31.56
Sunflower,Raichur,21-12-2019,35.5
Paddy(Dhan)(Common),Somvarpet,30-12-2019,18
Jowar(Sorghum),Sira,16-12-2019,18
Sweet+Potato,Belgaum,21-12-2019,6.5
Kulthi(Horse+Gram),Gundlupet,16-12-2019,35.5
Kulthi(Horse+Gram),Mysore (Bandipalya),16-12-2019,36
Tomato,Davangere,21-12-2019,5.2
Tomato,Hospet,21-12-2019,5
Tomato,Mulabagilu,21-12-2019,6
Coconut,Arasikere,17-12-2019,120
Copra,Arasikere,17-12-2019,113.93
Copra,Mandya,17-12-2019,110
Cotton,Savanur,17-12-2019,53.6
Cucumbar(Kheera),Chikkamagalore,17-12-2019,11.66
Turmeric,Gundlupet,21-12-2019,60
Lime,Bijapur,16-12-2019,3
Dry+Chillies,Byadagi,17-12-2019,120.09
Maize,Badami,16-12-2019,17
Maize,Bagalakot,16-12-2019,19.64
Maize,Bidar,16-12-2019,18
Maize,Bijapur,16-12-2019,18
Maize,Chitradurga,16-12-2019,18.98
Maize,Davangere,16-12-2019,17.9
Maize,Dharwar,16-12-2019,18.43
Maize,Gadag,16-12-2019,18.29
Maize,Gundlupet,16-12-2019,14
Maize,Haveri,16-12-2019,18.7
Onion,Davangere,03-12-2019,50
Onion,Gadag,03-12-2019,26
Onion,Hubli (Amaragol),03-12-2019,55
Onion,Raichur,03-12-2019,63.65
Onion,Ranebennur,03-12-2019,40
Elephant+Yam+(Suran),Arasikere,17-12-2019,22.62
Wheat,Bhadravathi,21-12-2019,26.66
Wheat,Hubli (Amaragol),21-12-2019,18.29
Maize,Hubli (Amaragol),16-12-2019,18.82
Maize,Sira,16-12-2019,18.5
Maize,Tumkur,16-12-2019,17
Paddy(Dhan)(Common),Davangere,03-12-2019,18.5
Paddy(Dhan)(Common),Dharwar,03-12-2019,14.5
Paddy(Dhan)(Common),Harihara,03-12-2019,17.9
Paddy(Dhan)(Common),Nippani,03-12-2019,16
Paddy(Dhan)(Common),Raichur,03-12-2019,16.69
Paddy(Dhan)(Common),Srirangapattana,03-12-2019,17.5
Potato,Hubli (Amaragol),30-12-2019,20
Potato,Mulabagilu,30-12-2019,23
Methi+Seeds,Mysore (Bandipalya),16-12-2019,57.5
Green+Peas,Bangalore,17-12-2019,78
Groundnut,Mulabagilu,17-12-2019,37
Groundnut,Mundaragi,17-12-2019,40.73
Groundnut,Savanur,17-12-2019,39.22
Gur(Jaggery),Arasikere,17-12-2019,20
Gur(Jaggery),Mandya,17-12-2019,29.5
Brinjal,Kolar,11-11-2019,25
Kulthi(Horse+Gram),Bangalore,17-12-2019,42
Maize,Arasikere,17-12-2019,20.5
Maize,Bagalakot,17-12-2019,19.35
Maize,Haliyala,17-12-2019,19
Maize,Harihara,17-12-2019,18.25
Maize,Hirekerur,17-12-2019,18
Maize,Hosadurga,17-12-2019,19
Maize,Mandya,17-12-2019,19.5
Maize,Mundaragi,17-12-2019,18.28
Maize,Shikaripura,17-12-2019,17.4
Onion,Bijapur,16-12-2019,65
Onion,Davangere,16-12-2019,47.5
Alasande+Gram,Dharwar,27-11-2019,70.69
Onion,Hubli (Amaragol),16-12-2019,56
Onion,Mysore (Bandipalya),16-12-2019,75
Onion,Raichur,16-12-2019,68.5
Onion,Ranebennur,16-12-2019,60
Potato,Hubli (Amaragol),03-12-2019,16.5
Coconut,Pandavapura,24-12-2019,90
Ragi+(Finger+Millet),Davangere,30-12-2019,20.65
Ragi+(Finger+Millet),Harappana Halli,30-12-2019,23
Rice,Gangavathi,30-12-2019,19.6
Rice,Nippani,30-12-2019,30
Coconut,Kanakapura,24-12-2019,145
Paddy(Dhan)(Common),Davangere,16-12-2019,17.9
Paddy(Dhan)(Common),Gangavathi,16-12-2019,15.47
Paddy(Dhan)(Common),Gonikappal,16-12-2019,17
Paddy(Dhan)(Common),Karwar,16-12-2019,14.5
Paddy(Dhan)(Common),Kundapura,16-12-2019,18.5
Paddy(Dhan)(Common),Mysore (Bandipalya),16-12-2019,14.33
Paddy(Dhan)(Common),Raichur,16-12-2019,18.71
Paddy(Dhan)(Common),Shorapur,16-12-2019,16.69
Paddy(Dhan)(Common),Tarikere,16-12-2019,22.64
Paddy(Dhan)(Common),Chikkamagalore,17-12-2019,36
Paddy(Dhan)(Common),Hirekerur,17-12-2019,17
Paddy(Dhan)(Common),Siddapur,17-12-2019,16
Tomato,Kolar,15-12-2019,6.33
Sajje,Gadag,30-12-2019,16.45
Black+pepper,Gonikappal,27-11-2019,280
Cabbage,Honnali,20-12-2019,11.63
Cabbage,Ramanagara,20-12-2019,16
Soyabean,Hanagal,30-12-2019,39.62
Carrot,Kolar,20-12-2019,39
Garlic,Chintamani,04-12-2019,105
Ginger(Green),Somvarpet,04-12-2019,25
Potato,Chikkamagalore,17-12-2019,16.67
Sunflower,Basava Kalayana,30-12-2019,41
Sunflower,Chitradurga,30-12-2019,36.3
Sunflower,Davangere,30-12-2019,39.17
Sunflower,Gadag,30-12-2019,40.38
Sunflower,Laxmeshwar,30-12-2019,35.19
Sunflower,Raichur,30-12-2019,38.88
Ragi+(Finger+Millet),Gundlupet,03-12-2019,20
Ragi+(Finger+Millet),Tumkur,03-12-2019,21.3
Rice,Bangarpet,03-12-2019,27.2
Rice,Gangavathi,03-12-2019,20.7
Carrot,Kolar,27-12-2019,48
Potato,Hubli (Amaragol),16-12-2019,15
Potato,Mysore (Bandipalya),16-12-2019,22
Soyabean,Bangalore,17-12-2019,48.5
Soyabean,Basava Kalayana,03-12-2019,37.5
Soyabean,Bidar,03-12-2019,35.5
Soyabean,Dharwar,03-12-2019,32.43
Soyabean,Hubli (Amaragol),03-12-2019,34.89
Beans,Honnali,09-12-2019,19.4
Sunflower,Mundaragi,17-12-2019,38.64
Cotton,Bijapur,27-11-2019,49.83
Cotton,Davangere,27-11-2019,48.07
Cotton,Dharwar,27-11-2019,50.59
Cotton,Hubli (Amaragol),27-11-2019,50.09
Cotton,Hunsur,27-11-2019,55
Cotton,Raichur,27-11-2019,48
Cotton,Ranebennur,27-11-2019,48.68
Cotton,Santhesargur,27-11-2019,59.31
Cotton,Shorapur,27-11-2019,50.12
Tomato,Chikkamagalore,17-12-2019,10.56
Tomato,Mulabagilu,17-12-2019,8
Cabbage,Chikkamagalore,26-11-2019,9.86
Cabbage,Honnali,26-11-2019,15.8
Copra,K.R. Pet,29-11-2019,85
Cucumbar(Kheera),Channapatana,10-12-2019,7
Cucumbar(Kheera),Honnali,10-12-2019,9.6
Sunflower,Gadag,03-12-2019,36.94
Sunflower,Kottur,03-12-2019,34.29
Sunflower,Raichur,03-12-2019,32.29
Dry+Chillies,Hubli (Amaragol),27-11-2019,97
Green+Chilli,Honnali,30-12-2019,19.66
Green+Chilli,Kolar,30-12-2019,12
Green+Chilli,Ramanagara,30-12-2019,24
Tomato,Bangarpet,03-12-2019,6.5
Ground+Nut+Seed,Madhugiri,30-12-2019,44.5
Gur(Jaggery),Kolar,30-12-2019,48.33
Brinjal,Kolar,17-12-2019,18
Beans,Honnali,11-11-2019,17
Beetroot,Kolar,11-11-2019,24
Groundnut,Bellary,27-11-2019,47.09
Groundnut,Challakere,27-11-2019,48.62
Groundnut,Chitradurga,27-11-2019,46.55
Groundnut,Davangere,27-11-2019,44.44
Groundnut,Hubli (Amaragol),27-11-2019,42.09
Groundnut,Laxmeshwar,27-11-2019,44.1
Groundnut,Mundaragi,27-11-2019,47.53
Groundnut,Mysore (Bandipalya),27-11-2019,49.39
Groundnut,Raichur,27-11-2019,48.2
Ragi+(Finger+Millet),Davangere,16-12-2019,19.8
Ragi+(Finger+Millet),Mysore (Bandipalya),16-12-2019,25
Ragi+(Finger+Millet),Shimoga,16-12-2019,26.5
Gur(Jaggery),Gulbarga,27-11-2019,35.6
Gur(Jaggery),Mhalingapur,27-11-2019,33.07
Gur(Jaggery),Shimoga,27-11-2019,34
Rice,Gangavathi,16-12-2019,24.67
Rice,Gulbarga,16-12-2019,39.5
Rice,Mysore (Bandipalya),16-12-2019,48
Black+pepper,Chikkamagalore,26-12-2019,163.43
Jowar(Sorghum),Dharwar,27-11-2019,30
Jowar(Sorghum),Gulbarga,27-11-2019,41.76
Jowar(Sorghum),Kottur,27-11-2019,18.75
Jowar(Sorghum),Laxmeshwar,27-11-2019,28.76
Jowar(Sorghum),Shimoga,27-11-2019,28
Green+Chilli,Honnali,31-12-2019,19.8
Green+Chilli,Kolar,31-12-2019,15.5
Kulthi(Horse+Gram),Mysore (Bandipalya),27-11-2019,27.55
Kulthi(Horse+Gram),Shimoga,27-11-2019,40.5
Wheat,Gadag,03-12-2019,23.57
Alasande+Gram,Gundlupet,07-12-2019,65.15
Maize,Bellary,27-11-2019,16.56
Maize,Bidar,27-11-2019,14.5
Maize,Bijapur,27-11-2019,17
Maize,Chikkamagalore,27-11-2019,17.17
Maize,Chitradurga,27-11-2019,17.07
Maize,Davangere,27-11-2019,16.3
Maize,Dharwar,27-11-2019,16.65
Maize,Gulbarga,27-11-2019,18.3
Maize,Hubli (Amaragol),27-11-2019,15.29
Maize,Hunsur,27-11-2019,12
Maize,Kottur,27-11-2019,17.32
Maize,Mundaragi,27-11-2019,16.23
Maize,Shimoga,27-11-2019,16.8
Sajje,Gadag,16-12-2019,16.09
Sheep,Bhadravathi,16-12-2019,67.5
Chilly+Capsicum,Kolar,24-12-2019,18
Soyabean,Basava Kalayana,16-12-2019,39
Soyabean,Bidar,16-12-2019,39
Soyabean,Dharwar,16-12-2019,35.76
Soyabean,Gulbarga,16-12-2019,37.75
Soyabean,Haveri,16-12-2019,38
Soyabean,Hubli (Amaragol),16-12-2019,34.56
Banana+-+Green,Kundapura,07-12-2019,20
Coconut,Kolar,19-12-2019,220
Onion,Davangere,27-11-2019,40
Onion,Hubli (Amaragol),27-11-2019,36
Onion,Raichur,27-11-2019,50.95
Onion,Ranebennur,27-11-2019,31
Green+Avare+(W),Ramanagara,30-12-2019,21
Paddy(Dhan)(Common),Davangere,27-11-2019,18.6
Black+pepper,Kadur,07-12-2019,150
Paddy(Dhan)(Common),Mysore (Bandipalya),27-11-2019,16
Paddy(Dhan)(Common),Raichur,27-11-2019,17.73
Paddy(Dhan)(Common),Shorapur,27-11-2019,17.72
Cauliflower,Kolar,27-12-2019,14
Sunflower,Chitradurga,16-12-2019,38.09
Sunflower,Gadag,16-12-2019,38.58
Sunflower,Gulbarga,16-12-2019,36.5
Sunflower,Hubli (Amaragol),16-12-2019,36.01
Sunflower,Laxmeshwar,16-12-2019,31.77
Beetroot,Chikkamagalore,30-12-2019,19.05
Tamarind+Seed,Tumkur,16-12-2019,16
Black+pepper,Chikkamagalore,30-12-2019,254.13
Black+pepper,Kadur,30-12-2019,200
Avare+Dal,Bangalore,09-12-2019,41.5
Banana+-+Green,Santhesargur,09-12-2019,8.33
Coconut,Honnali,10-12-2019,150
Banana+-+Green,Santhesargur,11-11-2019,10
Potato,Hubli (Amaragol),27-11-2019,15
Cotton,Manvi,10-12-2019,50.81
Cabbage,Chikkamagalore,30-12-2019,9.95
Ragi+(Finger+Millet),Davangere,27-11-2019,19.1
Ragi+(Finger+Millet),Mysore (Bandipalya),27-11-2019,22.25
Ragi+(Finger+Millet),Shimoga,27-11-2019,25
Rice,Gangavathi,27-11-2019,19.6
Black+pepper,Somvarpet,17-12-2019,318.33
Safflower,Gulbarga,27-11-2019,48.26
Sajje,Mundaragi,27-11-2019,15.83
Soyabean,Bidar,27-11-2019,33.5
Soyabean,Dharwar,27-11-2019,32.1
Soyabean,Gulbarga,27-11-2019,31.76
Soyabean,Hubli (Amaragol),27-11-2019,33.49
Sunflower,Chitradurga,27-11-2019,35.28
Sunflower,Gulbarga,27-11-2019,34.52
Sunflower,Mundaragi,27-11-2019,35.87
Sunflower,Ramdurga,27-11-2019,33
Coconut,Gubbi,07-12-2019,120
Coconut,Kumta,07-12-2019,200
Coconut,Udupi,07-12-2019,100
Wheat,Basava Kalayana,16-12-2019,22
Wheat,Bidar,16-12-2019,26.5
Wheat,Gadag,16-12-2019,22.01
Wheat,Gangavathi,16-12-2019,23
Wheat,Hubli (Amaragol),16-12-2019,16.19
Ragi+(Finger+Millet),Chintamani,03-12-2019,23
Copra,Gubbi,07-12-2019,110
Ridgeguard(Tori),Honnali,03-12-2019,16.5
Cauliflower,Chikkamagalore,30-12-2019,10.2
Tender+Coconut,Pandavapura,03-12-2019,100
Wheat,Shimoga,27-11-2019,30
Tomato,Chikkamagalore,03-12-2019,14.29
Tomato,Doddaballa Pur,03-12-2019,9
Tomato,Kolar,03-12-2019,8.87
Tomato,Srinivasapur,03-12-2019,9.33
Cotton,Annigeri,07-12-2019,50
Cotton,Bijapur,07-12-2019,51.12
Cotton,Chitradurga,07-12-2019,55.09
Cotton,Davangere,07-12-2019,50.3
Cotton,Dharwar,07-12-2019,52.29
Cotton,Haveri,07-12-2019,52
Cotton,Raichur,07-12-2019,48
Ragi+(Finger+Millet),Chintamani,02-12-2019,21.5
Ragi+(Finger+Millet),Kunigal,02-12-2019,23
Rice,Chintamani,02-12-2019,40
Rice,Sankeshwar,02-12-2019,50.84
Ridgeguard(Tori),Honnali,02-12-2019,17.3
Elephant+Yam+(Suran),Gubbi,07-12-2019,17
Copra,Kadur,30-12-2019,113
Tomato,Chikkamagalore,02-12-2019,12.73
Tomato,Chintamani,02-12-2019,10.66
Tomato,Kadur,02-12-2019,14.28
Tomato,Kolar,02-12-2019,11.8
Tomato,Srinivasapur,02-12-2019,13.33
Turmeric,Chamaraj Nagar,02-12-2019,57
Wheat,Bangalore,02-12-2019,27
Wheat,Manvi,02-12-2019,21.6
Cotton,Haveri,30-12-2019,50.6
Cotton,Kottur,30-12-2019,43.7
Cotton,Nargunda,30-12-2019,50.81
Cucumbar(Kheera),Chikkamagalore,30-12-2019,13.33
Arhar+Dal(Tur+Dal),Shimoga,02-12-2019,76
Banana,Channapatana,07-12-2019,17
Garlic,Chintamani,30-12-2019,85
Beans,Chikkamagalore,07-12-2019,23.53
Ginger(Dry),Kadur,30-12-2019,18
She+Buffalo,Athani,15-12-2019,550
She+Goat,Athani,15-12-2019,50
Groundnut,Bagalakot,07-12-2019,36.74
Groundnut,Haveri,07-12-2019,39.25
Groundnut,Hiriyur,07-12-2019,44.82
Groundnut,Laxmeshwar,07-12-2019,33.49
Groundnut,Raichur,07-12-2019,43.2
Paddy(Dhan)(Common),Chikkamagalore,03-12-2019,25
Paddy(Dhan)(Common),Haliyala,03-12-2019,15
Paddy(Dhan)(Common),Hanagal,03-12-2019,15
Paddy(Dhan)(Common),Lingasugur,03-12-2019,24.38
Black+pepper,Gonikappal,07-12-2019,310
Bottle+gourd,Chikkamagalore,07-12-2019,8.33
Carrot,Kolar,24-12-2019,43
Gur(Jaggery),Gundlupet,07-12-2019,34.92
Gur(Jaggery),Mandya,07-12-2019,29.1
Gur(Jaggery),Ramdurga,07-12-2019,35.6
Black+pepper,Gonikappal,02-12-2019,300
Castor+Seed,Nanjangud,24-12-2019,50
Green+Chilli,Chikkamagalore,30-12-2019,21.43
Ginger(Green),Holenarsipura,30-12-2019,25
Jowar(Sorghum),Harappana Halli,07-12-2019,18.62
Kulthi(Horse+Gram),Gundlupet,07-12-2019,28
Beans,Srinivasapur,20-12-2019,20
Cabbage,Chikkamagalore,07-12-2019,10.23
Beetroot,Kolar,20-12-2019,32
Chilly+Capsicum,Kolar,19-12-2019,14
Bitter+gourd,Honnali,20-12-2019,15.39
Potato,Bangalore,02-12-2019,15.5
Potato,Chikkamagalore,02-12-2019,14.63
Maize,Bagalakot,07-12-2019,18.28
Maize,Bidar,07-12-2019,16
Maize,Davangere,07-12-2019,18.5
Maize,Dharwar,07-12-2019,18.2
Maize,Harappana Halli,07-12-2019,18.48
Maize,Haveri,07-12-2019,18.5
Maize,Kottur,07-12-2019,17.95
Maize,Ramdurga,07-12-2019,16.5
Brinjal,Srinivasapur,20-12-2019,10
Groundnut,Mundaragi,30-12-2019,40.12
Groundnut,Yadgir,30-12-2019,47.47
Calf,Chintamani,02-12-2019,175
Gur(Jaggery),Bhadravathi,30-12-2019,21.42
Jowar(Sorghum),Kottur,30-12-2019,21
Jowar(Sorghum),Nargunda,30-12-2019,33.75
Knool+Khol,Chikkamagalore,30-12-2019,14.1
Copra,Tiptur,07-12-2019,110
Coriander(Leaves),Gadag,07-12-2019,64.76
Onion,Belgaum,07-12-2019,105
Onion,Davangere,07-12-2019,85
Onion,Hubli (Amaragol),07-12-2019,64
Onion,Ranebennur,07-12-2019,67
Cotton,Gadag,07-12-2019,47.19
Cotton,Savanur,07-12-2019,52.99
Maize,Bhadravathi,30-12-2019,17.85
Maize,Bidar,30-12-2019,18
Maize,Chikkamagalore,30-12-2019,19.39
Maize,Harihara,30-12-2019,18.5
Maize,Haveri,30-12-2019,17.5
Maize,Kadur,30-12-2019,18.6
Maize,Kottur,30-12-2019,19.28
Maize,Mundaragi,30-12-2019,18.05
Maize,Nargunda,30-12-2019,19.68
Maize,Shikaripura,30-12-2019,18.5
Beetroot,Kolar,17-12-2019,30
Coconut,Kundapura,02-12-2019,131.09
Paddy(Dhan)(Common),Davangere,07-12-2019,18.3
Paddy(Dhan)(Common),Raichur,07-12-2019,17.61
Copra,Turvekere,02-12-2019,116.73
Ginger(Green),Gonikappal,07-12-2019,20
Ginger(Green),Shikaripura,07-12-2019,20.95
Cotton,Annigeri,02-12-2019,50
Cotton,Bijapur,02-12-2019,50.09
Cotton,Davangere,02-12-2019,46.37
Cotton,Hubli (Amaragol),02-12-2019,50.89
Cotton,Kottur,02-12-2019,43.25
Cotton,Raichur,02-12-2019,49
Cotton,Ranebennur,02-12-2019,49.54
Cotton,Sindhanur,02-12-2019,50
Beetroot,Chikkamagalore,26-12-2019,19.79
Onion,Bangalore,03-12-2019,90
Dry+Chillies,Hubli (Amaragol),02-12-2019,63.99
Groundnut,Gadag,07-12-2019,37.1
Groundnut,Mundaragi,07-12-2019,39.81
Groundnut,Savanur,07-12-2019,41.41
Ginger(Green),Gonikappal,02-12-2019,26
Alasande+Gram,Laxmeshwar,06-12-2019,51.51
Paddy(Dhan)(Common),Channagiri,02-12-2019,18.5
Potato,Belgaum,07-12-2019,17.5
Potato,Hubli (Amaragol),07-12-2019,18.5
Goat,Turvekere,02-12-2019,90
Banana,Channapatana,05-12-2019,18
Jowar(Sorghum),Gadag,07-12-2019,31.53
Green+Peas,Shimoga,02-12-2019,81.5
Groundnut,Chitradurga,02-12-2019,45.36
Groundnut,Davangere,02-12-2019,37.77
Groundnut,Gadag,02-12-2019,36.29
Groundnut,Hubli (Amaragol),02-12-2019,40.19
Groundnut,Kumta,02-12-2019,74.3
Groundnut,Laxmeshwar,02-12-2019,40.98
Groundnut,Raichur,02-12-2019,39.45
Groundnut,Sira,02-12-2019,47.85
Beans,Chikkamagalore,05-12-2019,11.97
Banana+-+Green,Santhesargur,06-12-2019,10
Paddy(Dhan)(Common),Chikkamagalore,30-12-2019,21.1
Paddy(Dhan)(Common),Harihara,30-12-2019,18.15
Paddy(Dhan)(Common),Moodigere,30-12-2019,16.3
Paddy(Dhan)(Common),Shikaripura,30-12-2019,18.5
Gur(Jaggery),Mandya,02-12-2019,28.5
Gur(Jaggery),Mhalingapur,02-12-2019,32.81
Gur(Jaggery),Shimoga,02-12-2019,33.5
Black+pepper,Gonikappal,05-12-2019,311.47
Maize,Bellary,07-12-2019,17.91
Maize,Gadag,07-12-2019,18.12
Maize,Gokak,07-12-2019,18
Maize,Hirekerur,07-12-2019,17.5
Maize,Mundaragi,07-12-2019,17.03
Maize,Shikaripura,07-12-2019,17.5
Gurellu,Gadag,02-12-2019,55.22
Jowar(Sorghum),Basava Kalayana,02-12-2019,40
Jowar(Sorghum),Gadag,02-12-2019,30.55
Jowar(Sorghum),Hubli (Amaragol),02-12-2019,26.11
Jowar(Sorghum),Kottur,02-12-2019,17.51
Jowar(Sorghum),Shimoga,02-12-2019,32.5
Lime,Bijapur,02-12-2019,3
Maize,Bagalakot,02-12-2019,18.23
Maize,Bhadravathi,02-12-2019,17.66
Maize,Chitradurga,02-12-2019,18.35
Maize,Davangere,02-12-2019,17.4
Maize,Gadag,02-12-2019,17.75
Maize,Hubli (Amaragol),02-12-2019,14.15
Maize,Kottur,02-12-2019,18.58
Maize,Nippani,02-12-2019,17
Maize,Shimoga,02-12-2019,17.6
Methi+Seeds,Shimoga,02-12-2019,56.5
Cabbage,Chikkamagalore,05-12-2019,10.32
Mustard,Shimoga,02-12-2019,47
Ragi+(Finger+Millet),Gubbi,07-12-2019,21
Ragi+(Finger+Millet),Kottur,07-12-2019,17.47
Rice,Gangavathi,07-12-2019,20.72
Onion,Bijapur,02-12-2019,75
Onion,Davangere,02-12-2019,32.5
Onion,Gadag,02-12-2019,25
Onion,Hubli (Amaragol),02-12-2019,52
Onion,Raichur,02-12-2019,66
Onion,Ranebennur,02-12-2019,39
Paddy(Dhan)(Common),Gonikappal,07-12-2019,17
Paddy(Dhan)(Common),Shikaripura,07-12-2019,16.8
Paddy(Dhan)(Common),Srirangapattana,07-12-2019,16
Ox,Chintamani,02-12-2019,300
Cauliflower,Chintamani,05-12-2019,19.5
Paddy(Dhan)(Common),Davangere,02-12-2019,18.28
Paddy(Dhan)(Common),Kundapura,02-12-2019,16.02
Paddy(Dhan)(Common),Raichur,02-12-2019,17.31
Papaya,Channapatana,07-12-2019,11.5
Soyabean,Bidar,07-12-2019,36.5
Soyabean,Dharwar,07-12-2019,37.23
Soyabean,Haveri,07-12-2019,33.11
Cotton,Haveri,05-12-2019,51.35
Cotton,Kottur,05-12-2019,42.63
Cotton,Shorapur,05-12-2019,48.36
Cotton,Sindhanur,05-12-2019,53
Potato,Bangalore,30-12-2019,19.5
Potato,Chikkamagalore,30-12-2019,16.13
Potato,Hubli (Amaragol),02-12-2019,18
Sunflower,Bagalakot,07-12-2019,39.07
Sunflower,Davangere,07-12-2019,32
Sunflower,Laxmeshwar,07-12-2019,35.71
Sunflower,Raichur,07-12-2019,32.89
Sweet+Potato,Belgaum,07-12-2019,8
Potato,Chikkamagalore,07-12-2019,14.95
Ginger(Green),K.R.Nagar,05-12-2019,26.5
Tomato,Davangere,07-12-2019,10.5
Tomato,Kadur,07-12-2019,16.66
Coconut,Harihara,06-12-2019,110
Corriander+seed,Laxmeshwar,06-12-2019,67.26
Cotton,Gadag,06-12-2019,47.51
Cotton,Haveri,06-12-2019,45.75
Cotton,Shorapur,06-12-2019,50.24
Rice,Gangavathi,02-12-2019,20.7
Rice,Sindhanur,02-12-2019,16.8
Groundnut,Chintamani,05-12-2019,45
Groundnut,Mundaragi,05-12-2019,41.02
Cotton,Gadag,28-12-2019,35.48
Arhar+Dal(Tur+Dal),Bellary,31-12-2019,49.01
Turmeric,Gundlupet,07-12-2019,60
Safflower,Bijapur,02-12-2019,52
She+Buffalo,Chintamani,02-12-2019,210
Sheep,Bhadravathi,02-12-2019,100
Sheep,Turvekere,02-12-2019,75
Dry+Chillies,Byadagi,06-12-2019,121.09
Soyabean,Basava Kalayana,02-12-2019,36
Soyabean,Bidar,02-12-2019,35
Soyabean,Hubli (Amaragol),02-12-2019,30.69
Onion,Hubli (Amaragol),04-12-2019,59
Capsicum,Kolar,24-12-2019,22
Wheat,Bidar,07-12-2019,26.5
Jowar(Sorghum),Bellary,05-12-2019,29.98
Jowar(Sorghum),Kottur,05-12-2019,17.3
Sunflower,Bagalakot,02-12-2019,38.01
Sunflower,Chitradurga,02-12-2019,36.91
Sunflower,Gadag,02-12-2019,35.76
Sunflower,Laxmeshwar,02-12-2019,27.43
Sunflower,Raichur,02-12-2019,34.59
Groundnut,Mulabagilu,27-12-2019,42
Tamarind+Fruit,Shimoga,02-12-2019,142
Maize,Bellary,05-12-2019,17.52
Maize,Chikkamagalore,05-12-2019,17.5
Maize,Hanagal,05-12-2019,17
Maize,Haveri,05-12-2019,16
Maize,Kottur,05-12-2019,17.92
Maize,Mundaragi,05-12-2019,18.22
Maize,Sindhanur,05-12-2019,17
Tomato,Chickkaballapura,02-12-2019,10.5
Tomato,Gundlupet,02-12-2019,12.5
Safflower,Gadag,07-12-2019,42.9
Sajje,Gadag,07-12-2019,14.75
Maize,Chikkamagalore,02-12-2019,17.23
Maize,Haliyala,02-12-2019,17.2
Maize,Hirekerur,02-12-2019,16.5
Maize,Holenarsipura,02-12-2019,17
Maize,Honnali,02-12-2019,16.3
Maize,Kadur,02-12-2019,17.5
Maize,Somvarpet,02-12-2019,15
Ragi+(Finger+Millet),Kottur,30-12-2019,22.46
Rice,Shikaripura,30-12-2019,18.35
Maize,Chikkamagalore,03-12-2019,17.09
Maize,Haliyala,03-12-2019,18
Maize,Hanagal,03-12-2019,16.8
Maize,Honnali,03-12-2019,17.5
Maize,Piriya Pattana,03-12-2019,15.5
Maize,Somvarpet,03-12-2019,15
Sunflower,Bellary,07-12-2019,40.12
Sunflower,Gadag,07-12-2019,37.28
Sunflower,Mundaragi,07-12-2019,36.81
Wheat,Gadag,02-12-2019,27.05
Paddy(Dhan)(Common),Bhadravathi,05-12-2019,20.5
Paddy(Dhan)(Common),Gonikappal,05-12-2019,17.2
Paddy(Dhan)(Common),Hanagal,05-12-2019,17.5
Paddy(Dhan)(Common),K.R.Nagar,05-12-2019,16.8
Paddy(Dhan)(Common),Shorapur,05-12-2019,14.43
Tomato,Chikkamagalore,07-12-2019,12.02
Capsicum,Kolar,10-12-2019,19
Groundnut,Chitradurga,06-12-2019,42.85
Groundnut,Gadag,06-12-2019,36.58
Groundnut,Koppal,06-12-2019,39.48
Groundnut,Laxmeshwar,06-12-2019,38.59
Potato,Hubli (Amaragol),04-12-2019,17
Groundnut,Mundaragi,06-12-2019,41.91
Same/Savi,Chintamani,30-12-2019,14.5
Carrot,Kolar,10-12-2019,36
Gur(Jaggery),Mandya,06-12-2019,29.1
Soyabean,Bidar,30-12-2019,40
Jowar(Sorghum),Bidar,06-12-2019,37
Jowar(Sorghum),Gadag,06-12-2019,29.89
Jowar(Sorghum),Laxmeshwar,06-12-2019,27.32
Wheat,Gadag,07-12-2019,28.11
Sunflower,Mundaragi,30-12-2019,39.45
Sunflower,Nargunda,30-12-2019,31
Maize,Bidar,06-12-2019,16.5
Maize,Chitradurga,06-12-2019,18.22
Maize,Gadag,06-12-2019,18.49
Maize,Haveri,06-12-2019,19
Maize,Mundaragi,06-12-2019,16.66
Alasande+Gram,Bangalore,09-12-2019,67
Tender+Coconut,Mandya,30-12-2019,100
Tomato,Chikkamagalore,30-12-2019,13.47
Tomato,Kadur,30-12-2019,5.55
Ragi+(Finger+Millet),Kottur,05-12-2019,18.56
Soyabean,Hanagal,05-12-2019,37.53
Soyabean,Haveri,05-12-2019,30
Groundnut,Gadag,28-12-2019,36.58
Groundnut,Hiriyur,28-12-2019,45.99
Groundnut,Laxmeshwar,28-12-2019,35.39
Sunflower,Bellary,05-12-2019,39.43
Sunflower,Mundaragi,05-12-2019,36.78
Paddy(Dhan)(Common),Harihara,06-12-2019,19.1
Paddy(Dhan)(Common),Shorapur,06-12-2019,16.12
Tender+Coconut,Mandya,05-12-2019,120
Tomato,Channapatana,05-12-2019,16
Maize,Athani,15-12-2019,17
Black+pepper,Gonikappal,18-12-2019,280
Potato,Bangalore,04-12-2019,17.5
Potato,Chintamani,04-12-2019,12
Jowar(Sorghum),Gadag,28-12-2019,31.37
Rice,Kolar,04-12-2019,50.86
Ridgeguard(Tori),Honnali,04-12-2019,16.5
Sunflower,Nargunda,04-12-2019,33
Groundnut,Challakere,02-12-2019,45.77
Sunflower,Bellary,21-12-2019,36.68
Tomato,Chintamani,04-12-2019,11.33
Tomato,Srinivasapur,04-12-2019,8.67
Maize,Gadag,28-12-2019,18.71
Cabbage,Chikkamagalore,18-12-2019,11.67
Maize,Athani,02-12-2019,17
Arhar+Dal(Tur+Dal),Gowribidanoor,04-12-2019,70
Arhar+Dal(Tur+Dal),Shimoga,04-12-2019,77.5
Cowpea(Veg),Honnali,30-12-2019,14.61
Soyabean,Bidar,06-12-2019,36
Banana+-+Green,Gubbi,04-12-2019,20
Sunflower,Chitradurga,06-12-2019,37.62
Sunflower,Gadag,06-12-2019,37.15
Sunflower,Laxmeshwar,06-12-2019,34.89
Sunflower,Mundaragi,06-12-2019,36.67
Paddy(Dhan)(Common),Hanagal,04-12-2019,15.6
Paddy(Dhan)(Common),Honnali,04-12-2019,18.3
Paddy(Dhan)(Common),K.R.Nagar,04-12-2019,20.63
Paddy(Dhan)(Common),Srirangapattana,04-12-2019,18.5
Ginger(Green),Kolar,27-12-2019,38.23
Knool+Khol,Kolar,02-12-2019,18
Green+Chilli,Chikkamagalore,27-12-2019,23.33
Coconut,Arasikere,18-12-2019,110
Copra,Tiptur,18-12-2019,116
Wheat,Bidar,06-12-2019,26.25
Corriander+seed,Bhadravathi,18-12-2019,70.98
Cotton,Gadag,18-12-2019,49.02
Cotton,Savanur,18-12-2019,53.99
Cucumbar(Kheera),Chikkamagalore,18-12-2019,9.42
Black+pepper,Channagiri,10-12-2019,310.58
Elephant+Yam+(Suran),Arasikere,18-12-2019,19.48
Cabbage,Chikkamagalore,10-12-2019,9.84
Bottle+gourd,Kolar,24-12-2019,19
Ginger(Green),Shikaripura,18-12-2019,18
Brinjal,Honnali,24-12-2019,11.3
Green+Chilli,Chikkamagalore,18-12-2019,21.6
Cotton,Raichur,25-12-2019,46
Chili+Red,Shimoga,04-12-2019,162.5
Groundnut,Gadag,18-12-2019,35.96
Groundnut,Laxmeshwar,18-12-2019,35.09
Groundnut,Mundaragi,18-12-2019,41.6
Groundnut,Savanur,18-12-2019,41.66
Coconut,Gubbi,04-12-2019,100
Coconut,Kadur,04-12-2019,130
Coconut,Tumkur,04-12-2019,112
Copra,Gubbi,04-12-2019,105
Gur(Jaggery),Bangarpet,18-12-2019,36.5
Gur(Jaggery),Bhadravathi,18-12-2019,25.82
Onion,Bangalore,04-12-2019,110
Onion,Chintamani,04-12-2019,50
Cotton,Annigeri,04-12-2019,50
Cotton,Bijapur,04-12-2019,50.55
Cotton,Davangere,04-12-2019,49.85
Cotton,Hubli (Amaragol),04-12-2019,48.79
Cotton,Raichur,04-12-2019,47
Jowar(Sorghum),Chittapur,18-12-2019,37
Jowar(Sorghum),Gadag,18-12-2019,33.52
Maize,Arasikere,18-12-2019,18
Maize,Bangarpet,18-12-2019,32.5
Maize,Bhadravathi,18-12-2019,18.36
Maize,Chikkamagalore,18-12-2019,18.11
Maize,Gadag,18-12-2019,18.63
Maize,Kadur,18-12-2019,18
Maize,Kottur,18-12-2019,19.28
Maize,Mundaragi,18-12-2019,18.41
Maize,Shikaripura,18-12-2019,17.5
Sajje,Gadag,28-12-2019,16.81
Paddy(Dhan)(Common),Bangarpet,18-12-2019,19.2
Paddy(Dhan)(Common),Bhadravathi,18-12-2019,16.91
Paddy(Dhan)(Common),Chikkamagalore,18-12-2019,31.7
Paddy(Dhan)(Common),Shikaripura,18-12-2019,19
Sunflower,Gadag,28-12-2019,39.4
Sunflower,Laxmeshwar,28-12-2019,36.97
Groundnut,Hubli (Amaragol),04-12-2019,37.09
Groundnut,Laxmeshwar,04-12-2019,33.35
Groundnut,Raichur,04-12-2019,44.29
Gur(Jaggery),Bangarpet,04-12-2019,38
Cotton,Haliyala,30-12-2019,70.99
Cotton,Kudchi,30-12-2019,46
Cotton,Madhugiri,30-12-2019,107.1
Cotton,Manvi,30-12-2019,50.89
Jowar(Sorghum),Hubli (Amaragol),04-12-2019,20
Potato,Chikkamagalore,18-12-2019,16.15
Maize,Chamaraj Nagar,04-12-2019,13
Maize,Hanagal,04-12-2019,16.5
Maize,Honnali,04-12-2019,18.2
Maize,K.R.Nagar,04-12-2019,16.83
Maize,Kudchi,04-12-2019,16.5
Maize,Nargunda,04-12-2019,17.74
Maize,Piriya Pattana,04-12-2019,14
Maize,Sankeshwar,04-12-2019,32.32
Maize,Sindhanur,04-12-2019,18.24
Maize,Athani,04-12-2019,17
Maize,Badami,04-12-2019,16.5
Maize,Bagalakot,04-12-2019,18.57
Maize,Bidar,04-12-2019,16
Maize,Davangere,04-12-2019,17.6
Maize,Dharwar,04-12-2019,18.26
Maize,Gowribidanoor,04-12-2019,17.7
Maize,Haliyala,04-12-2019,18
Maize,Harappana Halli,04-12-2019,17.5
Maize,Harihara,04-12-2019,16.5
Maize,Hubli (Amaragol),04-12-2019,16.3
Maize,Shimoga,04-12-2019,17.75
Maize,Sorabha,04-12-2019,16.5
Maize,Tumkur,04-12-2019,16.6
Wheat,Gadag,28-12-2019,22.55
Bitter+gourd,Kolar,10-12-2019,19
Groundnut,Madhugiri,03-12-2019,46.3
Onion,Belgaum,04-12-2019,115
Onion,Davangere,04-12-2019,55
Onion,Gadag,04-12-2019,30
Onion,Hubli (Amaragol),04-12-2019,57
Onion,Raichur,04-12-2019,87
Ragi+(Finger+Millet),Kottur,18-12-2019,21.08
Rice,Bangarpet,18-12-2019,28.5
Rice,Shikaripura,18-12-2019,21.1
Paddy(Dhan)(Common),Davangere,04-12-2019,18.7
Paddy(Dhan)(Common),Haliyala,04-12-2019,16
Paddy(Dhan)(Common),Harappana Halli,04-12-2019,17
Paddy(Dhan)(Common),Harihara,04-12-2019,18.15
Paddy(Dhan)(Common),Raichur,04-12-2019,16.69
Safflower,Gadag,18-12-2019,47.61
Sajje,Gadag,18-12-2019,16.53
Soyabean,Haveri,18-12-2019,39
Sunflower,Gadag,18-12-2019,37.96
Sunflower,Laxmeshwar,18-12-2019,33.75
Sunflower,Mundaragi,18-12-2019,37.37
Tomato,Bangarpet,18-12-2019,5.8
Tomato,Chikkamagalore,18-12-2019,11.51
Tomato,Kadur,18-12-2019,11.11
Potato,Bangarpet,04-12-2019,15
Potato,Belgaum,04-12-2019,19.5
Potato,Hubli (Amaragol),04-12-2019,17.5
Beetroot,Honnali,24-12-2019,17.5
Beetroot,Kolar,24-12-2019,20
Bitter+gourd,Honnali,24-12-2019,14.3
Wheat,Bhadravathi,18-12-2019,32.13
Wheat,Gadag,18-12-2019,23.17
Ragi+(Finger+Millet),Shimoga,04-12-2019,27
Rice,Bangarpet,04-12-2019,27.5
Rice,Gangavathi,04-12-2019,19.8
Beans,Bangarpet,24-12-2019,25
Ginger(Dry),Hirekerur,03-12-2019,110
Soyabean,Bidar,04-12-2019,35.5
Soyabean,Dharwar,04-12-2019,36.07
Soyabean,Hubli (Amaragol),04-12-2019,34.35
Green+Chilli,Honnali,03-12-2019,16.5
Coconut,Chintamani,30-12-2019,65
Sunflower,Laxmeshwar,04-12-2019,28.5
Sweet+Potato,Belgaum,04-12-2019,9
Arhar+Dal(Tur+Dal),Bangalore,20-12-2019,82.5
Tamarind+Fruit,Tumkur,04-12-2019,65
Tomato,Davangere,04-12-2019,11
Tomato,Gundlupet,04-12-2019,18.5
Tomato,Kadur,04-12-2019,12.5
Maize,Bellary,06-12-2019,17.66
Goat,Ramdurga,08-12-2019,48
Wheat,Dharwar,04-12-2019,26.98
Cow,Athani,15-12-2019,720
Maize,Bellary,27-12-2019,18.83
Cauliflower,Kolar,30-12-2019,14
Coconut,Harihara,27-12-2019,65
Coconut,Kolar,27-12-2019,210
Cotton,Manvi,27-12-2019,52
Cowpea(Veg),Honnali,27-12-2019,14.22
Cucumbar(Kheera),Chikkamagalore,27-12-2019,10.91
Ragi+(Finger+Millet),Piriya Pattana,21-12-2019,21
Groundnut,Ramdurga,08-12-2019,36.25
Alasande+Gram,Bangalore,20-12-2019,60
Potato,Bangarpet,06-12-2019,19
Potato,Hubli (Amaragol),06-12-2019,18.5
Paddy(Dhan)(Common),Hanagal,21-12-2019,16.5
Alasande+Gram,Gundlupet,06-12-2019,64
Kulthi(Horse+Gram),Chintamani,04-12-2019,22
Black+pepper,Gonikappal,06-12-2019,300
Black+pepper,Yellapur,06-12-2019,308.99
Banana+-+Green,Santhesargur,10-12-2019,8.82
Beans,Honnali,10-12-2019,24
Cabbage,Honnali,30-12-2019,5.3
Cabbage,Ramanagara,30-12-2019,12
Jowar(Sorghum),Ramdurga,08-12-2019,20.5
Beans,Kolar,15-12-2019,41
Cabbage,Kolar,15-12-2019,12
Cauliflower,Kolar,15-12-2019,13
Coconut,Bhadravathi,06-12-2019,163.95
Coconut,Davangere,06-12-2019,140
Coconut,Kundapura,06-12-2019,100
Coconut,Tarikere,06-12-2019,127.38
Copra,Arasikere,06-12-2019,111.25
Corriander+seed,Shimoga,06-12-2019,87
Coconut,Kumta,05-12-2019,198.6
Cotton,Annigeri,06-12-2019,55
Cotton,Arasikere,06-12-2019,46
Cotton,Bellary,06-12-2019,37.57
Cotton,Bijapur,06-12-2019,50.93
Cotton,Davangere,06-12-2019,47.1
Cotton,Hubli (Amaragol),06-12-2019,50.5
Cotton,Raichur,06-12-2019,48
Arhar+Dal(Tur+Dal),Bangarpet,24-12-2019,76
Elephant+Yam+(Suran),Arasikere,06-12-2019,27
Elephant+Yam+(Suran),Gubbi,06-12-2019,28
Ginger(Dry),Hosanagar,06-12-2019,246.04
Ginger(Green),Gonikappal,06-12-2019,22
Goat,Nippani,06-12-2019,40
Banana+-+Green,Doddaballa Pur,19-12-2019,31
Cowpea(Veg),Honnali,03-12-2019,15.2
Groundnut,Davangere,06-12-2019,43.77
Groundnut,Hubli (Amaragol),06-12-2019,34.89
Groundnut,Kottur,06-12-2019,42.35
Groundnut,Raichur,06-12-2019,49.59
Gur(Jaggery),Bangarpet,06-12-2019,38
Gur(Jaggery),Bhadravathi,06-12-2019,26.05
Gur(Jaggery),Gundlupet,06-12-2019,37.86
Gur(Jaggery),Mhalingapur,06-12-2019,33.79
Honge+seed,Tumkur,06-12-2019,27.5
Jowar(Sorghum),Bellary,06-12-2019,32.37
Bitter+gourd,Honnali,30-12-2019,14.2
Maize,Athani,08-12-2019,16
Kulthi(Horse+Gram),Gundlupet,06-12-2019,37
Maize,Arasikere,06-12-2019,19.6
Maize,Bagalakot,06-12-2019,17.92
Maize,Bhadravathi,06-12-2019,16.41
Maize,Davangere,06-12-2019,18.7
Maize,Harappana Halli,06-12-2019,18.75
Maize,Hosanagar,06-12-2019,15
Maize,Hubli (Amaragol),06-12-2019,15.09
Maize,Mandya,06-12-2019,22
Maize,Mhalingapur,06-12-2019,18.7
Maize,Rona,06-12-2019,18.3
Maize,Tumkur,06-12-2019,16.5
Ground+Nut+Seed,Kolar,04-12-2019,81.77
Ground+Nut+Seed,Sankeshwar,04-12-2019,70.25
Groundnut,Madhugiri,04-12-2019,46.21
Groundnut,Sankeshwar,04-12-2019,45
Groundnut,Srinivasapur,04-12-2019,52
Brinjal,Honnali,30-12-2019,8.91
Chilly+Capsicum,Kolar,27-12-2019,21
Onion,Davangere,06-12-2019,80
Onion,Hubli (Amaragol),06-12-2019,68.5
Onion,Raichur,06-12-2019,108.1
Onion,Ranebennur,06-12-2019,69
Beans,Malur,24-12-2019,30.56
Paddy(Dhan)(Common),Bangarpet,06-12-2019,19.2
Paddy(Dhan)(Common),Bhadravathi,06-12-2019,17.35
Paddy(Dhan)(Common),Davangere,06-12-2019,21.2
Paddy(Dhan)(Common),Hosanagar,06-12-2019,15
Paddy(Dhan)(Common),Kundapura,06-12-2019,18.5
Paddy(Dhan)(Common),Raichur,06-12-2019,18.69
Paddy(Dhan)(Common),Sorabha,06-12-2019,16
Black+pepper,Chikkamagalore,24-12-2019,249.9
Black+pepper,Karkala,24-12-2019,290
Cabbage,Malur,24-12-2019,10
She+Buffalo,Athani,08-12-2019,450
Sheep,Ramdurga,08-12-2019,53
Sunflower,Ramdurga,08-12-2019,28
Raddish,Bangarpet,06-12-2019,5
Ragi+(Finger+Millet),Davangere,06-12-2019,20.3
Ragi+(Finger+Millet),Harappana Halli,06-12-2019,19.3
Ragi+(Finger+Millet),Shimoga,06-12-2019,28
Ragi+(Finger+Millet),Tumkur,06-12-2019,22.5
Rice,Bangarpet,06-12-2019,28
Rice,Bhadravathi,06-12-2019,20.86
Alasande+Gram,Laxmeshwar,20-12-2019,47.88
She+Buffalo,Nippani,06-12-2019,550
Soyabean,Hubli (Amaragol),06-12-2019,28.09
Sunflower,Bagalakot,06-12-2019,34.45
Sunflower,Kottur,06-12-2019,35.91
Sunflower,Raichur,06-12-2019,32.89
Tomato,Bangarpet,06-12-2019,8.2
Coconut,Udupi,24-12-2019,100
Black+pepper,Moodigere,20-12-2019,306.88
Cotton,Annigeri,24-12-2019,50
Cotton,Bijapur,24-12-2019,51.55
Cotton,Chitradurga,24-12-2019,53.68
Cotton,Gadag,24-12-2019,43.83
Wheat,Hubli (Amaragol),06-12-2019,14.29
Wheat,Shimoga,06-12-2019,30.5
Cotton,Raichur,24-12-2019,46
Cotton,Ranebennur,24-12-2019,53.57
Cotton,Shorapur,24-12-2019,50.14
Black+pepper,Somvarpet,09-12-2019,292.14
Cotton,Madhugiri,04-12-2019,108.64
Cotton,Manvi,04-12-2019,50
Cotton,Nargunda,04-12-2019,47.62
Cotton,Sankeshwar,04-12-2019,60
Cowpea(Veg),Honnali,04-12-2019,17
Dry+Chillies,Sindhanur,04-12-2019,58
Cabbage,Chikkamagalore,09-12-2019,9.96
Cotton,Bellary,20-12-2019,42.44
Cotton,Sindhanur,20-12-2019,49
Alasande+Gram,Arasikere,24-12-2019,47
Dry+Chillies,Byadagi,20-12-2019,116.09
Beans,Honnali,30-12-2019,23.8
Copra,Bangalore,09-12-2019,132.5
Groundnut,Davangere,24-12-2019,30.96
Groundnut,Gadag,24-12-2019,36.89
Groundnut,Raichur,24-12-2019,39.11
Cotton,Haveri,09-12-2019,52.05
Ginger(Green),Somvarpet,20-12-2019,25
Cucumbar(Kheera),Chikkamagalore,09-12-2019,10.71
Gur(Jaggery),Bijapur,24-12-2019,30.5
Gur(Jaggery),Mhalingapur,24-12-2019,34.48
Gur(Jaggery),Tarikere,24-12-2019,30
Groundnut,Laxmeshwar,20-12-2019,37.55
Ginger(Green),Hirekerur,09-12-2019,20
Green+Chilli,Chikkamagalore,09-12-2019,20.77
Groundnut,Bellary,20-12-2019,45.29
Groundnut,Chintamani,20-12-2019,39.5
Groundnut,Koppal,20-12-2019,47.84
Groundnut,Kottur,20-12-2019,44.09
Groundnut,Mundaragi,20-12-2019,38.04
Arhar+Dal(Tur+Dal),Bellary,18-12-2019,38.05
Jowar(Sorghum),Gadag,24-12-2019,33.21
Jowar(Sorghum),Gangavathi,24-12-2019,25
Jowar(Sorghum),Gulbarga,24-12-2019,39.25
Gur(Jaggery),Mandya,20-12-2019,29.7
Ground+Nut+Seed,Bangalore,09-12-2019,86
Groundnut,Mulabagilu,09-12-2019,37
Black+pepper,Gonikappal,24-12-2019,322
Gurellu,Laxmeshwar,20-12-2019,50.62
Gur(Jaggery),Bhadravathi,09-12-2019,32.26
Jowar(Sorghum),Bellary,20-12-2019,33.03
Jowar(Sorghum),Laxmeshwar,20-12-2019,32.39
Cabbage,Chikkamagalore,27-12-2019,10.2
Cabbage,Honnali,27-12-2019,7.5
Kulthi(Horse+Gram),Gundlupet,24-12-2019,30
Maize,Bellary,20-12-2019,19.41
Maize,Holalkere,20-12-2019,18.36
Maize,Laxmeshwar,20-12-2019,17.84
Maize,Mundaragi,20-12-2019,18.35
Maize,Bhadravathi,09-12-2019,17.07
Maize,Chikkamagalore,09-12-2019,17.44
Maize,Haveri,09-12-2019,18
Maize,Ramdurga,09-12-2019,17.5
Maize,Bellary,18-12-2019,19.47
Maize,Badami,24-12-2019,17.5
Maize,Bagalakot,24-12-2019,19.71
Maize,Bijapur,24-12-2019,19
Maize,Challakere,24-12-2019,19.51
Maize,Davangere,24-12-2019,19.1
Maize,Gadag,24-12-2019,18.9
Maize,Gundlupet,24-12-2019,13.8
Maize,Harappana Halli,24-12-2019,18.5
Onion,Bangalore,09-12-2019,65
Maize,Nippani,24-12-2019,19.5
Maize,Sorabha,24-12-2019,18.5
Onion,Belgaum,20-12-2019,80.5
Onion,Kolar,20-12-2019,111
Paddy(Dhan)(Common),Bhadravathi,09-12-2019,16.99
Paddy(Dhan)(Common),Chikkamagalore,09-12-2019,26.96
Paddy(Dhan)(Common),Harihara,09-12-2019,17.1
Paddy(Dhan)(Common),Shikaripura,09-12-2019,21
Rice,Karatgi,06-12-2019,31
Paddy(Dhan)(Common),Shikaripura,20-12-2019,16.7
Suvarna+Gadde,Somvarpet,21-12-2019,7
Tomato,Channapatana,21-12-2019,8.5
Tomato,Chintamani,21-12-2019,5.33
Tomato,Kolar,21-12-2019,6.86
Tomato,Srinivasapur,21-12-2019,5
Potato,Chikkamagalore,09-12-2019,19.38
Cashewnuts,Kumta,24-12-2019,70.5
Onion,Raichur,24-12-2019,55
Onion,Ranebennur,24-12-2019,50
Sheep,Bhadravathi,09-12-2019,55
Ragi+(Finger+Millet),Holalkere,20-12-2019,18.5
Tender+Coconut,Hunsur,09-12-2019,120
Coconut,Arasikere,24-12-2019,110
Coconut,Kadur,24-12-2019,155
Tomato,Chikkamagalore,09-12-2019,14.12
Paddy(Dhan)(Common),Davangere,24-12-2019,18.1
Paddy(Dhan)(Common),Harappana Halli,24-12-2019,16.5
Paddy(Dhan)(Common),Moodigere,24-12-2019,17.75
Paddy(Dhan)(Common),Raichur,24-12-2019,19.31
Paddy(Dhan)(Common),Shorapur,24-12-2019,16.87
Copra,Arasikere,24-12-2019,111.85
Corriander+seed,Bhadravathi,24-12-2019,77.75
Cotton,Arasikere,24-12-2019,46
Cotton,Bellary,24-12-2019,43.33
Cotton,Hubli (Amaragol),24-12-2019,52.89
Cotton,Santhesargur,24-12-2019,44.1
Cotton,Savanur,24-12-2019,53.24
Sunflower,Kottur,20-12-2019,37.09
Sunflower,Laxmeshwar,20-12-2019,37.09
Sunflower,Mundaragi,20-12-2019,37.38
Suvarna+Gadde,Somvarpet,20-12-2019,8.75
Sweet+Potato,Somvarpet,20-12-2019,7.5
Dry+Chillies,Hubli (Amaragol),24-12-2019,57
Elephant+Yam+(Suran),Arasikere,24-12-2019,13
Rice,Honnali,21-12-2019,19.5
Ridgeguard(Tori),Honnali,21-12-2019,19.64
Ginger(Green),Shikaripura,24-12-2019,25
Groundnut,Hubli (Amaragol),24-12-2019,36.69
Groundnut,Kottur,24-12-2019,43.12
Groundnut,Laxmeshwar,24-12-2019,33.41
Groundnut,Mundaragi,24-12-2019,39.58
Groundnut,Savanur,24-12-2019,40.73
Jowar(Sorghum),Bellary,24-12-2019,24.28
Maize,Arasikere,24-12-2019,20.7
Maize,Bellary,24-12-2019,18.54
Maize,Bhadravathi,24-12-2019,18.44
Maize,Hanagal,24-12-2019,18
Maize,Haveri,24-12-2019,18.5
Maize,Hubli (Amaragol),24-12-2019,18.96
Maize,Kadur,24-12-2019,18.5
Maize,Kalagategi,24-12-2019,19
Maize,Mundaragi,24-12-2019,17.8
Maize,Sankeshwar,24-12-2019,19.26
Maize,Santhesargur,24-12-2019,16
Maize,Savanur,24-12-2019,17.27
Maize,Shikaripura,24-12-2019,18
Ragi+(Finger+Millet),Davangere,24-12-2019,21.8
Alasande+Gram,Laxmeshwar,27-12-2019,39.43
Rice,Gangavathi,24-12-2019,19.8
Rice,Gulbarga,24-12-2019,38.15
Onion,Arasikere,24-12-2019,30
Onion,Hubli (Amaragol),24-12-2019,42
Bitter+gourd,Honnali,27-12-2019,13.73
Paddy(Dhan)(Common),Bhadravathi,24-12-2019,17.8
Paddy(Dhan)(Common),Gonikappal,24-12-2019,18
Paddy(Dhan)(Common),Hanagal,24-12-2019,15
Paddy(Dhan)(Common),K.R.Nagar,24-12-2019,16.66
Paddy(Dhan)(Common),Kumta,24-12-2019,16
Paddy(Dhan)(Common),Santhesargur,24-12-2019,16.5
Paddy(Dhan)(Common),Shikaripura,24-12-2019,17.25
Sajje,Gadag,24-12-2019,31.49
Soyabean,Bidar,24-12-2019,39.5
Soyabean,Gulbarga,24-12-2019,37.75
Soyabean,Nippani,24-12-2019,33
Rice,Chintamani,28-12-2019,40
Sunflower,Bagalakot,24-12-2019,34.97
Sunflower,Bellary,24-12-2019,36.55
Sunflower,Davangere,24-12-2019,36.6
Sunflower,Gadag,24-12-2019,38.15
Sunflower,Gulbarga,24-12-2019,36.75
Tender+Coconut,Malur,24-12-2019,161.9
Potato,Hubli (Amaragol),24-12-2019,22
Black+pepper,Gonikappal,27-12-2019,280
Tomato,Malur,24-12-2019,20
Paddy(Dhan)(Common),Channagiri,21-12-2019,17.5
Paddy(Dhan)(Common),Harihara,21-12-2019,20.25
Paddy(Dhan)(Common),Honnali,21-12-2019,17.1
Paddy(Dhan)(Common),K.R.Nagar,21-12-2019,16.9
Paddy(Dhan)(Common),Nanjangud,21-12-2019,18.5
Paddy(Dhan)(Common),Somvarpet,21-12-2019,17.5
Potato,Bangalore,21-12-2019,18
Wheat,Gadag,24-12-2019,27.31
Ragi+(Finger+Millet),Haveri,24-12-2019,25
Ragi+(Finger+Millet),Kadur,24-12-2019,26
Rice,Arasikere,24-12-2019,55
Rice,Shikaripura,24-12-2019,27
Same/Savi,Hubli (Amaragol),24-12-2019,21.29
Same/Savi,Kadur,24-12-2019,26.5
Soyabean,Hubli (Amaragol),24-12-2019,33.39
Soyabean,Kalagategi,24-12-2019,39
White+Pumpkin,Malur,24-12-2019,20
Sunflower,Bellary,24-12-2019,36.65
Sunflower,Kottur,24-12-2019,35.55
Sunflower,Laxmeshwar,24-12-2019,34.91
Sunflower,Mundaragi,24-12-2019,37.47
Tomato,Kadur,24-12-2019,5.88
Coconut,Udupi,27-12-2019,100
Cotton,Gadag,27-12-2019,48.89
Cotton,Sindhanur,27-12-2019,49.5
Papaya,Ramanagara,28-12-2019,12
Moath+Dal,Bangalore,21-12-2019,70
Beans,Honnali,27-12-2019,21
Beans,Kolar,27-12-2019,23
Groundnut,Gadag,27-12-2019,38.39
Groundnut,Kottur,27-12-2019,43.55
Groundnut,Laxmeshwar,27-12-2019,37.69
Groundnut,Mundaragi,27-12-2019,40.23
Gur(Jaggery),Mandya,27-12-2019,29.2
Jowar(Sorghum),Gadag,27-12-2019,30.62
Jowar(Sorghum),Laxmeshwar,27-12-2019,32.63
Maize,Gadag,27-12-2019,18.58
Maize,Hirekerur,27-12-2019,18
Cotton,Madhugiri,31-12-2019,104.25
Maize,Mundaragi,27-12-2019,18.01
Maize,Shikaripura,27-12-2019,18.5
Cotton,Manvi,31-12-2019,51.97
Cowpea(Veg),Honnali,31-12-2019,15.58
Cucumbar(Kheera),Honnali,31-12-2019,8.6
Cucumbar(Kheera),Kolar,31-12-2019,4.5
Maize,Haliyala,21-12-2019,19.2
Maize,Harihara,21-12-2019,19
Maize,Holenarsipura,21-12-2019,18
Maize,Honnali,21-12-2019,18.2
Maize,Kudchi,21-12-2019,16.5
Maize,Somvarpet,21-12-2019,17.5
Paddy(Dhan)(Common),Gonikappal,27-12-2019,18.15
Paddy(Dhan)(Common),Hirekerur,27-12-2019,18.2
Paddy(Dhan)(Common),Shikaripura,27-12-2019,20
Maize,Athani,10-12-2019,16
Ragi+(Finger+Millet),Tumkur,27-12-2019,22
Rice,Shikaripura,27-12-2019,17
Sunflower,Gadag,27-12-2019,38.58
Sunflower,Kottur,27-12-2019,36.95
Sunflower,Laxmeshwar,27-12-2019,38.14
Sunflower,Mundaragi,27-12-2019,37.68
Tamarind+Fruit,Tumkur,27-12-2019,71
Wheat,Gadag,27-12-2019,24.31
Thogrikai,Ramanagara,16-12-2019,27
Alasande+Gram,Holenarsipura,30-12-2019,53
Knool+Khol,Ramanagara,16-12-2019,22
Goat,Ramdurga,22-12-2019,49
Groundnut,Ramdurga,22-12-2019,39.25
Gur(Jaggery),Mhalingapur,22-12-2019,34.43
Groundnut,Bellary,23-12-2019,42.38
She+Buffalo,Ramdurga,22-12-2019,500
Sheep,Ramdurga,22-12-2019,59
Sunflower,Ramdurga,22-12-2019,25.5
Tomato,Chickkaballapura,22-12-2019,7.6
Coconut,Arasikere,19-12-2019,124.17
Coconut,Kumta,19-12-2019,172
Cotton,Chitradurga,19-12-2019,55.17
Cotton,Haveri,19-12-2019,51.08
Cotton,Kottur,19-12-2019,44.69
Cotton,Nargunda,19-12-2019,49.8
Dry+Chillies,Byadagi,19-12-2019,126.09
Green+Chilli,Chikkamagalore,19-12-2019,22.37
Brinjal,Ramanagara,16-12-2019,20
Groundnut,Laxmeshwar,19-12-2019,34.79
Groundnut,Mundaragi,19-12-2019,41.07
Gur(Jaggery),Mandya,19-12-2019,29.7
Jowar(Sorghum),Bellary,19-12-2019,25.01
Jowar(Sorghum),Kottur,19-12-2019,17.61
Beans,Ramanagara,16-12-2019,50
Cotton,Sindhanur,31-12-2019,53
Maize,Arasikere,19-12-2019,20.7
Maize,Bellary,19-12-2019,19.03
Maize,Kadur,19-12-2019,18
Maize,Kottur,19-12-2019,19.22
Maize,Mundaragi,19-12-2019,18.39
Maize,Nargunda,19-12-2019,19.97
Maize,Shikaripura,19-12-2019,17.45
Ridgeguard(Tori),Ramanagara,18-12-2019,32
Onion,Arasikere,19-12-2019,55.5
Paddy(Dhan)(Common),Chikkamagalore,19-12-2019,30.97
Paddy(Dhan)(Common),Harihara,19-12-2019,20.55
Paddy(Dhan)(Common),Nanjangud,19-12-2019,18.5
Ragi+(Finger+Millet),Piriya Pattana,11-12-2019,21
Rice,Kolar,11-12-2019,54.35
Rice,Sankeshwar,11-12-2019,20.27
Ridgeguard(Tori),Honnali,11-12-2019,21
Tomato,Channapatana,11-12-2019,6.5
Tomato,Kolar,11-12-2019,7.08
Tomato,Srinivasapur,11-12-2019,6.67
Potato,Arasikere,19-12-2019,12
Potato,Chikkamagalore,19-12-2019,15.79
Ragi+(Finger+Millet),Arasikere,19-12-2019,20.7
Ragi+(Finger+Millet),Kottur,19-12-2019,21.41
Rice,Chikkamagalore,19-12-2019,23.4
Paddy(Dhan)(Common),Channagiri,11-12-2019,18.25
Paddy(Dhan)(Common),Harihara,11-12-2019,18
Paddy(Dhan)(Common),Hirekerur,11-12-2019,18
Paddy(Dhan)(Common),Honnali,11-12-2019,17.7
Paddy(Dhan)(Common),Nanjangud,11-12-2019,18
Paddy(Dhan)(Common),Srinivasapur,11-12-2019,18.3
Sunflower,Bellary,19-12-2019,36.42
Sunflower,Laxmeshwar,19-12-2019,36.54
Sunflower,Mundaragi,19-12-2019,37.7
Sunflower,Nargunda,19-12-2019,29.9
Papaya,Srinivasapur,11-12-2019,18.75
Peas+Wet,Ramanagara,11-12-2019,38
Tomato,Chikkamagalore,19-12-2019,10.92
Tomato,Kadur,19-12-2019,12.5
Green+Peas,Bangalore,21-12-2019,80.5
Groundnut,Srinivasapur,21-12-2019,44.42
Cowpea(Veg),Honnali,21-12-2019,14.6
Cucumbar(Kheera),Honnali,21-12-2019,13.27
Arhar+Dal(Tur+Dal),Bellary,21-12-2019,48.9
Black+pepper,Gonikappal,21-12-2019,320
Black+pepper,Kadur,21-12-2019,230
Cotton,Manvi,21-12-2019,17.97
Cotton,Yellapur,21-12-2019,69.39
Sunflower,Bellary,17-12-2019,37.95
Cabbage,Chikkamagalore,21-12-2019,9.77
Beans,Malur,18-12-2019,35.71
Coriander(Leaves),Gadag,21-12-2019,67.22
Cotton,Chitradurga,21-12-2019,49.55
Cotton,Gadag,21-12-2019,46.6
Cotton,Savanur,21-12-2019,53.11
Black+pepper,Moodigere,18-12-2019,280.23
Cucumbar(Kheera),Bangarpet,21-12-2019,6
Cucumbar(Kheera),Chikkamagalore,21-12-2019,10.42
Green+Chilli,Chikkamagalore,21-12-2019,19.35
Cabbage,Malur,18-12-2019,10
Groundnut,Gadag,21-12-2019,37.71
Groundnut,Laxmeshwar,21-12-2019,37.91
Groundnut,Mundaragi,21-12-2019,40.38
Groundnut,Savanur,21-12-2019,38.91
Gur(Jaggery),Bangarpet,21-12-2019,44
Gur(Jaggery),Mandya,21-12-2019,29.7
Jowar(Sorghum),Bellary,21-12-2019,24.56
Jowar(Sorghum),Gadag,21-12-2019,33.29
Jowar(Sorghum),Gulbarga,21-12-2019,42
Maize,Bellary,21-12-2019,19.52
Maize,Chikkamagalore,21-12-2019,18.2
Maize,Gadag,21-12-2019,18.84
Maize,Kadur,21-12-2019,19.5
Maize,Mundaragi,21-12-2019,18.38
Maize,Savanur,21-12-2019,19
Groundnut,Bellary,16-12-2019,44.81
Paddy(Dhan)(Common),Bangarpet,21-12-2019,19
Paddy(Dhan)(Common),Chikkamagalore,21-12-2019,22.86
Paddy(Dhan)(Common),Shikaripura,21-12-2019,16.5
Coconut,Kundapura,18-12-2019,125
Cotton,Bijapur,18-12-2019,51.51
Cotton,Davangere,18-12-2019,46.75
Cotton,Hubli (Amaragol),18-12-2019,51.59
Cotton,Raichur,18-12-2019,46
Cotton,Ranebennur,18-12-2019,51.54
Cotton,Shorapur,18-12-2019,51
Cotton,Sindhanur,18-12-2019,47
Bitter+gourd,Honnali,31-12-2019,12.3
Potato,Bangarpet,21-12-2019,19
Potato,Chikkamagalore,21-12-2019,16.81
Ragi+(Finger+Millet),Kadur,21-12-2019,18
Rice,Bangarpet,21-12-2019,28.3
Rice,Bhadravathi,21-12-2019,19.78
Rice,Gulbarga,21-12-2019,39.1
Safflower,Gadag,21-12-2019,45.93
Sajje,Gadag,21-12-2019,15.73
Soyabean,Gulbarga,21-12-2019,39.25
Sunflower,Bellary,21-12-2019,36.68
Sunflower,Gadag,21-12-2019,37.82
Sunflower,Gulbarga,21-12-2019,39
Sunflower,Laxmeshwar,21-12-2019,36.89
Sunflower,Mundaragi,21-12-2019,36.44
Tender+Coconut,Mandya,21-12-2019,120
Tomato,Bangarpet,21-12-2019,6.8
Tomato,Chickkaballapura,21-12-2019,7.75
Tomato,Chikkamagalore,21-12-2019,10.63
Tomato,Kadur,21-12-2019,7.14
Ground+Nut+Seed,Mysore (Bandipalya),18-12-2019,85
Wheat,Gadag,21-12-2019,26.4
Groundnut,Challakere,18-12-2019,44.08
Groundnut,Chitradurga,18-12-2019,45.35
Groundnut,Hubli (Amaragol),18-12-2019,37.86
Groundnut,Raichur,18-12-2019,43.69
Arhar+Dal(Tur+Dal),Bellary,24-12-2019,42.74
Gur(Jaggery),Gundlupet,18-12-2019,38
Gur(Jaggery),Mandya,18-12-2019,30
Gur(Jaggery),Mhalingapur,18-12-2019,33.57
Jowar(Sorghum),Bellary,18-12-2019,18.7
Jowar(Sorghum),Hubli (Amaragol),18-12-2019,28.09
Jowar(Sorghum),Rona,18-12-2019,17.17
Kulthi(Horse+Gram),Mysore (Bandipalya),18-12-2019,31.91
Potato,Chikkamagalore,23-12-2019,17.95
Maize,Bagalakot,18-12-2019,19.94
Maize,Chitradurga,18-12-2019,18.88
Maize,Davangere,18-12-2019,18.4
Maize,Gundlupet,18-12-2019,14
Maize,H.B. Halli,18-12-2019,18
Maize,Hanagal,18-12-2019,18
Maize,Kottur,18-12-2019,19.13
Maize,Mhalingapur,18-12-2019,17.6
Maize,Rona,18-12-2019,19.37
Raddish,Honnali,23-12-2019,11.5
Rice,Holenarsipura,23-12-2019,24
Soyabean,Sankeshwar,23-12-2019,30
Tomato,Chikkamagalore,23-12-2019,10.72
Tomato,Chintamani,23-12-2019,6
Tomato,Kolar,23-12-2019,7.86
Tomato,Srinivasapur,23-12-2019,5
Onion,Belgaum,18-12-2019,90.5
Onion,Gadag,18-12-2019,25
Onion,Hubli (Amaragol),18-12-2019,69
Onion,Mysore (Bandipalya),18-12-2019,70
Onion,Raichur,18-12-2019,75.8
Onion,Ranebennur,18-12-2019,39
Paddy(Dhan)(Common),Davangere,18-12-2019,18
Paddy(Dhan)(Common),H.B. Halli,18-12-2019,16.2
Paddy(Dhan)(Common),Hanagal,18-12-2019,14
Onion,Doddaballa Pur,23-12-2019,65
Paddy(Dhan)(Common),Mysore (Bandipalya),18-12-2019,13.72
Paddy(Dhan)(Common),Raichur,18-12-2019,18.61
Paddy(Dhan)(Common),Shorapur,18-12-2019,15.79
Paddy(Dhan)(Common),Channagiri,23-12-2019,19
Paddy(Dhan)(Common),Chikkamagalore,23-12-2019,21.8
Paddy(Dhan)(Common),Harihara,23-12-2019,19.75
Paddy(Dhan)(Common),Honnali,23-12-2019,17.42
Paddy(Dhan)(Common),Moodigere,23-12-2019,17
Paddy(Dhan)(Common),Nanjangud,23-12-2019,19
Paddy(Dhan)(Common),Sankeshwar,23-12-2019,18
Paddy(Dhan)(Common),Srirangapattana,23-12-2019,21
Papaya,Ramanagara,23-12-2019,12
Black+pepper,Gonikappal,20-12-2019,318.61
Cabbage,Chikkamagalore,20-12-2019,10.23
Potato,Belgaum,18-12-2019,18.5
Potato,Hubli (Amaragol),18-12-2019,22
Cotton,Yellapur,28-12-2019,72.99
Cauliflower,Chikkamagalore,20-12-2019,10.33
Ragi+(Finger+Millet),Davangere,18-12-2019,20.3
Ragi+(Finger+Millet),Kottur,18-12-2019,20.89
Ragi+(Finger+Millet),Mysore (Bandipalya),18-12-2019,22.91
Rice,Gangavathi,18-12-2019,20.75
Potato,Bangalore,18-12-2019,18
Arhar+Dal(Tur+Dal),Bellary,27-12-2019,45.91
Coconut,Tarikere,20-12-2019,117.47
Coconut,Udupi,20-12-2019,150
Same/Savi,Hubli (Amaragol),18-12-2019,20
Rice,Kolar,18-12-2019,52.03
Rice,Sankeshwar,18-12-2019,21.95
Copra,Arasikere,20-12-2019,110.63
Copra,Kadur,20-12-2019,101.58
Ridgeguard(Tori),Kolar,18-12-2019,30
Soyabean,Sankeshwar,18-12-2019,37.32
Soyabean,Bidar,18-12-2019,39.6
Soyabean,Hubli (Amaragol),18-12-2019,39.19
Thogrikai,Kolar,18-12-2019,32
Coriander(Leaves),Tumkur,20-12-2019,83
Tomato,Channapatana,18-12-2019,10
Tomato,Kolar,18-12-2019,6.33
Tomato,Srinivasapur,18-12-2019,6.33
Corriander+seed,Shimoga,20-12-2019,92.5
Cotton,Bijapur,20-12-2019,51.37
Cotton,Dharwar,20-12-2019,52.43
Cotton,Haveri,20-12-2019,52
Cotton,Hubli (Amaragol),20-12-2019,53.39
Cotton,Kadur,20-12-2019,59
Cotton,Shorapur,20-12-2019,49.98
Cow,Nippani,20-12-2019,400
Sunflower,Challakere,18-12-2019,39.47
Sunflower,Chitradurga,18-12-2019,38.16
Sweet+Potato,Belgaum,18-12-2019,6.5
Tamarind+Fruit,Shimoga,18-12-2019,95
Groundnut,Bellary,30-12-2019,41.92
Tomato,Davangere,18-12-2019,5
Elephant+Yam+(Suran),Gubbi,20-12-2019,12
Paddy(Dhan)(Common),Chamaraj Nagar,18-12-2019,15
Paddy(Dhan)(Common),Channagiri,18-12-2019,18.6
Paddy(Dhan)(Common),Honnali,18-12-2019,17.2
Paddy(Dhan)(Common),K.R.Nagar,18-12-2019,16.74
Paddy(Dhan)(Common),Lingasugur,18-12-2019,24.4
Paddy(Dhan)(Common),Nanjangud,18-12-2019,20
Wheat,Nippani,18-12-2019,30
Goat,Nippani,20-12-2019,60
Maize,Channagiri,23-12-2019,19
Maize,Haliyala,23-12-2019,19
Maize,Harappana Halli,23-12-2019,19
Maize,Harihara,23-12-2019,18
Maize,Kudchi,23-12-2019,17
Maize,Madhugiri,23-12-2019,18.67
Green+Chilli,Chikkamagalore,20-12-2019,22.72
Groundnut,Challakere,20-12-2019,44.68
Groundnut,Chitradurga,20-12-2019,44.77
Groundnut,Gadag,20-12-2019,37.63
Groundnut,Hubli (Amaragol),20-12-2019,38.59
Groundnut,Raichur,20-12-2019,37.89
Groundnut,Rona,20-12-2019,36.92
Maize,Piriya Pattana,20-12-2019,15
Gur(Jaggery),Kadur,20-12-2019,35
Jowar(Sorghum),Basava Kalayana,20-12-2019,41
Jowar(Sorghum),Dharwar,20-12-2019,21.1
Jowar(Sorghum),Gadag,20-12-2019,32.68
Jowar(Sorghum),Gulbarga,20-12-2019,41.26
Maize,Bagalakot,20-12-2019,20.03
Maize,Challakere,20-12-2019,19.32
Maize,Chikkamagalore,20-12-2019,18.24
Maize,Chitradurga,20-12-2019,19.05
Maize,Dharwar,20-12-2019,18.5
Maize,Gadag,20-12-2019,18.91
Maize,Gangavathi,20-12-2019,18.75
Maize,Gulbarga,20-12-2019,17.32
Maize,Hanagal,20-12-2019,18
Maize,Haveri,20-12-2019,18.5
Maize,Hubli (Amaragol),20-12-2019,19.11
Maize,Kadur,20-12-2019,18.7
Maize,Rona,20-12-2019,19.13
Onion,Hubli (Amaragol),20-12-2019,55
Onion,Raichur,20-12-2019,71.6
Onion,Ranebennur,20-12-2019,37
Onion,Tumkur,20-12-2019,52
Banana+-+Green,Somvarpet,21-12-2019,8.33
Ox,Nippani,20-12-2019,450
Beans,Ramanagara,21-12-2019,42
Beetroot,Honnali,21-12-2019,19.63
Paddy(Dhan)(Common),Bhadravathi,20-12-2019,16.07
Paddy(Dhan)(Common),Chikkamagalore,20-12-2019,18.93
Paddy(Dhan)(Common),Dharwar,20-12-2019,15.75
Paddy(Dhan)(Common),Hanagal,20-12-2019,16
Paddy(Dhan)(Common),Raichur,20-12-2019,19.79
Paddy(Dhan)(Common),Shorapur,20-12-2019,17.25
Paddy(Dhan)(Common),Srirangapattana,20-12-2019,16
Potato,Chikkamagalore,20-12-2019,17.02
Groundnut,Bellary,27-12-2019,45.66
Green+Avare+(W),Kolar,25-12-2019,27
Rice,Gulbarga,20-12-2019,39.15
Tomato,Chickkaballapura,25-12-2019,8.6
Tomato,Kolar,25-12-2019,7.33
She+Buffalo,Nippani,20-12-2019,550
Sheep,Nippani,20-12-2019,50
Soyabean,Basava Kalayana,20-12-2019,39
Soyabean,Bidar,20-12-2019,40
Soyabean,Dharwar,20-12-2019,39.72
Soyabean,Gulbarga,20-12-2019,38.25
Soyabean,Hanagal,20-12-2019,38.13
Soyabean,Hubli (Amaragol),20-12-2019,32.89
Sunflower,Bagalakot,20-12-2019,33.95
Sunflower,Challakere,20-12-2019,38.77
Sunflower,Chitradurga,20-12-2019,37.67
Sunflower,Gadag,20-12-2019,39.18
Sunflower,Gulbarga,20-12-2019,35.76
Sunflower,Raichur,20-12-2019,36.39
Sunflower,Rona,20-12-2019,41.72
Tamarind+Seed,Tumkur,20-12-2019,15.5
Groundnut,Madhugiri,23-12-2019,45
Gur(Jaggery),Srirangapattana,23-12-2019,26
Tomato,Channapatana,20-12-2019,9
Tomato,Chikkamagalore,20-12-2019,11.01
Tomato,Kadur,20-12-2019,11.11
Cotton,Chitradurga,28-12-2019,52.69
Cotton,Savanur,28-12-2019,52.99
Wheat,Gangavathi,20-12-2019,21.5
Wheat,Haveri,20-12-2019,21.9
Alasande+Gram,Gundlupet,27-12-2019,51
Groundnut,Mundaragi,28-12-2019,39.11
Groundnut,Savanur,28-12-2019,41.69
Groundnut,Yadgir,28-12-2019,45.12
Ginger(Green),K.R.Nagar,23-12-2019,30
Avare+Dal,Mandya,27-12-2019,50
Banana,Malur,27-12-2019,20
Green+Chilli,Chikkamagalore,23-12-2019,21.01
Beans,Malur,27-12-2019,30.95
Black+pepper,Moodigere,27-12-2019,253.75
Maize,Mundaragi,28-12-2019,17.78
Bull,Nippani,27-12-2019,500
Cabbage,Malur,27-12-2019,10
Carrot,Malur,27-12-2019,31.25
Coconut,Bhadravathi,27-12-2019,165.95
Copra,Gubbi,27-12-2019,110
Corriander+seed,Bhadravathi,27-12-2019,79.65
Cotton,Bellary,27-12-2019,45.61
Cotton,Bijapur,27-12-2019,51.57
Cotton,Davangere,27-12-2019,42.1
Cotton,Haveri,27-12-2019,51
Cotton,Hubli (Amaragol),27-12-2019,52.59
Cotton,Nargunda,27-12-2019,50.31
Cotton,Raichur,27-12-2019,46.5
Cotton,Shorapur,27-12-2019,49.86
Dry+Chillies,Byadagi,27-12-2019,107
Goat,Nippani,27-12-2019,65
Groundnut,Challakere,27-12-2019,44.35
Groundnut,Chitradurga,27-12-2019,43.91
Groundnut,Davangere,27-12-2019,40.41
Groundnut,Hubli (Amaragol),27-12-2019,37.19
Groundnut,Raichur,27-12-2019,41.11
Gur(Jaggery),Bangarpet,27-12-2019,37
Gur(Jaggery),Gundlupet,27-12-2019,35
Gur(Jaggery),Mhalingapur,27-12-2019,34.59
Jowar(Sorghum),Bellary,27-12-2019,25.03
Jowar(Sorghum),Gulbarga,27-12-2019,40.25
Jowar(Sorghum),Hubli (Amaragol),27-12-2019,31.09
Kulthi(Horse+Gram),Gundlupet,27-12-2019,28
Kulthi(Horse+Gram),Mysore (Bandipalya),27-12-2019,31.6
Maize,Bagalakot,27-12-2019,18.84
Maize,Bhadravathi,27-12-2019,18.85
Maize,Bijapur,27-12-2019,18
Maize,Challakere,27-12-2019,18.68
Maize,Chitradurga,27-12-2019,18.93
Maize,Davangere,27-12-2019,19.3
Maize,Hosanagar,27-12-2019,18.5
Maize,Hubli (Amaragol),27-12-2019,18.51
Maize,Mhalingapur,27-12-2019,19.3
Maize,Mysore (Bandipalya),27-12-2019,18.09
Maize,Nargunda,27-12-2019,19.63
Maize,Ramdurga,27-12-2019,18.9
Maize,Rona,27-12-2019,19.4
Onion,Hubli (Amaragol),27-12-2019,41
Onion,Raichur,27-12-2019,59
Onion,Ranebennur,27-12-2019,48
Paddy(Dhan)(Common),Bangarpet,27-12-2019,19
Paddy(Dhan)(Common),Bhadravathi,27-12-2019,16.46
Paddy(Dhan)(Common),Davangere,27-12-2019,19.7
Paddy(Dhan)(Common),Hunsur,27-12-2019,18
Paddy(Dhan)(Common),Mysore (Bandipalya),27-12-2019,16.49
Paddy(Dhan)(Common),Raichur,27-12-2019,19.79
Paddy(Dhan)(Common),Shorapur,27-12-2019,16.97
Paddy(Dhan)(Common),Sorabha,27-12-2019,15
Sunflower,Mundaragi,28-12-2019,38.06
Tomato,Kolar,28-12-2019,8.47
Potato,Hubli (Amaragol),27-12-2019,21
Raddish,Davangere,27-12-2019,347.93
Cotton,Haliyala,23-12-2019,71.69
Cotton,Sankeshwar,23-12-2019,60
Cucumbar(Kheera),Chikkamagalore,23-12-2019,16.36
Cucumbar(Kheera),Honnali,23-12-2019,14.2
Ragi+(Finger+Millet),Davangere,27-12-2019,22.9
Ragi+(Finger+Millet),Mysore (Bandipalya),27-12-2019,22.88
Rice,Bangarpet,27-12-2019,28.5
Rice,Gangavathi,27-12-2019,20.75
Rice,Gulbarga,27-12-2019,38.25
Rice,Karatgi,27-12-2019,30.78
Soyabean,Bidar,27-12-2019,40
Soyabean,Gulbarga,27-12-2019,36.75
Soyabean,Haveri,27-12-2019,38
Soyabean,Hubli (Amaragol),27-12-2019,35.69
Sunflower,Bagalakot,27-12-2019,34.5
Sunflower,Chitradurga,27-12-2019,38.56
Sunflower,Davangere,27-12-2019,36.47
Sunflower,Gulbarga,27-12-2019,35.75
Sunflower,Hubli (Amaragol),27-12-2019,32.09
Sunflower,Raichur,27-12-2019,37.25
Tomato,Bangarpet,27-12-2019,7.5
Tomato,Chickkaballapura,27-12-2019,12.8
Tomato,Malur,27-12-2019,11
Wheat,Bhadravathi,27-12-2019,30.69
Wheat,Hubli (Amaragol),27-12-2019,15.29
Coconut,K.R.Nagar,23-12-2019,133
Groundnut,Rona,23-12-2019,35.74
Maize,Rona,23-12-2019,19.43
Arhar+Dal(Tur+Dal),Shimoga,26-12-2019,77.5
Beans,Malur,26-12-2019,23.03
Black+pepper,Moodigere,26-12-2019,251.78
Brinjal,Malur,26-12-2019,20.83
Sunflower,Rona,23-12-2019,35.64
Cabbage,Malur,26-12-2019,10
Capsicum,Malur,26-12-2019,33.33
Chili+Red,Shimoga,26-12-2019,165
Coconut,Tarikere,26-12-2019,160
Copra,Gubbi,26-12-2019,115.5
Copra,Kadur,26-12-2019,97
Copra,Turvekere,26-12-2019,110.27
Cotton,Bijapur,26-12-2019,43.7
Cotton,Chitradurga,26-12-2019,54.89
Cotton,Haveri,26-12-2019,47.25
Cotton,Ranebennur,26-12-2019,51.64
Ashgourd,Ramanagara,31-12-2019,11
Gur(Jaggery),Mandya,26-12-2019,29.2
Jack+Fruit,Malur,26-12-2019,20
Kulthi(Horse+Gram),Mysore (Bandipalya),26-12-2019,29.79
Maize,Badami,26-12-2019,19.5
Maize,Gundlupet,26-12-2019,13.8
Maize,Haveri,26-12-2019,18
Maize,Hosanagar,26-12-2019,18.35
Maize,Kadur,26-12-2019,18.5
Maize,Kalagategi,26-12-2019,19
Maize,Mysore (Bandipalya),26-12-2019,18.89
Maize,Nippani,26-12-2019,17.5
Maize,Shimoga,26-12-2019,18.9
Mustard,Shimoga,26-12-2019,46.5
Onion,Belgaum,26-12-2019,68
Onion,Ranebennur,26-12-2019,48
Paddy(Dhan)(Common),Hosanagar,26-12-2019,15
Paddy(Dhan)(Common),Kumta,26-12-2019,14
Paddy(Dhan)(Common),Moodigere,26-12-2019,17.4
Paddy(Dhan)(Common),Mysore (Bandipalya),26-12-2019,18.87
Paddy(Dhan)(Common),Shimoga,26-12-2019,25.65
Pineapple,Malur,26-12-2019,10
Potato,Belgaum,26-12-2019,20
Tomato,Kolar,31-12-2019,8.86
Tomato,Srinivasapur,31-12-2019,8.33
Tender+Coconut,K.R.Nagar,31-12-2019,111
Tender+Coconut,Pandavapura,31-12-2019,90
Ragi+(Finger+Millet),Mysore (Bandipalya),26-12-2019,23.02
Rice,Gangavathi,26-12-2019,20.7
Soyabean,Kalagategi,26-12-2019,40
Gur(Jaggery),Mhalingapur,29-12-2019,34.76
Sweet+Potato,Belgaum,26-12-2019,6
Tomato,Kadur,26-12-2019,7.14
Tomato,Malur,26-12-2019,10.93
Wheat,Shimoga,26-12-2019,31.5
Soyabean,Hanagal,31-12-2019,42.07
Seemebadnekai,Ramanagara,31-12-2019,31
Raddish,Kolar,31-12-2019,4.5
Paddy(Dhan)(Common),Hanagal,31-12-2019,15
Paddy(Dhan)(Common),Honnali,31-12-2019,17.36
Paddy(Dhan)(Common),K.R.Nagar,31-12-2019,16
Paddy(Dhan)(Common),Madhugiri,31-12-2019,15
Paddy(Dhan)(Common),Srirangapattana,31-12-2019,17.65
Papaya,Channapatana,31-12-2019,8
Papaya,Ramanagara,31-12-2019,11.5
Alasande+Gram,Holenarsipura,31-12-2019,50
Alasande+Gram,Bellary,10-03-2021,63
Potato,Ramanagara,02-04-2021,16
Groundnut,Mundaragi,14-06-2021,53.26
Copra,Tiptur,12-05-2021,155
Alasande+Gram,Laxmeshwar,02-03-2021,61.39
Alasande+Gram,Bellary,02-03-2021,58.08
Alasande+Gram,Gulbarga,02-03-2021,50
Alasande+Gram,Bangalore,08-03-2021,64.5
Alasande+Gram,Bellary,08-03-2021,63.14
Alasande+Gram,Mundaragi,05-03-2021,62.9
Alasande+Gram,Mundaragi,06-03-2021,63.18
Alasande+Gram,Laxmeshwar,08-03-2021,55.55
Alasande+Gram,Laxmeshwar,10-03-2021,59.19
Alasande+Gram,Laxmeshwar,09-03-2021,52.5
Alasande+Gram,Bellary,09-03-2021,60.87
Alasande+Gram,Bellary,12-03-2021,61.48
Alasande+Gram,Laxmeshwar,12-03-2021,52.28
Alasande+Gram,Bagalakot,23-03-2021,56.59
Alasande+Gram,Bellary,16-03-2021,62.41
Tomato,Ramanagara,03-03-2021,10
Alasande+Gram,Bangalore,23-03-2021,65
Alasande+Gram,Laxmeshwar,16-03-2021,62.31
Alasande+Gram,Bellary,19-03-2021,58.6
Alasande+Gram,Laxmeshwar,19-03-2021,56.66
Peas+Wet,Ramanagara,06-03-2021,32
Potato,Ramanagara,06-03-2021,14
Alasande+Gram,Bagalakot,24-03-2021,56.27
Alasande+Gram,Mundaragi,23-03-2021,57.42
Alasande+Gram,Harappana Halli,24-03-2021,59.5
Alasande+Gram,Mundaragi,27-03-2021,54.65
Alasande+Gram,Mundaragi,26-03-2021,55.91
Alasande+Gram,Bellary,30-03-2021,56.55
Alasande+Gram,Laxmeshwar,05-04-2021,54.47
Alasande+Gram,Laxmeshwar,30-03-2021,55.1
Knool+Khol,Ramanagara,03-03-2021,10
Alasande+Gram,Laxmeshwar,31-03-2021,45.55
Alasande+Gram,Mundaragi,31-03-2021,56.54
Alasande+Gram,Laxmeshwar,06-04-2021,49.29
Alasande+Gram,Mundaragi,05-04-2021,56.43
Banana+-+Green,Kundapura,13-03-2021,16.5
Banana+-+Green,Kundapura,06-03-2021,16.6
Seemebadnekai,Ramanagara,15-03-2021,10
Snake+gourd,Ramanagara,15-03-2021,14
Alasande+Gram,Mundaragi,06-04-2021,56.96
Alasande+Gram,Bellary,08-04-2021,55.89
Black+pepper,Siddapur,02-03-2021,327.19
Potato,Ramanagara,19-03-2021,14
Beans,Chickkaballapura,03-03-2021,16.5
Beans,Chikkamagalore,03-03-2021,32.86
Beetroot,Chickkaballapura,03-03-2021,12.5
Bull,Ramdurga,14-03-2021,250
Black+pepper,Sirsi,06-03-2021,350.38
Raddish,Bangarpet,01-04-2021,2.8
Alasande+Gram,Mundaragi,07-04-2021,56.09
Ashgourd,Mysore (Bandipalya),15-03-2021,11.5
Beans,Chikkamagalore,10-03-2021,35.71
Beetroot,Davangere,10-03-2021,8
Brinjal,Chickkaballapura,03-03-2021,7
Beans,Chikkamagalore,12-03-2021,34.48
Black+pepper,Siddapur,08-03-2021,337.99
Alasande+Gram,Mundaragi,27-04-2021,46.93
Cauliflower,Ramanagara,03-03-2021,16
Alasande+Gram,Laxmeshwar,20-04-2021,48.58
Alasande+Gram,Laxmeshwar,05-05-2021,46.59
Tamarind+Fruit,Arasikere,01-04-2021,68
Raddish,Ramanagara,24-03-2021,5.5
Suvarna+Gadde,Ramanagara,24-03-2021,18
Thondekai,Ramanagara,24-03-2021,16
Black+pepper,Siddapur,09-03-2021,334.09
Tomato,Ramanagara,31-03-2021,4
Cabbage,Belgaum,06-03-2021,25
Capsicum,Chickkaballapura,02-03-2021,11
Goat,Ramdurga,14-03-2021,42
Black+pepper,Siddapur,10-03-2021,337.89
Brinjal,Bangarpet,08-03-2021,7
Beans,Davangere,12-03-2021,26
Beans,Shimoga,12-03-2021,49
Seemebadnekai,Ramanagara,07-04-2021,18
Potato,Ramanagara,17-04-2021,18
Capsicum,Belgaum,06-03-2021,35
Capsicum,Chickkaballapura,03-03-2021,10
Jowar(Sorghum),Ramdurga,14-03-2021,22
Beans,Malur,30-03-2021,29.96
Ridge+gourd(Tori),Ramanagara,17-04-2021,23
Black+pepper,Siddapur,12-03-2021,336.09
Beans,Bangarpet,15-03-2021,18
Tomato,Ramanagara,17-04-2021,3
Beans,Mysore (Bandipalya),15-03-2021,21.5
Castor+Seed,Kottur,02-03-2021,46.09
Cauliflower,Ramanagara,06-03-2021,13
Beans,Ramanagara,15-05-2021,40
Avare+Dal,Tarikere,18-03-2021,40.06
Beans,Chickkaballapura,16-03-2021,16
Cauliflower,Belgaum,06-03-2021,18.5
Banana+-+Green,Kundapura,27-03-2021,16.6
Cauliflower,Chikkamagalore,03-03-2021,9.88
Dry+Chillies,Hubli (Amaragol),13-03-2021,136.99
Black+pepper,Siddapur,15-03-2021,335.09
Carrot,Chikkamagalore,10-03-2021,11.9
Snake+gourd,Ramanagara,23-04-2021,10
Beans,Shimoga,17-03-2021,19
Chennangi+Dal,Bangalore,08-03-2021,68.5
Capsicum,Ramanagara,06-03-2021,23
Chilly+Capsicum,Chickkaballapura,02-03-2021,16
Coconut,Kundapura,06-03-2021,150
Copra,Turvekere,06-03-2021,163
Beans,Shimoga,23-03-2021,38
Black+pepper,Siddapur,16-03-2021,345.39
Black+pepper,Yellapur,16-03-2021,330.99
Carrot,Bangarpet,08-03-2021,10
Coconut,Chickkaballapura,03-03-2021,130
Copra,Tiptur,08-03-2021,159
Corriander+seed,Bhadravathi,06-03-2021,67.94
Brinjal,Bangarpet,30-03-2021,9.5
Cauliflower,Chikkamagalore,10-03-2021,10.42
Cotton,Bijapur,06-03-2021,60.69
Cotton,Chitradurga,06-03-2021,61.93
Cotton,Gadag,06-03-2021,55.51
Cotton,Hubli (Amaragol),06-03-2021,37.37
Cotton,Raichur,06-03-2021,55.5
Cotton,Davangere,08-03-2021,70.19
Cotton,Haveri,08-03-2021,57.11
Cotton,Nargunda,08-03-2021,54
Cotton,Savanur,08-03-2021,60.29
Cotton,Bijapur,02-03-2021,62.42
Carrot,Chikkamagalore,12-03-2021,19.23
Cotton,Raichur,02-03-2021,56.5
Cotton,Ranebennur,02-03-2021,57.16
Cotton,Bijapur,03-03-2021,62.59
Cotton,Gadag,03-03-2021,56.76
Cotton,Raichur,03-03-2021,56.5
Cotton,Sindhanur,02-03-2021,53.15
Raddish,Ramanagara,28-04-2021,22
Cucumbar(Kheera),Channapatana,03-03-2021,16
Cucumbar(Kheera),Chickkaballapura,03-03-2021,6
Groundnut,Hubli (Amaragol),13-03-2021,38.89
Cummin+Seed(Jeera),Gadag,06-03-2021,95.38
Banana,Channapatana,13-04-2021,24
Dry+Chillies,Gadag,06-03-2021,125.61
Dry+Chillies,Hubli (Amaragol),06-03-2021,123.89
Dry+Grapes,Bijapur,06-03-2021,155
Cummin+Seed(Jeera),Gadag,03-03-2021,89.32
Black+pepper,Chikkamagalore,30-03-2021,250.78
Dry+Chillies,Hubli (Amaragol),08-03-2021,120.66
Jowar(Sorghum),Hubli (Amaragol),13-03-2021,17.7
Cummin+Seed(Jeera),Gadag,02-03-2021,102.52
Copra,Arasikere,02-03-2021,155.83
Black+pepper,Yellapur,30-03-2021,351.21
Duster+Beans,K.R. Pet,02-03-2021,18
Dry+Chillies,Gadag,03-03-2021,126
Cauliflower,Chikkamagalore,12-03-2021,10.96
Cotton,Chitradurga,02-03-2021,60.5
Cotton,Jagalur,02-03-2021,60
Black+pepper,Siddapur,23-03-2021,356.39
Black+pepper,Yellapur,23-03-2021,351.29
Garlic,Chickkaballapura,03-03-2021,45
Cabbage,Shimoga,30-03-2021,24
Black+pepper,Siddapur,26-03-2021,365.42
Black+pepper,Sirsi,26-03-2021,362.96
Maize,Hubli (Amaragol),13-03-2021,13.61
Carrot,Shimoga,10-03-2021,13
Black+pepper,Siddapur,24-03-2021,356.09
Black+pepper,Sirsi,24-03-2021,359.99
Ginger(Dry),Chickkaballapura,03-03-2021,12.5
Cotton,Savanur,10-03-2021,56.11
Cotton,Soundati,10-03-2021,50.81
Green+Chilli,Ramanagara,15-03-2021,20
Chili+Red,Shimoga,08-03-2021,111.1
Dry+Chillies,Byadagi,02-03-2021,143.09
Dry+Chillies,Hubli (Amaragol),02-03-2021,122.69
Copra,Turvekere,08-03-2021,161
Onion,Hubli (Amaragol),13-03-2021,12
Green+Chilli,Belgaum,06-03-2021,30
Black+pepper,Sirsi,31-03-2021,373.77
Beans,Chickkaballapura,05-04-2021,20
Corriander+seed,Shimoga,08-03-2021,28.5
Castor+Seed,Gangavathi,10-03-2021,43
Brinjal,Davangere,17-03-2021,7
Beans,Malur,05-04-2021,32.6
Beans,Mysore (Bandipalya),05-04-2021,23
Green+Chilli,Chikkamagalore,03-03-2021,24.07
Beans,Shimoga,05-04-2021,29
Cummin+Seed(Jeera),Gadag,10-03-2021,83.17
Cotton,Bijapur,08-03-2021,60.36
Cotton,Raichur,08-03-2021,55.2
Cotton,Ranebennur,08-03-2021,57.41
Copra,Arasikere,12-03-2021,155.65
Dry+Chillies,Gadag,10-03-2021,139.03
Dry+Chillies,Hubli (Amaragol),10-03-2021,110
Cotton,Haveri,12-03-2021,56.4
Copra,Arasikere,09-03-2021,155.69
Groundnut,Bagalakot,06-03-2021,48.47
Groundnut,Gadag,06-03-2021,51.01
Groundnut,Hubli (Amaragol),06-03-2021,51.09
Groundnut,Raichur,06-03-2021,61.48
Groundnut,Yadgir,06-03-2021,64.12
Gur(Jaggery),Basava Kalayana,06-03-2021,29
Green+Chilli,Chickkaballapura,02-03-2021,18.5
Cotton,Bijapur,09-03-2021,60.18
Cotton,Haveri,09-03-2021,57.35
Groundnut,Gadag,03-03-2021,51.12
Groundnut,Raichur,03-03-2021,58.99
Green+Chilli,Shimoga,02-03-2021,23
Onion,Raichur,05-03-2021,13.25
Cummin+Seed(Jeera),Gadag,08-03-2021,87.76
Beans,Chikkamagalore,07-04-2021,24.78
Honge+seed,Mysore (Bandipalya),06-03-2021,38.87
Gur(Jaggery),Mandya,03-03-2021,37
Cabbage,Chickkaballapura,16-03-2021,1.75
Jowar(Sorghum),Basava Kalayana,06-03-2021,26.5
Jowar(Sorghum),Gadag,06-03-2021,17.38
Jowar(Sorghum),Gulbarga,06-03-2021,23.5
Jowar(Sorghum),Hubli (Amaragol),06-03-2021,14.05
Groundnut,Mundaragi,06-03-2021,64.5
Chilly+Capsicum,Mysore (Bandipalya),10-03-2021,25
Kulthi(Horse+Gram),Gadag,06-03-2021,28.92
Kulthi(Horse+Gram),Mysore (Bandipalya),06-03-2021,29.04
Jowar(Sorghum),Basava Kalayana,03-03-2021,18.01
Jowar(Sorghum),Gadag,03-03-2021,25.81
Jowar(Sorghum),Gangavathi,03-03-2021,24.2
Jowar(Sorghum),Kottur,03-03-2021,11.4
Jowar(Sorghum),Raichur,03-03-2021,36.59
Black+pepper,Yellapur,05-04-2021,355.11
Cabbage,Davangere,30-03-2021,7
Chikoos(Sapota),Malur,30-03-2021,20.83
Beetroot,Chickkaballapura,13-04-2021,7.5
Maize,Bagalakot,06-03-2021,15.01
Maize,Davangere,06-03-2021,15
Maize,Gadag,06-03-2021,13.43
Maize,Gulbarga,06-03-2021,15.5
Maize,Hubli (Amaragol),06-03-2021,13.71
Ginger(Green),Shimoga,08-03-2021,15
Green+Chilli,Chikkamagalore,10-03-2021,20.14
Onion,Ramanagara,28-04-2021,15
Carrot,Mysore (Bandipalya),15-03-2021,13
Carrot,Shimoga,15-03-2021,23
Banana+-+Green,T. Narasipura,20-04-2021,22
Cotton,Bijapur,10-03-2021,60.45
Cotton,Raichur,10-03-2021,55
Maize,Davangere,03-03-2021,14.9
Maize,Gadag,03-03-2021,13.97
Maize,Kottur,03-03-2021,15.1
Groundnut,Laxmeshwar,02-03-2021,38.99
Groundnut,Gadag,02-03-2021,50.02
Groundnut,Kottur,02-03-2021,67.42
Groundnut,Mundaragi,02-03-2021,64.2
Groundnut,Raichur,02-03-2021,58.99
Groundnut,Yadgir,02-03-2021,61.55
Cabbage,Shimoga,23-03-2021,18
Cotton,Chitradurga,30-03-2021,53.43
Cotton,Gadag,30-03-2021,55.04
Cotton,Savanur,30-03-2021,54.13
Bitter+gourd,Ramanagara,02-04-2021,12
Mustard,Gangavathi,06-03-2021,43
Maize,Mundaragi,06-03-2021,14.84
Black+pepper,Siddapur,07-04-2021,386.39
Drumstick,Ramanagara,06-04-2021,20
Groundnut,Bellary,10-03-2021,65.03
Groundnut,Challakere,10-03-2021,68.42
Groundnut,Gadag,10-03-2021,49.28
Groundnut,Kustagi,10-03-2021,64.7
Groundnut,Laxmeshwar,10-03-2021,50.39
Groundnut,Yadgir,10-03-2021,62.9
Green+Chilli,Shimoga,08-03-2021,25
Jowar(Sorghum),Hubli (Amaragol),02-03-2021,51.39
Jowar(Sorghum),Laxmeshwar,02-03-2021,15.26
Castor+Seed,Kottur,15-03-2021,45.84
Tomato,Ramanagara,12-05-2021,4
Gur(Jaggery),Mandya,10-03-2021,36
Gur(Jaggery),Mhalingapur,10-03-2021,32
Green+Chilli,Ramanagara,23-03-2021,40
Drumstick,Shimoga,10-03-2021,49
Alasande+Gram,Bellary,07-07-2021,51.5
Cummin+Seed(Jeera),Gadag,30-03-2021,84.26
Beans,Davangere,05-05-2021,33
Jowar(Sorghum),Bellary,10-03-2021,16.1
Jowar(Sorghum),Gadag,10-03-2021,21.98
Jowar(Sorghum),Hubli (Amaragol),10-03-2021,16.02
Jowar(Sorghum),Laxmeshwar,10-03-2021,11.22
Alasande+Gram,Hubli (Amaragol),08-07-2021,42.69
Jowar(Sorghum),Bellary,02-03-2021,16.32
Jowar(Sorghum),Gadag,02-03-2021,15.46
Jowar(Sorghum),Kottur,02-03-2021,15.77
Green+Peas,Bangalore,08-03-2021,114
Kulthi(Horse+Gram),Laxmeshwar,10-03-2021,30.74
Groundnut,Bagalakot,08-03-2021,57.22
Groundnut,Challakere,08-03-2021,70.1
Groundnut,Chitradurga,08-03-2021,61.85
Groundnut,Gadag,08-03-2021,47.02
Maize,Gowribidanoor,02-03-2021,13.5
Maize,Hubli (Amaragol),02-03-2021,14.31
Groundnut,Raichur,08-03-2021,60.96
Maize,Jagalur,02-03-2021,13.55
Groundnut,Mundaragi,05-03-2021,64.66
Green+Avare+(W),Ramanagara,01-04-2021,26
Groundnut,Bellary,08-03-2021,65.17
Groundnut,Hubli (Amaragol),08-03-2021,46.09
Groundnut,Laxmeshwar,08-03-2021,50.99
Groundnut,Savanur,08-03-2021,55.8
Groundnut,Yadgir,08-03-2021,64.15
Gur(Jaggery),Mandya,08-03-2021,36
Green+Chilli,Chikkamagalore,12-03-2021,20.83
Cotton,Annigeri,12-03-2021,55
Cotton,Bijapur,12-03-2021,59.61
Castor+Seed,Kottur,16-03-2021,45.31
Maize,Bellary,10-03-2021,15.07
Maize,Davangere,10-03-2021,15.1
Maize,Gadag,10-03-2021,13.34
Maize,Hubli (Amaragol),10-03-2021,13.21
Maize,Kustagi,10-03-2021,14.68
Capsicum,Ramanagara,23-03-2021,30
Kulthi(Horse+Gram),Bellary,02-03-2021,26.09
Kulthi(Horse+Gram),Gadag,02-03-2021,33.77
Black+pepper,Sirsi,18-03-2021,369.7
Arhar+Dal(Tur+Dal),Bangalore,08-04-2021,101
Gur(Jaggery),Basava Kalayana,08-03-2021,27.81
Chili+Red,Shimoga,15-03-2021,113.41
Jowar(Sorghum),Gadag,08-03-2021,19.5
Jowar(Sorghum),Raichur,08-03-2021,31.56
Groundnut,Bagalakot,09-03-2021,57.93
Groundnut,Kottur,09-03-2021,61.23
Groundnut,Raichur,09-03-2021,60.38
Castor+Seed,Kottur,17-03-2021,44.72
Knool+Khol,Bangarpet,08-03-2021,5
Kulthi(Horse+Gram),Gadag,08-03-2021,34.66
Gur(Jaggery),Mandya,09-03-2021,36
Maize,Bellary,02-03-2021,15.24
Maize,Gadag,02-03-2021,10.2
Maize,Kottur,02-03-2021,15.02
Maize,Mundaragi,02-03-2021,14.74
Arhar+Dal(Tur+Dal),Kolar,08-04-2021,99
Copra,Turvekere,15-03-2021,155
Onion,Hubli (Amaragol),02-03-2021,16
Drumstick,Mysore (Bandipalya),12-03-2021,65
Maize,Bagalakot,08-03-2021,14.88
Drumstick,Shimoga,12-03-2021,39
Maize,Chitradurga,08-03-2021,15.21
Ridge+gourd(Tori),Kolar,07-03-2021,18
Maize,Gadag,08-03-2021,14.34
Tomato,Kolar,07-03-2021,6.67
Jowar(Sorghum),Bellary,09-03-2021,15.98
Black+pepper,Siddapur,16-04-2021,378.09
Jowar(Sorghum),Raichur,09-03-2021,26.26
Black+pepper,Yellapur,16-04-2021,368.01
Cauliflower,Shimoga,23-03-2021,24
Cotton,Gadag,15-03-2021,56.01
Cotton,Kottur,15-03-2021,53.74
Cotton,Raichur,15-03-2021,54.5
Black+pepper,Siddapur,13-04-2021,378.69
Black+pepper,Sirsi,13-04-2021,370.78
Onion,Chikkamagalore,10-03-2021,21.83
Onion,Hubli (Amaragol),10-03-2021,10
Kulthi(Horse+Gram),Bellary,09-03-2021,26.3
Green+Chilli,Shimoga,30-03-2021,39
Cucumbar(Kheera),Bangarpet,15-03-2021,6
Chili+Red,Shimoga,30-03-2021,111.19
Castor+Seed,Gangavathi,24-03-2021,46
Maize,Bagalakot,09-03-2021,14.89
Maize,Bellary,09-03-2021,14.96
Copra,Arasikere,16-03-2021,150.54
Copra,Turvekere,16-03-2021,157
Jowar(Sorghum),Bellary,08-03-2021,17.06
Jowar(Sorghum),Haveri,08-03-2021,11.5
Jowar(Sorghum),Hubli (Amaragol),08-03-2021,15.36
Jowar(Sorghum),Laxmeshwar,08-03-2021,23.13
Black+pepper,Siddapur,20-04-2021,384.89
Black+pepper,Sirsi,20-04-2021,361.16
Capsicum,Ramanagara,15-03-2021,28
Black+pepper,Yellapur,20-04-2021,377.7
Copra,Turvekere,30-03-2021,143.84
Cotton,Hubli (Amaragol),27-03-2021,38.09
Groundnut,Bagalakot,10-03-2021,55.18
Groundnut,Chitradurga,10-03-2021,59.84
Groundnut,Raichur,10-03-2021,63.21
Maize,Mundaragi,05-03-2021,14.64
Cummin+Seed(Jeera),Gadag,15-03-2021,92.09
Chili+Red,Shimoga,26-03-2021,120.29
Alasande+Gram,Rona,28-09-2021,59.11
Cotton,Annigeri,16-03-2021,57
Cotton,Gadag,16-03-2021,56.67
Mustard,Haveri,09-03-2021,52
Beans,Chikkamagalore,28-04-2021,30.95
Paddy(Dhan)(Common),Davangere,10-03-2021,20.4
Dry+Chillies,Hubli (Amaragol),15-03-2021,451.69
Elephant+Yam+(Suran),Turvekere,15-03-2021,12
Groundnut,Gadag,30-03-2021,46.39
Groundnut,Savanur,30-03-2021,50.44
Chili+Red,Shimoga,23-03-2021,169.36
Cotton,Bijapur,30-03-2021,52.69
Cotton,Raichur,30-03-2021,55
Groundnut,Bellary,12-03-2021,69.29
Groundnut,Challakere,12-03-2021,66.58
Groundnut,Laxmeshwar,12-03-2021,44.62
Groundnut,Yadgir,12-03-2021,63.82
Gur(Jaggery),Basava Kalayana,30-03-2021,28.51
Corriander+seed,Gadag,26-03-2021,79.86
Jowar(Sorghum),Bijapur,10-03-2021,22
Jowar(Sorghum),Harappana Halli,10-03-2021,11.2
Jowar(Sorghum),Haveri,10-03-2021,25.51
Jowar(Sorghum),Ramdurga,10-03-2021,13
Onion,Raichur,09-03-2021,10.75
Beans,K.R. Pet,30-04-2021,20
Cotton,Annigeri,26-03-2021,53
Green+Chilli,Davangere,12-03-2021,15
Cotton,Bijapur,26-03-2021,55.69
Cotton,Raichur,26-03-2021,57.5
Jowar(Sorghum),Bellary,30-03-2021,18.45
Jowar(Sorghum),Gadag,30-03-2021,20.45
Jowar(Sorghum),Hubli (Amaragol),30-03-2021,13.33
Gur(Jaggery),Mandya,12-03-2021,36
Cauliflower,Ramanagara,24-03-2021,10
Cummin+Seed(Jeera),Gadag,27-03-2021,87.26
Potato,Davangere,02-03-2021,18
Potato,Hubli (Amaragol),02-03-2021,10.5
Cotton,Bijapur,16-03-2021,58.52
Cummin+Seed(Jeera),Gadag,16-03-2021,91.46
Bottle+gourd,Davangere,05-05-2021,8
Cucumbar(Kheera),Ramanagara,17-04-2021,3
Drumstick,Ramanagara,17-04-2021,20
Cotton,Annigeri,23-03-2021,55
Cotton,Bijapur,23-03-2021,56.76
Dry+Chillies,Gadag,27-03-2021,111.41
Dry+Chillies,Hubli (Amaragol),27-03-2021,122.71
Kulthi(Horse+Gram),Gadag,30-03-2021,26.44
Cotton,Raichur,23-03-2021,54.5
Cotton,Ranebennur,23-03-2021,57.96
Capsicum,Chickkaballapura,05-04-2021,15
Kulthi(Horse+Gram),Bangalore,08-03-2021,33.5
Kulthi(Horse+Gram),Bellary,08-03-2021,26.87
Raddish,Ramanagara,19-05-2021,20
Cauliflower,Ramanagara,26-03-2021,14
Kulthi(Horse+Gram),Laxmeshwar,08-03-2021,29.29
Potato,Chikkamagalore,10-03-2021,13.37
Corriander+seed,Bhadravathi,17-03-2021,66.02
Cotton,Bijapur,17-03-2021,61.11
Cotton,Gadag,17-03-2021,56.13
Maize,Bellary,30-03-2021,15.96
Maize,Gadag,30-03-2021,13.9
Maize,Hubli (Amaragol),30-03-2021,14.87
Green+Chilli,Ramanagara,22-05-2021,15
Groundnut,Bagalakot,12-03-2021,51.93
Groundnut,Davangere,12-03-2021,54.9
Groundnut,Kottur,12-03-2021,66.02
Groundnut,Raichur,12-03-2021,58.96
Chilly+Capsicum,Kolar,31-03-2021,33
Drumstick,Mysore (Bandipalya),26-03-2021,42
Jowar(Sorghum),Bellary,12-03-2021,17
Jowar(Sorghum),Laxmeshwar,12-03-2021,20.36
Jowar(Sorghum),Kottur,12-03-2021,16.79
Elephant+Yam+(Suran),Arasikere,01-04-2021,21.5
Jowar(Sorghum),Tarikere,12-03-2021,21.11
Drumstick,Shimoga,23-03-2021,29
Castor+Seed,Kottur,05-04-2021,46.34
Kulthi(Horse+Gram),Bellary,12-03-2021,26.94
Onion,Hubli (Amaragol),30-03-2021,8
Groundnut,Bagalakot,15-03-2021,57.32
Groundnut,Bellary,15-03-2021,68.37
Groundnut,Davangere,15-03-2021,59.1
Groundnut,Gadag,15-03-2021,57.45
Groundnut,Raichur,15-03-2021,63.91
Groundnut,Ramdurga,15-03-2021,58
Garlic,Bangalore,23-03-2021,35
Cotton,Bijapur,31-03-2021,48.96
Cotton,Raichur,31-03-2021,54
Gur(Jaggery),Basava Kalayana,15-03-2021,29.3
Green+Chilli,Davangere,16-03-2021,17
Green+Chilli,Shimoga,16-03-2021,21
Onion,Ramanagara,22-05-2021,16
Black+pepper,Siddapur,23-04-2021,378.69
Black+pepper,Yellapur,23-04-2021,358.99
Carrot,Chikkamagalore,07-04-2021,15.68
Maize,Bellary,08-03-2021,15.23
Maize,Davangere,08-03-2021,15
Maize,Hubli (Amaragol),08-03-2021,13.69
Maize,Kalagategi,08-03-2021,14.5
Maize,Nargunda,08-03-2021,13.5
Cotton,Savanur,09-03-2021,60.47
Jowar(Sorghum),Basava Kalayana,15-03-2021,18
Jowar(Sorghum),Bellary,15-03-2021,16.05
Jowar(Sorghum),Bidar,15-03-2021,35
Jowar(Sorghum),Gadag,15-03-2021,18.43
Jowar(Sorghum),Gulbarga,15-03-2021,22.5
Cotton,Chitradurga,09-03-2021,55.44
Jowar(Sorghum),Hubli (Amaragol),15-03-2021,16.39
Jowar(Sorghum),Kottur,15-03-2021,17.81
Jowar(Sorghum),Raichur,15-03-2021,28.78
Knool+Khol,Bangarpet,15-03-2021,7
Soyabean,Bidar,02-03-2021,47
Soyabean,Hubli (Amaragol),02-03-2021,45.27
Kulthi(Horse+Gram),Bellary,15-03-2021,25.69
Kulthi(Horse+Gram),Gadag,15-03-2021,32.41
Green+Chilli,Ramanagara,23-04-2021,22
Ginger(Green),Ramanagara,30-04-2021,15
Cummin+Seed(Jeera),Gadag,17-03-2021,91.53
Maize,Bellary,12-03-2021,15.87
Maize,Challakere,12-03-2021,14.97
Maize,Chitradurga,12-03-2021,15.09
Maize,Haveri,12-03-2021,14.5
Bottle+gourd,Chikkamagalore,28-04-2021,8.58
Green+Peas,Shimoga,16-03-2021,90
Avare+Dal,Bangalore,08-04-2021,53.5
Groundnut,Gadag,16-03-2021,53.15
Groundnut,Kottur,16-03-2021,68.53
Groundnut,Raichur,16-03-2021,59.99
Dry+Chillies,Gadag,17-03-2021,122.73
Lint,Kottur,15-03-2021,91.91
Maize,Bagalakot,15-03-2021,14.02
Maize,Bellary,15-03-2021,15.15
Maize,Davangere,15-03-2021,15
Maize,Gadag,15-03-2021,13.05
Maize,Gulbarga,15-03-2021,15.5
Maize,Kottur,15-03-2021,15.07
Maize,Shimoga,15-03-2021,14.85
Chapparad+Avare,Chickkaballapura,05-04-2021,16.5
Groundnut,Gadag,27-03-2021,47.01
Groundnut,Hubli (Amaragol),27-03-2021,47.89
Groundnut,Mundaragi,27-03-2021,57.62
Tomato,Chickkaballapura,02-03-2021,9.2
Tomato,Chintamani,02-03-2021,5.33
Tomato,Srinivasapur,02-03-2021,8
Grapes,Mysore (Bandipalya),30-04-2021,40
Capsicum,Ramanagara,17-04-2021,36
Carrot,Ramanagara,17-04-2021,13
Jowar(Sorghum),Basava Kalayana,16-03-2021,27
Jowar(Sorghum),Bellary,16-03-2021,15.69
Jowar(Sorghum),Gadag,16-03-2021,20.48
Jowar(Sorghum),Kottur,16-03-2021,19.99
Jowar(Sorghum),Raichur,16-03-2021,38.83
Green+Chilli,Shimoga,23-03-2021,38
Kulthi(Horse+Gram),Arasikere,23-03-2021,19.6
Green+Chilli,Chikkamagalore,30-04-2021,28.78
Green+Chilli,Gundlupet,30-04-2021,23
Cotton,Chitradurga,16-03-2021,56.52
Copra,Turvekere,05-04-2021,157.8
Brinjal,Shimoga,13-04-2021,19
Tomato,Ramanagara,25-05-2021,4.5
Kulthi(Horse+Gram),Bellary,16-03-2021,25.61
Kulthi(Horse+Gram),Gadag,16-03-2021,29.94
Jowar(Sorghum),Basava Kalayana,27-03-2021,10.3
Jowar(Sorghum),Gadag,27-03-2021,20.22
Jowar(Sorghum),Hubli (Amaragol),27-03-2021,18.47
Beans,Gundlupet,17-05-2021,25
Groundnut,Davangere,30-03-2021,53.5
Groundnut,Kottur,30-03-2021,57.9
Groundnut,Laxmeshwar,30-03-2021,32.99
Groundnut,Mundaragi,30-03-2021,59.19
Groundnut,Raichur,30-03-2021,57.09
Groundnut,Ranebennur,30-03-2021,45.71
Potato,Bangarpet,30-03-2021,8
Potato,Hubli (Amaragol),30-03-2021,14.5
Ridge+gourd(Tori),Ramanagara,22-05-2021,41
Kulthi(Horse+Gram),Gadag,27-03-2021,25.98
Rice,Kolar,22-04-2021,52.76
Cotton,Annigeri,05-04-2021,47.5
Cotton,Bijapur,05-04-2021,56.08
Cotton,Gadag,05-04-2021,55.51
Groundnut,Challakere,26-03-2021,60.26
Groundnut,Gadag,26-03-2021,46.13
Groundnut,Kottur,26-03-2021,57.58
Rice,Sindhanur,22-04-2021,26.05
Groundnut,Mundaragi,26-03-2021,56.95
Groundnut,Raichur,26-03-2021,57.39
Cotton,Kottur,05-04-2021,53.05
Cotton,Raichur,05-04-2021,54
Maize,Bellary,16-03-2021,14.5
Maize,Challakere,16-03-2021,14.99
Maize,Gadag,16-03-2021,15.01
Cotton,Ranebennur,05-04-2021,54.85
Maize,Kottur,16-03-2021,14.96
Ragi+(Finger+Millet),Davangere,10-03-2021,25
Potato,Hubli (Amaragol),28-05-2021,15.25
Gur(Jaggery),Mandya,26-03-2021,37.5
Jowar(Sorghum),Kottur,30-03-2021,10.18
Jowar(Sorghum),Laxmeshwar,30-03-2021,13.61
Cauliflower,Ramanagara,31-03-2021,9
Groundnut,Bagalakot,23-03-2021,51
Groundnut,Davangere,23-03-2021,55.9
Groundnut,Kottur,23-03-2021,61.19
Groundnut,Mundaragi,23-03-2021,58.48
Groundnut,Raichur,23-03-2021,60.68
Groundnut,Ranebennur,23-03-2021,42.4
Bitter+gourd,Mysore (Bandipalya),17-05-2021,15
Gur(Jaggery),Mandya,23-03-2021,38
Jowar(Sorghum),Bidar,26-03-2021,35
Jowar(Sorghum),Gadag,26-03-2021,16.85
Jowar(Sorghum),Kottur,26-03-2021,13.75
Dry+Chillies,Hubli (Amaragol),16-03-2021,142.79
Ridge+gourd(Tori),Ramanagara,28-05-2021,35
Safflower,Bellary,10-03-2021,39.3
Safflower,Gadag,10-03-2021,39.93
Tamarind+Fruit,Chintamani,22-04-2021,90
Cabbage,Shimoga,18-03-2021,19
Onion,Chikkamagalore,12-03-2021,22.22
Soyabean,Hubli (Amaragol),10-03-2021,47.97
Castor+Seed,Kottur,16-04-2021,46.34
Groundnut,Laxmeshwar,16-03-2021,48.99
Cummin+Seed(Jeera),Gadag,09-03-2021,80.85
Onion,Davangere,08-03-2021,15
Onion,Hubli (Amaragol),08-03-2021,13
Tomato,Kolar,22-04-2021,4.8
Tomato,Mulabagilu,22-04-2021,4
Jowar(Sorghum),Kottur,23-03-2021,14.65
Tomato,T. Narasipura,22-04-2021,4
Green+Chilli,Hospet,31-03-2021,18
Safflower,Bidar,26-05-2021,48.5
Soyabean,Bidar,26-05-2021,60
Paddy(Dhan)(Common),Davangere,08-03-2021,19.9
Suvarna+Gadde,Ramanagara,26-05-2021,20
Cummin+Seed(Jeera),Gadag,05-04-2021,85.88
Drumstick,Shimoga,05-04-2021,19
Brinjal,K.R. Pet,30-04-2021,5
Maize,Challakere,26-03-2021,14.55
Maize,Gadag,26-03-2021,12.41
Maize,Kottur,26-03-2021,14.89
Maize,Mundaragi,26-03-2021,14.38
Cabbage,Chickkaballapura,13-04-2021,1.9
Ragi+(Finger+Millet),Harappana Halli,30-03-2021,25.25
Rice,Bangarpet,30-03-2021,42
Dry+Chillies,Hubli (Amaragol),05-04-2021,250
Jowar(Sorghum),Bijapur,16-03-2021,22.5
Jowar(Sorghum),Laxmeshwar,16-03-2021,12
Wheat,Bidar,26-05-2021,20
Paddy(Dhan)(Common),T. Narasipura,23-03-2021,23.75
Bitter+gourd,Ramanagara,17-04-2021,22
Dry+Chillies,Hubli (Amaragol),09-03-2021,114
Ridge+gourd(Tori),Shimoga,30-03-2021,25
Groundnut,Bellary,31-03-2021,58.46
Groundnut,Laxmeshwar,31-03-2021,37.89
Groundnut,Mundaragi,31-03-2021,58.29
Groundnut,Raichur,31-03-2021,58.89
Groundnut,Ranebennur,31-03-2021,42.54
Ridge+gourd(Tori),Kolar,04-04-2021,12.5
Safflower,Basava Kalayana,30-03-2021,45
Safflower,Bellary,30-03-2021,40.72
Safflower,Gadag,30-03-2021,42.25
Safflower,Hubli (Amaragol),30-03-2021,42.11
Groundnut,Bagalakot,17-03-2021,60.5
Groundnut,Bellary,17-03-2021,65.72
Groundnut,Challakere,17-03-2021,69.54
Groundnut,Davangere,17-03-2021,62.4
Groundnut,Gadag,17-03-2021,53.15
Groundnut,Raichur,17-03-2021,62.69
Tomato,Kolar,04-04-2021,5
Kulthi(Horse+Gram),Laxmeshwar,16-03-2021,27.75
Soyabean,Basava Kalayana,30-03-2021,56
Soyabean,Hubli (Amaragol),30-03-2021,51.28
Castor+Seed,Kottur,20-04-2021,47.81
Green+Chilli,Ramanagara,28-04-2021,32
Beans,Malur,18-05-2021,35
Potato,Chikkamagalore,23-03-2021,14.05
Copra,Arasikere,16-04-2021,151.1
Copra,Turvekere,16-04-2021,155.06
Jowar(Sorghum),Kottur,31-03-2021,11.53
Jowar(Sorghum),Laxmeshwar,31-03-2021,16.71
Maize,Kustagi,28-03-2021,13.34
Sunflower,Bellary,30-03-2021,63.15
Sunflower,Gadag,30-03-2021,55.14
Chili+Red,Shimoga,24-03-2021,119.04
Ridge+gourd(Tori),Kolar,28-03-2021,21
Sunflower,Gadag,10-03-2021,69.3
Thondekai,Kolar,28-03-2021,16
Tomato,Kolar,28-03-2021,5.33
Cummin+Seed(Jeera),Gadag,07-04-2021,87.17
Cotton,Bijapur,16-04-2021,60.26
Cotton,Gadag,16-04-2021,53.01
Cotton,Haveri,16-04-2021,55.85
Cotton,Raichur,16-04-2021,62
Cotton,Ranebennur,16-04-2021,83.76
Maize,Nargunda,16-03-2021,13.08
Dry+Chillies,Gadag,07-04-2021,90.57
Dry+Chillies,Sindhanur,07-04-2021,99
Beans,Bagepalli,19-05-2021,35.8
Maize,Gangavathi,31-03-2021,15.19
Maize,Hirekerur,31-03-2021,14.6
Maize,Kottur,31-03-2021,14.98
Maize,Mundaragi,31-03-2021,14.35
Green+Chilli,Chickkaballapura,05-04-2021,29
Chilly+Capsicum,Mysore (Bandipalya),20-04-2021,34
Potato,Chikkamagalore,15-05-2021,14.62
Potato,Hubli (Amaragol),15-05-2021,12.8
Jowar(Sorghum),Basava Kalayana,17-03-2021,23
Jowar(Sorghum),Bidar,17-03-2021,36
Jowar(Sorghum),Gadag,17-03-2021,18.62
Jowar(Sorghum),Kottur,17-03-2021,13.57
Coconut,Kumta,20-04-2021,14
Jowar(Sorghum),Raichur,17-03-2021,33.69
Chapparad+Avare,Chickkaballapura,05-05-2021,16.5
Knool+Khol,Kolar,04-04-2021,7
Copra,Arasikere,20-04-2021,158
Copra,Turvekere,20-04-2021,163.23
Groundnut,Laxmeshwar,06-04-2021,43.25
Groundnut,Mundaragi,06-04-2021,53.95
Maize,Dharwar,31-03-2021,16.13
Groundnut,Hubli (Amaragol),16-03-2021,54
Kulthi(Horse+Gram),Gadag,17-03-2021,27.82
Copra,Tiptur,24-03-2021,140
Cummin+Seed(Jeera),Gadag,16-04-2021,81.84
Cotton,Annigeri,20-04-2021,51.5
Copra,K.R. Pet,24-03-2021,134
Carrot,T. Narasipura,28-04-2021,12
Raddish,Chikkamagalore,15-05-2021,9.8
Brinjal,Gundlupet,17-05-2021,7.7
Ragi+(Finger+Millet),Arasikere,15-05-2021,19
Ridge+gourd(Tori),Chikkamagalore,15-05-2021,13.89
Potato,Chikkamagalore,12-03-2021,13.89
Potato,Hubli (Amaragol),12-03-2021,8
Mustard,Dharwar,31-03-2021,51
Jowar(Sorghum),Laxmeshwar,06-04-2021,11.33
Green+Chilli,Chikkamagalore,07-04-2021,23.07
Safflower,Hubli (Amaragol),15-05-2021,46.8
Rice,Bangarpet,23-03-2021,43
Rice,Sindhanur,23-03-2021,25.8
Jowar(Sorghum),Hubli (Amaragol),16-03-2021,14.91
Cauliflower,Chikkamagalore,28-04-2021,11.29
Tamarind+Seed,Arasikere,15-05-2021,13.75
Groundnut,Mundaragi,05-04-2021,56.35
Wheat,Basava Kalayana,30-03-2021,17
Wheat,Gadag,30-03-2021,15.98
Tomato,Chikkamagalore,15-05-2021,10.04
Tomato,Srinivasapur,15-05-2021,2
Groundnut,Chitradurga,05-04-2021,56.12
Groundnut,Davangere,05-04-2021,51.3
Groundnut,Gadag,05-04-2021,48.29
Groundnut,Laxmeshwar,05-04-2021,44.51
Groundnut,Raichur,05-04-2021,56.69
Wheat,Hubli (Amaragol),30-03-2021,10.5
Drumstick,Mysore (Bandipalya),20-05-2021,39.5
Arhar+Dal(Tur+Dal),Tumkur,08-07-2021,81
Dry+Chillies,Sindhanur,20-05-2021,33
Groundnut,Ramdurga,05-04-2021,56.12
Groundnut,Ranebennur,05-04-2021,44.96
Banana,Davangere,07-07-2021,15
Maize,Mundaragi,06-04-2021,14.67
Water+Melon,Davangere,15-05-2021,12
Chili+Red,Shimoga,23-04-2021,87.54
Onion,Hubli (Amaragol),28-05-2021,10
Cotton,Bijapur,24-03-2021,55.56
Cotton,Raichur,24-03-2021,56
Groundnut,Gadag,07-04-2021,47.22
Groundnut,Raichur,07-04-2021,54.48
Maize,Hubli (Amaragol),16-03-2021,14.52
Sunflower,Nargunda,23-03-2021,63
Copra,Tiptur,23-04-2021,159
Thondekai,Kolar,23-03-2021,16
Knool+Khol,Ramanagara,19-05-2021,32
Beans,Ramanagara,23-04-2021,30
Beans,Chamaraj Nagar,03-07-2021,15
Cotton,Annigeri,23-04-2021,51.5
Beans,Chickkaballapura,03-07-2021,28
Cotton,Davangere,23-04-2021,53.8
Cotton,Raichur,23-04-2021,65
Cabbage,Gundlupet,17-05-2021,5.5
Beetroot,Chamaraj Nagar,03-07-2021,15
Beetroot,Chickkaballapura,03-07-2021,18
Jowar(Sorghum),Basava Kalayana,07-04-2021,24.5
Chilly+Capsicum,Ramanagara,03-07-2021,26
Jowar(Sorghum),Gadag,07-04-2021,20.62
Jowar(Sorghum),Gulbarga,07-04-2021,28
Jowar(Sorghum),Kottur,07-04-2021,11.56
Jowar(Sorghum),Raichur,07-04-2021,24.01
Groundnut,Mundaragi,07-04-2021,52.43
Avare+Dal,Davangere,12-07-2021,28
Tomato,Bangarpet,23-03-2021,4
Tomato,Kolar,23-03-2021,5.33
Tomato,Mulabagilu,23-03-2021,6
Kulthi(Horse+Gram),Gadag,07-04-2021,25.8
Chapparad+Avare,Chickkaballapura,13-04-2021,15.5
Banana,Udupi,09-07-2021,22
Brinjal,Bagepalli,19-05-2021,6.55
Chili+Red,Shimoga,13-04-2021,98.08
Maize,Gadag,07-04-2021,13.63
Maize,Kottur,07-04-2021,15.4
Arhar+Dal(Tur+Dal),Bangalore,20-07-2021,92.5
Groundnut,Bagalakot,16-04-2021,55.1
Groundnut,Chitradurga,16-04-2021,52.68
Groundnut,Gadag,16-04-2021,44.31
Groundnut,Kottur,16-04-2021,53.47
Groundnut,Raichur,16-04-2021,58.59
Groundnut,Ranebennur,16-04-2021,44.67
Cucumbar(Kheera),K.R. Pet,30-04-2021,10
Green+Chilli,Shimoga,05-05-2021,24
Carrot,Ramanagara,28-04-2021,16
Gur(Jaggery),Mandya,16-04-2021,39.1
Gur(Jaggery),Mhalingapur,16-04-2021,32.47
Copra,Arasikere,07-05-2021,157.55
Brinjal,Bangarpet,01-04-2021,8
Beans,Chamaraj Nagar,07-07-2021,15
Beans,Davangere,07-07-2021,36
Beans,Gundlupet,07-07-2021,24
Wheat,Sindagi,23-03-2021,48
Beetroot,Davangere,07-07-2021,22
Castor+Seed,Kottur,18-03-2021,45.59
Cucumbar(Kheera),Ramanagara,25-03-2021,6
Ragi+(Finger+Millet),Harappana Halli,12-03-2021,24.7
Copra,Gubbi,13-04-2021,145
Copra,Turvekere,13-04-2021,151
Jowar(Sorghum),Gadag,16-04-2021,18.92
Jowar(Sorghum),Gangavathi,16-04-2021,11.15
Jowar(Sorghum),Raichur,16-04-2021,25.01
Maize,Mundaragi,07-04-2021,14.38
Chapparad+Avare,Gundlupet,17-05-2021,15
Chapparad+Avare,Kolar,17-05-2021,22
Groundnut,Bagalakot,05-05-2021,54.6
Groundnut,Challakere,05-05-2021,52.93
Groundnut,Davangere,05-05-2021,39.8
Groundnut,Laxmeshwar,05-05-2021,43.34
Groundnut,Raichur,05-05-2021,51.68
Groundnut,Ranebennur,05-05-2021,45.29
Groundnut,Bagalakot,20-04-2021,54.27
Groundnut,Kottur,20-04-2021,52.23
Groundnut,Laxmeshwar,20-04-2021,46.49
Groundnut,Mundaragi,20-04-2021,51.06
Groundnut,Raichur,20-04-2021,56.09
Groundnut,Yadgir,20-04-2021,52.77
Gur(Jaggery),Mandya,05-05-2021,38
Cotton,Bijapur,13-04-2021,54.01
Cotton,Kottur,13-04-2021,53.19
Maize,Bagalakot,16-04-2021,15.09
Maize,Chitradurga,16-04-2021,15.28
Maize,Gadag,16-04-2021,10.43
Maize,Haveri,16-04-2021,14.7
Maize,Kottur,16-04-2021,16.04
Chapparad+Avare,Kolar,28-03-2021,19
Cotton,Nargunda,17-05-2021,47.5
Jowar(Sorghum),Bidar,05-05-2021,32
Jowar(Sorghum),Laxmeshwar,05-05-2021,13.09
Raddish,Kolar,23-05-2021,17
Tomato,Kolar,23-05-2021,4
Karbuja(Musk+Melon),Davangere,05-05-2021,18
Cucumbar(Kheera),Chikkamagalore,13-04-2021,7.94
Capsicum,Malur,18-05-2021,8
Soyabean,Basava Kalayana,12-03-2021,53.8
Jowar(Sorghum),Kottur,20-04-2021,11.83
Jowar(Sorghum),Laxmeshwar,20-04-2021,12.37
Groundnut,Gadag,09-03-2021,49.19
Groundnut,Hubli (Amaragol),09-03-2021,43.69
Groundnut,Kustagi,09-03-2021,64.03
Groundnut,Laxmeshwar,09-03-2021,45.15
Knool+Khol,Ramanagara,28-05-2021,36
Carrot,Malur,18-05-2021,6
Groundnut,Mundaragi,27-04-2021,51.78
Onion,Hubli (Amaragol),15-05-2021,10.5
Maize,Bagalakot,05-05-2021,15.42
Maize,Bijapur,05-05-2021,15
Maize,Davangere,05-05-2021,15.5
Sunflower,Bellary,12-03-2021,72.76
Sunflower,Challakere,12-03-2021,68.71
Ragi+(Finger+Millet),Haveri,08-03-2021,14
Green+Chilli,Chikkamagalore,28-04-2021,29.57
Carrot,Bagepalli,19-05-2021,13.45
Paddy(Dhan)(Common),Davangere,15-05-2021,17.3
Paddy(Dhan)(Common),T. Narasipura,15-05-2021,17.3
Maize,Challakere,20-04-2021,15.96
Maize,Davangere,20-04-2021,15.15
Maize,Kottur,20-04-2021,15.98
Maize,Mundaragi,20-04-2021,15.66
Papaya,Davangere,15-05-2021,17
Onion,Raichur,16-04-2021,6
Cauliflower,Bagepalli,19-05-2021,9.4
Groundnut,Challakere,23-04-2021,55.15
Groundnut,Davangere,23-04-2021,47
Chili+Red,Shimoga,18-03-2021,133.29
Groundnut,Kottur,23-04-2021,52.4
Groundnut,Mundaragi,23-04-2021,53.2
Groundnut,Raichur,23-04-2021,55.69
Groundnut,Ranebennur,23-04-2021,39.29
Knool+Khol,Ramanagara,26-05-2021,36
Drumstick,Ramanagara,19-05-2021,28
Coconut,Kumta,18-03-2021,275
Ginger(Green),Ramanagara,19-05-2021,12
Tomato,Chikkamagalore,12-03-2021,11.9
Tomato,Chintamani,12-03-2021,3.99
Coconut,Pandavapura,18-03-2021,190
Gur(Jaggery),Mhalingapur,23-04-2021,33.43
Elephant+Yam+(Suran),Arasikere,30-04-2021,23
Coconut,Tarikere,18-03-2021,149.27
Safflower,Bellary,08-03-2021,37.41
Safflower,Hubli (Amaragol),08-03-2021,36.06
Onion,Raichur,05-05-2021,8.05
Groundnut,Challakere,28-04-2021,54.72
Groundnut,Ranebennur,28-04-2021,38.39
Soyabean,Basava Kalayana,08-03-2021,51.71
Soyabean,Haveri,08-03-2021,54
Soyabean,Hubli (Amaragol),08-03-2021,43.83
Paddy(Dhan)(Common),Raichur,16-04-2021,16.16
Maize,Mundaragi,27-04-2021,15.87
Gur(Jaggery),Bangarpet,28-04-2021,40
Gur(Jaggery),Mandya,28-04-2021,41.7
Copra,Turvekere,18-03-2021,157.56
Rice,Kolar,18-04-2021,54.55
Ridge+gourd(Tori),Kolar,18-04-2021,14
Tomato,Kolar,18-04-2021,4
Drumstick,Shimoga,13-04-2021,15
Sunflower,Davangere,08-03-2021,58.1
Dry+Grapes,Bijapur,13-04-2021,151
Paddy(Dhan)(Common),Chintamani,05-05-2021,16
Paddy(Dhan)(Common),Raichur,05-05-2021,14.31
Jowar(Sorghum),Bidar,26-05-2021,33
Maize,Challakere,23-04-2021,15.97
Maize,Davangere,23-04-2021,15.4
Cotton,Annigeri,18-03-2021,54
Cotton,Bijapur,18-03-2021,60.97
Maize,Kottur,23-04-2021,15.42
Wheat,Basava Kalayana,12-03-2021,17.75
Cotton,Kottur,18-03-2021,53.7
Jowar(Sorghum),Gadag,09-03-2021,20.64
Jowar(Sorghum),Hubli (Amaragol),09-03-2021,15.46
Jowar(Sorghum),Laxmeshwar,09-03-2021,13.85
Groundnut,Mundaragi,07-05-2021,48.5
Paddy(Dhan)(Common),Gangavathi,20-04-2021,15.2
Paddy(Dhan)(Common),Raichur,20-04-2021,15.89
Onion,Bagalakot,27-04-2021,7
Maize,Sindhanur,22-04-2021,15.2
Knool+Khol,Bangarpet,09-03-2021,4.5
Kulthi(Horse+Gram),Gadag,09-03-2021,25.76
Onion,Davangere,23-04-2021,8
Onion,Raichur,23-04-2021,6.65
Maize,Mundaragi,07-05-2021,15.41
Carrot,Chikkamagalore,19-03-2021,17.79
Ragi+(Finger+Millet),Harappana Halli,03-03-2021,23
Rice,Kolar,03-03-2021,55.14
Rice,Sindhanur,03-03-2021,25.9
Ragi+(Finger+Millet),Kottur,16-04-2021,24.11
Potato,Chikkamagalore,04-03-2021,15.63
Potato,Hubli (Amaragol),04-03-2021,11.75
Carrot,Davangere,19-03-2021,9
Gur(Jaggery),Hospet,26-05-2021,32
Rice,Gangavathi,16-04-2021,22.4
Tomato,Kolar,03-03-2021,7.33
Cummin+Seed(Jeera),Gadag,18-03-2021,89.91
Antawala,Chikkamagalore,19-05-2021,57.33
Onion,Kolar,02-04-2021,16.73
Safflower,Gadag,16-04-2021,46.51
Green+Chilli,Gundlupet,17-05-2021,25
Potato,Kolar,02-04-2021,12.05
Paddy(Dhan)(Common),Raichur,23-04-2021,15.19
Soyabean,Basava Kalayana,16-04-2021,73
Soyabean,Haveri,16-04-2021,65
Dry+Chillies,Hubli (Amaragol),18-03-2021,365
Ridge+gourd(Tori),Kolar,02-04-2021,13
Tomato,Chickkaballapura,02-04-2021,5
Goat,Bhadravathi,13-04-2021,110
Sunflower,Chitradurga,16-04-2021,64.74
Sunflower,Gadag,16-04-2021,64.7
Sunflower,Kottur,16-04-2021,67.07
Sunflower,Raichur,16-04-2021,55.59
Capsicum,Kolar,04-04-2021,13.5
Paddy(Dhan)(Common),Gangavathi,28-04-2021,15.2
Ridge+gourd(Tori),Chickkaballapura,05-05-2021,14
Ridge+gourd(Tori),Davangere,05-05-2021,17
Ridge+gourd(Tori),Shimoga,05-05-2021,23
Safflower,Bidar,05-05-2021,48
Banana+-+Green,T. Narasipura,19-05-2021,20
Gur(Jaggery),Bangarpet,23-03-2021,42
Arhar+Dal(Tur+Dal),Shimoga,22-07-2021,95
Beans,Chamaraj Nagar,19-05-2021,50
Beans,Chikkamagalore,19-05-2021,25.3
Paddy(Dhan)(Common),Lingasugur,30-04-2021,23.35
Green+Chilli,Chikkamagalore,13-04-2021,25.93
Green+Chilli,Mysore (Bandipalya),13-04-2021,37
Green+Chilli,Shimoga,13-04-2021,49
Beetroot,Chikkamagalore,19-05-2021,11.9
Beetroot,Davangere,19-05-2021,11
Beetroot,Hospet,19-05-2021,15
Ragi+(Finger+Millet),Bangalore,20-04-2021,105
Ragi+(Finger+Millet),Kottur,20-04-2021,23.51
Green+Chilli,Bagepalli,19-05-2021,21.3
Wheat,Bidar,25-03-2021,22
Wheat,Bijapur,25-03-2021,79
Wheat,Gadag,25-03-2021,21.21
Wheat,Hubli (Amaragol),25-03-2021,13.31
Potato,Chikkamagalore,28-04-2021,14.25
Maize,Davangere,09-03-2021,15
Maize,Nargunda,09-03-2021,13.7
Safflower,Bidar,20-04-2021,46.5
Maize,Hubli (Amaragol),09-03-2021,14.53
Soyabean,Bidar,20-04-2021,65
Drumstick,Ramanagara,15-04-2021,18
Sunflower,Kottur,20-04-2021,67.2
Sunflower,Mundaragi,20-04-2021,67.37
Cauliflower,Chikkamagalore,19-03-2021,31.17
Wheat,Basava Kalayana,16-04-2021,18.5
Sunflower,Raichur,20-04-2021,57.59
Wheat,Gadag,16-04-2021,23.95
Sunflower,Yadgir,20-04-2021,53.59
Maize,Gadag,09-03-2021,12.96
Cabbage,Chikkamagalore,19-05-2021,6.66
Tender+Coconut,Mandya,20-04-2021,0.15
Tomato,T. Narasipura,20-04-2021,3
Carrot,Chikkamagalore,19-05-2021,13.66
Rice,Kolar,16-03-2021,59.69
Sunflower,Mundaragi,27-04-2021,63.26
Chapparad+Avare,Malur,19-05-2021,20
Chikoos(Sapota),Davangere,19-05-2021,17
Beetroot,Kolar,04-04-2021,9
Beans,Chickkaballapura,12-07-2021,28
Beans,Malur,12-07-2021,38.09
Beans,Chikkamagalore,07-07-2021,25.64
Copra,Turvekere,19-05-2021,158
Beans,Gundlupet,08-07-2021,28
Ragi+(Finger+Millet),Kottur,23-04-2021,24.61
Rice,Gangavathi,23-04-2021,30
Avare+Dal,Bangalore,20-07-2021,59
Brinjal,Chamaraj Nagar,03-07-2021,10
Rice,Gangavathi,28-04-2021,13.7
Groundnut,Davangere,13-04-2021,46.8
Wheat,Bagalakot,20-04-2021,18.77
Drumstick,Mysore (Bandipalya),30-04-2021,15
Bitter+gourd,Chickkaballapura,12-07-2021,24
Bitter+gourd,Kolar,12-07-2021,23
Dry+Grapes,Bangalore,30-04-2021,290
Cucumbar(Kheera),Bangarpet,20-05-2021,7.5
Knool+Khol,Kolar,02-04-2021,6
Groundnut,Bagalakot,24-03-2021,53.8
Gur(Jaggery),Bangarpet,13-04-2021,42
Gur(Jaggery),Mandya,13-04-2021,39
Groundnut,Raichur,24-03-2021,58.69
Beans,Udupi,09-07-2021,31
Ginger(Green),Hospet,19-05-2021,36
Beetroot,Chamaraj Nagar,09-07-2021,8
Maize,Harappana Halli,03-03-2021,14.7
Maize,Kustagi,03-03-2021,14.39
Soyabean,Hubli (Amaragol),16-03-2021,45.25
Banana,Davangere,22-07-2021,14
Beetroot,Udupi,09-07-2021,20
Sunflower,Challakere,23-04-2021,64.05
Sunflower,Davangere,23-04-2021,67.9
Sunflower,Kottur,23-04-2021,62.15
Sunflower,Mundaragi,23-04-2021,68.63
Sunflower,Raichur,23-04-2021,52.46
Onion,Belgaum,12-05-2021,12.5
Tamarind+Fruit,Shimoga,23-04-2021,72.05
Beans,Ramanagara,15-04-2021,35
Green+Chilli,Chamaraj Nagar,19-05-2021,10
Green+Chilli,Chikkamagalore,19-05-2021,17.98
Green+Chilli,Davangere,19-05-2021,19
Beetroot,Chamaraj Nagar,08-05-2021,4
Beetroot,Channarayapatna,08-05-2021,10
Groundnut,Davangere,19-05-2021,45
Groundnut,Hubli (Amaragol),19-05-2021,43.1
Gur(Jaggery),Bangarpet,19-05-2021,44
Gur(Jaggery),Chamaraj Nagar,19-05-2021,46
Sunflower,Mundaragi,07-05-2021,61.1
Carrot,Chamaraj Nagar,08-05-2021,8.5
Carrot,Channarayapatna,08-05-2021,20
Jowar(Sorghum),Ramdurga,19-05-2021,11
Karbuja(Musk+Melon),Mysore (Bandipalya),19-05-2021,11
Karbuja(Musk+Melon),Mysore (Bandipalya),17-05-2021,12
Jowar(Sorghum),Raichur,24-03-2021,35.49
Cotton,Savanur,08-05-2021,50.1
Green+Chilli,Gundlupet,23-03-2021,22
Knool+Khol,Bangarpet,19-05-2021,15
Knool+Khol,Chikkamagalore,19-05-2021,12.5
Wheat,Manvi,23-04-2021,19.28
Cabbage,Chamaraj Nagar,03-07-2021,5
Green+Chilli,Chamaraj Nagar,08-05-2021,15
Green+Chilli,Channarayapatna,08-05-2021,25
Thondekai,Kolar,16-03-2021,14
Groundnut,Savanur,08-05-2021,44.75
Gur(Jaggery),Chamaraj Nagar,08-05-2021,35
Mousambi(Sweet+Lime),Davangere,15-05-2021,13
Paddy(Dhan)(Common),Davangere,12-05-2021,16.7
Brinjal,Davangere,07-07-2021,12
Beans,Chikkamagalore,12-07-2021,22.77
Papaya,Davangere,12-05-2021,21
Papaya,Mysore (Bandipalya),12-05-2021,12
Groundnut,Gadag,18-03-2021,54.01
Black+pepper,Sirsi,08-07-2021,373.14
Black+pepper,Yellapur,08-07-2021,372.89
Carrot,Chickkaballapura,03-07-2021,30
Beetroot,Chikkamagalore,12-07-2021,13.89
Groundnut,Raichur,18-03-2021,61.79
Groundnut,Ramdurga,18-03-2021,58.76
Groundnut,Davangere,18-03-2021,58.7
Pineapple,Davangere,12-05-2021,18
Maize,Bagalakot,24-03-2021,14.45
Ridge+gourd(Tori),Ramanagara,08-05-2021,20
Maize,Gangavathi,24-03-2021,15.15
Chilly+Capsicum,Kolar,18-04-2021,44
Gur(Jaggery),Mandya,18-03-2021,38.3
Black+pepper,Sirsi,09-07-2021,380.21
Potato,Belgaum,12-05-2021,14
Potato,Chikkamagalore,12-05-2021,17.32
Maize,Kustagi,06-03-2021,14.65
Onion,Bangalore,09-03-2021,12.5
Onion,Hubli (Amaragol),09-03-2021,13
Brinjal,Chickkaballapura,12-07-2021,12
Bottle+gourd,Udupi,09-07-2021,21
Chilly+Capsicum,Kolar,19-03-2021,23
Avare+Dal,Bangalore,22-07-2021,58.75
Maize,Tumkur,25-05-2021,16.5
Lime,Mysore (Bandipalya),17-05-2021,20
Onion,Chikkamagalore,06-03-2021,25.36
Cotton,Bijapur,03-07-2021,58.42
Cotton,Chamaraj Nagar,03-07-2021,10
Cabbage,Gundlupet,07-07-2021,7
Chapparad+Avare,Kolar,18-04-2021,20
Paddy(Dhan)(Common),Bangarpet,06-03-2021,19.5
Beans,Chamaraj Nagar,20-07-2021,10
Beans,Chikkamagalore,20-07-2021,25.36
Cucumbar(Kheera),Chickkaballapura,03-07-2021,11
Beans,Gundlupet,20-07-2021,31
Brinjal,Gundlupet,08-07-2021,6
Beans,Shimoga,20-07-2021,30.5
Mango,Mysore (Bandipalya),17-05-2021,20
Ragi+(Finger+Millet),Davangere,12-05-2021,21.7
Rice,Bangarpet,12-05-2021,35
Beans,Chikkamagalore,22-07-2021,27.38
Black+pepper,Sirsi,12-07-2021,378.64
Beans,Mysore (Bandipalya),22-07-2021,37
Beetroot,Chamaraj Nagar,22-07-2021,15
Beetroot,Chikkamagalore,22-07-2021,13.34
Potato,Chikkamagalore,06-03-2021,13.55
Carrot,Chickkaballapura,07-07-2021,31
Carrot,Davangere,07-07-2021,39
Ridge+gourd(Tori),Chikkamagalore,12-05-2021,11.9
Brinjal,Udupi,09-07-2021,20
Chilly+Capsicum,Ramanagara,26-05-2021,17
Copra,Arasikere,30-04-2021,150.8
Copra,Bangalore,30-04-2021,172.5
Banana+-+Green,Kundapura,31-07-2021,16.7
Tamarind+Fruit,Sira,12-05-2021,44.13
Potato,Bagepalli,19-05-2021,12.85
Cabbage,Chikkamagalore,07-07-2021,5.95
Rice,Bangarpet,06-03-2021,45
Rice,Sindhanur,06-03-2021,25.95
Rice,Gangavathi,18-05-2021,22.1
Tomato,Bangarpet,12-05-2021,3
Carrot,Shimoga,12-07-2021,59
Tomato,Belgaum,12-05-2021,15
Tomato,Gundlupet,12-05-2021,3
Tomato,Kanakapura,12-05-2021,4
Tomato,Mulabagilu,12-05-2021,2.65
Tomato,Mysore (Bandipalya),12-05-2021,2
Tomato,Srinivasapur,12-05-2021,1.66
Tomato,T. Narasipura,12-05-2021,3
Chapparad+Avare,Chickkaballapura,07-07-2021,15
Sunflower,Nargunda,06-03-2021,74
Tamarind+Fruit,Chintamani,06-03-2021,35
Cabbage,Gundlupet,08-07-2021,7.45
Cauliflower,Shimoga,12-07-2021,49
Paddy(Dhan)(Common),Bangarpet,19-07-2021,22
Paddy(Dhan)(Common),Harihara,19-07-2021,19.65
Tomato,Bangarpet,06-03-2021,7
Tomato,Channapatana,06-03-2021,8.5
Tomato,Chikkamagalore,06-03-2021,9.72
Onion,Raichur,24-03-2021,7.5
Turmeric,Gundlupet,06-03-2021,75
Water+Melon,Davangere,12-05-2021,17
Water+Melon,Mysore (Bandipalya),12-05-2021,10
Maize,Davangere,19-05-2021,15.5
Carrot,Chikkamagalore,07-07-2021,14.49
Mango,Mysore (Bandipalya),19-05-2021,22
Mango,Srinivasapur,19-05-2021,10.5
Wheat,Hubli (Amaragol),16-03-2021,8.2
Maize,Davangere,15-05-2021,15.6
Groundnut,Rona,03-07-2021,45.02
Cabbage,Udupi,09-07-2021,11
Tender+Coconut,Pandavapura,18-05-2021,130
Mousambi(Sweet+Lime),Davangere,19-05-2021,16
Capsicum,Davangere,03-07-2021,45
Capsicum,Ramanagara,03-07-2021,28
Castor+Seed,Gangavathi,07-07-2021,46
Carrot,Davangere,03-07-2021,35
Carrot,Ramanagara,03-07-2021,30
Potato,Hubli (Amaragol),19-07-2021,13.3
Paddy(Dhan)(Common),Bangarpet,09-03-2021,14.9
Arhar+Dal(Tur+Dal),Kolar,18-04-2021,97.37
Potato,Davangere,21-04-2021,16
Ragi+(Finger+Millet),Bagepalli,19-05-2021,20
Jowar(Sorghum),Bidar,03-07-2021,30
Onion,Hubli (Amaragol),19-05-2021,11
Raddish,Davangere,21-04-2021,7
Tender+Coconut,Mandya,21-04-2021,150
Paddy(Dhan)(Common),Raichur,24-03-2021,15.69
Jowar(Sorghum),Sindhanur,03-03-2021,18.6
Paddy(Dhan)(Common),Davangere,19-05-2021,17.9
Capsicum,Udupi,09-07-2021,36
Chrysanthemum(Loose),Chickkaballapura,07-07-2021,40
Dry+Chillies,Hubli (Amaragol),07-07-2021,195
Tomato,Bagepalli,19-05-2021,3.45
Carrot,Udupi,09-07-2021,48
Garlic,Bangalore,07-07-2021,7
Garlic,Chickkaballapura,07-07-2021,5
Rice,Bangarpet,19-07-2021,32
Banana+-+Green,T. Narasipura,28-09-2021,25
Copra,Turvekere,07-07-2021,156
Dry+Grapes,Bijapur,06-07-2021,139
Maize,Davangere,12-05-2021,15.9
Mango,Mysore (Bandipalya),12-05-2021,22
Cabbage,Chikkamagalore,12-07-2021,7.51
Beans,Gundlupet,22-07-2021,35
Potato,Bangalore,19-05-2021,15.5
Potato,Chikkamagalore,19-05-2021,15.38
Potato,Davangere,19-05-2021,17
Bitter+gourd,Davangere,29-09-2021,12
Ginger(Green),Bangalore,07-07-2021,20
Knool+Khol,Chikkamagalore,15-05-2021,10.87
Ginger(Green),Chickkaballapura,07-07-2021,21
Cauliflower,Udupi,09-07-2021,29
Coconut,Kumta,08-07-2021,203.4
Cotton,Bijapur,07-07-2021,70.34
Black+pepper,Sirsi,20-07-2021,380.72
Dry+Chillies,Hubli (Amaragol),12-07-2021,97.84
Knool+Khol,Bangarpet,06-03-2021,5.5
Paddy(Dhan)(Common),Harihara,19-03-2021,20.25
Beans,Chamaraj Nagar,22-05-2021,27.5
Elephant+Yam+(Suran),Arasikere,23-03-2021,20
Ridge+gourd(Tori),Malur,06-04-2021,10.04
Sunflower,Nargunda,06-04-2021,67
Tamarind+Fruit,Arasikere,06-04-2021,70
Tamarind+Seed,Arasikere,06-04-2021,13.9
Tomato,T. Narasipura,06-04-2021,4
Raddish,Bangarpet,19-05-2021,11
Gur(Jaggery),Hospet,03-04-2021,32
Raddish,Chamaraj Nagar,19-05-2021,16
Raddish,Davangere,19-05-2021,8
Rice,Sindhanur,19-03-2021,13
Brinjal,Gundlupet,20-07-2021,8.5
Ragi+(Finger+Millet),Arasikere,19-05-2021,22.55
Ragi+(Finger+Millet),Davangere,19-05-2021,22.1
Cucumbar(Kheera),Chikkamagalore,07-07-2021,10.42
Rice,Bangarpet,19-05-2021,36
Brinjal,Chamaraj Nagar,22-05-2021,12
Capsicum,Kolar,02-04-2021,14
Onion,Hubli (Amaragol),13-04-2021,5.5
Chapparad+Avare,Kolar,02-04-2021,15
Tamarind+Fruit,Tumkur,25-05-2021,75
Potato,Hubli (Amaragol),09-03-2021,12
Black+pepper,Sirsi,31-07-2021,374.11
Seemebadnekai,Davangere,19-05-2021,10
Copra,Turvekere,08-07-2021,155.11
Green+Avare+(W),Davangere,07-07-2021,26
Soyabean,Hubli (Amaragol),19-05-2021,65.49
Tomato,Bangarpet,19-07-2021,4
Coriander(Leaves),Tumkur,08-07-2021,92
Capsicum,Chikkamagalore,12-07-2021,9.26
Green+Chilli,Chamaraj Nagar,07-07-2021,32
Green+Chilli,Gundlupet,07-07-2021,30
Chilly+Capsicum,Mysore (Bandipalya),09-07-2021,20
Neem+Seed,Kustagi,01-08-2021,16.4
Raddish,Kolar,17-05-2021,13
Carrot,Malur,22-05-2021,8
Tamarind+Seed,Arasikere,19-05-2021,16.9
Jowar(Sorghum),Harihara,06-03-2021,22.1
Tomato,Bangarpet,19-05-2021,3
Tomato,Srinivasapur,19-05-2021,2
Ragi+(Finger+Millet),Bangarpet,17-05-2021,29
Chapparad+Avare,Malur,22-05-2021,15
Groundnut,Kustagi,03-03-2021,67.13
Gur(Jaggery),Gundlupet,19-03-2021,39.4
Water+Melon,Davangere,19-05-2021,18
Coconut,Harihara,15-03-2021,92.5
Elephant+Yam+(Suran),Arasikere,15-03-2021,17
Green+Chilli,Gundlupet,15-03-2021,18
Kulthi(Horse+Gram),Arasikere,15-03-2021,19
Tamarind+Fruit,Gundlupet,19-03-2021,15
Onion,Bagalakot,03-07-2021,17
Onion,Chickkaballapura,03-07-2021,22
Ginger(Green),Shimoga,12-07-2021,29
Brinjal,Kolar,02-04-2021,7
Tender+Coconut,Santhesargur,19-03-2021,13.83
Carrot,Chikkamagalore,12-07-2021,15.35
Maize,Hirekerur,26-03-2021,14.8
Tomato,Gundlupet,17-05-2021,4.7
Tomato,Kolar,17-05-2021,4
Tomato,Shimoga,17-05-2021,7.5
Tomato,Channapatana,19-03-2021,4
Tomato,Gundlupet,19-03-2021,6
Tomato,Srinivasapur,19-03-2021,6.67
Maize,Kustagi,01-08-2021,15.1
Beans,Gundlupet,30-09-2021,15
Potato,Bangarpet,26-03-2021,10
Potato,Malur,26-03-2021,10.1
Gur(Jaggery),Chamaraj Nagar,22-05-2021,45
Beans,Gundlupet,28-09-2021,12
Rice,Bangarpet,26-03-2021,42
Ridge+gourd(Tori),Davangere,26-03-2021,15
Sweet+Potato,Davangere,26-03-2021,9
Bitter+gourd,Kolar,02-04-2021,15
Tomato,Bangarpet,26-03-2021,4
Tomato,Chintamani,26-03-2021,3.99
Tomato,T. Narasipura,26-03-2021,4
Groundnut,Bellary,07-07-2021,50.97
Groundnut,Hubli (Amaragol),07-07-2021,36.69
Groundnut,Raichur,07-07-2021,48.99
Cotton,Bijapur,09-07-2021,67.41
Gur(Jaggery),Chamaraj Nagar,07-07-2021,35
Knool+Khol,Chamaraj Nagar,22-05-2021,20
Snake+gourd,Ramanagara,16-04-2021,9
Water+Melon,Mysore (Bandipalya),17-05-2021,9
Sunflower,Sindhanur,16-04-2021,66
Mango,Srinivasapur,22-05-2021,13.94
Cabbage,Gundlupet,20-07-2021,7.55
Cucumbar(Kheera),Udupi,09-07-2021,9
Tomato,Ramanagara,16-04-2021,3
Chapparad+Avare,Gundlupet,15-03-2021,15.75
Groundnut,Bijapur,06-07-2021,49
Potato,Hubli (Amaragol),11-03-2021,12.75
Dry+Chillies,Hubli (Amaragol),08-07-2021,87.09
Jowar(Sorghum),Basava Kalayana,07-07-2021,20
Jowar(Sorghum),Bellary,07-07-2021,16.05
Jowar(Sorghum),Hubli (Amaragol),07-07-2021,14.12
Karbuja(Musk+Melon),Davangere,07-07-2021,14
Potato,Chickkaballapura,03-07-2021,12
Groundnut,Kustagi,06-03-2021,59.05
Cabbage,Chikkamagalore,22-07-2021,8.01
Black+pepper,Sirsi,22-07-2021,385.92
Groundnut,Kustagi,22-04-2021,56.49
Cotton,Bijapur,15-03-2021,59.66
Cotton,Sindhanur,15-03-2021,53
Groundnut,Bagalakot,12-07-2021,50.79
Groundnut,Bellary,12-07-2021,50.64
Groundnut,Challakere,12-07-2021,46.91
Potato,Davangere,07-04-2021,16
Dry+Chillies,Sindhanur,15-03-2021,120
Dry+Grapes,Bijapur,15-03-2021,143
Onion,Hubli (Amaragol),11-03-2021,10.5
Rice,Bangarpet,07-04-2021,44
Ridge+gourd(Tori),Davangere,07-04-2021,13
Sweet+Potato,Davangere,07-04-2021,7
Thondekai,Davangere,07-04-2021,8.5
Thondekai,Mysore (Bandipalya),07-04-2021,17.5
Tomato,Davangere,07-04-2021,6
Tomato,Gundlupet,07-04-2021,5
Onion,Chikkamagalore,24-03-2021,18.23
Ragi+(Finger+Millet),Davangere,09-03-2021,25.05
Rice,Bangarpet,09-03-2021,40
Rice,Sindhanur,09-03-2021,28.75
Paddy(Dhan)(Common),Lingasugur,24-03-2021,19.95
Groundnut,Chitradurga,12-07-2021,50.52
Groundnut,Davangere,12-07-2021,44.62
Groundnut,Hubli (Amaragol),12-07-2021,42.43
Groundnut,Raichur,12-07-2021,50.69
Potato,Chikkamagalore,24-03-2021,13.66
Potato,Shimoga,24-03-2021,20.5
Rice,Bangarpet,23-04-2021,40
Jowar(Sorghum),Sindhanur,15-03-2021,18.33
Cummin+Seed(Jeera),Gadag,19-03-2021,89.81
Rice,Bangarpet,24-03-2021,42
Rice,Kolar,24-03-2021,46.22
Rice,Malur,24-03-2021,35.08
Jowar(Sorghum),Bijapur,06-07-2021,27.5
Gur(Jaggery),Bangarpet,12-07-2021,42
Gur(Jaggery),Basava Kalayana,12-07-2021,30
Gur(Jaggery),Mandya,12-07-2021,32.5
Sunflower,Nargunda,24-03-2021,64.8
Sunflower,Ramdurga,24-03-2021,69
Raddish,Chamaraj Nagar,22-05-2021,17
Tomato,Chikkamagalore,24-03-2021,11.4
Tomato,Mulabagilu,24-03-2021,5
Dry+Chillies,Sindhanur,03-03-2021,121
Ridge+gourd(Tori),Davangere,09-03-2021,23
Green+Chilli,Chikkamagalore,07-07-2021,17.54
Raddish,Chamaraj Nagar,03-07-2021,10
Ridge+gourd(Tori),Chamaraj Nagar,22-05-2021,22
Safflower,Gadag,09-03-2021,38.68
Safflower,Bidar,09-03-2021,40
Green+Chilli,Gundlupet,19-03-2021,14
Rice,Gangavathi,03-07-2021,15.4
Soyabean,Bidar,09-03-2021,47
Soyabean,Hubli (Amaragol),09-03-2021,47.32
Beans,Gundlupet,08-05-2021,18
Tomato,Srinivasapur,22-05-2021,3.33
Dry+Chillies,Hubli (Amaragol),19-03-2021,106
Tomato,T. Narasipura,22-05-2021,4
Bottle+gourd,Chickkaballapura,08-05-2021,1.75
Jowar(Sorghum),Lingasugur,24-03-2021,11.5
Jowar(Sorghum),Sindhanur,24-03-2021,18.6
Knool+Khol,Davangere,24-03-2021,7
Lime,Mysore (Bandipalya),12-05-2021,19
Sunflower,Gadag,09-03-2021,60.72
Drumstick,Udupi,09-07-2021,41
Sunflower,Nargunda,09-03-2021,74
Coriander(Leaves),Tumkur,12-07-2021,92
Green+Avare+(W),Davangere,22-04-2021,21
Cabbage,Chickkaballapura,08-05-2021,2.25
Cabbage,Gundlupet,08-05-2021,5
Brinjal,Ramanagara,03-07-2021,16
Tomato,Bangarpet,09-03-2021,5
Tomato,Kadur,09-03-2021,8.32
Tomato,Kanakapura,09-03-2021,10
Carrot,Chamaraj Nagar,20-07-2021,15
Carrot,Kolar,20-07-2021,30
Cotton,Bijapur,12-07-2021,68.84
Safflower,Bidar,03-07-2021,46.5
Seemebadnekai,Chickkaballapura,03-07-2021,8.5
Cauliflower,Chikkamagalore,20-05-2021,9.8
Jowar(Sorghum),Bellary,12-07-2021,15.85
Jowar(Sorghum),Hubli (Amaragol),12-07-2021,13.34
Soyabean,Haveri,17-04-2021,67
Karbuja(Musk+Melon),Davangere,12-07-2021,12
Mousambi(Sweet+Lime),Davangere,07-07-2021,38
Capsicum,Ramanagara,30-04-2021,3.5
Sunflower,Nargunda,17-04-2021,67
Soyabean,Bidar,03-07-2021,68.5
Chapparad+Avare,Malur,20-05-2021,18
Potato,Shimoga,27-04-2021,15
Chikoos(Sapota),Davangere,20-05-2021,14
Carrot,Kolar,30-04-2021,10
Carrot,Malur,30-04-2021,5
Carrot,Mysore (Bandipalya),30-04-2021,11
Tomato,Gundlupet,17-04-2021,2
Tomato,Mulabagilu,17-04-2021,4
Alasande+Gram,Laxmeshwar,24-03-2021,48.36
Kulthi(Horse+Gram),Kottur,12-07-2021,27.68
Cauliflower,Chikkamagalore,30-04-2021,10.6
Arhar+Dal(Tur+Dal),Kolar,24-03-2021,90
Ox,Arasikere,23-04-2021,850
Avare+Dal,Malur,24-03-2021,40
Dry+Chillies,Hubli (Amaragol),08-05-2021,47.24
Carrot,Chikkamagalore,22-07-2021,15.72
Ragi+(Finger+Millet),Harappana Halli,27-04-2021,25
Cucumbar(Kheera),Chikkamagalore,12-07-2021,9.8
Beans,Chikkamagalore,24-03-2021,24.51
Beans,Honnali,24-03-2021,17
Beans,Malur,24-03-2021,30.61
Seemebadnekai,Ramanagara,27-04-2021,29
Green+Chilli,Gundlupet,08-07-2021,25.25
Cotton,Nargunda,23-03-2021,54.25
Green+Chilli,Gundlupet,08-05-2021,17
Tomato,Mulabagilu,27-04-2021,2.66
Tomato,Shimoga,27-04-2021,11
Jowar(Sorghum),Manvi,25-03-2021,19.3
Maize,Kalagategi,31-03-2021,13.8
Knool+Khol,Davangere,25-03-2021,10
Maize,Kustagi,25-03-2021,15.2
Groundnut,Bagalakot,08-05-2021,55.24
Groundnut,Hubli (Amaragol),08-05-2021,42.09
Gur(Jaggery),Belgaum,08-05-2021,38
Carrot,Chikkamagalore,24-03-2021,18.12
Carrot,Davangere,24-03-2021,6
Wheat,Hubli (Amaragol),09-03-2021,9.4
Wheat,Gadag,09-03-2021,56.01
Paddy(Dhan)(Common),Harihara,31-03-2021,22.25
Dry+Chillies,Sindhanur,06-03-2021,100
Jowar(Sorghum),Hubli (Amaragol),08-05-2021,16.21
Cauliflower,Chikkamagalore,24-03-2021,10.16
Potato,Hubli (Amaragol),13-04-2021,13
Potato,Bangarpet,25-03-2021,14
Potato,Chikkamagalore,25-03-2021,13.33
Maize,Hubli (Amaragol),08-05-2021,15.45
Chili+Red,Malur,24-03-2021,80
Cotton,Nargunda,24-03-2021,54.5
Cucumbar(Kheera),Chikkamagalore,24-03-2021,10.3
Cucumbar(Kheera),Davangere,24-03-2021,9
Ragi+(Finger+Millet),Harappana Halli,25-03-2021,25.05
Rice,Bangarpet,25-03-2021,40
Rice,Sindhanur,25-03-2021,25.85
Ridge+gourd(Tori),Mysore (Bandipalya),31-03-2021,13.5
Onion,Bagalakot,08-05-2021,6
Onion,Chickkaballapura,08-05-2021,14
Seemebadnekai,Mysore (Bandipalya),25-03-2021,17
Maize,Shimoga,16-04-2021,16.05
Sunflower,Nargunda,25-03-2021,67
Sweet+Potato,Mysore (Bandipalya),31-03-2021,11.5
Tamarind+Seed,Arasikere,31-03-2021,14.8
Dry+Chillies,Hubli (Amaragol),24-03-2021,338
Dry+Chillies,Sindhanur,24-03-2021,125
Duster+Beans,K.R. Pet,24-03-2021,20
Tomato,Mulabagilu,03-07-2021,6
Elephant+Yam+(Suran),Arasikere,24-03-2021,20
Tomato,Bangarpet,25-03-2021,5
Tomato,T. Narasipura,25-03-2021,5
Groundnut,Bijapur,07-07-2021,48.5
Groundnut,Chitradurga,07-07-2021,51.24
Groundnut,Gadag,07-07-2021,45.47
Maize,Bagalakot,12-07-2021,17.56
Maize,Bellary,12-07-2021,20.3
Maize,Chitradurga,12-07-2021,19.76
Maize,Davangere,12-07-2021,20.7
Green+Chilli,Chikkamagalore,24-03-2021,27.78
Green+Chilli,Hunsur,24-03-2021,37.22
Green+Chilli,Shimoga,24-03-2021,29
Cauliflower,Mysore (Bandipalya),22-07-2021,25
Onion,Raichur,07-07-2021,13.6
Groundnut,Challakere,24-03-2021,60.8
Groundnut,Kustagi,24-03-2021,61.3
Groundnut,Laxmeshwar,24-03-2021,44.46
Gur(Jaggery),Kolar,24-03-2021,54
Gur(Jaggery),Malur,24-03-2021,35.55
Mango,Mulabagilu,12-07-2021,9
Mango,Srinivasapur,12-07-2021,15
Jowar(Sorghum),Hubli (Amaragol),24-03-2021,15.38
Jowar(Sorghum),Laxmeshwar,24-03-2021,19.59
Pomegranate,Mysore (Bandipalya),28-05-2021,55
Kulthi(Horse+Gram),Laxmeshwar,24-03-2021,27.39
Potato,Bangalore,28-05-2021,14.5
Chapparad+Avare,Kolar,20-07-2021,18
Chennangi+Dal,Bangalore,20-07-2021,79
Potato,Kolar,28-05-2021,14
Maize,Hubli (Amaragol),24-03-2021,14.75
Wheat,Bidar,03-07-2021,24
Cabbage,Belgaum,20-07-2021,13
Chrysanthemum(Loose),Chickkaballapura,20-07-2021,100
Groundnut,Davangere,15-05-2021,45.4
Groundnut,Hubli (Amaragol),15-05-2021,37.76
Safflower,Hubli (Amaragol),08-05-2021,43.83
Soyabean,Hubli (Amaragol),08-05-2021,74.7
Cummin+Seed(Jeera),Gadag,12-07-2021,83.75
Chikoos(Sapota),Davangere,22-07-2021,15
Onion,K.R. Pet,05-07-2021,15
Onion,Hubli (Amaragol),24-03-2021,8.5
Green+Chilli,Udupi,09-07-2021,24
Tomato,Gundlupet,08-05-2021,4.6
Tomato,T. Narasipura,08-05-2021,4
Marigold(Calcutta),Chickkaballapura,12-07-2021,17.5
Raddish,Chamaraj Nagar,28-05-2021,23
Jowar(Sorghum),Gadag,07-07-2021,14.96
Coconut,Tarikere,22-07-2021,108.37
Coconut,Tumkur,22-07-2021,125
Rice,Bangarpet,28-05-2021,21
Elephant+Yam+(Suran),Arasikere,19-03-2021,20
Paddy(Dhan)(Common),Davangere,07-07-2021,17.7
Ridge+gourd(Tori),Kolar,28-05-2021,22
Ridge+gourd(Tori),Mysore (Bandipalya),28-05-2021,26
Brinjal,Gundlupet,22-07-2021,7.6
Wheat,Hubli (Amaragol),08-05-2021,9.1
Paddy(Dhan)(Common),Raichur,07-07-2021,16.89
Groundnut,Kustagi,21-04-2021,57.8
Onion,Ramanagara,27-04-2021,12
Honge+seed,Arasikere,21-04-2021,37.75
Snake+gourd,Ramanagara,27-03-2021,14
Thondekai,Chikkamagalore,28-05-2021,17.54
Suvarna+Gadde,Ramanagara,27-03-2021,22
Tomato,Chikkamagalore,28-05-2021,10.53
Tomato,Kolar,28-05-2021,4.3
Tomato,Srinivasapur,28-05-2021,2.67
Tomato,Kolar,27-03-2021,5.67
Onion,Chikkamagalore,16-03-2021,15.88
Safflower,Hubli (Amaragol),24-03-2021,41.81
Soyabean,Haveri,24-03-2021,45
Soyabean,Hubli (Amaragol),24-03-2021,46.98
Ragi+(Finger+Millet),Harappana Halli,24-03-2021,16.05
Rice,Gangavathi,24-03-2021,14.8
Sunflower,Challakere,24-03-2021,64.56
Peas+Wet,Ramanagara,16-03-2021,40
Potato,Bagepalli,16-03-2021,13.7
Potato,Chikkamagalore,16-03-2021,12.28
Potato,Ramanagara,16-03-2021,12
Tomato,Channapatana,24-03-2021,5.5
Karbuja(Musk+Melon),Davangere,12-05-2021,17
Karbuja(Musk+Melon),Mysore (Bandipalya),12-05-2021,12
Knool+Khol,Chikkamagalore,07-07-2021,11.9
Groundnut,Gadag,08-07-2021,46.01
Groundnut,Hubli (Amaragol),08-07-2021,36.99
Raddish,Bagepalli,16-03-2021,8.85
Raddish,Ramanagara,16-03-2021,10
Knool+Khol,Bangarpet,12-05-2021,8
Groundnut,Mundaragi,08-07-2021,49.74
Rice,Bangarpet,16-03-2021,42
Suvarna+Gadde,Ramanagara,16-03-2021,20
Tomato,Bagepalli,16-03-2021,5.1
Tomato,Chikkamagalore,16-03-2021,11.58
Tomato,Gundlupet,16-03-2021,6
Cotton,Nargunda,06-03-2021,56
Cotton,Sindhanur,06-03-2021,53.5
Copra,Arasikere,20-07-2021,150.55
Cucumbar(Kheera),Channapatana,06-03-2021,9
Drumstick,Davangere,15-04-2021,18
Alasande+Gram,Bellary,18-03-2021,60.25
Alasande+Gram,Laxmeshwar,18-03-2021,40.89
Green+Chilli,Gundlupet,15-04-2021,36
Capsicum,Belgaum,20-07-2021,16
Groundnut,Kustagi,15-04-2021,50.41
Knool+Khol,Davangere,15-04-2021,12
Tamarind+Fruit,Shimoga,05-04-2021,64.22
Cabbage,Gundlupet,30-04-2021,5.3
Tomato,Chickkaballapura,05-04-2021,6
Green+Chilli,Gundlupet,21-04-2021,30.85
Bitter+gourd,Davangere,18-03-2021,16
Garlic,Chintamani,15-05-2021,65
Onion,Hubli (Amaragol),11-05-2021,11
Dry+Chillies,Sindhanur,19-03-2021,113
Cauliflower,Chikkamagalore,23-03-2021,10.2
Paddy(Dhan)(Common),Davangere,11-05-2021,15.9
Rice,Chintamani,15-04-2021,41
Rice,Sindhanur,15-04-2021,12
Black+pepper,Siddapur,18-03-2021,358.69
Capsicum,Kolar,20-05-2021,7
Chapparad+Avare,Gundlupet,23-03-2021,23
Papaya,Mysore (Bandipalya),11-05-2021,13
Seemebadnekai,Davangere,15-04-2021,9
Carrot,Malur,20-05-2021,10
Suvarna+Gadde,Davangere,15-04-2021,24
Alasande+Gram,Hubli (Amaragol),06-05-2021,52.88
Alasande+Gram,Laxmeshwar,06-05-2021,48.3
Alasande+Gram,Mundaragi,06-05-2021,51.75
Thondekai,Davangere,15-04-2021,8
Potato,Chikkamagalore,11-05-2021,18.52
Green+Chilli,Ramanagara,03-05-2021,70
Wheat,Basava Kalayana,05-04-2021,17.5
Wheat,Bijapur,05-04-2021,20.5
Wheat,Gadag,05-04-2021,19.96
Wheat,Hubli (Amaragol),05-04-2021,12.09
Wheat,Laxmeshwar,05-04-2021,18.33
Cotton,Gadag,20-07-2021,72.95
Groundnut,Kustagi,25-03-2021,66
Maize,Bijapur,07-07-2021,18.25
Maize,Chitradurga,07-07-2021,19.92
Maize,Gangavathi,07-07-2021,16.12
Banana,Mysore (Bandipalya),06-05-2021,14
Dry+Chillies,Sindhanur,22-04-2021,94
Raddish,Bangarpet,11-05-2021,8
Beans,Chamaraj Nagar,06-05-2021,9
Beans,Chikkamagalore,06-05-2021,18.52
Beans,Davangere,06-05-2021,28
Beans,Gundlupet,06-05-2021,19
Beans,Malur,06-05-2021,35
Beans,T. Narasipura,06-05-2021,25
Drumstick,Ramanagara,10-04-2021,21
Beetroot,Chamaraj Nagar,06-05-2021,3
Beetroot,Shimoga,06-05-2021,29
Seemebadnekai,Chickkaballapura,11-05-2021,14
Cabbage,Honnali,18-03-2021,3
Cabbage,Davangere,18-03-2021,8
Black+pepper,Siddapur,06-05-2021,364.09
Bottle+gourd,Davangere,06-05-2021,7
Brinjal,Gundlupet,06-05-2021,7
Mousambi(Sweet+Lime),Mysore (Bandipalya),28-05-2021,42
Onion,Chikkamagalore,28-05-2021,14.9
Onion,Davangere,28-05-2021,10
Onion,Kolar,28-05-2021,27
Cabbage,Shimoga,06-05-2021,35
Soyabean,Basava Kalayana,24-03-2021,52.81
Papaya,Mysore (Bandipalya),28-05-2021,12
Onion,Hubli (Amaragol),10-04-2021,5.3
Capsicum,Davangere,06-05-2021,23
Onion,Hubli (Amaragol),28-04-2021,10.5
Maize,Bellary,17-04-2021,15.51
Carrot,Kolar,06-05-2021,11
Chili+Red,Shimoga,06-05-2021,84.06
Chilly+Capsicum,Mysore (Bandipalya),06-05-2021,30
Coconut,Doddaballa Pur,06-05-2021,130
Knool+Khol,Ramanagara,27-04-2021,16
Copra,Tiptur,06-05-2021,159
Cotton,Manvi,19-03-2021,54.66
Cotton,Nargunda,19-03-2021,56
Elephant+Yam+(Suran),Arasikere,21-04-2021,17
Maize,Harappana Halli,27-04-2021,16.35
Maize,Kustagi,27-04-2021,15.08
Cotton,Chitradurga,06-05-2021,43.77
Rice,Gangavathi,13-04-2021,27.8
Cotton,Kottur,06-05-2021,50.01
Cotton,Ranebennur,06-05-2021,53.25
Cotton,Savanur,06-05-2021,48.1
Bitter+gourd,Ramanagara,30-04-2021,28
Tomato,Chickkaballapura,28-04-2021,9.2
Cucumbar(Kheera),Bangarpet,06-05-2021,2.5
Bottle+gourd,Chikkamagalore,30-04-2021,16.67
Turmeric,Santhesargur,28-04-2021,93.45
Brinjal,Gundlupet,03-03-2021,3.75
Brinjal,Gundlupet,30-04-2021,8
Brinjal,Ramanagara,30-04-2021,11
Brinjal,Gundlupet,15-03-2021,5
Dry+Chillies,Hubli (Amaragol),06-05-2021,211.11
Garlic,Doddaballa Pur,06-05-2021,80
Elephant+Yam+(Suran),Arasikere,06-04-2021,23
Carrot,Bangarpet,23-03-2021,8.5
Tamarind+Fruit,Shimoga,24-03-2021,87.54
Wheat,Gadag,29-03-2021,23.22
Ginger(Green),Kolar,06-05-2021,23
Elephant+Yam+(Suran),Arasikere,15-05-2021,19
Grapes,Mysore (Bandipalya),06-05-2021,40
Green+Chilli,Chikkamagalore,06-05-2021,18.02
Green+Chilli,Gundlupet,06-05-2021,15.8
Groundnut,Badami,06-05-2021,28.2
Groundnut,Bagalakot,06-05-2021,54.9
Groundnut,Davangere,06-05-2021,43
Groundnut,Gadag,06-05-2021,43.43
Groundnut,Hubli (Amaragol),06-05-2021,43.07
Groundnut,Kottur,06-05-2021,52.63
Groundnut,Laxmeshwar,06-05-2021,44.79
Groundnut,Mundaragi,06-05-2021,51.95
Groundnut,Raichur,06-05-2021,49.89
Groundnut,Ramdurga,06-05-2021,54.17
Groundnut,Ranebennur,06-05-2021,44.48
Groundnut,Savanur,06-05-2021,44.33
Gur(Jaggery),Bangarpet,06-05-2021,23
Gur(Jaggery),Mandya,06-05-2021,37.8
Gur(Jaggery),Mhalingapur,06-05-2021,31.28
Jowar(Sorghum),Bidar,06-05-2021,32
Jowar(Sorghum),Gadag,06-05-2021,21.64
Jowar(Sorghum),Gangavathi,06-05-2021,11.2
Jowar(Sorghum),Haveri,06-05-2021,13
Jowar(Sorghum),Hubli (Amaragol),06-05-2021,13.58
Jowar(Sorghum),Kottur,06-05-2021,12.14
Jowar(Sorghum),Laxmeshwar,06-05-2021,12.98
Karbuja(Musk+Melon),Mysore (Bandipalya),06-05-2021,13
Dry+Chillies,Sindhanur,21-04-2021,104
Lime,Bijapur,06-05-2021,10
Lime,Mysore (Bandipalya),06-05-2021,18
Lint,Kottur,06-05-2021,94.13
Maize,Bagalakot,06-05-2021,15.03
Maize,Davangere,06-05-2021,15.7
Maize,Hubli (Amaragol),06-05-2021,14.7
Maize,Kottur,06-05-2021,15.85
Maize,Mundaragi,06-05-2021,15.6
Neem+Seed,Kustagi,28-04-2021,28
Mango,Mysore (Bandipalya),06-05-2021,30
Moath+Dal,Bangalore,06-05-2021,88.5
Alasande+Gram,Mundaragi,12-03-2021,63.26
Dry+Chillies,Sindhanur,26-03-2021,100
Onion,Bijapur,06-05-2021,9
Onion,Hubli (Amaragol),06-05-2021,10
Onion,Kolar,06-05-2021,19
Onion,Raichur,06-05-2021,7.75
Groundnut,Kustagi,31-03-2021,62.23
Copra,Tumkur,22-07-2021,65
Bitter+gourd,Kolar,03-03-2021,15
Pomegranate,Davangere,07-07-2021,19
Paddy(Dhan)(Common),Bangarpet,06-05-2021,20
Paddy(Dhan)(Common),Davangere,06-05-2021,15.6
Paddy(Dhan)(Common),Gangavathi,06-05-2021,15.46
Paddy(Dhan)(Common),Harihara,06-05-2021,20.75
Paddy(Dhan)(Common),Raichur,06-05-2021,14.89
Paddy(Dhan)(Common),T. Narasipura,06-05-2021,24.5
Coriander(Leaves),Tumkur,22-07-2021,92
Groundnut,Challakere,03-04-2021,62.28
Groundnut,Gadag,03-04-2021,48.01
Groundnut,Raichur,03-04-2021,56.69
Groundnut,Shimoga,03-04-2021,118
Tomato,Srinivasapur,24-03-2021,4.67
Maize,Bellary,10-04-2021,15.22
Pineapple,Mysore (Bandipalya),06-05-2021,18
Potato,Malur,06-05-2021,4
Cauliflower,Bangarpet,06-03-2021,6
Cauliflower,Chikkamagalore,06-03-2021,9.8
Chapparad+Avare,Gundlupet,06-03-2021,7
Beans,Gundlupet,03-03-2021,20.8
Corriander+seed,Bhadravathi,18-03-2021,72.19
Beetroot,Gundlupet,03-03-2021,11.9
Paddy(Dhan)(Common),Bangarpet,07-05-2021,20
Paddy(Dhan)(Common),Davangere,07-05-2021,15.6
Papaya,Mysore (Bandipalya),07-05-2021,12
Cotton,Haveri,18-03-2021,57.45
Cotton,Savanur,18-03-2021,57.27
Cotton,Hubli (Amaragol),18-03-2021,48.09
Pineapple,Mysore (Bandipalya),07-05-2021,19
Beans,Chikkamagalore,30-04-2021,33.99
Beetroot,Chikkamagalore,30-04-2021,11.69
Beetroot,Gundlupet,30-04-2021,4
Potato,Bangarpet,07-05-2021,9
Potato,Channarayapatna,07-05-2021,15
Potato,Chikkamagalore,07-05-2021,13.88
Green+Chilli,Chikkamagalore,25-03-2021,29.76
Green+Chilli,Gundlupet,25-03-2021,22
Ragi+(Finger+Millet),Haveri,06-05-2021,18
Ragi+(Finger+Millet),Kottur,06-05-2021,22.78
Rice,Gangavathi,06-05-2021,19
Rice,Sindhanur,06-05-2021,26.5
Gur(Jaggery),Bangarpet,16-03-2021,27
Ridge+gourd(Tori),Chamaraj Nagar,06-05-2021,13
Raddish,Chamaraj Nagar,07-05-2021,8
Ridge+gourd(Tori),Kolar,06-05-2021,19
Ridge+gourd(Tori),Shimoga,06-05-2021,22
Ragi+(Finger+Millet),Davangere,07-05-2021,23.15
Ragi+(Finger+Millet),Kottur,07-05-2021,21.2
Rice,Bangarpet,07-05-2021,36
Safflower,Bidar,06-05-2021,48.1
Safflower,Gadag,06-05-2021,46.52
Safflower,Hubli (Amaragol),06-05-2021,46.7
Ridge+gourd(Tori),Bangarpet,07-05-2021,9
Ridge+gourd(Tori),Chamaraj Nagar,07-05-2021,16.5
Soyabean,Bidar,06-05-2021,63
Soyabean,Hubli (Amaragol),06-05-2021,64.17
Safflower,Bidar,07-05-2021,48
Safflower,Gadag,07-05-2021,47.08
Seemebadnekai,Mysore (Bandipalya),07-05-2021,15.5
Soyabean,Bidar,07-05-2021,68
Kulthi(Horse+Gram),Bellary,17-04-2021,25.75
Sunflower,Bijapur,06-05-2021,67
Sunflower,Gadag,06-05-2021,65.72
Sunflower,Laxmeshwar,06-05-2021,57.69
Sunflower,Mundaragi,06-05-2021,61.19
Sunflower,Raichur,06-05-2021,58.19
Suvarna+Gadde,Davangere,06-05-2021,21
Sunflower,Gadag,07-05-2021,64.26
Sunflower,Kottur,07-05-2021,62.34
Tamarind+Seed,Arasikere,06-05-2021,50
Sunflower,Chitradurga,05-04-2021,63.49
Sunflower,Gadag,05-04-2021,61.48
Sunflower,Laxmeshwar,05-04-2021,58.6
Sweet+Potato,Mysore (Bandipalya),05-04-2021,9.5
Thondekai,Mysore (Bandipalya),06-05-2021,6.5
Tomato,Chikkamagalore,07-05-2021,9.88
Tomato,Davangere,07-05-2021,7
Tomato,Srinivasapur,07-05-2021,1
Tomato,Chikkamagalore,06-05-2021,9.8
Tomato,Doddaballa Pur,06-05-2021,8
Tomato,Malur,06-05-2021,11
Tomato,Mulabagilu,06-05-2021,2
Onion,Raichur,12-07-2021,16.4
Jowar(Sorghum),Gadag,08-07-2021,15.99
Jowar(Sorghum),Hubli (Amaragol),08-07-2021,14.4
Water+Melon,Mysore (Bandipalya),07-05-2021,11
Wheat,Gadag,07-05-2021,23.31
Groundnut,Gadag,09-07-2021,46.17
Cotton,Chitradurga,22-07-2021,75.47
Cotton,Gadag,22-07-2021,72.13
Ginger(Green),Mysore (Bandipalya),31-03-2021,25
Potato,Chickkaballapura,07-07-2021,9
Potato,Davangere,07-07-2021,12
Dry+Chillies,Bangalore,18-03-2021,205
Gur(Jaggery),Mandya,09-07-2021,31.5
Marigold(Calcutta),Chickkaballapura,07-07-2021,25
Water+Melon,Mysore (Bandipalya),06-05-2021,10
Wheat,Gadag,06-05-2021,22.89
Cotton,Nargunda,06-04-2021,53
Cauliflower,Belgaum,20-07-2021,10
Neem+Seed,Kustagi,19-07-2021,14
Cummin+Seed(Jeera),Gadag,20-07-2021,78.42
Maize,Bijapur,08-07-2021,18.5
Maize,Mundaragi,08-07-2021,18.33
Maize,Tumkur,08-07-2021,18.5
Maize,Davangere,11-05-2021,15.4
Wheat,Ramdurga,28-03-2021,20
Groundnut,Mundaragi,12-03-2021,63.91
Mango,Mysore (Bandipalya),11-05-2021,25
Green+Chilli,Bagepalli,16-03-2021,28.4
Green+Chilli,Chikkamagalore,16-03-2021,21.15
Green+Chilli,Gundlupet,16-03-2021,10
Onion,Channarayapatna,07-05-2021,10
Onion,Davangere,07-05-2021,7.5
Onion,Ramanagara,07-05-2021,15
Onion,Shimoga,07-05-2021,17
Ginger(Green),Mysore (Bandipalya),25-03-2021,29.5
Maize,Mundaragi,12-03-2021,14.84
Tamarind+Fruit,Gubbi,13-04-2021,110
Tamarind+Fruit,Shimoga,13-04-2021,73.15
Tamarind+Seed,Gubbi,13-04-2021,13
Gur(Jaggery),Chamaraj Nagar,12-05-2021,45
Gur(Jaggery),Mhalingapur,12-05-2021,31.38
Gur(Jaggery),Nargunda,12-05-2021,32.77
Alasande+Gram,Laxmeshwar,03-05-2021,43.98
Apple,Mysore (Bandipalya),03-05-2021,90
Banana,Mysore (Bandipalya),03-05-2021,13
Beans,Chamaraj Nagar,03-05-2021,11
Beans,Gundlupet,03-05-2021,33
Beetroot,Chamaraj Nagar,03-05-2021,5.5
Beetroot,Kolar,03-05-2021,7
Wheat,Basava Kalayana,10-03-2021,43.26
Wheat,Bijapur,10-03-2021,32.5
Jowar(Sorghum),Bellary,17-04-2021,17.73
Maize,Chitradurga,22-03-2021,15.06
Maize,Davangere,22-03-2021,15.1
Maize,Gadag,22-03-2021,13.05
Maize,Kottur,22-03-2021,14.92
Cabbage,Chamaraj Nagar,03-05-2021,5
Carrot,Mysore (Bandipalya),03-05-2021,9
Chikoos(Sapota),Mysore (Bandipalya),03-05-2021,16
Chilly+Capsicum,Mysore (Bandipalya),03-05-2021,35
Cotton,Sindhanur,26-03-2021,69.5
Elephant+Yam+(Suran),Arasikere,20-07-2021,27.1
Copra,Tiptur,03-05-2021,155
Paddy(Dhan)(Common),Davangere,12-07-2021,18.15
Cotton,Nargunda,03-05-2021,49
Cotton,Savanur,03-05-2021,52.13
Paddy(Dhan)(Common),Raichur,12-07-2021,14.49
Cucumbar(Kheera),Kolar,03-05-2021,2.8
Rice,Bidar,10-04-2021,43
Garlic,Bangalore,20-07-2021,6.5
Cummin+Seed(Jeera),Gadag,03-05-2021,82.41
Drumstick,Kolar,03-05-2021,18
Drumstick,Mysore (Bandipalya),03-05-2021,12
Avare+Dal,Arasikere,03-03-2021,38.45
Dry+Chillies,Bangalore,03-05-2021,175
Dry+Chillies,Sindhanur,03-05-2021,67
Ginger(Green),Kolar,03-05-2021,16
Brinjal,Gundlupet,23-03-2021,5
Bitter+gourd,Kolar,20-05-2021,29
Groundnut,Bagalakot,03-05-2021,54.45
Groundnut,Bellary,03-05-2021,50.25
Groundnut,Hubli (Amaragol),03-05-2021,46.62
Groundnut,Laxmeshwar,03-05-2021,45.89
Groundnut,Mundaragi,03-05-2021,54.32
Groundnut,Savanur,03-05-2021,44.88
Gur(Jaggery),Mandya,03-05-2021,39
Gur(Jaggery),Mhalingapur,03-05-2021,32.12
Jowar(Sorghum),Bellary,03-05-2021,17.49
Jowar(Sorghum),Gadag,03-05-2021,14.75
Jowar(Sorghum),Hubli (Amaragol),03-05-2021,21.62
Jowar(Sorghum),Laxmeshwar,03-05-2021,14.32
Karbuja(Musk+Melon),Mysore (Bandipalya),03-05-2021,10
Lime,Mysore (Bandipalya),03-05-2021,16
Maize,Bellary,03-05-2021,15.61
Maize,Hubli (Amaragol),03-05-2021,15.29
Maize,Mundaragi,03-05-2021,15.59
Mango,Mysore (Bandipalya),03-05-2021,30
Onion,Hubli (Amaragol),03-05-2021,4.5
Cauliflower,Davangere,22-04-2021,10
Capsicum,Davangere,21-04-2021,27
Avare+Dal,Bangalore,01-04-2021,51.25
Safflower,Bidar,10-04-2021,46
Ground+Nut+Seed,Bangalore,18-03-2021,102.5
Beans,Chikkamagalore,01-04-2021,41.66
Beetroot,Kolar,01-04-2021,10
Mango,Mysore (Bandipalya),28-05-2021,25
Mango,Srinivasapur,28-05-2021,12
Tomato,Hospet,28-03-2021,10
Groundnut,Laxmeshwar,18-03-2021,35.99
Paddy(Dhan)(Common),Bangarpet,03-05-2021,20
Karbuja(Musk+Melon),Mysore (Bandipalya),09-07-2021,12
Papaya,Mysore (Bandipalya),03-05-2021,10
Pineapple,Mysore (Bandipalya),03-05-2021,19
Groundnut,Hubli (Amaragol),18-03-2021,54.03
Pomegranate,Mysore (Bandipalya),03-05-2021,75
Green+Chilli,Ramanagara,16-04-2021,35
Cotton,Haveri,01-04-2021,55.15
Cotton,Nargunda,01-04-2021,52.5
Cotton,Sindhanur,01-04-2021,68
Sunflower,Ramdurga,10-04-2021,66
Potato,Hubli (Amaragol),03-05-2021,14.5
Dry+Chillies,Sindhanur,01-04-2021,110
Tamarind+Fruit,Shimoga,25-03-2021,82.65
Green+Chilli,Chikkamagalore,01-04-2021,36.23
Lime,Mysore (Bandipalya),11-05-2021,19
Gur(Jaggery),Mandya,01-04-2021,38.7
Jowar(Sorghum),Basava Kalayana,01-04-2021,27.5
Jowar(Sorghum),Bellary,01-04-2021,19.05
Jowar(Sorghum),Sindhanur,01-04-2021,22.8
Kulthi(Horse+Gram),Bellary,01-04-2021,24.92
Maize,Basava Kalayana,01-04-2021,45
Maize,Bellary,01-04-2021,15.21
Groundnut,Savanur,18-03-2021,54.34
Paddy(Dhan)(Common),Shikaripura,01-04-2021,21
Soyabean,Bidar,10-04-2021,62
Chikoos(Sapota),Davangere,15-05-2021,19
Rice,Sindhanur,01-04-2021,25.9
Elephant+Yam+(Suran),Arasikere,31-03-2021,38.25
Safflower,Basava Kalayana,01-04-2021,46.18
Safflower,Bellary,01-04-2021,44.49
Sunflower,Bellary,01-04-2021,64.75
Sunflower,Nargunda,01-04-2021,66
Tomato,Chikkamagalore,01-04-2021,11.44
Tomato,Kolar,01-04-2021,5.66
Wheat,Basava Kalayana,01-04-2021,18
Wheat,Bhadravathi,24-03-2021,24.75
Chikoos(Sapota),Malur,06-04-2021,31.25
Green+Chilli,Belgaum,12-05-2021,7
Groundnut,Kustagi,27-04-2021,56
Green+Chilli,Chikkamagalore,12-05-2021,18.12
Green+Chilli,Gundlupet,12-05-2021,16
Raddish,Chamaraj Nagar,03-05-2021,7.5
Groundnut,Kustagi,12-05-2021,52.46
Rice,Bangarpet,03-05-2021,22
Rice,Sindhanur,03-05-2021,26.5
Capsicum,Davangere,22-04-2021,24
Jowar(Sorghum),Laxmeshwar,18-03-2021,15.43
Jowar(Sorghum),Hubli (Amaragol),18-03-2021,15.7
Jowar(Sorghum),Bellary,18-03-2021,17.56
Papaya,Davangere,12-07-2021,17
Beans,Malur,28-04-2021,35
Onion,Chikkamagalore,07-07-2021,20.24
Ridge+gourd(Tori),Chamaraj Nagar,03-05-2021,17.5
Ridge+gourd(Tori),Kolar,03-05-2021,16
Maize,Davangere,07-05-2021,16.2
Maize,Gadag,07-05-2021,14.35
Maize,Kottur,07-05-2021,14.61
Mango,Mysore (Bandipalya),07-05-2021,28
Safflower,Gadag,03-05-2021,36.34
Beans,Chikkamagalore,05-03-2021,30.98
Beans,Gundlupet,05-03-2021,27
Soyabean,Basava Kalayana,05-04-2021,62
Brinjal,Gundlupet,05-03-2021,3
Safflower,Hubli (Amaragol),03-05-2021,46.52
Sunflower,Bellary,10-04-2021,64.23
Black+pepper,Sirsi,28-04-2021,344.97
Soyabean,Hubli (Amaragol),03-05-2021,45.7
Cauliflower,Chikkamagalore,05-03-2021,9.8
Cotton,Nargunda,05-03-2021,57
Cummin+Seed(Jeera),Gadag,22-07-2021,28.42
Elephant+Yam+(Suran),Arasikere,05-03-2021,26
Cabbage,Gundlupet,22-07-2021,7.45
Copra,Turvekere,31-07-2021,168
Green+Chilli,Chikkamagalore,05-03-2021,23.44
Green+Chilli,Gundlupet,05-03-2021,14
Lime,Mysore (Bandipalya),09-07-2021,18
Lime,Udupi,09-07-2021,12
Dry+Chillies,Hubli (Amaragol),22-07-2021,87.89
Dry+Chillies,Sindhanur,22-07-2021,195
Ragi+(Finger+Millet),Davangere,07-07-2021,21.6
Gur(Jaggery),Arasikere,05-03-2021,33
Maize,Harappana Halli,05-03-2021,14.75
Pomegranate,Davangere,12-07-2021,18
Onion,Chikkamagalore,05-03-2021,25.25
Copra,Turvekere,20-07-2021,159.36
Groundnut,Gadag,12-07-2021,46.46
Sunflower,Gadag,03-05-2021,67.24
Sunflower,Mundaragi,03-05-2021,62.96
Sunflower,Nargunda,03-05-2021,68
Peas+Wet,Ramanagara,05-03-2021,35
Thondekai,Kolar,03-05-2021,8
Elephant+Yam+(Suran),Arasikere,16-04-2021,17
Tamarind+Fruit,Shimoga,29-03-2021,76.98
Tamarind+Seed,Gubbi,29-03-2021,12.5
Tomato,Chamaraj Nagar,03-05-2021,3.5
Tomato,Chintamani,03-05-2021,2.66
Tomato,Srinivasapur,03-05-2021,2.33
Thondekai,Kolar,13-04-2021,14
Tomato,Chikkamagalore,05-03-2021,11.69
Tomato,Mulabagilu,05-03-2021,6.66
Drumstick,Davangere,07-04-2021,16
Cucumbar(Kheera),Bangarpet,31-03-2021,3
Bitter+gourd,Davangere,21-04-2021,17
Green+Chilli,Chikkamagalore,19-03-2021,22.22
Beans,Chamaraj Nagar,20-05-2021,38
Water+Melon,Mysore (Bandipalya),03-05-2021,8
Wheat,Gadag,03-05-2021,23.84
Mango,Mysore (Bandipalya),09-07-2021,25
Green+Chilli,Gundlupet,23-04-2021,35
Lime,Mysore (Bandipalya),28-05-2021,19
Green+Chilli,Chikkamagalore,20-07-2021,16.96
Green+Chilli,Gundlupet,20-07-2021,33.2
Wheat,Bijapur,13-04-2021,21.5
Onion,Bijapur,08-07-2021,14
Ginger(Green),Shimoga,22-07-2021,9
Drumstick,Ramanagara,27-03-2021,38
Mousambi(Sweet+Lime),Mysore (Bandipalya),09-07-2021,36
Mousambi(Sweet+Lime),Udupi,09-07-2021,50
Ginger(Green),Ramanagara,27-04-2021,14
Jowar(Sorghum),Gadag,12-07-2021,16.28
Green+Avare+(W),Davangere,27-04-2021,25
Green+Chilli,Shimoga,27-04-2021,44
Safflower,Bidar,05-07-2021,47
Safflower,Basava Kalayana,07-07-2021,44
Soyabean,Bidar,05-07-2021,70
Soyabean,Basava Kalayana,07-07-2021,76
Soyabean,Hubli (Amaragol),07-07-2021,64.6
Cummin+Seed(Jeera),Gadag,31-07-2021,77.81
Potato,Chikkamagalore,07-07-2021,15.53
Green+Peas,Bangalore,20-07-2021,100
Green+Chilli,Chikkamagalore,22-07-2021,17.21
Ground+Nut+Seed,Bangalore,20-07-2021,92.5
Green+Chilli,Shimoga,22-07-2021,9
Maize,Tumkur,12-07-2021,19.5
Groundnut,Bagalakot,20-07-2021,52.24
Ragi+(Finger+Millet),Davangere,12-07-2021,20.85
Groundnut,Gadag,20-07-2021,43.14
Onion,Udupi,09-07-2021,24
Groundnut,Hubli (Amaragol),20-07-2021,46.61
Groundnut,Raichur,20-07-2021,56.55
Cabbage,Gundlupet,28-09-2021,6.55
Sunflower,Raichur,07-07-2021,53.75
Gur(Jaggery),Mandya,20-07-2021,31.5
Cauliflower,Kolar,22-07-2021,11
Beans,Davangere,21-04-2021,28
Beetroot,Davangere,21-04-2021,8.5
Beetroot,Gundlupet,21-04-2021,3
Cucumbar(Kheera),Davangere,25-03-2021,8
Brinjal,Shimoga,22-04-2021,5
Dry+Chillies,Sindhanur,25-03-2021,111
Bunch+Beans,Davangere,22-04-2021,13
Cucumbar(Kheera),Channapatana,16-03-2021,7
Green+Chilli,Gundlupet,17-04-2021,30
Wheat,Gadag,27-03-2021,21.16
Wheat,Hubli (Amaragol),27-03-2021,12.29
Cucumbar(Kheera),Davangere,07-04-2021,9
Cucumbar(Kheera),Santhesargur,07-04-2021,13.83
Capsicum,Davangere,15-05-2021,23
Carrot,Chikkamagalore,15-05-2021,13.68
Carrot,Chintamani,15-05-2021,6.5
Cashewnuts,Chintamani,15-05-2021,80
Carrot,T. Narasipura,06-04-2021,10
Wheat,Basava Kalayana,06-04-2021,17.5
Wheat,Bidar,06-04-2021,20
Sunflower,Gadag,29-03-2021,59.96
Capsicum,Davangere,15-04-2021,30
Rose(Loose),Chickkaballapura,12-07-2021,15
Neem+Seed,Kustagi,18-07-2021,17.5
Thondekai,Davangere,07-07-2021,22
Soyabean,Basava Kalayana,12-07-2021,74
Beans,Chamaraj Nagar,05-05-2021,8
Beetroot,Chamaraj Nagar,05-05-2021,2.5
Jowar(Sorghum),Basava Kalayana,20-07-2021,18
Jowar(Sorghum),Gadag,20-07-2021,15.93
Jowar(Sorghum),Hubli (Amaragol),20-07-2021,10.56
Tomato,Chamaraj Nagar,07-07-2021,5
Tomato,Gundlupet,07-07-2021,6.8
Tomato,Kolar,07-07-2021,5.3
Sunflower,Bagalakot,12-07-2021,61.33
Raddish,Chikkamagalore,07-07-2021,10.42
Groundnut,Bagalakot,22-07-2021,52.69
Groundnut,Gadag,22-07-2021,40
Groundnut,Hubli (Amaragol),22-07-2021,45.1
Groundnut,Lingasugur,22-07-2021,54.5
Tomato,Chickkaballapura,12-07-2021,9
Groundnut,Raichur,22-07-2021,54.69
Tomato,Mulabagilu,12-07-2021,7.33
Tomato,Srinivasapur,12-07-2021,7.33
Papaya,Udupi,09-07-2021,18
Black+pepper,Sirsi,05-05-2021,353.77
Ragi+(Finger+Millet),Chickkaballapura,07-07-2021,33
Rice,Gangavathi,07-07-2021,28
Coconut,Kumta,22-07-2021,222.73
Maize,Bagalakot,20-07-2021,17.45
Knool+Khol,Chikkamagalore,28-05-2021,11.9
Maize,Challakere,20-07-2021,21.17
Water+Melon,Davangere,07-07-2021,13
Ashgourd,Mysore (Bandipalya),20-05-2021,9.5
Pineapple,Mysore (Bandipalya),09-07-2021,16
Pineapple,Udupi,09-07-2021,14
Ridge+gourd(Tori),Chikkamagalore,07-07-2021,13.88
Wheat,Basava Kalayana,07-07-2021,17
Pomegranate,Mysore (Bandipalya),09-07-2021,45
Rose(Loose),Chickkaballapura,07-07-2021,25
Onion,Bijapur,12-07-2021,12
Onion,Chikkamagalore,12-07-2021,21.14
Wheat,Bagalakot,12-07-2021,16.21
Wheat,Basava Kalayana,12-07-2021,17.8
Wheat,Hubli (Amaragol),12-07-2021,15.04
Marigold(Calcutta),Chickkaballapura,20-07-2021,40
Beans,Chikkamagalore,06-03-2021,35.55
Beans,Gundlupet,06-03-2021,33
Jowar(Sorghum),Bellary,22-07-2021,15.3
Jowar(Sorghum),Gadag,22-07-2021,14.78
Jowar(Sorghum),Hubli (Amaragol),22-07-2021,12.8
Potato,Udupi,09-07-2021,17
Maize,Kustagi,18-07-2021,16.4
Cotton,Nargunda,22-07-2021,60
Cotton,Ranebennur,22-07-2021,105
Tomato,Chikkamagalore,07-07-2021,9.82
Groundnut,Gadag,31-07-2021,47.02
Rice,Gangavathi,08-07-2021,15.5
Rice,Tumkur,08-07-2021,32
Maize,Bagalakot,22-07-2021,17.71
Maize,Tumkur,22-07-2021,18.2
Papaya,Malur,28-04-2021,4
Carrot,Chamaraj Nagar,05-05-2021,7
Chili+Red,Shimoga,30-09-2021,11
Neem+Seed,Arasikere,20-07-2021,54.25
Beans,Gundlupet,15-03-2021,20
Onion,Chikkamagalore,20-07-2021,20.83
Onion,Hubli (Amaragol),20-07-2021,12.6
Onion,Raichur,20-07-2021,14.5
Groundnut,Mundaragi,20-07-2021,55.69
Mango,Srinivasapur,22-07-2021,15
Coconut,Kumta,30-09-2021,214
Chili+Red,Shimoga,28-09-2021,100.74
Soyabean,Hubli (Amaragol),22-03-2021,46.19
Groundnut,Ramdurga,02-08-2021,57.52
Wheat,Gadag,07-07-2021,16.34
Elephant+Yam+(Suran),Arasikere,12-05-2021,27.99
Coconut,Tarikere,28-09-2021,118.6
Beetroot,Davangere,22-04-2021,8.5
Jowar(Sorghum),Gadag,31-07-2021,13.12
Raddish,Udupi,09-07-2021,22
Black+pepper,Channagiri,06-04-2021,378.73
Cauliflower,Shimoga,26-04-2021,39
Chilly+Capsicum,Mysore (Bandipalya),25-03-2021,36
Rice,Gangavathi,09-07-2021,31.5
Paddy(Dhan)(Common),Davangere,20-07-2021,17.1
Jowar(Sorghum),Bidar,20-07-2021,28
Paddy(Dhan)(Common),Raichur,20-07-2021,15.46
Cotton,Nargunda,25-03-2021,55
Coriander(Leaves),Gadag,30-09-2021,68.35
Potato,Chikkamagalore,12-07-2021,15.43
Papaya,Davangere,20-07-2021,18
Copra,Arasikere,28-09-2021,164.3
Garlic,Ranebennur,22-07-2021,35
Karbuja(Musk+Melon),Mysore (Bandipalya),07-05-2021,11
Knool+Khol,Chamaraj Nagar,07-05-2021,11
Coriander(Leaves),Gadag,28-09-2021,72.05
Ram,Ramdurga,28-03-2021,80
Maize,Mundaragi,20-07-2021,18.36
Seemebadnekai,Udupi,09-07-2021,21
Snake+gourd,Udupi,09-07-2021,17
Cotton,Chitradurga,28-09-2021,112.73
Cotton,Gadag,28-09-2021,73.01
Cotton,Haveri,28-09-2021,67.03
Onion,Chikkamagalore,22-07-2021,21.21
Onion,Hubli (Amaragol),22-07-2021,9.5
Onion,Raichur,22-07-2021,12.4
Green+Chilli,Chamaraj Nagar,05-05-2021,15
Tomato,Chickkaballapura,10-04-2021,6
Banana+-+Green,T. Narasipura,23-03-2021,18
Beans,Chikkamagalore,23-03-2021,20.11
Drumstick,Shimoga,27-04-2021,14
Elephant+Yam+(Suran),Arasikere,23-04-2021,20
Elephant+Yam+(Suran),Arasikere,27-04-2021,20
Groundnut,Chitradurga,05-05-2021,50.23
Groundnut,Mundaragi,05-05-2021,52.6
Gur(Jaggery),Chamaraj Nagar,05-05-2021,35
Carrot,Malur,26-03-2021,10.52
Chilly+Capsicum,Mysore (Bandipalya),31-03-2021,40
Maize,Chitradurga,05-05-2021,15.87
Maize,Gangavathi,05-05-2021,15.67
Alasande+Gram,Bellary,22-03-2021,58.6
Tomato,Mulabagilu,23-05-2021,5.33
Ragi+(Finger+Millet),Malur,28-04-2021,32
Bitter+gourd,Davangere,15-05-2021,23
Beans,Bangarpet,22-03-2021,17
Beetroot,Bangarpet,22-03-2021,9
Ridge+gourd(Tori),Malur,28-04-2021,20
Jowar(Sorghum),Bidar,07-05-2021,31
Jowar(Sorghum),Gadag,07-05-2021,16.16
Jowar(Sorghum),Kottur,07-05-2021,12.26
Brinjal,Gundlupet,25-03-2021,6
Onion,Hubli (Amaragol),04-03-2021,13
Cauliflower,Davangere,07-04-2021,7
Chilly+Capsicum,Mysore (Bandipalya),07-04-2021,39.5
Cotton,Nargunda,12-05-2021,47
Cucumbar(Kheera),Chikkamagalore,12-05-2021,7.81
Cucumbar(Kheera),Davangere,12-05-2021,6
Carrot,Malur,25-03-2021,10
Safflower,Gadag,08-07-2021,47.05
Safflower,Hubli (Amaragol),08-07-2021,32.69
Dry+Chillies,Sindhanur,12-05-2021,37.04
Potato,Bangalore,26-05-2021,14
Potato,Chikkamagalore,26-05-2021,17.21
Soyabean,Hubli (Amaragol),08-07-2021,71.11
Cauliflower,Chikkamagalore,25-03-2021,10.42
Cauliflower,Davangere,25-03-2021,8
Suvarna+Gadde,Udupi,09-07-2021,17
Sweet+Potato,Udupi,09-07-2021,18
Rice,Gangavathi,05-05-2021,22.2
Raddish,Chikkamagalore,26-05-2021,11.9
Raddish,Chintamani,26-05-2021,22.5
Thondekai,Udupi,09-07-2021,25
Rice,Bangarpet,26-05-2021,40
Ridge+gourd(Tori),Chamaraj Nagar,26-05-2021,30
Ridge+gourd(Tori),Gowribidanoor,05-05-2021,5.5
Tamarind+Fruit,Chintamani,26-05-2021,55
Tomato,Udupi,09-07-2021,11
Tomato,Chikkamagalore,26-05-2021,11.55
Tomato,Chintamani,26-05-2021,3.33
Potato,Hospet,28-03-2021,16
Rice,Gangavathi,12-07-2021,16
Rice,Tumkur,12-07-2021,34
Groundnut,Kustagi,18-07-2021,52.75
Sunflower,Chitradurga,05-05-2021,61.94
Sunflower,Mundaragi,05-05-2021,67.46
Ridge+gourd(Tori),Chikkamagalore,12-07-2021,14.5
Paddy(Dhan)(Common),Davangere,22-07-2021,17.2
Green+Chilli,Gundlupet,22-07-2021,39
Paddy(Dhan)(Common),Lingasugur,22-07-2021,17.3
Paddy(Dhan)(Common),Raichur,22-07-2021,16.71
Safflower,Gadag,12-07-2021,40.28
Dry+Chillies,Hubli (Amaragol),30-09-2021,51.1
Elephant+Yam+(Suran),Arasikere,30-09-2021,29.1
Water+Melon,Udupi,09-07-2021,15
Dry+Chillies,Sindhanur,28-09-2021,80
Dry+Grapes,Bijapur,28-09-2021,135
Wheat,Bijapur,09-07-2021,48.5
Neem+Seed,Tumkur,20-07-2021,38
Sunflower,Davangere,23-03-2021,59.6
Sunflower,Kottur,23-03-2021,67.72
Sunflower,Mundaragi,23-03-2021,64.73
Sunflower,Raichur,23-03-2021,47.39
Onion,Belgaum,20-07-2021,21
Wheat,Malur,28-04-2021,22
Wheat,Basava Kalayana,10-04-2021,17
Wheat,Hubli (Amaragol),10-04-2021,16.85
Pineapple,Davangere,22-07-2021,17
Ragi+(Finger+Millet),Arasikere,20-07-2021,19.2
Ragi+(Finger+Millet),Davangere,20-07-2021,19.7
Tamarind+Fruit,Shimoga,12-07-2021,54.25
Rice,Chickkaballapura,20-07-2021,48
Groundnut,Kustagi,28-04-2021,55.22
Pomegranate,Davangere,22-07-2021,20
Wheat,Gadag,10-04-2021,43.63
White+Pumpkin,Udupi,09-07-2021,16
Beans,Chikkamagalore,15-05-2021,18.12
Beans,Davangere,15-05-2021,26
Beetroot,Chikkamagalore,15-05-2021,11.11
Tomato,Chikkamagalore,12-07-2021,9.38
Grapes,Mysore (Bandipalya),07-05-2021,42
Ridge+gourd(Tori),Chamaraj Nagar,20-07-2021,15
Green+Chilli,Chamaraj Nagar,07-05-2021,12
Green+Chilli,Channarayapatna,07-05-2021,10
Green+Chilli,Gundlupet,07-05-2021,17
Groundnut,Ranebennur,22-07-2021,51.94
Potato,Chikkamagalore,22-07-2021,15.5
Potato,Hubli (Amaragol),22-07-2021,13
Rose(Loose),Chickkaballapura,20-07-2021,55
Safflower,Gadag,20-07-2021,46.73
Groundnut,Davangere,07-05-2021,41.2
Groundnut,Gadag,07-05-2021,43.99
Groundnut,Kottur,07-05-2021,51.44
Gur(Jaggery),Mhalingapur,07-05-2021,31.68
Paddy(Dhan)(Common),Gangavathi,31-07-2021,21.86
Onion,Channarayapatna,26-05-2021,15
Onion,Chikkamagalore,26-05-2021,17.54
Onion,Chintamani,26-05-2021,17.5
Onion,Hubli (Amaragol),26-05-2021,10
Cotton,Nargunda,17-04-2021,53
Tomato,Gundlupet,08-07-2021,7.15
Tomato,Mulabagilu,08-07-2021,6
Paddy(Dhan)(Common),Gangavathi,20-07-2021,22.26
Sunflower,Bellary,20-07-2021,63.17
Black+pepper,Channagiri,15-04-2021,378.58
Wheat,Bijapur,12-07-2021,80
Wheat,Gadag,12-07-2021,18.11
Coconut,Gubbi,22-03-2021,150
Green+Avare+(W),Gundlupet,30-09-2021,13
Tomato,Chamaraj Nagar,20-07-2021,10
Banana+-+Green,T. Narasipura,06-04-2021,15
Tomato,Chickkaballapura,20-07-2021,10.3
Tomato,Chikkamagalore,20-07-2021,12.31
Tomato,Gundlupet,20-07-2021,14
Tomato,Kolar,20-07-2021,6.33
Tomato,Srinivasapur,20-07-2021,13.33
Beans,Malur,06-04-2021,31.25
Copra,Gubbi,22-03-2021,155.25
Beans,T. Narasipura,06-04-2021,20
Jowar(Sorghum),Bijapur,22-07-2021,26.5
Green+Chilli,Gundlupet,30-09-2021,20
Green+Chilli,Gundlupet,28-09-2021,21.5
Ragi+(Finger+Millet),Kottur,18-03-2021,24.42
Rice,Bidar,18-03-2021,42
Cotton,Haveri,22-03-2021,57.81
Cotton,Hubli (Amaragol),22-03-2021,42.84
Cotton,Savanur,22-03-2021,56.37
Rice,Gangavathi,11-05-2021,14.1
Maize,Bagalakot,05-03-2021,14.74
Maize,Chitradurga,05-03-2021,15.18
Maize,Davangere,05-03-2021,14.8
Maize,Kottur,05-03-2021,15.03
Wheat,Basava Kalayana,20-07-2021,17.5
Wheat,Gadag,20-07-2021,17.47
Wheat,Hubli (Amaragol),20-07-2021,14.1
Sunflower,Bellary,25-03-2021,64.66
Sunflower,Gadag,25-03-2021,64.75
Sunflower,Raichur,25-03-2021,58.89
Sunflower,Ramdurga,25-03-2021,61
Capsicum,Davangere,07-04-2021,29
Carrot,Bangarpet,07-04-2021,8
Carrot,Davangere,07-04-2021,6.5
Tender+Coconut,Pandavapura,07-03-2021,110
Cummin+Seed(Jeera),Gadag,22-03-2021,64.23
Beans,Malur,25-03-2021,31
Beans,T. Narasipura,25-03-2021,20
Carrot,Bangarpet,31-03-2021,7
Safflower,Basava Kalayana,18-03-2021,43
Safflower,Bidar,18-03-2021,42.5
Safflower,Gadag,18-03-2021,41.75
Safflower,Gulbarga,18-03-2021,38.5
Soyabean,Basava Kalayana,18-03-2021,52.5
Alasande+Gram,Arasikere,20-05-2021,65.5
Alasande+Gram,Bagalakot,20-05-2021,55.98
Soyabean,Bidar,18-03-2021,51.41
Soyabean,Hubli (Amaragol),18-03-2021,46.53
Soyabean,Gulbarga,18-03-2021,39
Gur(Jaggery),Mhalingapur,28-03-2021,31.96
Jowar(Sorghum),Ramdurga,28-03-2021,27
Onion,Hospet,28-03-2021,16
Sunflower,Davangere,18-03-2021,60.4
Sunflower,Gadag,18-03-2021,63.31
Cotton,Nargunda,23-04-2021,53.5
Banana+-+Green,T. Narasipura,15-05-2021,27
Ginger(Dry),Santhesargur,28-04-2021,95.99
Tamarind+Fruit,Shimoga,18-03-2021,96.89
Seemebadnekai,Ramanagara,13-03-2021,10
Wheat,Bijapur,12-03-2021,24
Tender+Coconut,Pandavapura,18-03-2021,180
Groundnut,Bellary,10-04-2021,53.6
Groundnut,Hubli (Amaragol),10-04-2021,46.69
Groundnut,Bellary,22-03-2021,60.69
Groundnut,Gadag,22-03-2021,52.11
Groundnut,Hubli (Amaragol),22-03-2021,51.9
Groundnut,Savanur,22-03-2021,54.24
Groundnut,Yadgir,22-03-2021,58.62
Jowar(Sorghum),Bellary,10-04-2021,15.44
Carrot,Bagepalli,16-03-2021,17.8
Maize,Mundaragi,24-03-2021,14.72
Gur(Jaggery),Mandya,22-03-2021,38
Cauliflower,Bagepalli,16-03-2021,12.4
Cauliflower,Chikkamagalore,16-03-2021,9.95
Safflower,Gadag,29-03-2021,42.09
Jowar(Sorghum),Bellary,22-03-2021,19.11
Jowar(Sorghum),Hubli (Amaragol),22-03-2021,14.36
Kulthi(Horse+Gram),Bellary,22-03-2021,23.51
Potato,Chikkamagalore,25-05-2021,8.28
Potato,Chintamani,25-05-2021,14
Cauliflower,Ramanagara,16-04-2021,15
Maize,Bellary,22-03-2021,12.7
Potato,Ramanagara,20-04-2021,17
Raddish,Chintamani,25-05-2021,27.5
Ragi+(Finger+Millet),Chintamani,25-05-2021,22
Ridge+gourd(Tori),Chamaraj Nagar,25-05-2021,24
Ridge+gourd(Tori),Davangere,25-05-2021,13
Rose(Loose),Malur,25-05-2021,3
Ginger(Green),Kolar,11-05-2021,20
Thondekai,Davangere,25-05-2021,10
Tomato,Chikkamagalore,25-05-2021,11.2
Tomato,Kanakapura,25-05-2021,4.5
Tomato,Mulabagilu,25-05-2021,2
Tomato,Srinivasapur,25-05-2021,2.33
Rice,Chintamani,20-04-2021,41
Maize,Challakere,26-05-2021,16.46
Snake+gourd,Ramanagara,20-04-2021,10
Water+Melon,Davangere,25-05-2021,17
Onion,Hubli (Amaragol),22-03-2021,9.2
Tomato,Mulabagilu,20-04-2021,3.33
Groundnut,Yadgir,19-03-2021,61.38
Garlic,Channarayapatna,07-05-2021,50
Ginger(Green),Ramanagara,07-05-2021,15
Green+Chilli,Chikkamagalore,28-05-2021,16.79
Green+Chilli,Gundlupet,28-05-2021,15
Groundnut,Badami,28-05-2021,32.49
Groundnut,Bagalakot,28-05-2021,53.48
Groundnut,Yadgir,28-05-2021,52.43
Wheat,Basava Kalayana,18-03-2021,17.2
Wheat,Bidar,18-03-2021,19
Wheat,Gadag,18-03-2021,22.23
Cabbage,Bagepalli,16-03-2021,11
Paddy(Dhan)(Common),Raichur,10-04-2021,16.25
Soyabean,Basava Kalayana,23-03-2021,56
Onion,Chikkamagalore,25-05-2021,18.52
Onion,Hubli (Amaragol),25-05-2021,12
Ragi+(Finger+Millet),Arasikere,26-04-2021,26.2
Paddy(Dhan)(Common),Davangere,25-05-2021,17.5
Groundnut,Laxmeshwar,19-03-2021,50.94
Papaya,Davangere,25-05-2021,15
Potato,Chickkaballapura,10-04-2021,9
Potato,Hospet,10-04-2021,14
Tamarind+Seed,Arasikere,26-04-2021,16.25
Tomato,Gundlupet,26-04-2021,4
Groundnut,Bellary,02-04-2021,60.21
Jowar(Sorghum),Bellary,02-04-2021,16.83
Maize,Bellary,02-04-2021,15.07
Brinjal,Bangarpet,07-04-2021,9
Brinjal,Mysore (Bandipalya),31-03-2021,10.5
Ragi+(Finger+Millet),Gubbi,22-03-2021,23
Rice,Bangarpet,22-03-2021,33
Rice,Gangavathi,05-04-2021,22.5
Safflower,Gadag,05-04-2021,42.75
Safflower,Laxmeshwar,05-04-2021,35.4
Safflower,Bellary,22-03-2021,43.74
Safflower,Hubli (Amaragol),22-03-2021,40.55
Dry+Chillies,Sindhanur,07-05-2021,115
Neem+Seed,Kustagi,26-04-2021,29
Knool+Khol,Chikkamagalore,26-05-2021,13.88
Safflower,Gadag,10-04-2021,44.35
Safflower,Gulbarga,10-04-2021,41.5
Safflower,Basava Kalayana,10-04-2021,45
Sheep,Ramdurga,07-03-2021,69
Safflower,Hubli (Amaragol),10-04-2021,44.6
Safflower,Laxmeshwar,10-04-2021,39.39
Sunflower,Gadag,10-04-2021,63.66
Sunflower,Gulbarga,10-04-2021,51
Banana+-+Green,T. Narasipura,26-03-2021,10
Beans,Malur,26-03-2021,31.18
Soyabean,Basava Kalayana,10-04-2021,66
Soyabean,Hubli (Amaragol),10-04-2021,52.7
Brinjal,Bagepalli,16-03-2021,4.8
Brinjal,Bangarpet,16-03-2021,12.5
Groundnut,Gadag,19-03-2021,54.15
Chikoos(Sapota),Davangere,12-05-2021,16
Brinjal,Ramanagara,16-04-2021,20
Jowar(Sorghum),Harihara,26-05-2021,47.5
Beans,Bangarpet,07-04-2021,23
Beans,Malur,07-04-2021,28.84
Bitter+gourd,Davangere,07-04-2021,17
Beans,Kolar,13-04-2021,30
Banana,Hospet,03-04-2021,13
Cucumbar(Kheera),Channarayapatna,07-05-2021,5
Groundnut,Davangere,19-03-2021,57.4
Black+pepper,Siddapur,03-04-2021,368.09
Black+pepper,Sirsi,03-04-2021,379.69
Wheat,Basava Kalayana,03-03-2021,17
Wheat,Gadag,03-03-2021,15.07
Rice,Sindhanur,22-07-2021,15
Rice,Tumkur,22-07-2021,32
Potato,Belgaum,20-07-2021,14
Wheat,Basava Kalayana,15-03-2021,17.5
Wheat,Gadag,15-03-2021,18.68
Groundnut,Bagalakot,30-09-2021,29.72
Groundnut,Chintamani,30-09-2021,30
Groundnut,Gadag,30-09-2021,57.55
Groundnut,Hubli (Amaragol),30-09-2021,56.73
Groundnut,Mundaragi,30-09-2021,60.15
Groundnut,Ramdurga,30-09-2021,44.61
Groundnut,Soundati,30-09-2021,45.88
Groundnut,Gadag,28-09-2021,52.9
Groundnut,Kottur,28-09-2021,58.37
Groundnut,Mundaragi,28-09-2021,57.41
Groundnut,Rona,28-09-2021,44.35
Groundnut,Soundati,28-09-2021,41.39
Cabbage,Hospet,03-04-2021,6
Groundnut,Mundaragi,29-09-2021,60.16
Alasande+Gram,Laxmeshwar,11-04-2021,52.69
Alasande+Gram,Mundaragi,11-04-2021,56.04
Moath+Dal,Bangalore,22-07-2021,82
Ridge+gourd(Tori),Chamaraj Nagar,22-07-2021,15
Ridge+gourd(Tori),Chikkamagalore,22-07-2021,13.89
Castor+Seed,Gadag,03-04-2021,35.21
Jowar(Sorghum),Bagalakot,30-09-2021,12.44
Jowar(Sorghum),Basava Kalayana,28-09-2021,17.1
Jowar(Sorghum),Bidar,28-09-2021,28
Jowar(Sorghum),Gadag,28-09-2021,13.26
Jowar(Sorghum),Harappana Halli,28-09-2021,14.65
Jowar(Sorghum),Kottur,28-09-2021,14.94
Jowar(Sorghum),Bijapur,30-09-2021,18.5
Jowar(Sorghum),Gadag,30-09-2021,12.68
Jowar(Sorghum),Gulbarga,30-09-2021,19.75
Jowar(Sorghum),Hubli (Amaragol),30-09-2021,12.58
Chili+Red,Shimoga,03-04-2021,87.09
Ragi+(Finger+Millet),Tumkur,20-07-2021,22
Rice,Gangavathi,20-07-2021,20
Safflower,Gadag,31-07-2021,47.69
Coriander(Leaves),Bidar,03-04-2021,66
Cotton,Gadag,03-04-2021,55.14
Cotton,Raichur,03-04-2021,54.5
Maize,Kottur,28-09-2021,16.88
Maize,Mundaragi,28-09-2021,16.01
Maize,Rona,28-09-2021,17.6
Maize,Gadag,30-09-2021,15.32
Maize,Mundaragi,30-09-2021,14.8
Maize,Shimoga,30-09-2021,21.5
Cummin+Seed(Jeera),Gadag,03-04-2021,88.43
Dry+Chillies,Gadag,03-04-2021,92.82
Dry+Chillies,Hubli (Amaragol),03-04-2021,270.69
Safflower,Bidar,20-07-2021,47.5
Garlic,Hospet,03-04-2021,32
Soyabean,Bidar,20-07-2021,75
Potato,Ramanagara,21-07-2021,20
Banana+-+Green,Kundapura,11-04-2021,15.6
Maize,Mundaragi,29-09-2021,15.67
Ginger(Green),Hospet,03-04-2021,24
Tomato,Kanakapura,31-07-2021,14
Sunflower,Mundaragi,20-07-2021,56.19
Suvarna+Gadde,Davangere,22-07-2021,30
Tamarind+Fruit,Tumkur,20-07-2021,62
Maize,Kustagi,26-04-2021,15.05
Tomato,Belgaum,20-07-2021,12
Paddy(Dhan)(Common),Gangavathi,22-07-2021,21.33
Maize,Davangere,25-05-2021,15.5
Mango,Srinivasapur,25-05-2021,12
Capsicum,Belgaum,12-05-2021,20
Capsicum,Malur,12-05-2021,0.15
Maize,Harappana Halli,19-07-2021,20.15
Carrot,Bangarpet,12-05-2021,14
Carrot,Chikkamagalore,12-05-2021,12.5
Carrot,Malur,12-05-2021,0.2
Wheat,Gadag,08-07-2021,16.55
Wheat,Hubli (Amaragol),08-07-2021,16.56
Cauliflower,Chikkamagalore,12-05-2021,10.53
Wheat,Gadag,31-07-2021,19.09
Tomato,Chamaraj Nagar,22-07-2021,8
Tomato,Chikkamagalore,22-07-2021,12.64
Tomato,Kanakapura,22-07-2021,26
Tomato,Srinivasapur,22-07-2021,12
Carrot,Chikkamagalore,29-07-2021,17.73
Wheat,Bidar,20-07-2021,21
Copra,Arasikere,11-05-2021,154.17
Sunflower,Kottur,12-03-2021,72.12
Cotton,Nargunda,11-05-2021,47
Tamarind+Fruit,Tarikere,12-03-2021,75
Beans,Gundlupet,31-03-2021,14
Ragi+(Finger+Millet),Gubbi,29-03-2021,26
Ragi+(Finger+Millet),Kottur,29-03-2021,24.88
Green+Chilli,Chamaraj Nagar,26-05-2021,7
Green+Chilli,Chikkamagalore,26-05-2021,15.68
Groundnut,Bagalakot,26-05-2021,53.93
Beans,Chickkaballapura,11-04-2021,29
Gur(Jaggery),Chamaraj Nagar,26-05-2021,45
Wheat,Basava Kalayana,26-03-2021,18
Wheat,Bidar,26-03-2021,25
Wheat,Bijapur,26-03-2021,25.5
Wheat,Gadag,26-03-2021,18.4
Beans,Hospet,11-04-2021,16
Bunch+Beans,Davangere,27-04-2021,13
Chapparad+Avare,Ramanagara,13-03-2021,22
Ragi+(Finger+Millet),Kottur,05-04-2021,24.65
Rice,Gangavathi,22-07-2021,22
Rice,Kolar,22-07-2021,51.95
Ridge+gourd(Tori),Kolar,22-07-2021,16
Groundnut,Hubli (Amaragol),19-03-2021,42.09
Alsandikai,Ramanagara,03-07-2021,16
Wheat,Gadag,22-07-2021,16.65
Brinjal,Bangarpet,23-04-2021,3.5
Neem+Seed,Kustagi,08-07-2021,19.9
Onion,Hubli (Amaragol),08-07-2021,13.3
Paddy(Dhan)(Common),Lingasugur,08-07-2021,15.6
Tomato,Gundlupet,22-07-2021,14.3
Tomato,Kolar,22-07-2021,6.6
Ragi+(Finger+Millet),Bellary,08-07-2021,23.55
Ragi+(Finger+Millet),Harappana Halli,08-07-2021,26
Drumstick,Davangere,28-05-2021,16
Drumstick,Mysore (Bandipalya),28-05-2021,36
Rose(Loose),Malur,08-07-2021,80
Suvarna+Gadde,Davangere,08-07-2021,28
Bunch+Beans,Davangere,12-05-2021,14
Cabbage,Belgaum,12-05-2021,12
Wheat,Nargunda,08-07-2021,17.25
Wheat,Bangalore,22-07-2021,30
Paddy(Dhan)(Common),Bangarpet,23-07-2021,20
Beans,Gundlupet,17-04-2021,45
Beetroot,Gundlupet,17-04-2021,6
Beetroot,Chamaraj Nagar,29-09-2021,9
Groundnut,Mundaragi,13-07-2021,51.74
Banana+-+Green,T. Narasipura,07-04-2021,20
Potato,Ramanagara,23-07-2021,19
Cucumbar(Kheera),Chikkamagalore,05-04-2021,10.32
Elephant+Yam+(Suran),Arasikere,05-04-2021,21
Green+Chilli,Chikkamagalore,05-04-2021,29.16
Rice,Bangarpet,23-07-2021,22
Thondekai,Ramanagara,23-07-2021,10
Onion,Chikkamagalore,05-04-2021,13.89
Wheat,Laxmeshwar,23-07-2021,15.62
Wheat,Basava Kalayana,29-09-2021,19
Wheat,Bijapur,29-09-2021,18.5
Wheat,Gadag,29-09-2021,19.36
Ram,Ramdurga,07-03-2021,85
Potato,Ramanagara,01-03-2021,16
Potato,Chikkamagalore,05-04-2021,13.51
Castor+Seed,Gadag,07-05-2021,38.88
Paddy(Dhan)(Common),Bangarpet,10-03-2021,14.8
Raddish,Ramanagara,18-05-2021,20
Snake+gourd,Ramanagara,18-05-2021,8
Beans,Bagepalli,16-03-2021,26.7
Beetroot,Bangarpet,16-03-2021,13.5
Rice,Bangarpet,10-03-2021,18
Rice,Mandya,10-03-2021,27
Ragi+(Finger+Millet),Harappana Halli,05-04-2021,25
Jowar(Sorghum),Laxmeshwar,19-07-2021,15.24
Tamarind+Fruit,Chintamani,10-03-2021,35
Tamarind+Seed,Arasikere,10-03-2021,17.8
Tomato,Bangarpet,10-03-2021,5
Tomato,Kanakapura,10-03-2021,8
Tomato,Chikkamagalore,05-04-2021,10.76
Ginger(Green),Ramanagara,08-03-2021,15
Turmeric,Gundlupet,05-04-2021,73
Cotton,Manvi,01-03-2021,50.3
Cotton,Nargunda,01-03-2021,57
Dry+Chillies,Sindhanur,26-05-2021,33.75
Onion,Ramanagara,05-07-2021,22
Elephant+Yam+(Suran),Arasikere,01-03-2021,24.15
Kulthi(Horse+Gram),Gundlupet,01-03-2021,25
Maize,Kustagi,01-03-2021,14.62
Ridge+gourd(Tori),Ramanagara,05-07-2021,16
Cauliflower,Malur,11-05-2021,4
Sunflower,Mundaragi,05-03-2021,71.96
Knool+Khol,Kolar,25-05-2021,30
Chapparad+Avare,Kolar,11-05-2021,20
Chilly+Capsicum,Mysore (Bandipalya),11-05-2021,25
Arhar+Dal(Tur+Dal),Arasikere,31-03-2021,58.5
Carrot,Chikkamagalore,05-04-2021,13.51
Ragi+(Finger+Millet),Arasikere,01-03-2021,18.5
Ragi+(Finger+Millet),Harappana Halli,01-03-2021,22
Cauliflower,Chikkamagalore,05-04-2021,10.55
Maize,Nargunda,10-03-2021,15
Tender+Coconut,Pandavapura,01-03-2021,130
Wheat,Bhadravathi,01-03-2021,22.4
Copra,Arasikere,28-05-2021,166.89
Wheat,Basava Kalayana,31-03-2021,18
Beetroot,Ramanagara,08-03-2021,26
Bottle+gourd,Chikkamagalore,12-05-2021,8.97
Brinjal,Channarayapatna,12-05-2021,10
Ginger(Green),Ramanagara,19-06-2021,24
Carrot,Ramanagara,19-06-2021,30
Bitter+gourd,Ramanagara,19-06-2021,44
Maize,Bellary,08-07-2021,20.74
Beans,Ramanagara,19-06-2021,40
Capsicum,Davangere,07-05-2021,21
Ginger(Green),Ramanagara,05-07-2021,20
Carrot,Chikkamagalore,07-05-2021,12.74
Gur(Jaggery),Bangarpet,19-07-2021,30
Banana,Davangere,29-09-2021,13
Banana+-+Green,T. Narasipura,29-09-2021,16
Beans,Bangarpet,29-09-2021,18
Beans,Chamaraj Nagar,29-09-2021,19
Beans,Davangere,29-09-2021,22
Beans,Honnali,29-09-2021,8
Beans,T. Narasipura,29-09-2021,12
Sunflower,Bagalakot,01-10-2021,57.81
Sunflower,Challakere,01-10-2021,59.6
Sunflower,Gadag,01-10-2021,61.92
Sunflower,Gulbarga,01-10-2021,52
Sunflower,Kottur,01-10-2021,54.71
Drumstick,Ramanagara,05-07-2021,44
Copra,Arasikere,18-05-2021,158.51
Beans,Gundlupet,23-04-2021,30
Tomato,Chickkaballapura,03-03-2021,8.5
Tomato,Chikkamagalore,03-03-2021,10.98
Carrot,Bangarpet,28-04-2021,9
Carrot,Chikkamagalore,11-05-2021,13.26
Carrot,Davangere,11-05-2021,16
Carrot,Mysore (Bandipalya),11-05-2021,22
Cabbage,Ramanagara,18-05-2021,5
Capsicum,Ramanagara,18-05-2021,22
Onion,Chikkamagalore,19-06-2021,21.5
Green+Chilli,Ramanagara,20-04-2021,22
Carrot,Ramanagara,05-07-2021,30
Antawala,Chikkamagalore,16-03-2021,40
Soyabean,Bidar,25-03-2021,54.5
Soyabean,Hubli (Amaragol),25-03-2021,46.29
Bitter+gourd,Ramanagara,18-05-2021,32
Lime,Davangere,08-07-2021,9
Brinjal,Bangarpet,07-05-2021,5
Beans,Ramanagara,18-05-2021,48
Bitter+gourd,Ramanagara,05-07-2021,35
Paddy(Dhan)(Common),Bangarpet,19-06-2021,22
Paddy(Dhan)(Common),Lingasugur,19-06-2021,25.93
Potato,Hubli (Amaragol),19-06-2021,12.8
Ragi+(Finger+Millet),Arasikere,19-06-2021,18
Rice,Bangarpet,19-06-2021,40
Jowar(Sorghum),Sindhanur,10-03-2021,20.3
Tomato,Doddaballa Pur,19-06-2021,8
Tomato,Kolar,19-06-2021,5.3
Green+Chilli,Gundlupet,26-04-2021,30
Groundnut,Kustagi,26-04-2021,57.21
Onion,Hubli (Amaragol),19-06-2021,14.2
Alasande+Gram,Mundaragi,09-03-2021,63.07
Onion,Davangere,09-07-2021,11.5
Onion,Hubli (Amaragol),09-07-2021,13.2
Paddy(Dhan)(Common),Bangarpet,09-07-2021,22
Kulthi(Horse+Gram),Bangarpet,19-06-2021,32
Potato,Davangere,09-07-2021,12
Chilly+Capsicum,Chintamani,26-05-2021,25
Alsandikai,Ramanagara,05-07-2021,16
Tamarind+Fruit,Shimoga,06-04-2021,78.04
Jowar(Sorghum),Lingasugur,19-06-2021,14.3
Gur(Jaggery),Mhalingapur,18-04-2021,33.52
Raddish,Davangere,09-07-2021,21
Ragi+(Finger+Millet),Harihara,09-07-2021,30
Ragi+(Finger+Millet),Kottur,09-07-2021,19.81
Rice,Bangarpet,09-07-2021,20
Rice,Sindhanur,09-07-2021,14.55
Gur(Jaggery),Chamaraj Nagar,19-06-2021,35
Gur(Jaggery),Malur,19-06-2021,37.91
Ridge+gourd(Tori),Ramanagara,09-07-2021,17
Sunflower,Gadag,27-03-2021,58.18
Sunflower,Mundaragi,27-03-2021,62.04
Groundnut,Laxmeshwar,19-06-2021,42.69
Groundnut,Yadgir,19-06-2021,43.47
Green+Chilli,Chamaraj Nagar,19-06-2021,25
Alasande+Gram,Mundaragi,16-04-2021,56
Elephant+Yam+(Suran),Arasikere,19-06-2021,20
Soyabean,Basava Kalayana,01-10-2021,56.01
Soyabean,Bidar,01-10-2021,54
Soyabean,Gulbarga,01-10-2021,53
Soyabean,Hubli (Amaragol),01-10-2021,54.75
Wheat,Basava Kalayana,06-03-2021,15.5
Wheat,Bhadravathi,06-03-2021,22.4
Wheat,Gadag,06-03-2021,44.11
Wheat,Hubli (Amaragol),06-03-2021,14.1
Cabbage,Chikkamagalore,11-05-2021,7.75
Cabbage,Kolar,11-05-2021,3
Copra,Turvekere,19-06-2021,160
Coriander(Leaves),Malur,19-06-2021,72.65
Alasande+Gram,Bellary,17-04-2021,55.44
Knool+Khol,Chamaraj Nagar,08-07-2021,18
Kulthi(Horse+Gram),Laxmeshwar,08-07-2021,25.85
Cauliflower,Chikkamagalore,26-05-2021,10.42
Carrot,Ramanagara,21-07-2021,40
Maize,Kottur,09-07-2021,18.68
Maize,Shimoga,09-07-2021,19.25
Cabbage,Chamaraj Nagar,19-06-2021,6.5
Groundnut,Kustagi,19-07-2021,50.52
Groundnut,Laxmeshwar,19-07-2021,43.69
Cauliflower,Chikkamagalore,28-05-2021,11
Chilly+Capsicum,Mysore (Bandipalya),28-05-2021,15
Beans,Chamaraj Nagar,19-06-2021,35
Banana,Channarayapatna,12-05-2021,30
Beans,Malur,12-05-2021,0.35
Elephant+Yam+(Suran),Arasikere,20-04-2021,19
Bunch+Beans,Chintamani,26-05-2021,25
Cucumbar(Kheera),Ramanagara,26-04-2021,3.5
Gur(Jaggery),Bangarpet,10-03-2021,41
Drumstick,Ramanagara,26-04-2021,24
Rice,Bangarpet,17-07-2021,30
Elephant+Yam+(Suran),Arasikere,26-04-2021,19
Ridge+gourd(Tori),Chamaraj Nagar,17-07-2021,11
Ridge+gourd(Tori),Honnali,17-07-2021,15
Alasande+Gram,Laxmeshwar,29-03-2021,41.99
Tomato,Bangarpet,17-07-2021,5
Tomato,Chamaraj Nagar,17-07-2021,6.5
Tomato,Kanakapura,17-07-2021,9
Jowar(Sorghum),Bellary,08-07-2021,15.89
Jowar(Sorghum),Laxmeshwar,08-07-2021,17.08
Beans,Ramanagara,21-07-2021,24
Groundnut,Mundaragi,16-04-2021,54.2
Castor+Seed,Kottur,29-03-2021,46.01
Chili+Red,Shimoga,29-03-2021,110.28
Alasande+Gram,Bagalakot,19-05-2021,55.6
Copra,Turvekere,29-03-2021,145.24
Cotton,Bijapur,29-03-2021,51.11
Cotton,Kottur,29-03-2021,54.44
Maize,Mundaragi,16-04-2021,15.12
Brinjal,Chikkamagalore,05-04-2021,30.41
Cummin+Seed(Jeera),Gadag,29-03-2021,90.3
Dry+Chillies,Hubli (Amaragol),29-03-2021,350
Elephant+Yam+(Suran),Turvekere,29-03-2021,18
Onion,Bijapur,18-03-2021,15
Onion,Davangere,18-03-2021,10
Onion,Raichur,18-03-2021,8.75
Groundnut,Challakere,29-03-2021,61.06
Groundnut,Gadag,29-03-2021,47.5
Groundnut,Laxmeshwar,29-03-2021,38.99
Jowar(Sorghum),Bijapur,29-03-2021,28.5
Jowar(Sorghum),Gadag,29-03-2021,18.8
Jowar(Sorghum),Kottur,29-03-2021,11.26
Jowar(Sorghum),Laxmeshwar,29-03-2021,16.38
Kulthi(Horse+Gram),Gadag,29-03-2021,26.51
Kulthi(Horse+Gram),Laxmeshwar,29-03-2021,26.04
Wheat,Laxmeshwar,30-03-2021,18.99
Lime,Bijapur,29-03-2021,18
Maize,Bijapur,29-03-2021,14.5
Maize,Gadag,29-03-2021,13
Maize,Kottur,29-03-2021,14.88
Maize,Laxmeshwar,29-03-2021,10.82
Onion,Bijapur,29-03-2021,8
Beans,Gundlupet,19-05-2021,20
Groundnut,Bagalakot,23-04-2021,50.15
Alasande+Gram,Mundaragi,24-03-2021,56.88
Soyabean,Basava Kalayana,27-03-2021,57
Soyabean,Hubli (Amaragol),27-03-2021,38.09
Brinjal,Gundlupet,19-05-2021,8
Maize,Bagalakot,23-04-2021,15.27
Cucumbar(Kheera),Ramanagara,20-04-2021,5.6
Beans,Chikkamagalore,19-06-2021,36.03
Beans,Davangere,19-06-2021,60
Paddy(Dhan)(Common),Davangere,18-03-2021,18.4
Paddy(Dhan)(Common),Raichur,18-03-2021,15.61
Carrot,Chamaraj Nagar,28-05-2021,13
Carrot,Chikkamagalore,28-05-2021,15.62
Cabbage,Gundlupet,19-05-2021,5.55
Capsicum,Chickkaballapura,19-05-2021,9.5
Carrot,Kolar,19-05-2021,15
Carrot,Shimoga,19-05-2021,25
Banana,Channapatana,29-07-2021,24
Wheat,Bidar,01-04-2021,20
Groundnut,Mundaragi,09-03-2021,64.79
Banana+-+Green,T. Narasipura,29-07-2021,31
Coconut,Tarikere,19-05-2021,129.5
Beans,Bangarpet,11-05-2021,30
Beans,Chickkaballapura,11-05-2021,28
Beans,Chikkamagalore,11-05-2021,15.38
Beans,Kolar,11-05-2021,40
Beans,Malur,11-05-2021,35
Beetroot,Chikkamagalore,11-05-2021,9.8
Beans,Chikkamagalore,29-07-2021,27.13
Beans,Bangarpet,07-05-2021,33
Beans,Channarayapatna,07-05-2021,10
Beans,Chickkaballapura,07-05-2021,20
Beans,Chikkamagalore,07-05-2021,13.88
Beans,Gundlupet,07-05-2021,18
Beetroot,Chamaraj Nagar,07-05-2021,3.5
Beetroot,Chikkamagalore,07-05-2021,9.52
Sunflower,Mundaragi,16-04-2021,65.38
Safflower,Bellary,25-03-2021,44.29
Safflower,Bidar,25-03-2021,44
Safflower,Gadag,25-03-2021,42.01
Safflower,Hubli (Amaragol),25-03-2021,41.71
Ginger(Green),Chickkaballapura,19-05-2021,15
Ginger(Green),Chintamani,19-05-2021,20
Ginger(Green),Kolar,19-05-2021,17
Green+Chilli,Gundlupet,19-05-2021,15.15
Capsicum,Chickkaballapura,19-06-2021,15
Onion,Ramanagara,17-07-2021,24
Groundnut,Bagalakot,19-05-2021,53.56
Elephant+Yam+(Suran),Arasikere,19-07-2021,21.05
Maize,Mundaragi,09-03-2021,14.83
Groundnut,Davangere,25-05-2021,48.6
Knool+Khol,Chintamani,19-05-2021,32.5
Gur(Jaggery),Nargunda,25-05-2021,33
Maize,Bagalakot,19-05-2021,15.12
Maize,Shimoga,19-05-2021,16.55
Tender+Coconut,Pandavapura,03-03-2021,90
Thondekai,Chikkamagalore,03-03-2021,15.15
Wheat,Gadag,02-03-2021,73.29
Copra,K.R. Pet,12-07-2021,102
Bunch+Beans,Hospet,11-04-2021,19
Chrysanthemum(Loose),Chickkaballapura,19-06-2021,70
Onion,Kolar,19-05-2021,13
Coconut,Chickkaballapura,19-06-2021,125
Paddy(Dhan)(Common),Raichur,05-04-2021,16.89
Cucumbar(Kheera),Chickkaballapura,19-06-2021,13.5
Drumstick,Davangere,19-06-2021,42
Potato,Chickkaballapura,19-05-2021,9
Beans,Chikkamagalore,26-05-2021,51.3
Groundnut,Mundaragi,24-03-2021,56.76
Groundnut,Yadgir,24-03-2021,56.66
Jowar(Sorghum),Laxmeshwar,23-07-2021,15.65
Maize,Ramdurga,17-07-2021,19.75
Banana+-+Green,T. Narasipura,11-05-2021,21
Groundnut,Kustagi,08-07-2021,48.01
Groundnut,Laxmeshwar,08-07-2021,45.24
Groundnut,Ramdurga,08-07-2021,48.64
Groundnut,Savanur,08-07-2021,46.63
Groundnut,Yadgir,08-07-2021,45.09
Ginger(Green),Ramanagara,30-09-2021,20
Green+Chilli,Chickkaballapura,19-06-2021,21
Green+Chilli,Chikkamagalore,19-06-2021,18.78
Antawala,Chikkamagalore,12-05-2021,50.68
Raddish,Kolar,19-05-2021,14
Cabbage,Chikkamagalore,28-05-2021,6.41
Groundnut,Bagalakot,19-06-2021,51.49
Groundnut,Hubli (Amaragol),19-06-2021,45.91
Thondekai,Davangere,01-04-2021,9
Tomato,Chintamani,19-05-2021,2.66
Tomato,Gundlupet,19-05-2021,4
Tomato,Kolar,19-05-2021,3.6
Tomato,Mulabagilu,19-05-2021,2.33
Gur(Jaggery),Mandya,19-06-2021,33.5
Tomato,Srinivasapur,06-03-2021,6.67
Alasande+Gram,Laxmeshwar,29-09-2021,51.3
Turmeric,Bangalore,05-04-2021,115
Tomato,Mulabagilu,08-03-2021,6
Karbuja(Musk+Melon),Davangere,19-06-2021,14
Ginger(Green),Kolar,25-05-2021,17
Green+Chilli,Chamaraj Nagar,25-05-2021,8
Green+Chilli,Chikkamagalore,25-05-2021,19.61
Green+Chilli,Kolar,25-05-2021,23
Elephant+Yam+(Suran),Arasikere,10-03-2021,25
Potato,Chikkamagalore,19-06-2021,19.6
Raddish,Davangere,19-06-2021,28
Ridge+gourd(Tori),Chickkaballapura,19-06-2021,32
Ridge+gourd(Tori),Chikkamagalore,19-06-2021,18.23
Ridge+gourd(Tori),Davangere,19-06-2021,32
Safflower,Hubli (Amaragol),19-06-2021,47.61
Soyabean,Hubli (Amaragol),19-06-2021,64.19
Tomato,Chickkaballapura,19-06-2021,6.92
Tomato,Chikkamagalore,19-06-2021,8.58
Tomato,Chintamani,19-06-2021,8
Ginger(Green),Ramanagara,08-07-2021,24
Green+Chilli,Chikkamagalore,08-07-2021,17.75
Green+Chilli,Davangere,08-07-2021,27
Beetroot,Kolar,18-07-2021,16.5
Brinjal,Kolar,18-07-2021,13.5
Chapparad+Avare,Kolar,18-07-2021,13.5
Raddish,Chamaraj Nagar,21-06-2021,20
Cabbage,Chickkaballapura,11-04-2021,2.3
Ragi+(Finger+Millet),Kottur,21-06-2021,21.1
Rice,Bangarpet,21-06-2021,36
Rice,Sindhanur,21-06-2021,23.5
Bottle+gourd,Mysore (Bandipalya),28-05-2021,9.5
Brinjal,Shimoga,26-04-2021,15
Brinjal,Chamaraj Nagar,28-05-2021,10
Brinjal,Gundlupet,28-05-2021,15.3
Sunflower,Kottur,06-04-2021,67.26
Thondekai,Kolar,18-07-2021,13.5
Tomato,Kolar,18-07-2021,5.3
Dry+Chillies,Sindhanur,10-03-2021,112
Ridge+gourd(Tori),Chamaraj Nagar,21-06-2021,28
Safflower,Laxmeshwar,21-06-2021,40.88
Alasande+Gram,Bagalakot,26-05-2021,57.73
Cucumbar(Kheera),Hospet,04-07-2021,20
Sunflower,Bellary,21-06-2021,56.85
Maize,Mundaragi,10-03-2021,14.84
Tamarind+Fruit,Shimoga,15-03-2021,98.84
Suvarna+Gadde,Mysore (Bandipalya),21-06-2021,12
Capsicum,Chickkaballapura,11-04-2021,17
Capsicum,Ramanagara,20-04-2021,25
Neem+Seed,Kustagi,05-07-2021,18
Onion,Hubli (Amaragol),05-07-2021,13.5
Groundnut,Bagalakot,07-07-2021,50.91
Suvarna+Gadde,Ramanagara,13-05-2021,18
Potato,Hubli (Amaragol),27-05-2021,15
Rice,Bidar,27-05-2021,46
Safflower,Bidar,27-05-2021,48.5
Soyabean,Bidar,27-05-2021,62
Tomato,Bangarpet,21-06-2021,4
Tomato,Chamaraj Nagar,21-06-2021,7
Wheat,Bidar,27-05-2021,21
Onion,Bijapur,05-04-2021,7
Onion,Malur,05-04-2021,10.04
Onion,Raichur,05-04-2021,7.7
Tomato,Chintamani,05-04-2021,3.33
Onion,Hubli (Amaragol),27-05-2021,13.5
Ridge+gourd(Tori),Channapatana,05-07-2021,15
Ridge+gourd(Tori),Shimoga,05-07-2021,15
Safflower,Laxmeshwar,05-07-2021,35.99
Beetroot,Chikkamagalore,28-05-2021,13.6
Beetroot,Gundlupet,28-05-2021,12.2
Cucumbar(Kheera),Bangarpet,10-03-2021,6
Cotton,Nargunda,25-05-2021,52
Bitter+gourd,Kolar,28-05-2021,30
Elephant+Yam+(Suran),Arasikere,08-03-2021,16
Tomato,Channapatana,05-07-2021,7.5
Cucumbar(Kheera),Chikkamagalore,25-05-2021,15.76
Wheat,Laxmeshwar,05-07-2021,13.99
Water+Melon,Davangere,21-06-2021,15
Tamarind+Fruit,Shimoga,01-04-2021,70.19
Maize,Bagalakot,07-07-2021,18
Alasande+Gram,Bellary,04-03-2021,60
Jowar(Sorghum),Laxmeshwar,17-07-2021,14.65
Jowar(Sorghum),Ramdurga,17-07-2021,13.5
Gur(Jaggery),Mandya,19-03-2021,38.3
Gur(Jaggery),Bangarpet,19-03-2021,41
Cauliflower,Ramanagara,02-03-2021,18
Black+pepper,Chikkamagalore,04-03-2021,247.88
Black+pepper,Koppa,04-03-2021,320
Black+pepper,Sirsi,04-03-2021,354.49
Onion,Hubli (Amaragol),21-06-2021,14.3
Ginger(Green),Bangalore,09-07-2021,21
Carrot,Davangere,04-03-2021,8
Carrot,Honnali,04-03-2021,5
Castor+Seed,Kottur,04-03-2021,46.32
Cauliflower,Chikkamagalore,04-03-2021,9.8
Green+Avare+(W),Davangere,09-07-2021,24
Brinjal,Honnali,20-04-2021,2
Chili+Red,Shimoga,04-03-2021,125.99
Coconut,Kumta,04-03-2021,270
Copra,Turvekere,04-03-2021,160
Groundnut,Kottur,09-07-2021,52.93
Cotton,Annigeri,04-03-2021,55
Cotton,Bijapur,04-03-2021,61.48
Cotton,Haveri,04-03-2021,57.8
Cotton,Kottur,04-03-2021,54.42
Cotton,Savanur,04-03-2021,61.24
Sunflower,Davangere,01-04-2021,60.6
Jowar(Sorghum),Bidar,27-05-2021,32
Cucumbar(Kheera),Davangere,04-03-2021,12
Cummin+Seed(Jeera),Gadag,04-03-2021,100.81
Dry+Chillies,Byadagi,04-03-2021,145.09
Dry+Chillies,Hubli (Amaragol),04-03-2021,114.5
Dry+Chillies,Sindhanur,04-03-2021,131
Elephant+Yam+(Suran),Turvekere,04-03-2021,20
Green+Chilli,Chikkamagalore,04-03-2021,23.8
Groundnut,Laxmeshwar,17-07-2021,44.43
Groundnut,Savanur,17-07-2021,43.09
Gur(Jaggery),Chamaraj Nagar,17-07-2021,38
Green+Chilli,Shimoga,23-07-2021,22
Raddish,Chamaraj Nagar,27-05-2021,23
Raddish,Ramanagara,27-05-2021,16
Ragi+(Finger+Millet),Harappana Halli,27-05-2021,22.95
Rice,Bangarpet,27-05-2021,40
Rice,Kolar,27-05-2021,51
Ridge+gourd(Tori),Davangere,27-05-2021,24
Ridge+gourd(Tori),Ramanagara,27-05-2021,35
Sunflower,Bagalakot,27-05-2021,64.09
Groundnut,Laxmeshwar,23-07-2021,44.04
Tomato,Srinivasapur,27-05-2021,3
Cotton,Jagalur,10-03-2021,52.69
Cotton,Nargunda,10-03-2021,55.2
Cotton,Sindhanur,10-03-2021,53.5
Sunflower,Bagalakot,07-07-2021,58.29
Soyabean,Bidar,01-04-2021,58.5
Cucumbar(Kheera),Chikkamagalore,08-07-2021,9.36
Cucumbar(Kheera),Honnali,08-07-2021,11
Beans,Chamaraj Nagar,28-05-2021,58
Beans,Chikkamagalore,28-05-2021,48.25
Beans,Gundlupet,28-05-2021,58
Alasande+Gram,Badami,29-04-2021,57.5
Groundnut,Davangere,04-03-2021,54.8
Groundnut,Gadag,04-03-2021,51
Groundnut,Raichur,04-03-2021,57.99
Groundnut,Ramdurga,04-03-2021,59.04
Groundnut,Savanur,04-03-2021,53.01
Groundnut,Yadgir,04-03-2021,62.82
Tamarind+Fruit,Mysore (Bandipalya),06-03-2021,102.41
Tamarind+Seed,Mysore (Bandipalya),06-03-2021,17.91
Arhar+Dal(Tur+Dal),Shimoga,29-04-2021,97.5
Black+pepper,Channagiri,20-04-2021,395.44
Beans,Chamaraj Nagar,29-04-2021,20
Beans,Davangere,29-04-2021,32
Beans,Shimoga,29-04-2021,37.5
Onion,Davangere,18-05-2021,5.5
Onion,Hubli (Amaragol),18-05-2021,4
Paddy(Dhan)(Common),Bangarpet,18-05-2021,20
Paddy(Dhan)(Common),Honnali,18-05-2021,16.5
Paddy(Dhan)(Common),T. Narasipura,18-05-2021,17.2
Papaya,Mysore (Bandipalya),18-05-2021,12
Paddy(Dhan)(Common),Davangere,27-05-2021,17.8
Papaya,Davangere,27-05-2021,14
Green+Avare+(W),Ramanagara,17-07-2021,30
Potato,Davangere,18-05-2021,17
Green+Chilli,Ramanagara,17-07-2021,25
Soyabean,Basava Kalayana,06-04-2021,64
Soyabean,Bidar,06-04-2021,61.5
Brinjal,Chamaraj Nagar,29-04-2021,10
Brinjal,Davangere,29-04-2021,7
Gur(Jaggery),Mandya,04-03-2021,36.5
Raddish,Chamaraj Nagar,18-05-2021,13
Rice,Gangavathi,12-03-2021,28.3
Ridge+gourd(Tori),Chamaraj Nagar,18-05-2021,16
Bunch+Beans,Davangere,29-04-2021,32
Cabbage,Belgaum,29-04-2021,15
Tomato,Chikkamagalore,18-05-2021,8.66
Tomato,Mulabagilu,18-05-2021,3.33
Tomato,Srinivasapur,18-05-2021,3.66
Castor+Seed,Arasikere,19-07-2021,48
Water+Melon,Mysore (Bandipalya),18-05-2021,7
Carrot,Chamaraj Nagar,29-04-2021,6
Carrot,Davangere,29-04-2021,11
Beans,Chikkamagalore,05-04-2021,26.04
Jowar(Sorghum),Bellary,04-03-2021,16.94
Jowar(Sorghum),Kottur,04-03-2021,11.19
Jowar(Sorghum),Bijapur,04-03-2021,29
Jowar(Sorghum),Gadag,04-03-2021,13.87
Jowar(Sorghum),Hubli (Amaragol),04-03-2021,15.36
Cauliflower,Belgaum,29-04-2021,11
Kulthi(Horse+Gram),Bellary,04-03-2021,25.81
Suvarna+Gadde,Davangere,30-03-2021,25
Sweet+Potato,Davangere,30-03-2021,8
Coconut,Kumta,29-04-2021,216.6
Tamarind+Fruit,Shimoga,30-03-2021,85.34
Maize,Bagalakot,04-03-2021,14.81
Maize,Bellary,04-03-2021,15.42
Maize,Davangere,04-03-2021,15.1
Maize,Gadag,04-03-2021,14.55
Maize,Hubli (Amaragol),04-03-2021,14.01
Maize,Kottur,04-03-2021,15.17
Chilly+Capsicum,Ramanagara,10-03-2021,35
Cotton,Nargunda,29-04-2021,52
Thondekai,Ramanagara,14-05-2021,18
Methi+Seeds,Shimoga,04-03-2021,70
Cotton,Gundlupet,08-03-2021,59.4
Wheat,Gadag,08-03-2021,18.83
Drumstick,Shimoga,29-04-2021,11
Onion,Raichur,04-03-2021,16.2
Chikoos(Sapota),Davangere,25-05-2021,18
Tomato,Belgaum,29-09-2021,15
Tomato,Gundlupet,29-09-2021,16
Green+Chilli,Belgaum,29-04-2021,11
Green+Chilli,Chamaraj Nagar,29-04-2021,16
Green+Chilli,Ramanagara,14-05-2021,20
Groundnut,Badami,29-04-2021,30.85
Gur(Jaggery),Belgaum,29-04-2021,38
Gur(Jaggery),Mandya,29-04-2021,41
Paddy(Dhan)(Common),Raichur,04-03-2021,15.11
Ginger(Green),Chamaraj Nagar,17-07-2021,20
Ginger(Green),Ramanagara,17-07-2021,30
Gur(Jaggery),Mandya,30-09-2021,29.8
Maize,Badami,29-04-2021,15.2
Maize,Shimoga,29-04-2021,16.05
Wheat,Gadag,31-03-2021,24.65
Onion,Belgaum,29-04-2021,12.5
Thondekai,Chickkaballapura,02-03-2021,19
Bitter+gourd,Ramanagara,14-05-2021,30
Alasande+Gram,Mundaragi,10-03-2021,63.73
Potato,Belgaum,29-04-2021,15
Beans,Ramanagara,14-05-2021,38
Tamarind+Fruit,Shimoga,26-03-2021,68.01
Ragi+(Finger+Millet),Harappana Halli,04-03-2021,23.8
Ragi+(Finger+Millet),Kottur,04-03-2021,24.73
Tender+Coconut,Pandavapura,26-03-2021,100
Ragi+(Finger+Millet),Davangere,04-03-2021,24.2
Rice,Gangavathi,29-04-2021,14
Safflower,Gadag,04-03-2021,39.2
Coconut,Arasikere,08-03-2021,134.3
Soyabean,Bidar,04-03-2021,46.5
Neem+Seed,Kustagi,21-06-2021,15
Sunflower,Nargunda,29-04-2021,69.7
Sunflower,Bagalakot,04-03-2021,60.71
Sunflower,Raichur,04-03-2021,57.29
Elephant+Yam+(Suran),Arasikere,23-07-2021,21.05
Soyabean,Basava Kalayana,03-03-2021,49
Soyabean,Bidar,03-03-2021,47
Tomato,Belgaum,29-04-2021,18.5
Tamarind+Fruit,Shimoga,04-03-2021,105.09
Maize,Hubli (Amaragol),18-05-2021,13.84
Safflower,Gadag,27-03-2021,41.89
Safflower,Hubli (Amaragol),27-03-2021,42.29
Mango,Mysore (Bandipalya),18-05-2021,20
Mango,Srinivasapur,18-05-2021,15
Sunflower,Gadag,15-03-2021,71.05
Cashewnuts,Chintamani,25-05-2021,75
Sunflower,Gadag,03-03-2021,68.94
Maize,Bellary,17-03-2021,15.27
Tamarind+Fruit,Bangalore,05-04-2021,95
Sunflower,Kottur,30-03-2021,63.4
Sunflower,Mundaragi,30-03-2021,62.53
Sunflower,Raichur,30-03-2021,53.79
Jowar(Sorghum),Laxmeshwar,05-07-2021,17.73
Dry+Grapes,Bijapur,20-07-2021,131
Wheat,Gadag,04-03-2021,62.69
Beans,Ramanagara,20-04-2021,28
Maize,Sindagi,02-03-2021,12.25
Drumstick,Ramanagara,09-07-2021,45
Potato,Chikkamagalore,02-03-2021,15.87
Rice,Mandya,02-03-2021,28.5
Tamarind+Fruit,Hospet,02-03-2021,54
Tomato,Chikkamagalore,02-03-2021,10.86
Tomato,Gundlupet,02-03-2021,11
Tomato,Kolar,02-03-2021,6.67
Elephant+Yam+(Suran),Arasikere,09-03-2021,18
Maize,Bagalakot,27-05-2021,15.36
Maize,Davangere,27-05-2021,15.8
Mango,Mysore (Bandipalya),27-05-2021,30
Antawala,Chikkamagalore,28-05-2021,61.18
Groundnut,Mundaragi,10-03-2021,64.6
Jowar(Sorghum),Harappana Halli,09-03-2021,11.5
Cabbage,Honnali,10-03-2021,2.2
Alasande+Gram,Bellary,17-03-2021,63.09
Alasande+Gram,Laxmeshwar,17-03-2021,41.09
Avare+Dal,Bangalore,17-03-2021,52
Beans,Bangarpet,17-03-2021,14
Beans,Chikkamagalore,17-03-2021,17.5
Sunflower,Mundaragi,31-03-2021,61.9
Sunflower,Ramdurga,31-03-2021,60
Ragi+(Finger+Millet),Harappana Halli,09-03-2021,21.66
Carrot,Chikkamagalore,25-05-2021,17.78
Carrot,Malur,25-05-2021,10
Ragi+(Finger+Millet),Kottur,23-03-2021,26.05
Maize,Bellary,21-06-2021,17.34
Maize,Davangere,21-06-2021,16.1
Maize,Kustagi,21-06-2021,16.5
Lime,Mysore (Bandipalya),27-05-2021,20
Chilly+Capsicum,Chickkaballapura,11-04-2021,21
Tomato,T. Narasipura,09-03-2021,5
Tomato,Kolar,09-03-2021,5.67
Chapparad+Avare,Gundlupet,08-03-2021,9
Groundnut,Laxmeshwar,05-07-2021,41.77
Kulthi(Horse+Gram),Laxmeshwar,22-03-2021,26.1
Alasande+Gram,Bellary,01-03-2021,59.83
Beans,Chikkamagalore,01-03-2021,24.45
Cabbage,Shimoga,01-03-2021,14
Tomato,K.R. Pet,20-07-2021,8
Cauliflower,Chikkamagalore,01-03-2021,11.17
Cauliflower,Shimoga,01-03-2021,29
Copra,Bangalore,01-03-2021,172.5
Copra,Tiptur,01-03-2021,152
Cucumbar(Kheera),Chikkamagalore,01-03-2021,10.08
Dry+Chillies,Bangalore,01-03-2021,360
Dry+Chillies,Hubli (Amaragol),01-03-2021,117.59
Dry+Grapes,Bangalore,01-03-2021,315
Green+Chilli,Chikkamagalore,01-03-2021,19.23
Groundnut,Bellary,01-03-2021,67.54
Groundnut,Hubli (Amaragol),01-03-2021,49.78
Groundnut,Yadgir,01-03-2021,64.04
Gur(Jaggery),Bangalore,01-03-2021,41.5
Gur(Jaggery),Mandya,01-03-2021,35
Jowar(Sorghum),Bangalore,01-03-2021,24
Jowar(Sorghum),Bellary,01-03-2021,17.3
Jowar(Sorghum),Hubli (Amaragol),01-03-2021,16.37
Knool+Khol,Chikkamagalore,01-03-2021,11.5
Kulthi(Horse+Gram),Bangalore,01-03-2021,34
Kulthi(Horse+Gram),Bellary,01-03-2021,27.46
Maize,Bangalore,01-03-2021,18
Maize,Bellary,01-03-2021,15.69
Maize,Hubli (Amaragol),01-03-2021,13.26
Maize,Shimoga,01-03-2021,15.15
Methi+Seeds,Bangalore,01-03-2021,75
Mustard,Bangalore,01-03-2021,63
Onion,Hubli (Amaragol),01-03-2021,15
Carrot,Chikkamagalore,08-07-2021,16.02
Carrot,Malur,08-07-2021,8
Potato,Chikkamagalore,01-03-2021,15.3
Potato,Hubli (Amaragol),01-03-2021,7
Alasande+Gram,Arasikere,28-05-2021,68.5
Alasande+Gram,Badami,28-05-2021,58
Alasande+Gram,Bagalakot,28-05-2021,54.95
Safflower,Bellary,01-03-2021,36.99
Safflower,Hubli (Amaragol),01-03-2021,36.99
Soyabean,Hubli (Amaragol),01-03-2021,49.06
Tamarind+Fruit,Santhesargur,01-03-2021,10
Tomato,Chikkamagalore,01-03-2021,12.57
Tomato,Srinivasapur,01-03-2021,8
Coconut,Nagamangala,23-07-2021,165
Sunflower,Gadag,26-03-2021,56.44
Sunflower,Kottur,26-03-2021,64.73
Sunflower,Mundaragi,26-03-2021,62.99
Sunflower,Raichur,26-03-2021,52.89
Sunflower,Ramdurga,26-03-2021,61
Wheat,Bangalore,01-03-2021,27.5
Cotton,Hubli (Amaragol),11-04-2021,49
Karbuja(Musk+Melon),Davangere,27-05-2021,15
Cotton,Gadag,11-04-2021,55.7
Cotton,Raichur,11-04-2021,60
Green+Chilli,Channapatana,05-07-2021,24
Brinjal,Chintamani,25-05-2021,16.5
Brinjal,Kolar,25-05-2021,11
Tomato,Bangarpet,08-03-2021,6
Tomato,Srinivasapur,08-03-2021,4.67
Cauliflower,Chikkamagalore,17-03-2021,10.12
Alasande+Gram,Davangere,03-04-2021,41.5
Alasande+Gram,Laxmeshwar,03-04-2021,41.19
Carrot,Chamaraj Nagar,17-07-2021,18
Beans,Malur,03-04-2021,28.2
Knool+Khol,Mysore (Bandipalya),21-06-2021,23
Kulthi(Horse+Gram),Bangarpet,21-06-2021,32
Jowar(Sorghum),Hubli (Amaragol),18-05-2021,15.7
Alasande+Gram,Laxmeshwar,05-03-2021,40.19
Green+Chilli,Chikkamagalore,02-03-2021,21.93
Groundnut,Kustagi,02-03-2021,66.52
Gur(Jaggery),Hospet,02-03-2021,34.1
Capsicum,Malur,03-04-2021,12.34
Mousambi(Sweet+Lime),Davangere,30-09-2021,24
Sunflower,Gadag,06-03-2021,66.83
Onion,Davangere,30-09-2021,8.5
Beans,K.R. Pet,05-03-2021,18
Bunch+Beans,Davangere,08-07-2021,23
Beans,Malur,29-04-2021,30.16
Corriander+seed,Laxmeshwar,03-04-2021,72.31
Black+pepper,Siddapur,05-03-2021,334.69
Black+pepper,Yellapur,05-03-2021,330.22
Cotton,Chitradurga,03-04-2021,56.6
Cotton,Haveri,03-04-2021,55.5
Cotton,Hubli (Amaragol),03-04-2021,46
Cotton,Sindhanur,03-04-2021,56
Paddy(Dhan)(Common),Bangarpet,30-09-2021,22
Paddy(Dhan)(Common),Lingasugur,30-09-2021,17.05
Maize,Bagalakot,17-03-2021,14.19
Maize,Davangere,17-03-2021,15.1
Maize,Gadag,17-03-2021,11.38
Maize,Kottur,17-03-2021,15.09
Tomato,Chikkamagalore,31-03-2021,10.42
Papaya,Davangere,30-09-2021,18
Dry+Chillies,Sindhanur,03-04-2021,105
Elephant+Yam+(Suran),Huliyar,03-04-2021,25
Pineapple,Davangere,30-09-2021,23
Pomegranate,Davangere,30-09-2021,33
Raddish,Mulabagilu,30-09-2021,5
Rice,Mulabagilu,30-09-2021,40
Ridge+gourd(Tori),Chamaraj Nagar,30-09-2021,7.5
Rose(Loose),Chickkaballapura,30-09-2021,25
Dry+Chillies,Hubli (Amaragol),11-04-2021,246.99
Groundnut,Davangere,03-04-2021,54
Groundnut,Hubli (Amaragol),03-04-2021,53.19
Groundnut,Laxmeshwar,03-04-2021,41.99
Groundnut,Yadgir,03-04-2021,56.73
Gur(Jaggery),Malur,03-04-2021,37.09
Sunflower,Kustagi,30-09-2021,54.31
Sunflower,Lingasugur,30-09-2021,54
Safflower,Bidar,01-04-2021,46.5
Tomato,Bangarpet,30-09-2021,10
Tomato,Chamaraj Nagar,30-09-2021,6.5
Tomato,Chikkamagalore,30-09-2021,30.44
Tomato,Mulabagilu,30-09-2021,9.33
Jowar(Sorghum),Bellary,03-04-2021,18.18
Jowar(Sorghum),Davangere,03-04-2021,16.5
Jowar(Sorghum),Laxmeshwar,03-04-2021,14.18
Jowar(Sorghum),Sindhanur,03-04-2021,21.3
Ridge+gourd(Tori),Shimoga,01-10-2021,17
Kulthi(Horse+Gram),Laxmeshwar,03-04-2021,21.99
Water+Melon,Davangere,30-09-2021,23
Castor+Seed,Kottur,05-03-2021,45.51
Cummin+Seed(Jeera),Gadag,11-04-2021,88.01
Maize,Bellary,03-04-2021,15.18
Maize,Davangere,03-04-2021,15
Wheat,Laxmeshwar,30-09-2021,13.47
Cotton,Hubli (Amaragol),17-03-2021,41.41
Soyabean,Basava Kalayana,15-03-2021,52
Soyabean,Bidar,15-03-2021,48
Soyabean,Gulbarga,15-03-2021,36.5
Dry+Chillies,Gadag,11-04-2021,86.93
Chapparad+Avare,Malur,29-04-2021,19.6
Onion,Hubli (Amaragol),03-04-2021,7
Sunflower,Bellary,02-03-2021,72.27
Sunflower,Gulbarga,02-03-2021,36
Sunflower,Kottur,02-03-2021,71.67
Sunflower,Mundaragi,02-03-2021,72.33
Copra,Arasikere,05-03-2021,155.49
Cotton,Bijapur,05-03-2021,60.59
Cotton,Raichur,05-03-2021,52
Cotton,Haveri,29-04-2021,58.33
Cabbage,Honnali,17-07-2021,7
Cucumbar(Kheera),Channapatana,29-04-2021,2.25
Dry+Chillies,Byadagi,05-03-2021,142.09
Garlic,Chickkaballapura,11-04-2021,6
Wheat,Basava Kalayana,07-04-2021,17
Wheat,Gadag,07-04-2021,22.14
Potato,Hubli (Amaragol),03-04-2021,17
Ox,Arasikere,12-03-2021,865
Ginger(Green),Chickkaballapura,11-04-2021,13.5
Rice,Bangarpet,12-03-2021,35
Groundnut,Chitradurga,05-03-2021,61.06
Groundnut,Davangere,05-03-2021,55.7
Groundnut,Kottur,05-03-2021,65.16
Groundnut,Laxmeshwar,05-03-2021,38.99
Groundnut,Raichur,05-03-2021,59.48
Ragi+(Finger+Millet),Davangere,03-04-2021,25.2
Rice,Malur,03-04-2021,35.71
Rice,Sindhanur,03-04-2021,28
Soyabean,Basava Kalayana,26-03-2021,57.21
Soyabean,Bidar,26-03-2021,53.5
Ridge+gourd(Tori),Malur,03-04-2021,24.51
Safflower,Bellary,03-04-2021,43.69
Safflower,Laxmeshwar,03-04-2021,34.2
Soyabean,Haveri,03-04-2021,51
Sunflower,Bellary,03-04-2021,65.21
Sunflower,Laxmeshwar,03-04-2021,40.09
Groundnut,Bagalakot,29-04-2021,55.57
Groundnut,Mundaragi,29-04-2021,52.54
Groundnut,Ramdurga,29-04-2021,54.99
Wheat,Basava Kalayana,09-03-2021,16.81
Wheat,Bijapur,09-03-2021,21
Tomato,Kolar,03-04-2021,4.67
Maize,Bagalakot,29-04-2021,15.46
Jowar(Sorghum),Kottur,05-03-2021,11.91
Jowar(Sorghum),Laxmeshwar,05-03-2021,15.1
Maize,Mundaragi,29-04-2021,15.93
Maize,Nargunda,12-03-2021,13.2
Kulthi(Horse+Gram),Laxmeshwar,05-03-2021,24.59
Paddy(Dhan)(Common),Davangere,13-05-2021,17
Papaya,Davangere,13-05-2021,16
Pineapple,Davangere,13-05-2021,17
Ragi+(Finger+Millet),Kottur,12-03-2021,25.08
Ragi+(Finger+Millet),Tarikere,12-03-2021,32.8
Potato,Hubli (Amaragol),13-05-2021,13.25
Maize,Kustagi,30-09-2021,17.44
Maize,Mulabagilu,30-09-2021,18
Marigold(Calcutta),Chickkaballapura,30-09-2021,50
Ragi+(Finger+Millet),Davangere,13-05-2021,21.8
Rice,Bangarpet,13-05-2021,22
Ridge+gourd(Tori),Davangere,13-05-2021,15
Safflower,Hubli (Amaragol),13-05-2021,46.11
Suvarna+Gadde,Davangere,13-05-2021,25
Tomato,Chikkamagalore,13-05-2021,9.95
Tomato,T. Narasipura,13-05-2021,3
Water+Melon,Davangere,13-05-2021,15.5
Groundnut,Raichur,11-04-2021,53.41
Groundnut,Bagalakot,11-04-2021,48.5
Groundnut,Gadag,11-04-2021,43.63
Elephant+Yam+(Suran),Arasikere,02-03-2021,15
Tamarind+Fruit,Shimoga,08-03-2021,89.75
Groundnut,Laxmeshwar,11-04-2021,48.6
Groundnut,Mundaragi,11-04-2021,53.18
Paddy(Dhan)(Common),Bangarpet,29-05-2021,20
Paddy(Dhan)(Common),Davangere,29-05-2021,16.7
Papaya,Davangere,29-05-2021,18
Pineapple,Davangere,29-05-2021,18
Soyabean,Haveri,29-04-2021,70.09
Potato,Chikkamagalore,29-05-2021,17.3
Tomato,Channapatana,29-04-2021,1.4
Jowar(Sorghum),Basava Kalayana,11-04-2021,27
Jowar(Sorghum),Gulbarga,11-04-2021,28.5
Jowar(Sorghum),Hubli (Amaragol),11-04-2021,16.67
Safflower,Bidar,29-05-2021,49
Soyabean,Bidar,29-05-2021,65
Jowar(Sorghum),Gadag,11-04-2021,18.92
Suvarna+Gadde,Davangere,29-05-2021,23
Jowar(Sorghum),Laxmeshwar,11-04-2021,13.82
Tomato,Chikkamagalore,29-05-2021,9.97
Tomato,Kolar,29-05-2021,5.3
Tomato,Mulabagilu,29-05-2021,2
Tomato,Srinivasapur,29-05-2021,2.67
Water+Melon,Davangere,29-05-2021,17
Wheat,Bidar,29-05-2021,24
Onion,Hubli (Amaragol),13-05-2021,10
Brinjal,Bangarpet,17-07-2021,10
Kulthi(Horse+Gram),Gadag,11-04-2021,24.39
Pineapple,Davangere,15-06-2021,18
Pomegranate,Davangere,15-06-2021,29
Potato,Bangarpet,15-06-2021,13
Potato,Chikkamagalore,15-06-2021,18.86
Potato,Davangere,15-06-2021,13
Raddish,Chamaraj Nagar,15-06-2021,17.5
Raddish,Davangere,15-06-2021,26
Ragi+(Finger+Millet),Davangere,15-06-2021,21.2
Ragi+(Finger+Millet),Kottur,15-06-2021,19.89
Ridge+gourd(Tori),Davangere,15-06-2021,30
Sunflower,Bellary,15-06-2021,57.61
Sweet+Potato,Davangere,15-06-2021,13
Thondekai,Ramanagara,15-06-2021,17
Tomato,Chikkamagalore,15-06-2021,8.71
Water+Melon,Davangere,15-06-2021,18
Paddy(Dhan)(Common),Davangere,15-06-2021,17.1
Papaya,Davangere,15-06-2021,18
Cauliflower,Davangere,09-07-2021,13
Banana,Channapatana,25-03-2021,27
Maize,Hubli (Amaragol),11-04-2021,14.3
Maize,Laxmeshwar,11-04-2021,10.86
Maize,Mundaragi,11-04-2021,14.6
Dry+Chillies,Bangalore,17-03-2021,90
Onion,Chikkamagalore,15-06-2021,18.52
Onion,Hubli (Amaragol),15-06-2021,13.5
Groundnut,Bagalakot,27-05-2021,54.69
Groundnut,Davangere,27-05-2021,46.3
Gur(Jaggery),Bangarpet,27-05-2021,42
Maize,Bagalakot,11-04-2021,14.58
Maize,Gadag,11-04-2021,12.69
Maize,Bellary,15-06-2021,17.22
Maize,Challakere,15-06-2021,16.89
Maize,Kottur,15-06-2021,16.71
Beans,Chamaraj Nagar,25-05-2021,45
Beans,Chikkamagalore,25-05-2021,55.55
Beans,Chintamani,25-05-2021,40
Groundnut,Davangere,18-05-2021,48
Groundnut,Hubli (Amaragol),18-05-2021,30.7
Groundnut,Sindhanur,18-05-2021,49.33
Gur(Jaggery),Bangarpet,18-05-2021,32
Knool+Khol,Chamaraj Nagar,15-06-2021,23.5
Knool+Khol,Ramanagara,15-06-2021,28
Knool+Khol,Bangarpet,12-03-2021,2.5
Onion,Chikkamagalore,29-05-2021,16.92
Onion,Hubli (Amaragol),29-05-2021,13.5
Onion,Ramanagara,29-05-2021,20
Potato,Bangalore,23-03-2021,11.5
Potato,Shimoga,23-03-2021,23
Jowar(Sorghum),Bellary,15-06-2021,15.29
Jowar(Sorghum),Kottur,15-06-2021,14.51
Karbuja(Musk+Melon),Davangere,15-06-2021,16
Beans,Chickkaballapura,08-03-2021,27
Bitter+gourd,Chickkaballapura,08-03-2021,14
Bottle+gourd,Chickkaballapura,08-03-2021,6.5
Lime,Davangere,30-09-2021,13
Garlic,Hospet,17-03-2021,28
Green+Chilli,Chamaraj Nagar,15-06-2021,15
Green+Chilli,Chikkamagalore,15-06-2021,19.84
Green+Chilli,Davangere,15-06-2021,23
Groundnut,Davangere,15-06-2021,49.8
Groundnut,Kottur,15-06-2021,53.6
Groundnut,Savanur,15-06-2021,48.3
Onion,Raichur,11-04-2021,5.2
Garlic,Davangere,15-06-2021,40
Ginger(Green),Ramanagara,15-06-2021,17
Cotton,Nargunda,02-03-2021,59.83
Onion,Chickkaballapura,11-04-2021,14
Onion,Hospet,11-04-2021,16
Ragi+(Finger+Millet),Kottur,01-04-2021,24.7
Bitter+gourd,Davangere,08-07-2021,18
Wheat,Basava Kalayana,16-03-2021,17.5
Wheat,Gadag,16-03-2021,19.41
Cucumbar(Kheera),Bangarpet,15-06-2021,14
Beans,Chikkamagalore,02-08-2021,24.51
Beans,Gundlupet,02-08-2021,25.3
Beetroot,Gundlupet,02-08-2021,15
Soyabean,Basava Kalayana,31-03-2021,58
Carrot,Davangere,09-07-2021,34
Carrot,Bangarpet,23-07-2021,40
Brinjal,Gundlupet,02-08-2021,11
Maize,Badami,13-05-2021,15
Maize,Davangere,13-05-2021,15.4
Maize,Hubli (Amaragol),13-05-2021,15.25
Capsicum,Chickkaballapura,08-03-2021,18.5
Green+Chilli,Chamaraj Nagar,18-05-2021,14
Cotton,Savanur,25-03-2021,53.98
Corriander+seed,Bhadravathi,25-03-2021,76.74
Cotton,Chitradurga,25-03-2021,65.83
Cotton,Haveri,25-03-2021,57.2
Capsicum,Davangere,15-06-2021,40
Capsicum,Ramanagara,15-06-2021,32
Carrot,Bangarpet,15-06-2021,25
Carrot,Chamaraj Nagar,15-06-2021,14
Carrot,Chikkamagalore,15-06-2021,16.2
Cucumbar(Kheera),Channapatana,25-03-2021,7
Cabbage,Gundlupet,02-08-2021,6.5
Alasande+Gram,Laxmeshwar,19-07-2021,41.53
Banana,Hospet,21-04-2021,8
Castor+Seed,Kottur,02-08-2021,51
Cauliflower,Chikkamagalore,02-08-2021,9.95
Thondekai,Chikkamagalore,31-03-2021,12.19
Brinjal,Bangarpet,15-06-2021,14
Brinjal,Chamaraj Nagar,15-06-2021,11
Bottle+gourd,Mysore (Bandipalya),21-04-2021,1.5
Potato,Belgaum,01-04-2021,17
Potato,Davangere,01-04-2021,16
Coconut,K.R. Pet,02-08-2021,140
Ginger(Green),Hospet,17-03-2021,18
Tender+Coconut,Pandavapura,18-04-2021,120
Garlic,Bangalore,25-03-2021,8
Coriander(Leaves),Tumkur,02-08-2021,94
Cotton,Bijapur,02-08-2021,77.33
Cotton,Kottur,02-08-2021,65.66
Cotton,Ranebennur,02-08-2021,114.89
Cucumbar(Kheera),Chikkamagalore,02-08-2021,9.06
Carrot,Hospet,21-04-2021,6
Ginger(Green),Bangalore,25-03-2021,9
Beans,Chickkaballapura,14-05-2021,27
Sunflower,Chitradurga,08-03-2021,67.7
Sunflower,Gadag,08-03-2021,67.19
Maize,Chitradurga,05-04-2021,15.46
Maize,Gadag,05-04-2021,13.38
Maize,Kottur,05-04-2021,15.2
Copra,Tiptur,21-04-2021,167
Cotton,Bijapur,21-04-2021,57.12
Cotton,Davangere,21-04-2021,54.4
Cotton,Nargunda,21-04-2021,52
Cucumbar(Kheera),Hospet,21-04-2021,13
Chilly+Capsicum,Chickkaballapura,08-03-2021,18
Maize,Davangere,29-05-2021,15.5
Dry+Chillies,Bangalore,21-04-2021,130
Mango,Mulabagilu,29-05-2021,15
Mango,Srinivasapur,29-05-2021,9
Green+Chilli,Chikkamagalore,02-08-2021,12
Green+Chilli,Gundlupet,02-08-2021,38.45
Carrot,Chickkaballapura,14-05-2021,14
Beans,Chamaraj Nagar,15-06-2021,32.5
Carrot,Malur,14-05-2021,13
Beans,Chikkamagalore,15-06-2021,48.61
Beans,Ramanagara,15-06-2021,30
Beans,T. Narasipura,15-06-2021,40
Beetroot,Chikkamagalore,15-06-2021,13.51
Cauliflower,Malur,14-05-2021,6
Cotton,Chitradurga,13-03-2021,55.06
Groundnut,Bellary,21-04-2021,54.3
Groundnut,Davangere,21-04-2021,49.2
Groundnut,Savanur,21-04-2021,44.42
Groundnut,Yadgir,21-04-2021,50.65
Gur(Jaggery),Hospet,21-04-2021,31.25
Groundnut,Bellary,02-08-2021,57.79
Groundnut,Davangere,02-08-2021,51.2
Jowar(Sorghum),Bellary,21-04-2021,16.57
Maize,Bellary,21-04-2021,16.45
Maize,Bijapur,21-04-2021,14.88
Maize,Davangere,21-04-2021,15.3
Onion,Raichur,21-04-2021,4.95
Beans,Gundlupet,08-03-2021,36
Groundnut,Yadgir,25-03-2021,55.06
Banana,Davangere,15-06-2021,18
Groundnut,Davangere,25-03-2021,51.8
Jowar(Sorghum),Bellary,02-08-2021,15.92
Groundnut,Savanur,25-03-2021,47.51
Jowar(Sorghum),Kottur,02-08-2021,15.55
Paddy(Dhan)(Common),Davangere,21-04-2021,15.6
Knool+Khol,Chikkamagalore,02-08-2021,12.82
Kulthi(Horse+Gram),Badami,13-05-2021,24
Maize,Davangere,02-08-2021,19.2
Maize,Tumkur,02-08-2021,20.5
Gur(Jaggery),Bangarpet,12-03-2021,26
Beans,Malur,08-07-2021,36.48
Tomato,Chickkaballapura,13-03-2021,6.5
Ragi+(Finger+Millet),Davangere,21-04-2021,24.3
Paddy(Dhan)(Common),Bangarpet,14-05-2021,20
Sunflower,Nargunda,21-04-2021,66
Potato,Malur,14-05-2021,11
Wheat,Basava Kalayana,01-03-2021,15.5
Wheat,Bidar,01-03-2021,26
Wheat,Gadag,01-03-2021,52.07
Neem+Seed,Tumkur,02-08-2021,37
Onion,Chikkamagalore,02-08-2021,19.93
Maize,Davangere,25-03-2021,15
Maize,Haveri,25-03-2021,14.6
Maize,Shikaripura,25-03-2021,15.8
Maize,Hirekerur,25-03-2021,14.3
Paddy(Dhan)(Common),Davangere,02-08-2021,16.9
Paddy(Dhan)(Common),Gangavathi,02-08-2021,21.35
Jowar(Sorghum),Bellary,21-06-2021,15.12
Jowar(Sorghum),Laxmeshwar,21-06-2021,17.79
Bottle+gourd,Davangere,09-07-2021,12
Potato,Chikkamagalore,02-08-2021,15.55
Brinjal,Davangere,09-07-2021,10
Alasande+Gram,Bellary,19-04-2021,54.69
Alasande+Gram,Laxmeshwar,19-04-2021,45.06
Green+Chilli,Hospet,17-03-2021,18
Antawala,Chikkamagalore,19-04-2021,45
Knool+Khol,Ramanagara,11-03-2021,12
Beans,Chikkamagalore,19-04-2021,31.25
Beetroot,Chikkamagalore,19-04-2021,13.89
Ragi+(Finger+Millet),Davangere,02-08-2021,17.75
Ragi+(Finger+Millet),Kottur,02-08-2021,18.51
Rice,Gangavathi,02-08-2021,25.5
Rice,Tumkur,02-08-2021,31.5
Black+pepper,Sirsi,19-06-2021,387.4
Soyabean,Basava Kalayana,06-03-2021,48
Soyabean,Gulbarga,06-03-2021,38.5
Soyabean,Haveri,06-03-2021,53
Soyabean,Hubli (Amaragol),06-03-2021,44.13
Karbuja(Musk+Melon),Davangere,13-05-2021,13
Tender+Coconut,Pandavapura,02-08-2021,150
Carrot,Ramanagara,11-03-2021,12
Tomato,Chikkamagalore,02-08-2021,10.42
Tomato,Gundlupet,02-08-2021,6.75
Knool+Khol,Mulabagilu,30-09-2021,14
Tomato,Tumkur,02-08-2021,8.4
Cabbage,Chikkamagalore,19-04-2021,8.13
Tomato,Mulabagilu,19-06-2021,5
Drumstick,Davangere,27-05-2021,13
Wheat,Ramdurga,02-08-2021,18
Beetroot,Ramanagara,11-03-2021,20
Cotton,Bijapur,19-04-2021,58.94
Cotton,Savanur,19-04-2021,54.83
Cucumbar(Kheera),Chikkamagalore,19-04-2021,8.08
Tamarind+Fruit,Shimoga,01-03-2021,88.24
Lint,Kottur,05-04-2021,105.97
Maize,Davangere,18-03-2021,14.9
Maize,Gadag,18-03-2021,13.65
Maize,Kottur,18-03-2021,14.94
Sunflower,Mundaragi,11-04-2021,63.02
Carrot,Kolar,21-07-2021,35
Green+Chilli,Chikkamagalore,19-04-2021,31.25
Cotton,Soundati,29-04-2021,52.9
Groundnut,Bellary,19-04-2021,55.72
Groundnut,Bijapur,19-04-2021,52.5
Onion,Kolar,25-03-2021,20
Groundnut,Challakere,19-04-2021,58.19
Groundnut,Hubli (Amaragol),19-04-2021,47.7
Groundnut,Laxmeshwar,19-04-2021,43.68
Groundnut,Savanur,19-04-2021,50.18
Karbuja(Musk+Melon),Davangere,29-05-2021,16
Jowar(Sorghum),Bellary,19-04-2021,17.95
Jowar(Sorghum),Gulbarga,19-04-2021,31.5
Jowar(Sorghum),Hubli (Amaragol),19-04-2021,17.4
Jowar(Sorghum),Laxmeshwar,19-04-2021,18.28
Kulthi(Horse+Gram),Laxmeshwar,19-04-2021,22.08
Maize,Bellary,19-04-2021,15.86
Maize,Honnali,19-04-2021,14.8
Maize,Hubli (Amaragol),19-04-2021,14.87
Green+Peas,Bangalore,17-03-2021,105
Onion,Bijapur,19-04-2021,6
Onion,Hubli (Amaragol),19-04-2021,5.7
Groundnut,Laxmeshwar,17-03-2021,35.56
Groundnut,Yadgir,17-03-2021,63.75
Jowar(Sorghum),Badami,13-05-2021,18
Jowar(Sorghum),Hubli (Amaragol),13-05-2021,13.98
Tomato,Kolar,21-07-2021,6.3
Elephant+Yam+(Suran),Arasikere,18-05-2021,18
Paddy(Dhan)(Common),Lingasugur,19-04-2021,20.5
Sweet+Potato,Davangere,31-03-2021,9
Potato,Chikkamagalore,19-04-2021,14.08
Knool+Khol,Ramanagara,17-05-2021,25
Gur(Jaggery),Hospet,17-03-2021,36.5
Bitter+gourd,Davangere,09-07-2021,18
Bitter+gourd,Ramanagara,09-07-2021,35
Cotton,Nargunda,27-05-2021,54
Jowar(Sorghum),Hubli (Amaragol),19-03-2021,15.37
Maize,Soundati,29-04-2021,16.4
Gur(Jaggery),Mandya,17-03-2021,37.5
Wheat,Bidar,22-03-2021,24
Wheat,Bijapur,22-03-2021,25
Wheat,Gadag,22-03-2021,16.38
Wheat,Laxmeshwar,22-03-2021,14.25
Ridge+gourd(Tori),Chikkamagalore,19-04-2021,14.58
Safflower,Gulbarga,19-04-2021,42.5
Safflower,Hubli (Amaragol),19-04-2021,47.5
Safflower,Laxmeshwar,19-04-2021,41.96
Soyabean,Hubli (Amaragol),19-04-2021,59.37
Paddy(Dhan)(Common),Davangere,25-03-2021,19.6
Paddy(Dhan)(Common),Shikaripura,25-03-2021,18.5
Sunflower,Challakere,19-04-2021,69.3
Sweet+Potato,Belgaum,29-09-2021,9
Tomato,Chikkamagalore,19-04-2021,10.38
Jowar(Sorghum),Laxmeshwar,30-09-2021,13.18
Jowar(Sorghum),Lingasugur,30-09-2021,14.1
Jowar(Sorghum),Laxmeshwar,19-03-2021,16.11
Raddish,Chickkaballapura,08-03-2021,6
Wheat,Hubli (Amaragol),19-04-2021,22.69
Wheat,Laxmeshwar,19-04-2021,17.01
Jowar(Sorghum),Bidar,29-05-2021,31
Soyabean,Haveri,05-04-2021,55
Soyabean,Hubli (Amaragol),05-04-2021,52.68
Alasande+Gram,Bellary,05-03-2021,62.82
Jowar(Sorghum),Bellary,17-03-2021,17.14
Jowar(Sorghum),Laxmeshwar,17-03-2021,12.89
Groundnut,Badami,13-05-2021,26.88
Groundnut,Davangere,13-05-2021,43.1
Groundnut,Hubli (Amaragol),13-05-2021,44.14
Groundnut,Kustagi,13-05-2021,53.32
Gur(Jaggery),Bangarpet,13-05-2021,33
Gur(Jaggery),Nargunda,13-05-2021,32
Black+pepper,Channagiri,02-03-2021,332.41
Black+pepper,Chikkamagalore,02-03-2021,326.98
Sunflower,Nargunda,05-04-2021,67
Seemebadnekai,Chickkaballapura,03-03-2021,3.25
Thondekai,Chickkaballapura,08-03-2021,14.5
Potato,Kolar,25-03-2021,12
Potato,Bangalore,25-03-2021,12.5
Safflower,Basava Kalayana,06-04-2021,43
Safflower,Bidar,06-04-2021,44
Bottle+gourd,Davangere,05-03-2021,12
Cotton,Nargunda,18-05-2021,49
Copra,Turvekere,27-05-2021,172
Cabbage,Shimoga,05-07-2021,34
Brinjal,Channapatana,05-03-2021,5
Groundnut,Davangere,29-05-2021,51.4
Groundnut,Yadgir,29-05-2021,51.78
Gur(Jaggery),Bangarpet,29-05-2021,37
Gur(Jaggery),Chamaraj Nagar,29-05-2021,45
Cucumbar(Kheera),Bangarpet,12-03-2021,5
Jowar(Sorghum),Gadag,19-03-2021,20.33
Ragi+(Finger+Millet),Kottur,25-03-2021,25.02
Sunflower,Gadag,01-03-2021,67.25
Sunflower,Gulbarga,01-03-2021,36
Ginger(Green),Kolar,13-05-2021,13
Green+Chilli,Davangere,13-05-2021,10
Groundnut,Laxmeshwar,30-09-2021,45.6
Soyabean,Bidar,08-03-2021,47
Tomato,Davangere,16-03-2021,7
Tomato,Srinivasapur,16-03-2021,4.67
Jowar(Sorghum),Bellary,19-03-2021,19.87
Ragi+(Finger+Millet),Davangere,25-03-2021,26
Capsicum,Kolar,05-03-2021,14
Beans,Shimoga,23-07-2021,37.5
Sheep,Hirekerur,25-03-2021,70
Arhar+Dal(Tur+Dal),Bangalore,19-04-2021,100
Arhar+Dal(Tur+Dal),Shimoga,19-04-2021,100
Carrot,Shimoga,05-03-2021,9
Avare+Dal,Bangalore,19-04-2021,54
Soyabean,Basava Kalayana,25-03-2021,55.75
Soyabean,Haveri,25-03-2021,54.5
Soyabean,Basava Kalayana,01-03-2021,49
Soyabean,Bidar,01-03-2021,48
Potato,Belgaum,25-03-2021,16
Potato,Shimoga,25-03-2021,20
Knool+Khol,Davangere,19-03-2021,8.5
Kulthi(Horse+Gram),Laxmeshwar,19-03-2021,26.07
Green+Chilli,Chikkamagalore,29-05-2021,10.41
Tomato,Channapatana,25-03-2021,5
Chikoos(Sapota),Davangere,27-05-2021,15
Chikoos(Sapota),Mysore (Bandipalya),27-05-2021,15
Brinjal,Channapatana,05-07-2021,15
Cotton,Nargunda,12-03-2021,56
Paddy(Dhan)(Common),Kolar,11-03-2021,18.86
Rice,Kolar,11-03-2021,55.34
Ridge+gourd(Tori),Kolar,11-03-2021,26
Thondekai,Kolar,11-03-2021,20
Banana,Hospet,02-03-2021,10
Chili+Red,Shimoga,05-03-2021,102.54
Castor+Seed,Kottur,19-04-2021,47.48
Chilly+Capsicum,Kolar,05-03-2021,30
Chennangi+Dal,Bangalore,19-04-2021,74
Chili+Red,Shimoga,19-04-2021,76.99
Coconut,Mandya,19-04-2021,40.5
Wheat,Basava Kalayana,25-03-2021,18.3
Copra,Turvekere,19-04-2021,160
Wheat,Bhadravathi,25-03-2021,22.47
Cotton,Annigeri,19-04-2021,37
Cotton,Kottur,19-04-2021,52.38
Cotton,Raichur,19-04-2021,65
Soyabean,Basava Kalayana,10-03-2021,51.8
Soyabean,Bidar,10-03-2021,47.1
Cucumbar(Kheera),Davangere,05-03-2021,10
Safflower,Basava Kalayana,15-03-2021,41
Safflower,Bellary,15-03-2021,42.63
Safflower,Bidar,15-03-2021,40
Safflower,Gadag,15-03-2021,40.33
Safflower,Gulbarga,15-03-2021,35.5
Dry+Chillies,Hubli (Amaragol),05-03-2021,100
Dry+Chillies,Sindhanur,05-03-2021,132
Green+Chilli,Chikkamagalore,30-09-2021,11.79
Green+Chilli,Davangere,30-09-2021,6
Green+Chilli,Mulabagilu,30-09-2021,14
Cummin+Seed(Jeera),Gadag,19-04-2021,88.13
Drumstick,Shimoga,19-04-2021,9
Paddy(Dhan)(Common),Raichur,01-04-2021,16.66
Dry+Chillies,Hubli (Amaragol),19-04-2021,212.99
Beetroot,Davangere,09-07-2021,18
Beetroot,Ramanagara,09-07-2021,25
Gur(Jaggery),Bangarpet,21-06-2021,43
Garlic,Bangalore,19-04-2021,7.5
Sunflower,Chitradurga,10-03-2021,73.6
Cummin+Seed(Jeera),Gadag,05-03-2021,98.12
Rice,Gangavathi,30-03-2021,30.75
Green+Peas,Bangalore,19-04-2021,112.5
Ginger(Green),Kolar,05-03-2021,27.88
Groundnut,Bagalakot,19-04-2021,55.62
Groundnut,Chitradurga,19-04-2021,52.51
Groundnut,Gadag,19-04-2021,45.52
Groundnut,Raichur,19-04-2021,55.69
Groundnut,Ramdurga,19-04-2021,54.79
Safflower,Gadag,01-03-2021,37.21
Gur(Jaggery),Mandya,19-04-2021,35.5
Jowar(Sorghum),Basava Kalayana,19-04-2021,26
Jowar(Sorghum),Bidar,19-04-2021,32
Jowar(Sorghum),Gadag,19-04-2021,23.22
Jowar(Sorghum),Kottur,19-04-2021,14.4
Knool+Khol,Bangarpet,19-04-2021,6
Kulthi(Horse+Gram),Bangalore,19-04-2021,31
Maize,Bagalakot,19-04-2021,15.2
Maize,Chitradurga,19-04-2021,16.13
Maize,Kottur,19-04-2021,16.26
Carrot,Mysore (Bandipalya),27-05-2021,25
Green+Chilli,Kolar,05-03-2021,26
Onion,Raichur,19-04-2021,6.41
Capsicum,Kolar,09-03-2021,17
Paddy(Dhan)(Common),Raichur,19-04-2021,16.53
Groundnut,Bellary,05-03-2021,64.27
Groundnut,Challakere,05-03-2021,69.16
Capsicum,Ramanagara,10-05-2021,25
Groundnut,Gadag,05-03-2021,50.22
Groundnut,Yadgir,05-03-2021,64.06
Gur(Jaggery),Mandya,05-03-2021,36.5
Potato,Bangalore,19-04-2021,13.5
Potato,Shimoga,19-04-2021,17
Sunflower,Chitradurga,31-03-2021,61.27
Sunflower,Gadag,31-03-2021,56.06
Sunflower,Nargunda,31-03-2021,66.5
Suvarna+Gadde,Davangere,31-03-2021,23
Jowar(Sorghum),Gadag,05-03-2021,11.07
Jowar(Sorghum),Bellary,05-03-2021,18.01
Jowar(Sorghum),Sindhanur,05-03-2021,25
Ragi+(Finger+Millet),Kottur,19-04-2021,23.41
Rice,Bangarpet,19-04-2021,38
Rice,Gangavathi,19-04-2021,12.6
Onion,Davangere,01-04-2021,9
Onion,Raichur,01-04-2021,7.99
Knool+Khol,Bangarpet,05-03-2021,3
Sweet+Pumpkin,Mysore (Bandipalya),09-03-2021,24
Kulthi(Horse+Gram),Bellary,05-03-2021,25.2
Safflower,Basava Kalayana,19-04-2021,45
Safflower,Bidar,19-04-2021,47
Safflower,Gadag,19-04-2021,47.87
Soyabean,Basava Kalayana,19-04-2021,70
Soyabean,Bidar,19-04-2021,65
Beans,Shimoga,31-05-2021,59
Sunflower,Chitradurga,19-04-2021,69.46
Sunflower,Gadag,19-04-2021,66.46
Tamarind+Fruit,Shimoga,19-04-2021,66.26
Rice,Gangavathi,06-04-2021,24
Tomato,Bangarpet,19-04-2021,4
Maize,Bellary,05-03-2021,14.48
Maize,Challakere,05-03-2021,14.97
Maize,Gadag,05-03-2021,15.17
Dry+Chillies,Sindhanur,13-05-2021,58
Wheat,Bagalakot,19-04-2021,18.75
Wheat,Basava Kalayana,19-04-2021,18
Wheat,Gadag,19-04-2021,19.22
Beans,Davangere,09-07-2021,36
Capsicum,Chickkaballapura,31-05-2021,7
Banana+-+Green,Kundapura,17-07-2021,23
Chapparad+Avare,Chickkaballapura,31-05-2021,31
Bitter+gourd,Chickkaballapura,17-07-2021,15.5
Black+pepper,Sirsi,17-07-2021,383.32
Bottle+gourd,Chickkaballapura,17-07-2021,6.5
Alasande+Gram,Laxmeshwar,23-07-2021,50.66
Garlic,Chickkaballapura,31-05-2021,65
Cucumbar(Kheera),Chikkamagalore,29-05-2021,17.09
Cashewnuts,Chintamani,18-05-2021,75
Potato,Hubli (Amaragol),02-04-2021,8.5
Chikoos(Sapota),Mysore (Bandipalya),18-05-2021,20
Chilly+Capsicum,Mysore (Bandipalya),18-05-2021,22
Capsicum,Chickkaballapura,17-07-2021,13
Jowar(Sorghum),Bidar,31-05-2021,32
Chilly+Capsicum,Chickkaballapura,17-07-2021,12.5
Coconut,Chickkaballapura,17-07-2021,130
Copra,Turvekere,17-07-2021,158
Ragi+(Finger+Millet),Davangere,01-03-2021,22.1
Ragi+(Finger+Millet),Kottur,01-03-2021,23.91
Rice,Gangavathi,01-03-2021,22
Rice,Sindhanur,01-03-2021,26
Dry+Chillies,Sira,17-07-2021,135
Alasande+Gram,Laxmeshwar,15-06-2021,48.15
Arhar+Dal(Tur+Dal),Bangalore,15-06-2021,97
Arhar+Dal(Tur+Dal),Kolar,15-06-2021,100
Avare+Dal,Bangalore,15-06-2021,55.5
Banana,Channapatana,15-06-2021,6.5
Beans,Gundlupet,15-06-2021,47
Beans,Kolar,15-06-2021,66
Ginger(Green),Chickkaballapura,17-07-2021,22
Bitter+gourd,Chickkaballapura,15-06-2021,33.5
Bitter+gourd,Kolar,15-06-2021,50
Black+pepper,Siddapur,15-06-2021,383.09
Brinjal,Channapatana,15-06-2021,20
Brinjal,Gundlupet,15-06-2021,9.7
Brinjal,Malur,15-06-2021,12
Brinjal,Shimoga,15-06-2021,13
Carrot,Chickkaballapura,15-06-2021,25
Bitter+gourd,Ramanagara,27-05-2021,40
Carrot,Malur,15-06-2021,23
Chennangi+Dal,Bangalore,15-06-2021,59.5
Chilly+Capsicum,Malur,15-06-2021,15
Chilly+Capsicum,Mysore (Bandipalya),15-06-2021,17
Chrysanthemum(Loose),Chickkaballapura,15-06-2021,65
Cucumbar(Kheera),Channapatana,15-06-2021,11
Cucumbar(Kheera),Chickkaballapura,15-06-2021,14
Cucumbar(Kheera),Hospet,15-06-2021,25
Cucumbar(Kheera),Malur,15-06-2021,15
Dry+Chillies,Bangalore,15-06-2021,190
Ginger(Green),Kolar,15-06-2021,19
Brinjal,Mysore (Bandipalya),27-05-2021,17.5
Green+Chilli,Gundlupet,15-06-2021,23.25
Green+Peas,Bangalore,15-06-2021,114
Groundnut,Bagalakot,15-06-2021,50.42
Groundnut,Hubli (Amaragol),15-06-2021,42.58
Groundnut,Laxmeshwar,15-06-2021,44.06
Groundnut,Raichur,15-06-2021,54.39
Groundnut,Yadgir,15-06-2021,47.42
Gur(Jaggery),Malur,15-06-2021,36.66
Jowar(Sorghum),Hubli (Amaragol),15-06-2021,16.46
Jowar(Sorghum),Laxmeshwar,15-06-2021,15.3
Knool+Khol,Chickkaballapura,15-06-2021,32
Knool+Khol,Kolar,15-06-2021,19
Knool+Khol,Malur,15-06-2021,15
Kulthi(Horse+Gram),Hubli (Amaragol),15-06-2021,28
Lint,Sindhanur,15-06-2021,105
Maize,Kolar,15-06-2021,17.75
Mango,Kolar,15-06-2021,9
Mango,Srinivasapur,15-06-2021,8
Marigold(Calcutta),Chickkaballapura,15-06-2021,22
Onion,Bangalore,15-06-2021,19.5
Onion,Hospet,15-06-2021,16
Onion,Raichur,15-06-2021,11.7
Orange,Mysore (Bandipalya),15-06-2021,50
Paddy(Dhan)(Common),Raichur,15-06-2021,15.3
Lime,Bijapur,05-04-2021,20
Rice,Kolar,15-06-2021,53.63
Rice,Malur,15-06-2021,34.85
Ridge+gourd(Tori),Malur,15-06-2021,30
Rose(Loose),Chickkaballapura,15-06-2021,35
Safflower,Bidar,15-06-2021,50
Safflower,Hubli (Amaragol),15-06-2021,47.2
Onion,Davangere,05-03-2021,10
Onion,Kolar,05-03-2021,22.29
Onion,Shimoga,05-03-2021,30
Soyabean,Bailahongal,15-06-2021,67.8
Soyabean,Bidar,15-06-2021,62
Soyabean,Hubli (Amaragol),15-06-2021,59.42
Groundnut,Kustagi,17-07-2021,50.06
Groundnut,Mundaragi,17-07-2021,53.07
Sunflower,Bagalakot,15-06-2021,59.58
Sunflower,Raichur,15-06-2021,49.39
Thondekai,Malur,15-06-2021,18
Tomato,Channapatana,15-06-2021,5.5
Tomato,Gundlupet,15-06-2021,5.6
Tomato,Kolar,15-06-2021,4.3
Tomato,Malur,15-06-2021,8
Tomato,Srinivasapur,15-06-2021,4.67
Wheat,Bidar,15-06-2021,22
Potato,Chickkaballapura,31-05-2021,9.5
Cotton,Annigeri,29-05-2021,52
Onion,Hubli (Amaragol),05-03-2021,13
Jowar(Sorghum),Kottur,17-07-2021,15.31
Kulthi(Horse+Gram),Kustagi,17-07-2021,30
Maize,Mundaragi,17-07-2021,18.46
Green+Chilli,Chamaraj Nagar,21-06-2021,30
Groundnut,Bellary,21-06-2021,48.48
Groundnut,Challakere,21-06-2021,52.18
Groundnut,Davangere,21-06-2021,38.19
Groundnut,Kottur,21-06-2021,52.3
Mango,Mulabagilu,17-07-2021,10
Safflower,Basava Kalayana,03-03-2021,37.5
Safflower,Bidar,03-03-2021,39
Ashgourd,Davangere,09-07-2021,9
Ridge+gourd(Tori),Chickkaballapura,31-05-2021,25
Ridge+gourd(Tori),Shimoga,31-05-2021,39
Safflower,Bidar,31-05-2021,49.5
Soyabean,Bidar,31-05-2021,65
Chikoos(Sapota),Davangere,13-05-2021,18
Black+pepper,Channagiri,09-03-2021,341.07
Neem+Seed,Kustagi,17-07-2021,16
Tomato,Chintamani,31-05-2021,4.66
Tomato,Mulabagilu,31-05-2021,3.33
Groundnut,Laxmeshwar,21-06-2021,40.29
Groundnut,Yadgir,21-06-2021,47.52
Maize,Davangere,19-03-2021,15.1
Brinjal,Kolar,11-03-2021,4
Paddy(Dhan)(Common),Shikaripura,17-07-2021,24
Safflower,Bellary,02-03-2021,36.06
Safflower,Gadag,02-03-2021,38.68
Jowar(Sorghum),Ramdurga,12-04-2021,13
Onion,Hubli (Amaragol),10-05-2021,10.1
Paddy(Dhan)(Common),Davangere,10-05-2021,17
Pineapple,Mysore (Bandipalya),10-05-2021,18
Potato,Hubli (Amaragol),10-05-2021,14
Raddish,Bangarpet,10-05-2021,6
Ragi+(Finger+Millet),Arasikere,10-05-2021,19
Rice,Arasikere,10-05-2021,44.5
Rice,Bangarpet,10-05-2021,19
Snake+gourd,Mysore (Bandipalya),10-05-2021,3
Banana,Davangere,26-05-2021,14
Sunflower,Nargunda,10-05-2021,66.55
Tamarind+Fruit,Arasikere,10-05-2021,50
Tamarind+Seed,Arasikere,10-05-2021,13.4
Thondekai,Mysore (Bandipalya),10-05-2021,5.5
Tomato,Doddaballa Pur,10-05-2021,10
Tomato,Srinivasapur,10-05-2021,4
Mousambi(Sweet+Lime),Davangere,17-05-2021,15
Water+Melon,Mysore (Bandipalya),10-05-2021,10
Beans,Gundlupet,26-05-2021,58
Beans,Kolar,26-05-2021,50
Bitter+gourd,Davangere,26-05-2021,28
Paddy(Dhan)(Common),Davangere,17-05-2021,17.8
Paddy(Dhan)(Common),Harihara,17-05-2021,22.4
Pineapple,Davangere,17-05-2021,17
Potato,Channarayapatna,17-05-2021,16
Potato,Chikkamagalore,17-05-2021,15.03
Brinjal,Gundlupet,26-05-2021,16
Thondekai,Ramanagara,04-03-2021,20
Onion,Hubli (Amaragol),02-04-2021,8
Bunch+Beans,Davangere,26-05-2021,18
Raddish,Chikkamagalore,17-05-2021,13.89
Cabbage,Chickkaballapura,26-05-2021,3.25
Ragi+(Finger+Millet),Davangere,17-05-2021,23.3
Ragi+(Finger+Millet),Harappana Halli,17-05-2021,23.8
Rice,Chintamani,17-05-2021,41.5
Ridge+gourd(Tori),Chickkaballapura,17-05-2021,22
Capsicum,Belgaum,26-05-2021,18
Capsicum,Chickkaballapura,26-05-2021,8.5
Capsicum,Kolar,26-05-2021,15
Tamarind+Fruit,Chintamani,17-05-2021,25
Cauliflower,Chikkamagalore,13-05-2021,13.89
Carrot,Kolar,26-05-2021,25
Tomato,Chikkamagalore,17-05-2021,8.33
Tomato,Srinivasapur,17-05-2021,3
Chapparad+Avare,Kolar,13-05-2021,16
Water+Melon,Davangere,17-05-2021,17
Chapparad+Avare,Chickkaballapura,26-05-2021,26
Chapparad+Avare,Kolar,26-05-2021,25
Chikoos(Sapota),Davangere,26-05-2021,15
Chilly+Capsicum,Chickkaballapura,26-05-2021,7.5
Paddy(Dhan)(Common),Bangarpet,31-07-2021,23
Paddy(Dhan)(Common),Lingasugur,31-07-2021,22.85
Beans,Kolar,11-03-2021,20
Copra,Turvekere,26-05-2021,165
Cotton,Nargunda,26-05-2021,53
Tender+Coconut,Pandavapura,22-03-2021,150
Ragi+(Finger+Millet),Harappana Halli,31-07-2021,23.5
Rice,Bangarpet,31-07-2021,30
Rice,Sindhanur,31-07-2021,15.47
Ginger(Green),Kolar,26-05-2021,17
Wheat,Bijapur,17-07-2021,19
Green+Chilli,Ramanagara,04-03-2021,12
Sheep,Hirekerur,31-07-2021,70
Green+Chilli,Chickkaballapura,26-05-2021,15
Green+Chilli,Davangere,26-05-2021,12
Green+Chilli,Gundlupet,26-05-2021,13.8
Green+Chilli,Kolar,26-05-2021,20
Maize,Gadag,19-03-2021,12.63
Tomato,Chamaraj Nagar,31-07-2021,6
Tomato,Srinivasapur,31-07-2021,10
Groundnut,Davangere,26-05-2021,47.7
Groundnut,Mundaragi,26-05-2021,51.96
Paddy(Dhan)(Common),Davangere,01-03-2021,18.45
Paddy(Dhan)(Common),Raichur,01-03-2021,16.01
Paddy(Dhan)(Common),Shikaripura,01-03-2021,20.78
Karbuja(Musk+Melon),Davangere,26-05-2021,16
Sunflower,Mundaragi,03-03-2021,72.65
Cucumbar(Kheera),Ramanagara,04-03-2021,20
Maize,Davangere,26-05-2021,15.3
Maize,Mundaragi,26-05-2021,15.34
Soyabean,Hubli (Amaragol),31-03-2021,46.79
Onion,Belgaum,26-05-2021,15
Onion,Chickkaballapura,26-05-2021,18.5
Paddy(Dhan)(Common),Davangere,26-05-2021,17.8
Paddy(Dhan)(Common),Shikaripura,26-05-2021,18
Papaya,Davangere,26-05-2021,18
Pineapple,Davangere,26-05-2021,16
Potato,Belgaum,26-05-2021,15
Potato,Chickkaballapura,26-05-2021,9
Cabbage,Chamaraj Nagar,18-05-2021,5
Cabbage,T. Narasipura,18-05-2021,4
Raddish,Kolar,26-05-2021,15
Ridge+gourd(Tori),Chickkaballapura,26-05-2021,30
Ridge+gourd(Tori),Kolar,26-05-2021,27
Sunflower,Mundaragi,26-05-2021,50.6
Suvarna+Gadde,Davangere,26-05-2021,24
Tomato,Belgaum,26-05-2021,15
Tomato,Gundlupet,26-05-2021,5.7
Tomato,Shimoga,26-05-2021,14
Ragi+(Finger+Millet),Harappana Halli,06-04-2021,25.25
Ragi+(Finger+Millet),Kottur,06-04-2021,24.96
Sunflower,Bellary,09-03-2021,69.74
Water+Melon,Davangere,26-05-2021,16
Capsicum,Malur,13-05-2021,15
Chikoos(Sapota),Davangere,29-05-2021,16
Carrot,Davangere,13-05-2021,11
Maize,Bellary,19-03-2021,15.24
Onion,Bijapur,01-03-2021,14
Onion,Raichur,01-03-2021,17.5
Alasande+Gram,Hubli (Amaragol),01-10-2021,54.96
Alasande+Gram,Laxmeshwar,01-10-2021,49.5
Alasande+Gram,Rona,01-10-2021,60.18
Beans,Gundlupet,01-10-2021,21
Beans,Malur,01-10-2021,26.04
Banana,Mysore (Bandipalya),27-05-2021,15
Maize,Davangere,10-05-2021,15.4
Maize,Hubli (Amaragol),10-05-2021,15.21
Beetroot,Davangere,27-05-2021,11
Mango,Mysore (Bandipalya),10-05-2021,20
Cabbage,Shimoga,01-10-2021,15
Alasande+Gram,Laxmeshwar,05-07-2021,40.29
Safflower,Bidar,10-03-2021,40.1
Carrot,Malur,01-10-2021,35.08
Coriander(Leaves),Gadag,01-10-2021,72.94
Coriander(Leaves),Malur,01-10-2021,87.71
Corriander+seed,Laxmeshwar,01-10-2021,74.33
Cotton,Bellary,01-10-2021,76.83
Cotton,Bijapur,01-10-2021,68.88
Cotton,Ranebennur,01-10-2021,86.01
Maize,Bagalakot,17-05-2021,14.63
Maize,Davangere,17-05-2021,15.1
Groundnut,Bagalakot,01-10-2021,29.09
Groundnut,Bellary,01-10-2021,60.17
Groundnut,Challakere,01-10-2021,57.41
Groundnut,Gadag,01-10-2021,65.09
Groundnut,Gundlupet,01-10-2021,19
Groundnut,Hubli (Amaragol),01-10-2021,60
Groundnut,Kottur,01-10-2021,56.99
Groundnut,Laxmeshwar,01-10-2021,44.96
Groundnut,Ranebennur,01-10-2021,45.65
Groundnut,Rona,01-10-2021,38.29
Gur(Jaggery),Gundlupet,01-10-2021,33.45
Jowar(Sorghum),Bagalakot,01-10-2021,12.61
Jowar(Sorghum),Bellary,01-10-2021,14.77
Jowar(Sorghum),Gadag,01-10-2021,14.69
Jowar(Sorghum),Gulbarga,01-10-2021,20
Jowar(Sorghum),Gundlupet,01-10-2021,10
Jowar(Sorghum),Hubli (Amaragol),01-10-2021,12.11
Jowar(Sorghum),Kottur,01-10-2021,15.27
Jowar(Sorghum),Laxmeshwar,01-10-2021,13.1
Kulthi(Horse+Gram),Bellary,01-10-2021,30.07
Maize,Bellary,01-10-2021,18.74
Maize,Challakere,01-10-2021,17.21
Maize,Gadag,01-10-2021,15.45
Maize,Rona,01-10-2021,16.89
Maize,Shikaripura,01-10-2021,13.08
Thondekai,Kolar,14-03-2021,22
Onion,Hubli (Amaragol),01-10-2021,9
Maize,Harappana Halli,31-07-2021,19.5
Corriander+seed,Laxmeshwar,30-09-2021,71.88
Carrot,Ramanagara,29-05-2021,26
Cauliflower,Chikkamagalore,29-05-2021,11.95
Paddy(Dhan)(Common),Gangavathi,01-10-2021,21.89
Potato,Hubli (Amaragol),27-03-2021,13
Brinjal,Chamaraj Nagar,18-05-2021,8
Knool+Khol,Kolar,14-03-2021,5
Jowar(Sorghum),Hubli (Amaragol),10-05-2021,21.3
Karbuja(Musk+Melon),Mysore (Bandipalya),10-05-2021,13
Alasande+Gram,Mundaragi,01-04-2021,56.33
Suvarna+Gadde,Davangere,16-03-2021,20
Beans,Davangere,01-04-2021,26
Beans,Malur,01-04-2021,30.48
Black+pepper,Siddapur,01-04-2021,368.12
Black+pepper,Sirsi,01-04-2021,375.44
Brinjal,Mysore (Bandipalya),01-04-2021,10
Green+Chilli,Kolar,14-03-2021,24
Gur(Jaggery),Hospet,14-03-2021,76
Castor+Seed,Kottur,01-04-2021,45.93
Sunflower,Challakere,22-03-2021,62.52
Sunflower,Chitradurga,22-03-2021,62.66
Sunflower,Davangere,22-03-2021,59.9
Sunflower,Gadag,22-03-2021,58.63
Sunflower,Raichur,22-03-2021,51.89
Capsicum,Ramanagara,29-05-2021,20
Safflower,Bidar,08-03-2021,40
Safflower,Gadag,08-03-2021,36.81
Tamarind+Fruit,Shimoga,22-03-2021,80.16
Chili+Red,Shimoga,01-04-2021,111.98
Copra,Turvekere,01-04-2021,156.85
Coriander(Leaves),Bidar,01-04-2021,66.5
Cotton,Bijapur,01-04-2021,52.95
Cotton,Kottur,01-04-2021,52.56
Cotton,Raichur,01-04-2021,55
Cotton,Ranebennur,01-04-2021,54.08
Drumstick,Davangere,01-04-2021,16
Ginger(Dry),Sirsi,01-04-2021,161.47
Ginger(Green),Mysore (Bandipalya),01-04-2021,20
Groundnut,Davangere,01-04-2021,52.4
Groundnut,Mundaragi,01-04-2021,59.06
Groundnut,Raichur,01-04-2021,56.38
Groundnut,Ramdurga,01-04-2021,58.12
Groundnut,Ranebennur,01-04-2021,44
Gur(Jaggery),Mhalingapur,01-04-2021,32.11
Jowar(Sorghum),Raichur,01-04-2021,15
Knool+Khol,Davangere,01-04-2021,8
Lint,Kottur,01-04-2021,113
Maize,Bijapur,01-04-2021,14.63
Maize,Davangere,01-04-2021,14.8
Maize,Kottur,01-04-2021,15.13
Maize,Mundaragi,01-04-2021,14.83
Chrysanthemum(Loose),Chickkaballapura,30-09-2021,5
Alasande+Gram,Mundaragi,03-03-2021,62.33
Beans,Chamaraj Nagar,18-05-2021,30
Beans,Chikkamagalore,18-05-2021,27.27
Knool+Khol,Chamaraj Nagar,17-05-2021,20
Paddy(Dhan)(Common),Davangere,23-03-2021,19.7
Paddy(Dhan)(Common),Raichur,23-03-2021,14.81
Soyabean,Basava Kalayana,17-03-2021,51
Knool+Khol,Chamaraj Nagar,31-07-2021,16
Soyabean,Bidar,17-03-2021,49
Sunflower,Mundaragi,01-04-2021,62
Chilly+Capsicum,Kolar,14-03-2021,30
Potato,Davangere,05-03-2021,20
Brinjal,Chamaraj Nagar,29-05-2021,14
Potato,Hubli (Amaragol),05-03-2021,11.5
Potato,Kolar,05-03-2021,21.64
Groundnut,Davangere,10-05-2021,40.8
Groundnut,Hubli (Amaragol),10-05-2021,30.19
Groundnut,Kustagi,10-05-2021,55.81
Gur(Jaggery),Mhalingapur,10-05-2021,31.23
Bull,Ramdurga,18-07-2021,300
Banana,Davangere,13-05-2021,16
Beans,Chikkamagalore,13-05-2021,15.15
Beans,Kolar,13-05-2021,43
Beans,Malur,13-05-2021,30
Goat,Ramdurga,18-07-2021,71
Gur(Jaggery),Mhalingapur,18-07-2021,32.65
Knool+Khol,Chickkaballapura,18-07-2021,6.5
Maize,Ramdurga,18-07-2021,15.5
Sunflower,Challakere,17-03-2021,67.72
Sunflower,Davangere,17-03-2021,67.2
Beans,Chickkaballapura,04-07-2021,25
Sheep,Ramdurga,18-07-2021,68
Brinjal,Chickkaballapura,04-07-2021,14
Carrot,Chickkaballapura,04-07-2021,20
Cauliflower,Chickkaballapura,04-07-2021,15
Chrysanthemum(Loose),Chickkaballapura,04-07-2021,95
Drumstick,Mysore (Bandipalya),21-06-2021,60
Bitter+gourd,Kolar,14-03-2021,22
Rose(Loose),Chickkaballapura,04-07-2021,70
Grapes,Mysore (Bandipalya),10-05-2021,44
Green+Chilli,Mysore (Bandipalya),10-05-2021,19.5
Jowar(Sorghum),Laxmeshwar,31-07-2021,14.27
Groundnut,Mundaragi,03-03-2021,62.74
Elephant+Yam+(Suran),Arasikere,21-06-2021,21
Safflower,Bidar,26-03-2021,46
Safflower,Gadag,26-03-2021,42.46
Beans,Kolar,14-03-2021,27
Maize,Mundaragi,03-03-2021,14.63
Beans,Chamaraj Nagar,29-05-2021,48
Beans,Chikkamagalore,29-05-2021,45.97
Soyabean,Basava Kalayana,09-03-2021,51.71
Avare+Dal,Badami,13-05-2021,20
Beans,Ramanagara,30-03-2021,20
Ginger(Green),Ramanagara,02-08-2021,32
Jowar(Sorghum),Davangere,17-05-2021,23.4
Carrot,Ramanagara,02-08-2021,40
Brinjal,Ramanagara,02-08-2021,20
Safflower,Gadag,06-03-2021,35.09
Safflower,Gulbarga,06-03-2021,37
Maize,Bagalakot,01-03-2021,14.5
Maize,Davangere,01-03-2021,15.1
Maize,Gadag,01-03-2021,12.65
Maize,Kottur,01-03-2021,15.12
Sunflower,Mundaragi,29-03-2021,61.86
Soyabean,Basava Kalayana,22-03-2021,54
Soyabean,Bidar,22-03-2021,51.9
Soyabean,Kalagategi,22-03-2021,52
Banana,Davangere,29-05-2021,13
Sunflower,Mundaragi,05-04-2021,62.33
Elephant+Yam+(Suran),Arasikere,10-05-2021,20.58
Carrot,Chamaraj Nagar,30-09-2021,18.5
Carrot,Mulabagilu,30-09-2021,15
Wheat,Bhadravathi,17-03-2021,23
Wheat,Bidar,17-03-2021,20
Brinjal,Chickkaballapura,12-05-2021,11
Wheat,Gadag,17-03-2021,18.38
Alasande+Gram,Laxmeshwar,22-03-2021,50.31
Alasande+Gram,Mundaragi,22-03-2021,58.61
Wheat,Basava Kalayana,17-03-2021,17
Raddish,Davangere,05-03-2021,7
Sunflower,Bijapur,29-09-2021,53.5
Sunflower,Chitradurga,29-09-2021,56.53
Sunflower,Gadag,29-09-2021,58.07
Groundnut,Bagalakot,17-05-2021,55.46
Groundnut,Davangere,17-05-2021,46
Groundnut,Hubli (Amaragol),17-05-2021,26.7
Garlic,Hospet,12-05-2021,34
Black+pepper,Sirsi,22-03-2021,355.69
Black+pepper,Yellapur,22-03-2021,351.99
Ginger(Green),Hospet,12-05-2021,22
Cucumbar(Kheera),Bangarpet,10-05-2021,2
Kulthi(Horse+Gram),Gadag,05-04-2021,30.49
Kulthi(Horse+Gram),Laxmeshwar,05-04-2021,24.05
Tomato,Mulabagilu,30-03-2021,5
Brinjal,Chickkaballapura,22-03-2021,6
Groundnut,Hubli (Amaragol),12-05-2021,40.09
Jowar(Sorghum),Haveri,12-05-2021,18
Jowar(Sorghum),Hubli (Amaragol),12-05-2021,16.65
Maize,Haveri,12-05-2021,15.2
Maize,Hubli (Amaragol),12-05-2021,15.09
Onion,Kolar,12-05-2021,17
Capsicum,Chickkaballapura,22-03-2021,14
Carrot,Mysore (Bandipalya),22-03-2021,13.5
Carrot,Shimoga,22-03-2021,14
Neem+Seed,Arasikere,02-08-2021,57
Onion,Hubli (Amaragol),02-08-2021,13.5
Alasande+Gram,Bellary,03-03-2021,60.3
Alasande+Gram,Gulbarga,03-03-2021,50.04
Alasande+Gram,Badami,13-05-2021,58
Coconut,Doddaballa Pur,10-05-2021,140
Potato,Hospet,12-05-2021,13
Potato,Hubli (Amaragol),12-05-2021,14.5
Rice,Bangarpet,02-08-2021,30
Cotton,Nargunda,10-05-2021,47.45
Sunflower,Bagalakot,16-03-2021,62.73
Sunflower,Bellary,16-03-2021,74.28
Sunflower,Gadag,16-03-2021,70.75
Sunflower,Kottur,16-03-2021,72.43
Sunflower,Raichur,16-03-2021,62.29
Tomato,Bangarpet,02-08-2021,4
Tomato,Chintamani,02-08-2021,11.99
Tomato,Srinivasapur,02-08-2021,7.33
Beans,Shimoga,03-03-2021,39
Groundnut,Laxmeshwar,31-07-2021,49.47
Brinjal,Hunsur,03-03-2021,37.22
Rice,Bangarpet,05-03-2021,42
Ragi+(Finger+Millet),Haveri,12-05-2021,20
Ridge+gourd(Tori),Hospet,12-05-2021,20
Safflower,Hubli (Amaragol),12-05-2021,46.51
Banana,Channapatana,15-05-2021,20
Lime,Bijapur,01-03-2021,12
Maize,Harappana Halli,02-08-2021,19.45
Coconut,Davangere,22-03-2021,160
Lint,Kottur,01-03-2021,91.38
Copra,Turvekere,21-06-2021,159
Corriander+seed,Shimoga,21-06-2021,84.5
Maize,Bijapur,19-03-2021,15.12
Maize,Challakere,19-03-2021,15.21
Cotton,Kottur,21-06-2021,47.94
Cucumbar(Kheera),Bangarpet,21-06-2021,15
Maize,Kottur,19-03-2021,14.8
Maize,Mundaragi,19-03-2021,14.67
Coriander(Leaves),Bidar,22-03-2021,68.5
Tomato,Bangarpet,04-03-2021,4
Tomato,Kolar,04-03-2021,7.33
Cauliflower,Mysore (Bandipalya),03-03-2021,4
Maize,Chitradurga,19-03-2021,14.88
Kulthi(Horse+Gram),Gadag,01-03-2021,31.1
Cotton,Bijapur,22-03-2021,56.38
Cotton,Kottur,22-03-2021,54.91
Cotton,Raichur,22-03-2021,54.5
Chili+Red,Shimoga,03-03-2021,107.99
Coconut,Bangalore,03-03-2021,225
Cotton,Nargunda,04-03-2021,53
Cabbage,Belgaum,15-05-2021,10
Elephant+Yam+(Suran),Arasikere,04-03-2021,18
Capsicum,Belgaum,15-05-2021,17
Carrot,Chickkaballapura,15-05-2021,12
Green+Chilli,Gundlupet,04-03-2021,18
Cauliflower,Belgaum,15-05-2021,8.5
Chikoos(Sapota),Mysore (Bandipalya),15-05-2021,22
Ram,Ramdurga,12-04-2021,73
Drumstick,Shimoga,22-03-2021,28
Cucumbar(Kheera),Channapatana,15-05-2021,8
Dry+Chillies,Hubli (Amaragol),22-03-2021,262.09
Drumstick,Shimoga,03-03-2021,69
Dry+Chillies,Bangalore,03-03-2021,172.5
Snake+gourd,Ramanagara,18-03-2021,12
Sweet+Pumpkin,Ramanagara,18-03-2021,5.5
Sheep,Ramdurga,12-04-2021,68
Gur(Jaggery),Kolar,04-03-2021,40
Green+Chilli,Belgaum,15-05-2021,6
Green+Chilli,Chamaraj Nagar,15-05-2021,19
Ginger(Green),Mysore (Bandipalya),22-03-2021,29
Ragi+(Finger+Millet),Kottur,02-03-2021,24.08
Maize,Nargunda,04-03-2021,14.85
Lime,Mysore (Bandipalya),15-05-2021,19
Ginger(Dry),Hosanagar,31-07-2021,81.67
Mango,Mysore (Bandipalya),15-05-2021,20
Green+Chilli,Davangere,31-07-2021,8
Paddy(Dhan)(Common),Bangarpet,04-03-2021,20
Green+Chilli,Shimoga,22-03-2021,22
Pineapple,Mysore (Bandipalya),15-05-2021,19
Chilly+Capsicum,Mysore (Bandipalya),10-05-2021,30
Ridge+gourd(Tori),Shimoga,05-03-2021,34
Safflower,Gadag,05-03-2021,39.73
Garlic,Chintamani,17-05-2021,60
Ragi+(Finger+Millet),Kottur,03-03-2021,24.19
Groundnut,Bagalakot,03-03-2021,63.81
Groundnut,Bellary,03-03-2021,65.1
Groundnut,Chitradurga,03-03-2021,56.21
Groundnut,Hubli (Amaragol),03-03-2021,53.1
Groundnut,Yadgir,03-03-2021,61.43
Green+Chilli,Chikkamagalore,17-05-2021,17
Groundnut,Challakere,22-03-2021,64.24
Groundnut,Chitradurga,22-03-2021,61.8
Groundnut,Davangere,22-03-2021,61.8
Groundnut,Laxmeshwar,22-03-2021,52.64
Groundnut,Mundaragi,22-03-2021,60.88
Groundnut,Raichur,22-03-2021,55.61
Soyabean,Hubli (Amaragol),05-03-2021,51.71
Jowar(Sorghum),Bellary,03-03-2021,17.25
Jowar(Sorghum),Gulbarga,03-03-2021,23.02
Knool+Khol,Mysore (Bandipalya),03-03-2021,8.5
Kulthi(Horse+Gram),Bellary,03-03-2021,25.38
Jowar(Sorghum),Bidar,22-03-2021,31
Jowar(Sorghum),Gadag,22-03-2021,16.73
Jowar(Sorghum),Kottur,22-03-2021,11.61
Jowar(Sorghum),Laxmeshwar,22-03-2021,21.19
Jowar(Sorghum),Raichur,22-03-2021,23.54
Tomato,Belgaum,15-05-2021,13.5
Tomato,Chickkaballapura,15-05-2021,5.5
Tomato,Kolar,15-05-2021,4.33
Rice,Bangarpet,04-03-2021,19
Rice,Kolar,04-03-2021,54.75
Maize,Bagalakot,03-03-2021,14.59
Maize,Bellary,03-03-2021,15.04
Maize,Chitradurga,03-03-2021,15.01
Water+Melon,Mysore (Bandipalya),15-05-2021,9
Rice,Bangarpet,08-03-2021,30
Ragi+(Finger+Millet),Kottur,30-03-2021,23.86
Maize,Mundaragi,22-03-2021,14.91
Brinjal,Mulabagilu,30-09-2021,5
Onion,Hunsur,03-03-2021,31.25
Elephant+Yam+(Suran),Arasikere,31-07-2021,21.5
Beans,Gundlupet,20-05-2021,37.38
Brinjal,Gundlupet,20-05-2021,10
Sunflower,Gadag,05-03-2021,61.13
Potato,Shimoga,03-03-2021,23
Elephant+Yam+(Suran),Arasikere,17-05-2021,36.01
Cotton,Nargunda,20-05-2021,47
Tomato,Chikkamagalore,04-03-2021,11.54
Raddish,Davangere,03-03-2021,6
Thogrikai,Kolar,05-03-2021,20
Wheat,Basava Kalayana,03-04-2021,17
Wheat,Bidar,03-04-2021,20
Wheat,Gadag,03-04-2021,17.09
Wheat,Hospet,03-04-2021,49
Wheat,Hubli (Amaragol),03-04-2021,15.1
Tomato,Bangarpet,05-03-2021,4
Safflower,Gulbarga,03-03-2021,36.02
Tomato,Channapatana,05-03-2021,8
Soyabean,Gulbarga,03-03-2021,36.54
Soyabean,Hubli (Amaragol),03-03-2021,30.23
Green+Chilli,Gundlupet,20-05-2021,10
Tomato,Kolar,05-03-2021,6.67
Sunflower,Chitradurga,03-03-2021,72.55
Sunflower,Gulbarga,03-03-2021,41.04
Tamarind+Fruit,Chintamani,03-03-2021,60
Groundnut,Badami,20-05-2021,27.16
Tamarind+Fruit,Shimoga,03-03-2021,89.19
Gur(Jaggery),Mandya,20-05-2021,38.7
Drumstick,Davangere,31-07-2021,18
Tomato,Srinivasapur,03-03-2021,8
Maize,Badami,20-05-2021,15.24
Maize,Shikaripura,20-05-2021,15.6
Beans,Chamaraj Nagar,30-09-2021,20
Beans,Mulabagilu,30-09-2021,20
Beetroot,Chamaraj Nagar,30-09-2021,9
Bitter+gourd,Davangere,30-09-2021,13
Cucumbar(Kheera),Chickkaballapura,17-05-2021,4.5
Safflower,Basava Kalayana,17-03-2021,41
Safflower,Bidar,17-03-2021,42.25
Safflower,Gadag,17-03-2021,41.26
Sunflower,Mundaragi,22-03-2021,63.11
Wheat,Laxmeshwar,05-03-2021,19.63
Sunflower,Nargunda,20-05-2021,65
Tomato,Mulabagilu,22-03-2021,6
Wheat,Gadag,05-03-2021,55.02
Tomato,Shimoga,20-05-2021,13
Cotton,Sindhanur,31-07-2021,67
Onion,Ramanagara,18-06-2021,23
Wheat,Hubli (Amaragol),13-03-2021,10.91
Knool+Khol,Ramanagara,18-06-2021,32
Beans,Bangarpet,10-05-2021,27
Marigold(Calcutta),Chickkaballapura,30-03-2021,4
Copra,Arasikere,18-06-2021,156.73
Paddy(Dhan)(Common),Lingasugur,30-03-2021,16.1
Potato,Chikkamagalore,30-03-2021,13.33
Tamarind+Fruit,Hospet,03-04-2021,65
Tamarind+Fruit,Shimoga,03-04-2021,84.99
Rose(Loose),Chickkaballapura,30-03-2021,4
Safflower,Sindagi,30-03-2021,41
Tomato,Chikkamagalore,30-03-2021,10.68
Tomato,Kanakapura,30-03-2021,5
Tomato,Kolar,30-03-2021,5.67
Tomato,T. Narasipura,30-03-2021,4
Rice,Bangarpet,15-03-2021,41
Sunflower,Gadag,07-04-2021,62.19
Sunflower,Raichur,07-04-2021,54.29
Rice,Gangavathi,15-03-2021,25
Elephant+Yam+(Suran),Arasikere,02-08-2021,32.65
Jowar(Sorghum),Basava Kalayana,01-03-2021,32.06
Jowar(Sorghum),Gadag,01-03-2021,17.54
Jowar(Sorghum),Kottur,01-03-2021,11.64
Jowar(Sorghum),Raichur,01-03-2021,24.29
Jowar(Sorghum),Sindhanur,01-03-2021,20.2
Banana,Davangere,30-09-2021,12
Safflower,Bidar,22-03-2021,42.5
Safflower,Gadag,22-03-2021,42.01
Seemebadnekai,Mysore (Bandipalya),22-03-2021,18
Soyabean,Basava Kalayana,16-03-2021,51.5
Soyabean,Bidar,16-03-2021,48.3
Snake+gourd,Ramanagara,29-03-2021,16
Safflower,Hubli (Amaragol),05-04-2021,43.44
Chikoos(Sapota),Davangere,17-05-2021,16.5
Soyabean,Basava Kalayana,07-04-2021,65
Soyabean,Gulbarga,07-04-2021,50
Potato,Bangarpet,18-06-2021,16
Potato,Chikkamagalore,18-06-2021,17.02
Raddish,Bangarpet,18-06-2021,8
Raddish,Chikkamagalore,18-06-2021,10.41
Ragi+(Finger+Millet),Kottur,18-06-2021,19.64
Rice,Bangarpet,18-06-2021,38
Ridge+gourd(Tori),Davangere,18-06-2021,26
Safflower,Bellary,18-06-2021,46.38
Soyabean,Bidar,18-06-2021,62.5
Sunflower,Bellary,18-06-2021,59.34
Sunflower,Kottur,18-06-2021,63.66
Sweet+Potato,Davangere,18-06-2021,13
Groundnut,Kustagi,04-05-2021,54
Tomato,Chikkamagalore,18-06-2021,9.21
Onion,Chikkamagalore,18-06-2021,21.93
Onion,Hubli (Amaragol),18-06-2021,14.3
Paddy(Dhan)(Common),Bangarpet,18-06-2021,22
Maize,Bellary,18-06-2021,16.5
Mango,Mulabagilu,18-06-2021,11
Cabbage,Davangere,06-04-2021,7.5
Alasande+Gram,Laxmeshwar,06-03-2021,60.97
Carrot,Bangarpet,06-04-2021,8
Potato,Chickkaballapura,03-03-2021,8
Potato,Chikkamagalore,03-03-2021,15.1
Jowar(Sorghum),Bellary,18-06-2021,14.32
Chrysanthemum(Loose),Chickkaballapura,06-04-2021,80
Knool+Khol,Davangere,18-06-2021,16
Copra,Arasikere,06-04-2021,150
Sunflower,Mundaragi,26-04-2021,67.87
Onion,Hubli (Amaragol),10-07-2021,13
Cummin+Seed(Jeera),Gadag,06-04-2021,84.12
Dry+Chillies,Hubli (Amaragol),06-04-2021,325
Dry+Grapes,Bangalore,06-04-2021,372.5
Bull,Ramdurga,21-03-2021,230
Sunflower,Gadag,03-04-2021,58.16
Seemebadnekai,Ramanagara,10-07-2021,16
Paddy(Dhan)(Common),Raichur,25-03-2021,16.42
Green+Chilli,Chikkamagalore,18-06-2021,18.23
Green+Chilli,Davangere,18-06-2021,25
Green+Avare+(W),Davangere,06-04-2021,19
Groundnut,Bellary,18-06-2021,42.83
Groundnut,Kottur,18-06-2021,51.9
Groundnut,Savanur,18-06-2021,48.96
Groundnut,Yadgir,18-06-2021,46.64
Garlic,Davangere,18-06-2021,38
Cucumbar(Kheera),Hospet,21-03-2021,12
Groundnut,Gadag,06-04-2021,47.12
Groundnut,Hubli (Amaragol),06-04-2021,48.51
Groundnut,Yadgir,06-04-2021,50.55
Cucumbar(Kheera),Davangere,06-03-2021,8
Apple,Davangere,30-09-2021,60
Jowar(Sorghum),Bellary,06-04-2021,16.3
Jowar(Sorghum),Gadag,06-04-2021,20.27
Jowar(Sorghum),Hubli (Amaragol),06-04-2021,19.78
Sunflower,Chitradurga,05-03-2021,71.44
Sunflower,Kottur,05-03-2021,68.44
Gur(Jaggery),Mhalingapur,21-03-2021,31.52
Knool+Khol,Davangere,06-04-2021,8
Gur(Jaggery),Hospet,21-03-2021,35
Jowar(Sorghum),Ramdurga,21-03-2021,23
Maize,Bellary,06-04-2021,15.28
Maize,Gadag,06-04-2021,9.48
Maize,Hubli (Amaragol),06-04-2021,14.32
Marigold(Calcutta),Chickkaballapura,06-04-2021,3
Green+Chilli,Davangere,06-03-2021,15
Onion,Hospet,21-03-2021,15
Groundnut,Laxmeshwar,06-03-2021,34.99
Gur(Jaggery),Mandya,06-03-2021,36
Cucumbar(Kheera),Bangarpet,18-06-2021,15
Onion,Hubli (Amaragol),06-04-2021,7
Jowar(Sorghum),Bellary,06-03-2021,17.28
Jowar(Sorghum),Laxmeshwar,06-03-2021,13.03
Kulthi(Horse+Gram),Bellary,06-03-2021,25.79
Potato,Hospet,21-03-2021,14
Maize,Bellary,06-03-2021,14.59
Maize,Harappana Halli,06-03-2021,11.9
She+Buffalo,Ramdurga,21-03-2021,540
Cauliflower,Chikkamagalore,18-06-2021,10.41
Sheep,Ramdurga,21-03-2021,61
Tomato,Hospet,21-03-2021,10
Potato,Davangere,06-04-2021,16
Cotton,Haveri,11-03-2021,56.5
Cabbage,Davangere,18-06-2021,13
Cabbage,Shimoga,18-06-2021,39
Carrot,Bangarpet,18-06-2021,30
Carrot,Chikkamagalore,18-06-2021,16.66
Carrot,Shimoga,18-06-2021,34
Jowar(Sorghum),Haveri,11-03-2021,18.25
Carrot,Bangarpet,02-08-2021,25
Maize,Haveri,11-03-2021,15
Potato,Bangalore,06-03-2021,11.5
Bottle+gourd,Davangere,18-06-2021,15
Brinjal,Davangere,18-06-2021,10
Rice,Gangavathi,06-03-2021,14.5
Alasande+Gram,Hubli (Amaragol),03-07-2021,44.83
Black+pepper,Yellapur,15-06-2021,367.99
Rice,Bangarpet,06-04-2021,43
Rice,Kolar,06-04-2021,54.06
Arhar+Dal(Tur+Dal),Bangalore,03-07-2021,97
Soyabean,Basava Kalayana,29-09-2021,51
Soyabean,Haveri,11-03-2021,50.35
Soyabean,Bidar,29-09-2021,54
Soyabean,Hubli (Amaragol),29-09-2021,57.52
Cashewnuts,Chintamani,15-06-2021,90
Ridge+gourd(Tori),Davangere,06-04-2021,15
Rose(Loose),Chickkaballapura,06-04-2021,5
Safflower,Gadag,06-04-2021,43.73
Safflower,Hubli (Amaragol),06-04-2021,43.89
Seemebadnekai,Davangere,06-04-2021,9
Soyabean,Haveri,06-04-2021,60.55
Soyabean,Hubli (Amaragol),06-04-2021,54.88
Banana,Davangere,03-07-2021,17
Cucumbar(Kheera),K.R. Pet,15-06-2021,10
Sunflower,Bellary,06-04-2021,68.6
Sunflower,Gadag,06-04-2021,63.93
Sunflower,Yadgir,06-04-2021,51.04
Suvarna+Gadde,Davangere,06-04-2021,23
Sweet+Potato,Davangere,06-04-2021,9
Sweet+Pumpkin,Davangere,06-04-2021,5
Thondekai,Davangere,06-04-2021,8
Groundnut,Mundaragi,15-06-2021,53.42
Gur(Jaggery),Mhalingapur,15-06-2021,32.6
Beans,Malur,03-07-2021,41.66
Maize,Lingasugur,15-06-2021,16.7
Maize,Mundaragi,15-06-2021,15.97
Beans,Bangarpet,18-06-2021,60
Beans,Chikkamagalore,18-06-2021,40.32
Paddy(Dhan)(Common),Lingasugur,15-06-2021,14.5
Wheat,Gadag,06-04-2021,20.12
Wheat,Hubli (Amaragol),06-04-2021,15.1
Safflower,Bellary,06-03-2021,40.1
Safflower,Bidar,06-03-2021,39.5
Soyabean,Bidar,06-03-2021,46
Rice,Chintamani,15-06-2021,41
Carrot,Bangarpet,31-07-2021,28
Tomato,Chintamani,15-06-2021,4.66
Tomato,Mulabagilu,15-06-2021,3.33
Sunflower,Bellary,06-03-2021,68.26
Banana+-+Green,Hospet,18-06-2021,10
Thogrikai,Davangere,06-03-2021,28
Tomato,Mulabagilu,06-03-2021,5.33
Cabbage,Chikkamagalore,03-07-2021,8.01
Beans,Bangarpet,04-03-2021,12
Cauliflower,Chikkamagalore,03-07-2021,10.1
Chennangi+Dal,Bangalore,03-07-2021,79
Chikoos(Sapota),Davangere,03-07-2021,14
Green+Chilli,Chikkamagalore,30-03-2021,30.7
Cabbage,Chamaraj Nagar,17-05-2021,4.5
Cucumbar(Kheera),Chikkamagalore,03-07-2021,14.81
Carrot,Chickkaballapura,17-05-2021,9.5
Cummin+Seed(Jeera),Gadag,03-07-2021,85.38
Dry+Chillies,Bangalore,03-07-2021,300
Dry+Chillies,Hubli (Amaragol),03-07-2021,86.66
Garlic,Bangalore,03-07-2021,7
Ginger(Green),Bangalore,03-07-2021,9.5
Green+Chilli,Chikkamagalore,03-07-2021,17.76
Soyabean,Basava Kalayana,03-04-2021,60.5
Soyabean,Bidar,03-04-2021,59.5
Soyabean,Hubli (Amaragol),03-04-2021,47.09
Groundnut,Bagalakot,03-07-2021,44.88
Groundnut,Gadag,03-07-2021,46.32
Groundnut,Hubli (Amaragol),03-07-2021,41.59
Gur(Jaggery),Bangalore,03-07-2021,46
Gur(Jaggery),Mandya,03-07-2021,31
Jowar(Sorghum),Basava Kalayana,03-07-2021,20
Jowar(Sorghum),Bellary,03-07-2021,15.94
Jowar(Sorghum),Gadag,03-07-2021,15.84
Jowar(Sorghum),Hubli (Amaragol),03-07-2021,14.61
Karbuja(Musk+Melon),Davangere,03-07-2021,13
Kulthi(Horse+Gram),Bangalore,03-07-2021,33
Maize,Bangalore,03-07-2021,19.75
Maize,Haveri,03-07-2021,16.11
Mango,Srinivasapur,03-07-2021,12
Ragi+(Finger+Millet),Harappana Halli,10-03-2021,24.33
Ragi+(Finger+Millet),Kottur,10-03-2021,25.01
Alasande+Gram,Laxmeshwar,30-09-2021,50.65
Mustard,Bangalore,03-07-2021,90
Onion,Bangalore,03-07-2021,15.5
Ragi+(Finger+Millet),Kottur,31-03-2021,24.63
Paddy(Dhan)(Common),Davangere,03-07-2021,18
Papaya,Davangere,03-07-2021,16
Pineapple,Davangere,03-07-2021,17
Pomegranate,Davangere,03-07-2021,16
Jowar(Sorghum),Laxmeshwar,10-07-2021,16.52
Onion,Belgaum,25-03-2021,15
Onion,Bijapur,25-03-2021,6
Onion,Hubli (Amaragol),25-03-2021,7
Onion,Raichur,25-03-2021,7.45
Soyabean,Haveri,04-03-2021,52
Soyabean,Hubli (Amaragol),04-03-2021,47.57
Sunflower,Bellary,04-03-2021,67.72
Carrot,Mysore (Bandipalya),21-06-2021,47
Rice,Bangalore,03-07-2021,38
Brinjal,Bangarpet,31-07-2021,15
Ridge+gourd(Tori),Chikkamagalore,03-07-2021,12.5
Ragi+(Finger+Millet),Mysore (Bandipalya),06-03-2021,25.2
Cabbage,Chamaraj Nagar,31-07-2021,3.5
Safflower,Gadag,03-07-2021,44.94
Safflower,Hubli (Amaragol),03-07-2021,40.69
Soyabean,Basava Kalayana,03-07-2021,72
Soyabean,Hubli (Amaragol),03-07-2021,63.87
Sunflower,Bagalakot,03-07-2021,60.07
Tamarind+Fruit,Shimoga,03-07-2021,56.03
Tomato,Chickkaballapura,03-07-2021,7
Tomato,Chikkamagalore,03-07-2021,10.63
Tomato,Chintamani,03-07-2021,8
Tomato,Srinivasapur,03-07-2021,7.33
Onion,Ramanagara,17-03-2021,20
Groundnut,Laxmeshwar,10-07-2021,45.35
Potato,Ramanagara,17-03-2021,14
Seemebadnekai,Ramanagara,17-03-2021,13
Water+Melon,Davangere,03-07-2021,14
Wheat,Bangalore,03-07-2021,86
Wheat,Gadag,03-07-2021,17.36
Marigold(Calcutta),Chickkaballapura,29-03-2021,3
Paddy(Dhan)(Common),Lingasugur,29-03-2021,16
Rose(Loose),Chickkaballapura,29-03-2021,15
Tomato,Gundlupet,29-03-2021,5
Soyabean,Bidar,05-03-2021,46
Soyabean,Haveri,05-03-2021,49.35
Gur(Jaggery),Mhalingapur,01-03-2021,31.73
Maize,Harappana Halli,29-03-2021,24.9
Green+Chilli,Ramanagara,17-03-2021,12
Rice,Bangarpet,01-05-2021,22
Ridge+gourd(Tori),Ramanagara,01-05-2021,25
Tomato,Bangarpet,01-05-2021,4
Drumstick,Ramanagara,17-03-2021,46
Green+Chilli,Chikkamagalore,18-03-2021,19.38
Green+Chilli,Gundlupet,18-03-2021,15
Jowar(Sorghum),Sindhanur,18-03-2021,20.25
Knool+Khol,Kolar,18-03-2021,5
Maize,Nargunda,18-03-2021,13.22
Rice,Bangalore,05-04-2021,50
Onion,Kolar,18-03-2021,21.24
Alasande+Gram,Mundaragi,29-03-2021,55.64
Potato,Kolar,18-03-2021,17.4
Alasande+Gram,Bellary,22-04-2021,55.89
Alasande+Gram,Laxmeshwar,22-04-2021,48.09
Brinjal,Chickkaballapura,01-05-2021,5.5
Sunflower,Nargunda,18-03-2021,75
Sunflower,Sindhanur,18-03-2021,70.02
Tamarind+Seed,Arasikere,18-03-2021,65
Tomato,Chikkamagalore,18-03-2021,20.85
Tomato,Srinivasapur,18-03-2021,6
Bitter+gourd,Ramanagara,01-05-2021,25
Bottle+gourd,Chickkaballapura,01-05-2021,1.5
Ragi+(Finger+Millet),Kottur,15-03-2021,25.01
Groundnut,Bagalakot,01-03-2021,64.17
Groundnut,Davangere,01-03-2021,45.1
Groundnut,Gadag,01-03-2021,47.43
Groundnut,Laxmeshwar,01-03-2021,55.56
Groundnut,Raichur,01-03-2021,51.09
Groundnut,Ramdurga,01-03-2021,58.62
Groundnut,Sindhanur,01-03-2021,43.8
Groundnut,Mundaragi,29-03-2021,59.07
Maize,Mundaragi,29-03-2021,14.68
Gur(Jaggery),Srirangapattana,29-03-2021,36.9
Potato,Chikkamagalore,04-05-2021,14.7
Potato,Ramanagara,04-05-2021,16
Raddish,Chamaraj Nagar,04-05-2021,7.5
Rice,Bangarpet,04-05-2021,32
Seemebadnekai,Ramanagara,04-05-2021,20
Soyabean,Hubli (Amaragol),04-05-2021,32.69
Sunflower,Nargunda,04-05-2021,69.5
Tomato,Chikkamagalore,04-05-2021,10.58
Tomato,Gundlupet,04-05-2021,3.7
Tomato,Ramanagara,04-05-2021,5
Tomato,Srinivasapur,04-05-2021,1.33
Ragi+(Finger+Millet),Bangarpet,27-05-2021,27
Black+pepper,Siddapur,22-04-2021,383.09
Green+Chilli,Gundlupet,29-03-2021,20
Alasande+Gram,Laxmeshwar,15-04-2021,43.79
Antawala,Chikkamagalore,15-04-2021,50
Wheat,Bijapur,16-03-2021,24.5
Beans,Chikkamagalore,15-04-2021,34.63
Beetroot,Shimoga,15-04-2021,15
Bottle+gourd,Kolar,15-04-2021,10
Cabbage,Kolar,15-04-2021,5
Cabbage,Shimoga,15-04-2021,29
Carrot,Chikkamagalore,15-04-2021,13.88
Onion,Hubli (Amaragol),04-05-2021,5.8
Onion,Raichur,04-05-2021,8.65
Elephant+Yam+(Suran),Arasikere,29-03-2021,18
Cauliflower,Chikkamagalore,15-04-2021,10.57
Paddy(Dhan)(Common),Raichur,04-05-2021,14.31
Paddy(Dhan)(Common),T. Narasipura,04-05-2021,16.4
Cotton,Haveri,15-04-2021,55.19
Cotton,Nargunda,15-04-2021,53.5
Drumstick,Shimoga,15-04-2021,13
Beans,Bangarpet,17-05-2021,7.5
Beans,Chamaraj Nagar,17-05-2021,18
Beans,Chikkamagalore,17-05-2021,21.74
Beans,Chintamani,17-05-2021,30
Alasande+Gram,Arasikere,02-08-2021,50
Drumstick,Mysore (Bandipalya),29-03-2021,35
Green+Chilli,Chikkamagalore,15-04-2021,26.31
Green+Chilli,Kolar,15-04-2021,33
Groundnut,Davangere,15-04-2021,47.4
Groundnut,Hubli (Amaragol),15-04-2021,44.7
Groundnut,Laxmeshwar,15-04-2021,45.43
Cotton,Bijapur,22-04-2021,59.47
Cotton,Gadag,22-04-2021,53.34
Cotton,Savanur,22-04-2021,55.86
Jowar(Sorghum),Bellary,15-04-2021,16.14
Jowar(Sorghum),Laxmeshwar,15-04-2021,18.84
Kulthi(Horse+Gram),Laxmeshwar,15-04-2021,22.15
Maize,Bellary,15-04-2021,16.64
Maize,Davangere,15-04-2021,15
Maize,Haveri,15-04-2021,15
Maize,Hubli (Amaragol),04-05-2021,15.35
Rice,Bidar,22-03-2021,25
Rice,Chintamani,22-03-2021,22
Rice,Shimoga,22-03-2021,36
Onion,Chikkamagalore,15-04-2021,12.15
Onion,Hubli (Amaragol),15-04-2021,6.5
Potato,Belgaum,10-03-2021,15
Cummin+Seed(Jeera),Gadag,22-04-2021,84.82
Beans,Chamaraj Nagar,30-04-2021,15
Beans,T. Narasipura,30-04-2021,20
Potato,Chikkamagalore,15-04-2021,14.32
Potato,Hubli (Amaragol),15-04-2021,14
Chrysanthemum(Loose),Chickkaballapura,30-03-2021,85
Wheat,Basava Kalayana,28-09-2021,19
Wheat,Gadag,28-09-2021,16.26
Green+Chilli,Hunsur,01-03-2021,26.11
Safflower,Bellary,09-03-2021,40.11
Wheat,Gadag,30-09-2021,24.59
Wheat,Hubli (Amaragol),30-09-2021,12.34
Potato,Belgaum,06-03-2021,15
Potato,Hubli (Amaragol),06-03-2021,8.5
Green+Chilli,Chikkamagalore,22-04-2021,28.98
Brinjal,Chickkaballapura,30-04-2021,6
Ridge+gourd(Tori),Kolar,15-04-2021,23
Onion,Hubli (Amaragol),27-03-2021,8.5
Safflower,Laxmeshwar,15-04-2021,43.5
Soyabean,Haveri,15-04-2021,67
Sunflower,Bellary,15-04-2021,65.62
Sunflower,Davangere,15-04-2021,64.5
Sunflower,Nargunda,15-04-2021,66
Tomato,Chikkamagalore,15-04-2021,10.88
Tomato,Chintamani,15-04-2021,5.99
Bunch+Beans,Davangere,30-04-2021,13
Alasande+Gram,Bagalakot,13-04-2021,59.03
Safflower,Gadag,31-03-2021,42.18
Safflower,Hubli (Amaragol),31-03-2021,41.86
Chrysanthemum(Loose),Chickkaballapura,29-03-2021,75
Groundnut,Gadag,22-04-2021,45.17
Groundnut,Hubli (Amaragol),22-04-2021,43.09
Groundnut,Laxmeshwar,22-04-2021,45.19
Groundnut,Savanur,22-04-2021,48.01
Capsicum,Chickkaballapura,30-04-2021,11
Gur(Jaggery),Mandya,22-04-2021,40.8
Carrot,Chamaraj Nagar,30-04-2021,7
Alasande+Gram,Gulbarga,01-03-2021,50
Alasande+Gram,Laxmeshwar,01-03-2021,63.14
Cauliflower,Davangere,30-04-2021,12
Onion,Davangere,23-03-2021,10
Onion,Raichur,23-03-2021,8.21
Onion,Shimoga,23-03-2021,18
Cotton,Nargunda,18-03-2021,55
Jowar(Sorghum),Bellary,22-04-2021,16.84
Jowar(Sorghum),Gadag,22-04-2021,16.79
Jowar(Sorghum),Hubli (Amaragol),22-04-2021,15.83
Jowar(Sorghum),Laxmeshwar,22-04-2021,13.47
Dry+Chillies,Sindhanur,18-03-2021,92
Chilly+Capsicum,Chickkaballapura,30-04-2021,20
Chapparad+Avare,Gundlupet,29-03-2021,24
Black+pepper,Siddapur,01-03-2021,326.69
Cauliflower,Chikkamagalore,30-03-2021,11.28
Maize,Bellary,22-04-2021,16.24
Maize,Hubli (Amaragol),22-04-2021,16.04
Soyabean,Hubli (Amaragol),13-03-2021,38.59
Chili+Red,Shimoga,01-03-2021,96.32
Coconut,Davangere,01-03-2021,180
Green+Chilli,Chamaraj Nagar,30-04-2021,9
Cotton,Bijapur,01-03-2021,60.3
Cotton,Kottur,01-03-2021,55
Cotton,Raichur,01-03-2021,52.5
Jowar(Sorghum),Hubli (Amaragol),04-05-2021,17.09
Jowar(Sorghum),Laxmeshwar,04-05-2021,14.8
Jowar(Sorghum),Raichur,04-05-2021,14.21
Knool+Khol,Chamaraj Nagar,04-05-2021,10.2
Coriander(Leaves),Bidar,01-03-2021,60
Cotton,Davangere,01-03-2021,53.6
Cotton,Gadag,01-03-2021,55.13
Cotton,Sindhanur,01-03-2021,63
Safflower,Basava Kalayana,03-04-2021,45
Safflower,Bidar,03-04-2021,45
Safflower,Gadag,03-04-2021,42.75
Safflower,Hubli (Amaragol),03-04-2021,42.89
Onion,Hubli (Amaragol),22-04-2021,10
Cummin+Seed(Jeera),Gadag,01-03-2021,99.91
Groundnut,Bagalakot,30-04-2021,53.75
Groundnut,Challakere,30-04-2021,56.11
Groundnut,Mundaragi,30-04-2021,54.01
Dry+Grapes,Bijapur,01-03-2021,153
Gur(Jaggery),Mandya,30-04-2021,40
Groundnut,Bagalakot,13-04-2021,53.57
Groundnut,Mundaragi,13-04-2021,53.49
Jowar(Sorghum),Hubli (Amaragol),30-04-2021,18.21
Jowar(Sorghum),Bagalakot,13-04-2021,14.96
Knool+Khol,Chickkaballapura,30-04-2021,8.5
Knool+Khol,Davangere,30-04-2021,8
Ragi+(Finger+Millet),Chintamani,22-03-2021,23.5
Ragi+(Finger+Millet),Kottur,22-03-2021,25.55
Maize,Mundaragi,13-04-2021,15.15
Tomato,Ramanagara,20-07-2021,15
Maize,Bagalakot,30-04-2021,15
Maize,Challakere,30-04-2021,15.86
Maize,Mundaragi,30-04-2021,15.84
Banana,Davangere,18-06-2021,19
Beans,Chamaraj Nagar,18-06-2021,30
Beans,Gundlupet,18-06-2021,50
Beans,Malur,18-06-2021,71.43
Beetroot,Chamaraj Nagar,18-06-2021,15
Beetroot,Gundlupet,18-06-2021,20
Onion,Hubli (Amaragol),13-04-2021,5.5
Brinjal,Chamaraj Nagar,18-06-2021,9
Brinjal,Gundlupet,18-06-2021,11.85
Cabbage,Gundlupet,18-06-2021,6.6
Chikoos(Sapota),Davangere,18-06-2021,15
Green+Chilli,Gundlupet,18-06-2021,25
Groundnut,Bagalakot,18-06-2021,45.35
Groundnut,Challakere,18-06-2021,49.81
Groundnut,Chitradurga,18-06-2021,54.72
Groundnut,Hubli (Amaragol),18-06-2021,43.03
Onion,Hubli (Amaragol),30-04-2021,10.2
Groundnut,Raichur,18-06-2021,48.9
Jowar(Sorghum),Hubli (Amaragol),18-06-2021,13.14
Kulthi(Horse+Gram),Kustagi,18-06-2021,25
Maize,Challakere,18-06-2021,16.84
Maize,Chitradurga,18-06-2021,17.77
Maize,Davangere,18-06-2021,16.5
Maize,Kustagi,18-06-2021,16.87
Mango,Srinivasapur,18-06-2021,8
Onion,Raichur,18-06-2021,14.5
Paddy(Dhan)(Common),Davangere,18-06-2021,17.9
Paddy(Dhan)(Common),Raichur,18-06-2021,15.36
Papaya,Davangere,18-06-2021,18
Potato,Hubli (Amaragol),13-04-2021,13
Pineapple,Davangere,18-06-2021,17
Pomegranate,Davangere,18-06-2021,33
Raddish,Chamaraj Nagar,18-06-2021,16
Ragi+(Finger+Millet),Davangere,18-06-2021,20.1
Ridge+gourd(Tori),Chamaraj Nagar,18-06-2021,28
Potato,Hubli (Amaragol),22-04-2021,13
Soyabean,Hubli (Amaragol),18-06-2021,62.17
Sunflower,Bagalakot,18-06-2021,59.54
Tomato,Chamaraj Nagar,18-06-2021,6
Tomato,Channapatana,18-06-2021,13
Tomato,Gundlupet,18-06-2021,9.5
Tomato,Srinivasapur,18-06-2021,5
Wheat,Hubli (Amaragol),18-06-2021,16.39
Ragi+(Finger+Millet),Harappana Halli,26-03-2021,24.85
Ragi+(Finger+Millet),Kottur,26-03-2021,25.77
Beetroot,Gundlupet,29-03-2021,11
Beetroot,Honnali,29-03-2021,4
Banana,Davangere,06-07-2021,16
Tomato,T. Narasipura,01-05-2021,3
Sunflower,Mundaragi,13-04-2021,63.46
Groundnut,Hubli (Amaragol),04-05-2021,54.1
Groundnut,Laxmeshwar,04-05-2021,42.49
Groundnut,Raichur,04-05-2021,49.89
Groundnut,Savanur,04-05-2021,45.42
Gur(Jaggery),Mhalingapur,04-05-2021,31.8
Maize,Ramdurga,12-05-2021,14.2
Wheat,Bagalakot,13-04-2021,21.59
Rice,Gangavathi,27-05-2021,15.4
Ridge+gourd(Tori),Chickkaballapura,30-04-2021,9
Ridge+gourd(Tori),Davangere,30-04-2021,17
Cotton,Haveri,19-04-2021,59
Rice,Bangarpet,22-04-2021,22
Sunflower,Mundaragi,30-04-2021,63.25
Suvarna+Gadde,Davangere,30-04-2021,29
Beans,Ramanagara,10-07-2021,16
Black+pepper,Channagiri,30-03-2021,362.84
Safflower,Bidar,22-04-2021,47
Safflower,Gadag,22-04-2021,47.8
Safflower,Hubli (Amaragol),22-04-2021,47.76
Safflower,Laxmeshwar,22-04-2021,43.57
Bunch+Beans,Davangere,06-07-2021,32
Soyabean,Bidar,22-04-2021,69
Soyabean,Hubli (Amaragol),22-04-2021,58.4
Capsicum,Chickkaballapura,06-07-2021,17
Sunflower,Bellary,22-04-2021,67.53
Sunflower,Gadag,22-04-2021,68.7
Sunflower,Nargunda,22-04-2021,69.5
Paddy(Dhan)(Common),Raichur,06-04-2021,19.39
Carrot,Chickkaballapura,06-07-2021,20
Wheat,Bagalakot,30-04-2021,14.75
Wheat,Hubli (Amaragol),30-04-2021,31.69
Same/Savi,Hubli (Amaragol),13-03-2021,33.56
Cauliflower,Chickkaballapura,06-07-2021,14.5
Tomato,Bangarpet,22-04-2021,3.8
Tomato,Chikkamagalore,22-04-2021,8.34
Chikoos(Sapota),Davangere,06-07-2021,12
Alasande+Gram,Hubli (Amaragol),21-06-2021,44.69
Groundnut,Yadgir,19-04-2021,56.96
Banana,Channapatana,21-06-2021,24
Beans,Chikkamagalore,21-06-2021,36.8
Beans,Malur,21-06-2021,74.07
Cotton,Chitradurga,06-07-2021,59.08
Cotton,Gadag,06-07-2021,61.24
Cucumbar(Kheera),Bangarpet,06-07-2021,12
Cucumbar(Kheera),Chickkaballapura,06-07-2021,8
Green+Chilli,Chamaraj Nagar,04-05-2021,15
Green+Chilli,Chikkamagalore,04-05-2021,8.64
Green+Chilli,Gundlupet,04-05-2021,35.82
Green+Chilli,Ramanagara,04-05-2021,28
Wheat,Hubli (Amaragol),18-03-2021,7.28
Garlic,Bangalore,06-07-2021,7.25
Wheat,Bidar,22-04-2021,20
Wheat,Gadag,22-04-2021,21.41
Wheat,Hubli (Amaragol),22-04-2021,22.03
Rice,Gangavathi,03-04-2021,22.5
Rice,Kumta,03-04-2021,26
Ginger(Green),Bangalore,06-07-2021,18.5
Green+Chilli,Davangere,06-07-2021,34
Groundnut,Gadag,06-07-2021,45.69
Groundnut,Hubli (Amaragol),06-07-2021,39.09
Groundnut,Raichur,06-07-2021,49.89
Elephant+Yam+(Suran),Arasikere,04-05-2021,22
Gur(Jaggery),Basava Kalayana,06-07-2021,31
Gur(Jaggery),Mandya,06-07-2021,32
Jowar(Sorghum),Basava Kalayana,06-07-2021,21.5
Jowar(Sorghum),Bellary,06-07-2021,16.09
Jowar(Sorghum),Gadag,06-07-2021,15.09
Jowar(Sorghum),Hubli (Amaragol),06-07-2021,16.13
Karbuja(Musk+Melon),Davangere,06-07-2021,16
Lime,Davangere,06-07-2021,10
Maize,Bellary,06-07-2021,20.94
Maize,Challakere,06-07-2021,19.86
Maize,Harappana Halli,06-07-2021,20
Methi+Seeds,Bangalore,06-07-2021,80
Beans,Ramanagara,20-07-2021,20
Mustard,Bangalore,06-07-2021,75
Onion,Raichur,06-07-2021,14.4
Paddy(Dhan)(Common),Davangere,12-03-2021,19.2
Paddy(Dhan)(Common),Raichur,12-03-2021,19.99
Rice,Bidar,17-03-2021,44
Rice,Gangavathi,17-03-2021,13.25
Paddy(Dhan)(Common),Davangere,06-07-2021,17.9
Paddy(Dhan)(Common),Raichur,06-07-2021,16.81
Cotton,Nargunda,17-03-2021,56
Cotton,Sindhanur,17-03-2021,40
Pomegranate,Davangere,06-07-2021,20
Tamarind+Fruit,Bagepalli,29-04-2021,100
Tamarind+Seed,Bagepalli,29-04-2021,29
Tomato,Bagepalli,29-04-2021,3.65
Dry+Chillies,Sindhanur,17-03-2021,92
Elephant+Yam+(Suran),Arasikere,17-03-2021,22
Paddy(Dhan)(Common),Raichur,02-03-2021,15.59
Copra,Arasikere,04-05-2021,155.49
Cotton,Nargunda,04-05-2021,51
Alasande+Gram,Laxmeshwar,10-07-2021,39.75
Groundnut,Kustagi,17-03-2021,63.93
Alasande+Gram,Laxmeshwar,17-04-2021,44.49
Maize,Kustagi,17-03-2021,14.3
Alasande+Gram,Bagalakot,07-05-2021,54.04
Alasande+Gram,Laxmeshwar,07-05-2021,52.78
Banana,Davangere,07-05-2021,30
Ragi+(Finger+Millet),Bellary,06-07-2021,11.38
Alasande+Gram,Hubli (Amaragol),15-04-2021,52.16
Alasande+Gram,Mundaragi,15-04-2021,56.67
Rice,Kolar,06-07-2021,59.62
Beans,Chikkamagalore,17-04-2021,34.18
Beetroot,Chikkamagalore,17-04-2021,14.08
Potato,Shimoga,22-03-2021,28
Safflower,Bidar,06-07-2021,46.5
Safflower,Gadag,06-07-2021,46.38
Snake+gourd,Chickkaballapura,06-07-2021,6.5
Soyabean,Basava Kalayana,06-07-2021,77
Soyabean,Bidar,06-07-2021,68
Soyabean,Hubli (Amaragol),06-07-2021,51.59
Sunflower,Bellary,06-07-2021,61.8
Rice,Kolar,17-03-2021,47.93
Rice,Sindhanur,17-03-2021,25.8
Green+Chilli,Gundlupet,29-04-2021,25
Soyabean,Hubli (Amaragol),17-03-2021,43.89
Sunflower,Sindhanur,17-03-2021,70.01
Black+pepper,Siddapur,15-04-2021,376.89
Black+pepper,Sirsi,15-04-2021,371.74
Black+pepper,Yellapur,15-04-2021,377.1
Tamarind+Fruit,Hospet,17-03-2021,60
Tomato,Channapatana,17-03-2021,3
Tomato,Chikkamagalore,17-03-2021,12.35
Tomato,Gundlupet,17-03-2021,7
Tomato,Srinivasapur,17-03-2021,4.67
Turmeric,Gundlupet,17-03-2021,58
Wheat,Hospet,17-03-2021,22.25
Cabbage,Belgaum,07-05-2021,12
Water+Melon,Davangere,06-07-2021,14
Alasande+Gram,Bellary,25-03-2021,55.79
Wheat,Basava Kalayana,06-07-2021,17.5
Wheat,Bidar,06-07-2021,22
Wheat,Gadag,06-07-2021,18.42
Wheat,Hubli (Amaragol),06-07-2021,14.7
Capsicum,Belgaum,07-05-2021,20
Copra,Tiptur,17-04-2021,156
Cotton,Bijapur,17-04-2021,59.74
Cotton,Chitradurga,17-04-2021,60.8
Cotton,Hubli (Amaragol),17-04-2021,46
Carrot,Ramanagara,08-04-2021,14
Chapparad+Avare,Kolar,07-05-2021,13
Chikoos(Sapota),Davangere,07-05-2021,12
Sunflower,Mundaragi,10-03-2021,72.04
Black+pepper,Sirsi,03-05-2021,341.69
Cotton,Nargunda,07-05-2021,49
Chili+Red,Shimoga,15-04-2021,92.06
Coconut,Kumta,15-04-2021,225.3
Coconut,Tarikere,15-04-2021,127.5
Copra,K.R. Pet,15-04-2021,128.5
Cotton,Annigeri,15-04-2021,53
Cotton,Bijapur,15-04-2021,57.44
Cotton,Gadag,15-04-2021,54.92
Cotton,Kottur,15-04-2021,52.53
Cotton,Raichur,15-04-2021,60
Cotton,Ranebennur,15-04-2021,55.25
Black+pepper,Siddapur,25-03-2021,362.09
Black+pepper,Yellapur,25-03-2021,351.11
Chapparad+Avare,Gundlupet,29-04-2021,20
Green+Chilli,Chikkamagalore,17-04-2021,34.73
Capsicum,Belgaum,03-05-2021,22
Dry+Chillies,Hubli (Amaragol),07-05-2021,70.09
Cauliflower,Belgaum,03-05-2021,10.5
Cummin+Seed(Jeera),Gadag,15-04-2021,84.07
Dry+Chillies,Hubli (Amaragol),15-04-2021,311.19
Cabbage,Gundlupet,29-04-2021,6
Groundnut,Bijapur,17-04-2021,58.5
Groundnut,Challakere,17-04-2021,56.22
Groundnut,Hubli (Amaragol),17-04-2021,42.09
Groundnut,Laxmeshwar,17-04-2021,42.78
Groundnut,Savanur,17-04-2021,49.77
Groundnut,Yadgir,17-04-2021,53.67
Cotton,Annigeri,03-05-2021,54
Cotton,Haveri,03-05-2021,59.2
Cotton,Ranebennur,03-05-2021,52.72
Jowar(Sorghum),Gulbarga,17-04-2021,30
Jowar(Sorghum),Hubli (Amaragol),17-04-2021,18.14
Jowar(Sorghum),Laxmeshwar,17-04-2021,15.66
Knool+Khol,Chikkamagalore,17-04-2021,11.49
Tomato,Mulabagilu,09-03-2021,5.33
Green+Chilli,Belgaum,07-05-2021,7
Maize,Gulbarga,17-04-2021,16
Maize,Hubli (Amaragol),17-04-2021,14.09
Rose(Loose),Chickkaballapura,31-03-2021,10
Alasande+Gram,Arasikere,31-07-2021,51.1
Alasande+Gram,Laxmeshwar,31-07-2021,51.36
Groundnut,Bagalakot,15-04-2021,54.25
Groundnut,Gadag,15-04-2021,44.01
Groundnut,Mundaragi,15-04-2021,54.71
Groundnut,Raichur,15-04-2021,54.89
Groundnut,Ranebennur,15-04-2021,45.95
Gur(Jaggery),Bhadravathi,15-04-2021,24.56
Gur(Jaggery),Mandya,15-04-2021,38.7
Groundnut,Bagalakot,07-05-2021,54.24
Green+Chilli,Belgaum,03-05-2021,10
Groundnut,Hubli (Amaragol),07-05-2021,31.29
Groundnut,Laxmeshwar,07-05-2021,44.7
Gur(Jaggery),Mandya,07-05-2021,36.5
Jowar(Sorghum),Bidar,15-04-2021,32
Jowar(Sorghum),Gadag,15-04-2021,20.91
Jowar(Sorghum),Hubli (Amaragol),15-04-2021,16.62
Jowar(Sorghum),Kottur,15-04-2021,11.65
Onion,Hubli (Amaragol),17-04-2021,6.2
Kulthi(Horse+Gram),Gadag,15-04-2021,31.62
Safflower,Bidar,05-03-2021,39
Kulthi(Horse+Gram),Hubli (Amaragol),15-04-2021,25.69
Jowar(Sorghum),Hubli (Amaragol),07-05-2021,23.79
Jowar(Sorghum),Laxmeshwar,07-05-2021,16.29
Groundnut,Davangere,03-05-2021,46.05
Groundnut,Ramdurga,03-05-2021,55.29
Groundnut,Ranebennur,03-05-2021,44.94
Lime,Bijapur,15-04-2021,22
Lint,Kottur,15-04-2021,112.39
Karbuja(Musk+Melon),Davangere,07-05-2021,11
Maize,Bagalakot,15-04-2021,14.77
Maize,Bijapur,15-04-2021,15.15
Maize,Gadag,15-04-2021,13.13
Maize,Hubli (Amaragol),15-04-2021,13.96
Maize,Kottur,15-04-2021,16.1
Maize,Mundaragi,15-04-2021,14.98
Jowar(Sorghum),Haveri,03-05-2021,11.25
Chili+Red,Shimoga,25-03-2021,144.16
Beans,Gundlupet,29-04-2021,25
Beetroot,Gundlupet,29-04-2021,7.5
Coconut,Kumta,25-03-2021,268.3
Maize,Davangere,03-05-2021,15.6
Maize,Haveri,03-05-2021,15.3
Sunflower,Mundaragi,06-04-2021,63.43
Capsicum,Ramanagara,04-05-2021,5
Carrot,Chamaraj Nagar,04-05-2021,6
Carrot,Chikkamagalore,04-05-2021,12.15
Cotton,Bijapur,25-03-2021,57.53
Cotton,Hubli (Amaragol),25-03-2021,42.51
Cotton,Kottur,25-03-2021,55.12
Cotton,Raichur,25-03-2021,56
Maize,Bagalakot,07-05-2021,15.15
Maize,Ramdurga,07-05-2021,14.5
Maize,Shimoga,07-05-2021,16.1
Onion,Raichur,15-04-2021,5.21
Potato,Hubli (Amaragol),17-04-2021,14
Cummin+Seed(Jeera),Gadag,25-03-2021,80.36
Paddy(Dhan)(Common),Davangere,03-05-2021,16.8
Paddy(Dhan)(Common),Gangavathi,03-05-2021,14.6
Dry+Chillies,Hubli (Amaragol),25-03-2021,323.1
Ox,Annigeri,15-04-2021,400
Paddy(Dhan)(Common),Raichur,15-04-2021,15.22
Onion,Hubli (Amaragol),07-05-2021,10
Onion,Kolar,07-05-2021,15
Safflower,Bellary,17-03-2021,39.62
Orange,Davangere,07-05-2021,80
Ragi+(Finger+Millet),Harappana Halli,03-05-2021,23
Ragi+(Finger+Millet),Haveri,03-05-2021,22
Rice,Gangavathi,03-05-2021,14
Rice,Shimoga,03-05-2021,22.5
Papaya,Davangere,07-05-2021,13
Safflower,Gulbarga,17-04-2021,41.5
Safflower,Hubli (Amaragol),17-04-2021,46.7
Soyabean,Hubli (Amaragol),17-04-2021,43.05
Tamarind+Fruit,Shimoga,03-05-2021,67.58
Alasande+Gram,Laxmeshwar,27-03-2021,49.25
Pineapple,Davangere,07-05-2021,13
Sunflower,Bellary,17-04-2021,66.85
Sunflower,Yadgir,17-04-2021,48.43
Groundnut,Bagalakot,25-03-2021,28.07
Groundnut,Bellary,25-03-2021,57.46
Groundnut,Gadag,25-03-2021,48.66
Groundnut,Raichur,25-03-2021,53.69
Groundnut,Ramdurga,25-03-2021,50.59
Tamarind+Fruit,Chintamani,17-04-2021,70
Gur(Jaggery),Mandya,25-03-2021,37.3
Potato,Hubli (Amaragol),07-05-2021,14
Tomato,Chikkamagalore,17-04-2021,9.8
Jowar(Sorghum),Bellary,25-03-2021,17.39
Jowar(Sorghum),Gadag,25-03-2021,20.01
Jowar(Sorghum),Hubli (Amaragol),25-03-2021,14.11
Jowar(Sorghum),Kottur,25-03-2021,16.16
Ragi+(Finger+Millet),Kottur,15-04-2021,23.84
Ragi+(Finger+Millet),Davangere,17-03-2021,23.7
Ragi+(Finger+Millet),Gubbi,17-03-2021,25
Ragi+(Finger+Millet),Kottur,17-03-2021,24.64
Safflower,Bidar,15-04-2021,46.5
Safflower,Gadag,15-04-2021,46.46
Safflower,Hubli (Amaragol),15-04-2021,45.83
Lime,Bijapur,25-03-2021,15
Soyabean,Bidar,15-04-2021,65
Soyabean,Hubli (Amaragol),15-04-2021,56.78
Lint,Gadag,25-03-2021,54.36
Maize,Bagalakot,25-03-2021,14.55
Maize,Bellary,25-03-2021,14.97
Maize,Gadag,25-03-2021,11.03
Maize,Kottur,25-03-2021,14.89
Sunflower,Gadag,15-04-2021,57.97
Sunflower,Mundaragi,15-04-2021,63.22
Tamarind+Fruit,Shimoga,15-04-2021,69.57
Tomato,Kanakapura,15-04-2021,4
Tomato,Mulabagilu,15-04-2021,4.66
Wheat,Bijapur,17-04-2021,72.5
Wheat,Hubli (Amaragol),17-04-2021,21.1
Rice,Kolar,07-05-2021,47.19
Rice,Shimoga,07-05-2021,26
Soyabean,Hubli (Amaragol),07-05-2021,17.09
Wheat,Bidar,15-04-2021,20
Wheat,Bijapur,15-04-2021,21
Wheat,Gadag,15-04-2021,23.3
Wheat,Hubli (Amaragol),15-04-2021,21.09
Paddy(Dhan)(Common),Davangere,30-03-2021,19.4
Paddy(Dhan)(Common),Raichur,30-03-2021,16.01
Wheat,Basava Kalayana,08-03-2021,44
Wheat,Laxmeshwar,08-03-2021,15.68
Tomato,Srinivasapur,07-05-2021,1
Tomato,Kanakapura,18-03-2021,6.5
Alasande+Gram,Laxmeshwar,27-04-2021,52.58
Cabbage,Gundlupet,04-05-2021,5.45
Wheat,Bagalakot,07-05-2021,18.5
Wheat,Laxmeshwar,07-05-2021,19.31
Beans,Chikkamagalore,27-04-2021,33.85
Sunflower,Mundaragi,06-03-2021,72.01
Groundnut,Laxmeshwar,27-03-2021,43.59
Groundnut,Yadgir,27-03-2021,54.13
Jowar(Sorghum),Laxmeshwar,27-03-2021,12.68
Brinjal,Bangarpet,27-04-2021,4
Brinjal,Chickkaballapura,27-04-2021,7.5
Capsicum,Chickkaballapura,27-04-2021,14.5
Cauliflower,Chickkaballapura,27-04-2021,8.5
Cotton,Nargunda,27-04-2021,52
Alasande+Gram,Bellary,16-04-2021,57.49
Alasande+Gram,Laxmeshwar,16-04-2021,54.76
Alasande+Gram,Bellary,26-03-2021,56.33
Alasande+Gram,Laxmeshwar,26-03-2021,48.58
Beans,Chikkamagalore,16-04-2021,38.88
Beans,Davangere,16-04-2021,25
Beetroot,Chikkamagalore,16-04-2021,10.42
Beetroot,Davangere,16-04-2021,8
Safflower,Bidar,27-03-2021,46
Soyabean,Bidar,27-03-2021,56
Green+Chilli,Chickkaballapura,27-04-2021,45
Green+Chilli,Chikkamagalore,27-04-2021,31.5
Beans,Chikkamagalore,26-03-2021,24.88
Beans,Kolar,26-03-2021,27
Brinjal,Davangere,16-04-2021,6.5
Groundnut,Hubli (Amaragol),27-04-2021,40.35
Groundnut,Kottur,27-04-2021,52.36
Groundnut,Laxmeshwar,27-04-2021,40.51
Groundnut,Savanur,27-04-2021,44.39
Gur(Jaggery),Bangarpet,27-04-2021,32
Beans,Chamaraj Nagar,04-05-2021,8
Beans,Chikkamagalore,04-05-2021,28.74
Beans,Gundlupet,04-05-2021,30
Beetroot,Chamaraj Nagar,04-05-2021,5
Wheat,Bidar,27-03-2021,20
Jowar(Sorghum),Hubli (Amaragol),27-04-2021,15.14
Jowar(Sorghum),Kottur,27-04-2021,12.1
Cabbage,Chikkamagalore,26-03-2021,8.33
Maize,Hubli (Amaragol),27-04-2021,15.19
Maize,Kottur,27-04-2021,14.16
Capsicum,Davangere,16-04-2021,25
Carrot,Chikkamagalore,16-04-2021,13.88
Carrot,Chikkamagalore,26-03-2021,13.51
Cauliflower,Chikkamagalore,16-04-2021,9.26
Onion,Chickkaballapura,27-04-2021,11
Onion,Chikkamagalore,27-04-2021,13.16
Cucumbar(Kheera),Chikkamagalore,16-04-2021,9.26
Cucumbar(Kheera),Davangere,16-04-2021,7
Ridge+gourd(Tori),Ramanagara,21-05-2021,42
Snake+gourd,Ramanagara,21-05-2021,8
Chilly+Capsicum,Kolar,18-03-2021,27
Paddy(Dhan)(Common),Bangarpet,27-04-2021,19
Cotton,Nargunda,26-03-2021,54
Dry+Chillies,Hubli (Amaragol),16-04-2021,58.66
Cucumbar(Kheera),Chikkamagalore,26-03-2021,11.36
Alasande+Gram,Laxmeshwar,15-03-2021,62.62
Potato,Chickkaballapura,27-04-2021,8
Apple,Davangere,30-07-2021,99
Green+Chilli,Chikkamagalore,16-04-2021,35.26
Green+Chilli,Kolar,16-04-2021,37
Garlic,Bangalore,26-03-2021,5.5
Beans,Chikkamagalore,15-03-2021,30.58
Bitter+gourd,Kolar,15-03-2021,17
Groundnut,Bellary,16-04-2021,55.93
Groundnut,Hubli (Amaragol),16-04-2021,48.99
Groundnut,Laxmeshwar,16-04-2021,48.99
Ginger(Green),Bangalore,26-03-2021,8.75
Brinjal,Chickkaballapura,15-03-2021,6
Brinjal,Chikkamagalore,15-03-2021,9.8
Jowar(Sorghum),Bellary,16-04-2021,16.18
Jowar(Sorghum),Hubli (Amaragol),16-04-2021,16.56
Jowar(Sorghum),Laxmeshwar,16-04-2021,16.8
Raddish,Chickkaballapura,27-04-2021,8
Raddish,Chikkamagalore,27-04-2021,10.18
Banana+-+Green,T. Narasipura,04-05-2021,19
Knool+Khol,Chikkamagalore,16-04-2021,9.8
Cabbage,Chikkamagalore,15-03-2021,7.58
Ragi+(Finger+Millet),Kottur,27-04-2021,24.52
Rice,Bangarpet,17-03-2021,37
Maize,Bellary,16-04-2021,15.5
Maize,Hubli (Amaragol),16-04-2021,14.82
Maize,Laxmeshwar,16-04-2021,12.43
Capsicum,Kolar,15-03-2021,17
Safflower,Basava Kalayana,16-03-2021,42.5
Safflower,Bellary,16-03-2021,45.72
Safflower,Gadag,16-03-2021,40.5
Safflower,Raichur,16-03-2021,37.39
Carrot,Chickkaballapura,15-03-2021,13
Carrot,Chikkamagalore,15-03-2021,15.25
Safflower,Hubli (Amaragol),27-04-2021,47.53
Safflower,Laxmeshwar,27-04-2021,45.4
Soyabean,Hubli (Amaragol),27-04-2021,59.2
Cauliflower,Chikkamagalore,15-03-2021,10.74
Safflower,Basava Kalayana,07-04-2021,44
Safflower,Gadag,07-04-2021,43.23
Safflower,Gulbarga,07-04-2021,41
Sunflower,Kottur,27-04-2021,68.98
Sunflower,Nargunda,27-04-2021,70
Onion,Chikkamagalore,16-04-2021,35.71
Onion,Hubli (Amaragol),16-04-2021,5.5
Chennangi+Dal,Bangalore,15-03-2021,69.5
Thondekai,Chickkaballapura,27-04-2021,7.5
Chilly+Capsicum,Chickkaballapura,15-03-2021,17
Tomato,Chikkamagalore,27-04-2021,12.22
Tomato,Kolar,27-04-2021,5
Cotton,Haveri,15-03-2021,57.57
Cotton,Hubli (Amaragol),15-03-2021,50
Bottle+gourd,Kolar,30-07-2021,12
Cucumbar(Kheera),Chickkaballapura,15-03-2021,2.3
Potato,Hospet,03-04-2021,14
Wheat,Hubli (Amaragol),27-04-2021,21.5
Beetroot,Chikkamagalore,21-06-2021,10.43
Ground+Nut+Seed,Bangalore,26-03-2021,97.5
Groundnut,Bagalakot,26-03-2021,48.51
Groundnut,Chitradurga,26-03-2021,55.84
Groundnut,Hubli (Amaragol),26-03-2021,50.89
Groundnut,Laxmeshwar,26-03-2021,47.08
Groundnut,Yadgir,26-03-2021,55.62
Sweet+Pumpkin,Davangere,18-03-2021,5
Potato,Chikkamagalore,16-04-2021,14.39
Green+Chilli,Chikkamagalore,15-03-2021,20.06
Green+Peas,Bangalore,15-03-2021,110
Ground+Nut+Seed,Bangalore,15-03-2021,106
Rice,Shimoga,31-03-2021,22.25
Groundnut,Hubli (Amaragol),15-03-2021,53.41
Groundnut,Laxmeshwar,15-03-2021,55.96
Gur(Jaggery),Mandya,15-03-2021,35.5
Capsicum,Kolar,30-07-2021,23
Jowar(Sorghum),Laxmeshwar,15-03-2021,19.74
Knool+Khol,Chikkamagalore,15-03-2021,11.12
Kulthi(Horse+Gram),Laxmeshwar,15-03-2021,28.37
Castor+Seed,Chitradurga,30-07-2021,49.31
Paddy(Dhan)(Common),Davangere,03-03-2021,19.2
Paddy(Dhan)(Common),Raichur,03-03-2021,14.46
Maize,Hubli (Amaragol),15-03-2021,14.7
Jowar(Sorghum),Bellary,26-03-2021,17.79
Jowar(Sorghum),Laxmeshwar,26-03-2021,18.19
Beans,Mysore (Bandipalya),21-06-2021,54
Chikoos(Sapota),Davangere,30-07-2021,16
Ragi+(Finger+Millet),Kottur,03-04-2021,24.85
Chilly+Capsicum,Kolar,30-07-2021,27.5
Safflower,Laxmeshwar,16-04-2021,42.74
Soyabean,Hubli (Amaragol),16-04-2021,47.62
Onion,Chikkamagalore,15-03-2021,14.28
Onion,Hubli (Amaragol),15-03-2021,9
Sunflower,Laxmeshwar,16-04-2021,51.64
Sweet+Potato,Davangere,16-04-2021,7
Kulthi(Horse+Gram),Laxmeshwar,26-03-2021,26.08
Tomato,Chikkamagalore,16-04-2021,10.6
Potato,Hubli (Amaragol),13-03-2021,7.5
Wheat,Laxmeshwar,16-04-2021,23.69
Dry+Chillies,Hubli (Amaragol),30-07-2021,213.78
Potato,Chikkamagalore,15-03-2021,13.39
Potato,Hubli (Amaragol),15-03-2021,7.5
Maize,Bagalakot,26-03-2021,14.55
Maize,Bellary,26-03-2021,15.13
Maize,Chitradurga,26-03-2021,15.17
Maize,Hubli (Amaragol),26-03-2021,14.69
Copra,Arasikere,21-05-2021,159.2
Bitter+gourd,Kolar,21-06-2021,35
Soyabean,Haveri,15-03-2021,46
Soyabean,Hubli (Amaragol),15-03-2021,45.34
Tomato,Gundlupet,28-09-2021,13
Groundnut,Bellary,30-07-2021,57.19
Groundnut,Chitradurga,30-07-2021,53.87
Groundnut,Gadag,30-07-2021,46.22
Groundnut,Hubli (Amaragol),30-07-2021,46.17
Groundnut,Raichur,30-07-2021,46.59
Ginger(Green),Ramanagara,03-04-2021,14
Cotton,Gadag,26-04-2021,55.01
Cotton,Haveri,26-04-2021,56.02
Cotton,Kottur,26-04-2021,48.9
Cotton,Savanur,26-04-2021,53.17
Tomato,Chickkaballapura,15-03-2021,7.7
Tomato,Chikkamagalore,15-03-2021,11.31
Tomato,Kolar,15-03-2021,5.33
Alasande+Gram,Laxmeshwar,04-05-2021,47.31
Onion,Bangalore,26-03-2021,10
Onion,Chikkamagalore,26-03-2021,17.55
Onion,Hubli (Amaragol),26-03-2021,6.8
Beans,Kolar,09-05-2021,29
Cummin+Seed(Jeera),Gadag,26-04-2021,83.38
Jowar(Sorghum),Bellary,30-07-2021,16.47
Jowar(Sorghum),Gadag,30-07-2021,15.65
Dry+Chillies,Sindhanur,26-04-2021,82
Cabbage,Hospet,09-05-2021,12
Cauliflower,Hospet,09-05-2021,14
Chapparad+Avare,Kolar,09-05-2021,18
Onion,Bagalakot,01-05-2021,8
Ginger(Green),Kolar,09-05-2021,16
Maize,Challakere,30-07-2021,20.12
Maize,Chitradurga,30-07-2021,19.4
Gur(Jaggery),Hospet,09-05-2021,42
Green+Chilli,Chikkamagalore,26-04-2021,25.32
Onion,Hospet,09-05-2021,10
Groundnut,Gadag,26-04-2021,42.59
Groundnut,Hubli (Amaragol),26-04-2021,45.78
Groundnut,Kottur,26-04-2021,52.98
Groundnut,Savanur,26-04-2021,47.19
Groundnut,Yadgir,26-04-2021,53.15
Ridge+gourd(Tori),Chikkamagalore,27-05-2021,26.04
Ridge+gourd(Tori),Kolar,09-05-2021,20
Paddy(Dhan)(Common),Gangavathi,17-05-2021,15
Tomato,Kolar,09-05-2021,4.67
Mousambi(Sweet+Lime),Davangere,30-07-2021,32
Jowar(Sorghum),Gadag,26-04-2021,17.9
Jowar(Sorghum),Hubli (Amaragol),26-04-2021,14.53
Jowar(Sorghum),Kottur,26-04-2021,12.1
Sunflower,Bellary,18-03-2021,68.97
Maize,Hubli (Amaragol),26-04-2021,14.23
Maize,Kottur,26-04-2021,16
Beans,Ramanagara,03-04-2021,22
Onion,Raichur,02-03-2021,18.35
Onion,Hubli (Amaragol),30-07-2021,14.5
Onion,Raichur,30-07-2021,15.4
Onion,Chikkamagalore,26-04-2021,11.03
Onion,Hubli (Amaragol),26-04-2021,8.5
Potato,Bangalore,26-03-2021,14.5
Potato,Chikkamagalore,26-03-2021,13.58
Potato,Hubli (Amaragol),26-03-2021,14
Potato,Shimoga,26-03-2021,18
Paddy(Dhan)(Common),Davangere,30-07-2021,17.9
Paddy(Dhan)(Common),Raichur,30-07-2021,16.56
Papaya,Channapatana,30-07-2021,9
Potato,Hubli (Amaragol),26-04-2021,14
Sunflower,Kottur,02-04-2021,63.25
Rice,Gangavathi,17-05-2021,14.6
Pomegranate,Davangere,30-07-2021,21
Ragi+(Finger+Millet),Kottur,26-04-2021,24.49
Rice,Sindhanur,26-04-2021,30
Potato,Hubli (Amaragol),30-07-2021,13.8
Safflower,Gadag,26-04-2021,47.37
Soyabean,Haveri,26-04-2021,75.01
Soyabean,Hubli (Amaragol),26-04-2021,47.33
Sunflower,Gadag,26-04-2021,69.11
Tomato,Chikkamagalore,26-04-2021,9.46
Tomato,Mulabagilu,26-04-2021,3.33
Ridge+gourd(Tori),Kolar,26-03-2021,16
Safflower,Laxmeshwar,26-03-2021,36.22
Wheat,Gadag,26-04-2021,25.71
Safflower,Bellary,26-03-2021,48.1
Safflower,Hubli (Amaragol),26-03-2021,41.76
Soyabean,Bangalore,26-03-2021,62.5
Soyabean,Hubli (Amaragol),26-03-2021,39.74
Sunflower,Nargunda,26-03-2021,67
Sunflower,Chitradurga,26-03-2021,64.08
Tomato,Chikkamagalore,26-03-2021,11.7
Tomato,Kolar,26-03-2021,5.67
Ridge+gourd(Tori),Kolar,30-07-2021,20
Paddy(Dhan)(Common),Lingasugur,20-07-2021,15.65
Paddy(Dhan)(Common),T. Narasipura,20-07-2021,22.2
Rice,Gangavathi,09-03-2021,27.5
Safflower,Bidar,30-07-2021,47.5
Safflower,Gadag,30-07-2021,47.44
Alasande+Gram,Laxmeshwar,07-04-2021,47.32
Soyabean,Bidar,30-07-2021,85
Wheat,Hubli (Amaragol),26-03-2021,9.41
Wheat,Laxmeshwar,26-03-2021,14.83
Wheat,Nargunda,26-03-2021,18
Soyabean,Hubli (Amaragol),18-03-2021,46.53
Onion,Ramanagara,07-07-2021,24
Raddish,Davangere,20-07-2021,23
Thondekai,Kolar,30-07-2021,18
Rice,Bangarpet,20-07-2021,40
Alasande+Gram,Bangalore,31-03-2021,59.5
Alasande+Gram,Bellary,31-03-2021,55.28
Tomato,Channapatana,30-07-2021,11
Tomato,Kanakapura,30-07-2021,15
Tomato,Kolar,30-07-2021,5.3
Thondekai,Davangere,20-07-2021,18
Paddy(Dhan)(Common),Raichur,03-04-2021,17.11
Tomato,Kanakapura,20-07-2021,15
Tomato,T. Narasipura,20-07-2021,12
Beans,Chikkamagalore,31-03-2021,41.15
Beans,Davangere,31-03-2021,23
Wheat,Laxmeshwar,20-07-2021,18.01
Onion,Raichur,30-03-2021,7.4
Ragi+(Finger+Millet),Harappana Halli,08-04-2021,25
Wheat,Basava Kalayana,30-07-2021,18.8
Wheat,Bidar,30-07-2021,20
Wheat,Gadag,30-07-2021,17.13
Soyabean,Dharwar,20-05-2021,68
Sunflower,Nargunda,08-04-2021,67
Tomato,Chikkamagalore,08-04-2021,11.19
Tomato,Gundlupet,08-04-2021,4.5
Sweet+Pumpkin,K.R. Pet,20-05-2021,5
Capsicum,Davangere,31-03-2021,35
Carrot,Chikkamagalore,31-03-2021,15.35
Carrot,Davangere,31-03-2021,7
Cauliflower,Chikkamagalore,31-03-2021,11.36
Ginger(Green),Ramanagara,07-07-2021,26
Green+Avare+(W),Ramanagara,07-07-2021,18
Green+Chilli,Ramanagara,07-07-2021,30
Chrysanthemum(Loose),Chickkaballapura,31-03-2021,85
Cotton,Nargunda,12-04-2021,53
Copra,Tiptur,31-03-2021,148
Cotton,Nargunda,31-03-2021,53
Cotton,Sindhanur,31-03-2021,57.65
Cummin+Seed(Jeera),Gadag,31-03-2021,89.49
Drumstick,Shimoga,31-03-2021,25
Dry+Chillies,Gadag,31-03-2021,115.95
Dry+Chillies,Sindhanur,31-03-2021,107
Garlic,Bangalore,31-03-2021,6.5
Green+Avare+(W),Davangere,31-03-2021,21
Cotton,Nargunda,08-04-2021,54
Green+Chilli,Chikkamagalore,31-03-2021,34.25
Dry+Chillies,Sindhanur,08-04-2021,109
Elephant+Yam+(Suran),Arasikere,08-04-2021,37.99
Green+Peas,Bangalore,31-03-2021,111.5
Groundnut,Challakere,31-03-2021,62.38
Groundnut,Chitradurga,31-03-2021,57.29
Groundnut,Davangere,31-03-2021,55.2
Groundnut,Gadag,31-03-2021,47.02
Groundnut,Yadgir,31-03-2021,56.71
Gur(Jaggery),Mandya,31-03-2021,38.5
Green+Chilli,Gundlupet,08-04-2021,40
Green+Chilli,Mysore (Bandipalya),08-04-2021,36
Jowar(Sorghum),Bellary,31-03-2021,18.78
Jowar(Sorghum),Gadag,31-03-2021,19.78
Jowar(Sorghum),Hubli (Amaragol),31-03-2021,18.4
Maize,Bellary,31-03-2021,15.4
Maize,Chitradurga,31-03-2021,14.97
Maize,Davangere,31-03-2021,14.7
Maize,Gadag,31-03-2021,14.31
Maize,Haveri,31-03-2021,13.7
Maize,Hubli (Amaragol),31-03-2021,14.79
Maize,Nargunda,31-03-2021,15.1
Bunch+Beans,Ramanagara,07-07-2021,20
Coconut,Kolar,07-04-2021,220
Onion,Davangere,31-03-2021,9
Onion,Hubli (Amaragol),31-03-2021,7.5
Bitter+gourd,Ramanagara,07-07-2021,38
Paddy(Dhan)(Common),Raichur,10-03-2021,17.66
Cotton,Nargunda,07-04-2021,54
Cotton,Bijapur,07-04-2021,57.61
Banana,Channapatana,17-03-2021,23
Arhar+Dal(Tur+Dal),Kolar,17-03-2021,95
Potato,Bangalore,31-03-2021,13.5
Tomato,Gundlupet,30-09-2021,20
Ragi+(Finger+Millet),Harappana Halli,31-03-2021,25.2
Ginger(Green),Kolar,07-04-2021,34.64
Beans,Chikkamagalore,08-04-2021,25.42
Alasande+Gram,Laxmeshwar,23-03-2021,48.38
Capsicum,Mysore (Bandipalya),08-04-2021,27.5
Carrot,T. Narasipura,08-04-2021,10
Beans,Chickkaballapura,23-03-2021,20
Beetroot,Chickkaballapura,23-03-2021,8
Bitter+gourd,Davangere,23-03-2021,15
Neem+Seed,Kustagi,07-07-2021,19
Onion,Hubli (Amaragol),07-07-2021,13.5
Groundnut,Bellary,07-04-2021,53.91
Groundnut,Challakere,07-04-2021,56.28
Groundnut,Davangere,07-04-2021,49.5
Groundnut,Laxmeshwar,07-04-2021,42.56
Groundnut,Yadgir,07-04-2021,51.42
Brinjal,Chickkaballapura,23-03-2021,4.5
Bunch+Beans,Davangere,23-03-2021,16
Jowar(Sorghum),Bidar,07-04-2021,32
Cabbage,Chickkaballapura,23-03-2021,1.5
Jowar(Sorghum),Bellary,07-04-2021,16.85
Jowar(Sorghum),Hubli (Amaragol),07-04-2021,14.35
Jowar(Sorghum),Laxmeshwar,07-04-2021,15.03
Ridge+gourd(Tori),Honnali,07-07-2021,10
Cauliflower,Chickkaballapura,23-03-2021,8.5
Maize,Bellary,07-04-2021,15.13
Tomato,Bangarpet,07-07-2021,5
Tomato,Malur,07-07-2021,13.89
Tomato,Srinivasapur,07-07-2021,8
Tomato,T. Narasipura,07-07-2021,6
Chapparad+Avare,Chickkaballapura,23-03-2021,15
Moath+Dal,Bangalore,07-04-2021,86
Cotton,Chitradurga,23-03-2021,59.81
Cotton,Gadag,23-03-2021,45.11
Potato,Chikkamagalore,17-03-2021,12.08
Potato,Hospet,17-03-2021,25
Potato,Chikkamagalore,29-04-2021,14.5
Potato,Hubli (Amaragol),29-04-2021,18.25
Methi+Seeds,Shimoga,20-07-2021,83.5
Cummin+Seed(Jeera),Gadag,23-03-2021,79.58
Drumstick,Davangere,23-03-2021,25
Dry+Chillies,Hubli (Amaragol),23-03-2021,94.89
Ragi+(Finger+Millet),Kottur,29-04-2021,22.78
Rice,Bangarpet,29-04-2021,30
Ridge+gourd(Tori),Kolar,29-04-2021,23
Ridge+gourd(Tori),Ramanagara,29-04-2021,25
Onion,Davangere,07-04-2021,8
Onion,Kolar,07-04-2021,17.18
Onion,Hubli (Amaragol),07-04-2021,5.8
Tomato,Chikkamagalore,29-04-2021,12.82
Tomato,Kolar,29-04-2021,4
Tomato,Mulabagilu,29-04-2021,3.33
Tomato,Srinivasapur,29-04-2021,1
Green+Chilli,Gundlupet,12-04-2021,35
Wheat,Bangalore,29-04-2021,24
Groundnut,Gadag,23-03-2021,52.02
Groundnut,Laxmeshwar,23-03-2021,44.8
Groundnut,Yadgir,23-03-2021,55.95
Jowar(Sorghum),Gadag,23-03-2021,18.78
Jowar(Sorghum),Hubli (Amaragol),23-03-2021,18.28
Jowar(Sorghum),Laxmeshwar,23-03-2021,16.93
Brinjal,Kolar,18-03-2021,5
Kulthi(Horse+Gram),Laxmeshwar,23-03-2021,26.82
Sunflower,Mundaragi,24-03-2021,64.6
Paddy(Dhan)(Common),Davangere,07-04-2021,18.21
Maize,Challakere,23-03-2021,15.25
Maize,Gadag,23-03-2021,13.1
Maize,Hubli (Amaragol),23-03-2021,15.06
Mango,Srinivasapur,07-07-2021,13
Onion,Chikkamagalore,03-03-2021,27.77
Onion,Hubli (Amaragol),23-03-2021,8
Potato,Hubli (Amaragol),07-04-2021,12
Potato,Kolar,07-04-2021,11.45
Beans,Chikkamagalore,06-04-2021,25.63
Black+pepper,Siddapur,06-04-2021,389.89
Black+pepper,Yellapur,06-04-2021,364.16
Onion,Hubli (Amaragol),29-04-2021,5.2
Onion,Ramanagara,29-04-2021,14
Potato,Hubli (Amaragol),23-03-2021,11.2
Paddy(Dhan)(Common),Raichur,31-03-2021,16.53
Onion,Chikkamagalore,03-04-2021,15.08
Ridge+gourd(Tori),Davangere,23-03-2021,18
Safflower,Gadag,23-03-2021,41.71
Safflower,Hubli (Amaragol),23-03-2021,41.3
Soyabean,Hubli (Amaragol),23-03-2021,44.99
Potato,Chikkamagalore,03-04-2021,14.84
Sunflower,Gadag,23-03-2021,58.79
Castor+Seed,Kottur,06-04-2021,46.21
Cauliflower,Chikkamagalore,06-04-2021,10.75
Banana,Davangere,11-05-2021,18
Onion,Raichur,03-04-2021,8.21
Raddish,Chikkamagalore,03-04-2021,10.42
Tomato,Channapatana,23-03-2021,5.5
Tomato,Chintamani,23-03-2021,3.99
Tomato,Kanakapura,23-03-2021,6
Rice,Bangarpet,03-04-2021,38
Sunflower,Nargunda,03-04-2021,66.5
Suvarna+Gadde,Davangere,03-04-2021,21
Sweet+Pumpkin,Davangere,03-04-2021,4
Tamarind+Fruit,Arasikere,03-04-2021,110
Tamarind+Fruit,Chintamani,03-04-2021,30
Tamarind+Fruit,Gundlupet,03-04-2021,12.5
Tamarind+Seed,Gundlupet,03-04-2021,14.5
Maize,Bellary,20-07-2021,19.97
Tomato,Chikkamagalore,03-04-2021,11.17
Tomato,Gundlupet,03-04-2021,4
Chili+Red,Shimoga,06-04-2021,99.45
Beetroot,Chamaraj Nagar,11-05-2021,4.5
Safflower,Bellary,18-03-2021,40.32
Wheat,Gadag,23-03-2021,21.52
Wheat,Hubli (Amaragol),23-03-2021,14.65
Cotton,Bijapur,06-04-2021,56.87
Rice,Bidar,07-04-2021,45
Brinjal,Chamaraj Nagar,11-05-2021,8.5
Safflower,Hubli (Amaragol),07-04-2021,43.51
Safflower,Laxmeshwar,07-04-2021,39.22
Safflower,Bidar,07-04-2021,45
Bunch+Beans,Hospet,11-05-2021,17
Soyabean,Bidar,07-04-2021,60
Soyabean,Hubli (Amaragol),07-04-2021,49.25
Green+Chilli,Chikkamagalore,06-04-2021,24.43
Green+Chilli,Shimoga,06-04-2021,34
Capsicum,Davangere,11-05-2021,20
Sunflower,Davangere,07-04-2021,67.01
Sunflower,Nargunda,07-04-2021,68.5
Carrot,Chamaraj Nagar,11-05-2021,8
Beans,Gundlupet,18-03-2021,15
Groundnut,Kottur,06-04-2021,54.11
Groundnut,Raichur,06-04-2021,52.38
Groundnut,Ranebennur,06-04-2021,42.88
Jowar(Sorghum),Basava Kalayana,06-04-2021,25
Jowar(Sorghum),Bidar,06-04-2021,32
Jowar(Sorghum),Kottur,06-04-2021,14.31
Chikoos(Sapota),Davangere,11-05-2021,18
Ridge+gourd(Tori),Chickkaballapura,16-03-2021,14
Sunflower,Mundaragi,07-04-2021,61.94
Maize,Challakere,06-04-2021,15.04
Maize,Kottur,06-04-2021,15.39
Maize,Sindhanur,06-04-2021,15.7
Cucumbar(Kheera),Davangere,11-05-2021,6
Rice,Sindhanur,04-03-2021,30.3
Green+Chilli,Belgaum,11-05-2021,7
Green+Chilli,Hospet,11-05-2021,10
Karbuja(Musk+Melon),Davangere,11-05-2021,13
Wheat,Bidar,07-04-2021,20
Wheat,Hubli (Amaragol),07-04-2021,24.37
Mousambi(Sweet+Lime),Davangere,11-05-2021,55
Onion,Shimoga,11-05-2021,15
Knool+Khol,Davangere,20-07-2021,20
Knool+Khol,Davangere,03-04-2021,9
Raddish,Ramanagara,19-04-2021,11
Papaya,Davangere,11-05-2021,18
Black+pepper,Siddapur,21-06-2021,385.39
Onion,Chikkamagalore,05-05-2021,12.35
Onion,Hubli (Amaragol),05-05-2021,5
Onion,Ramanagara,05-05-2021,14
Potato,Shimoga,11-05-2021,19
Papaya,Mysore (Bandipalya),05-05-2021,14
Pineapple,Mysore (Bandipalya),05-05-2021,19
Potato,Chikkamagalore,05-05-2021,14.49
Potato,Hubli (Amaragol),05-05-2021,13.5
Raddish,Chikkamagalore,05-05-2021,8.34
Ragi+(Finger+Millet),Arasikere,05-05-2021,22.05
Rice,Bangarpet,05-05-2021,37
Rice,Sindhanur,05-05-2021,30
Ridge+gourd(Tori),Ramanagara,05-05-2021,24
Safflower,Gadag,05-05-2021,43.71
Soyabean,Hubli (Amaragol),05-05-2021,49.01
Sunflower,Gadag,05-05-2021,67.09
Sunflower,Nargunda,05-05-2021,70
Onion,Bijapur,22-03-2021,8
Onion,Raichur,22-03-2021,7.31
Onion,Shimoga,22-03-2021,20
Tomato,Channapatana,05-05-2021,4
Tomato,Chikkamagalore,05-05-2021,9.78
Tomato,Srinivasapur,05-05-2021,1.33
Tomato,T. Narasipura,05-05-2021,3
Drumstick,Ramanagara,19-04-2021,22
Turmeric,Bangalore,05-05-2021,114
Ridge+gourd(Tori),Chamaraj Nagar,11-05-2021,17
Ridge+gourd(Tori),Hospet,11-05-2021,19
Wheat,Gadag,05-05-2021,22.12
Wheat,Hubli (Amaragol),05-05-2021,9.09
Tomato,Hospet,11-05-2021,6
Tomato,Srinivasapur,11-05-2021,2.46
Capsicum,Ramanagara,19-04-2021,24
Cabbage,Chikkamagalore,21-06-2021,7.09
Carrot,Chikkamagalore,21-06-2021,16.18
Carrot,Shimoga,21-06-2021,39
Alasande+Gram,Laxmeshwar,21-06-2021,48.66
Paddy(Dhan)(Common),Davangere,06-03-2021,20.5
Paddy(Dhan)(Common),Raichur,06-03-2021,18.69
Paddy(Dhan)(Common),Davangere,22-03-2021,19.3
Paddy(Dhan)(Common),Raichur,22-03-2021,16.29
Water+Melon,Davangere,11-05-2021,17
Wheat,Hospet,11-05-2021,26.2
Bitter+gourd,Ramanagara,19-04-2021,23
Alasande+Gram,Laxmeshwar,23-04-2021,47.75
Safflower,Gadag,29-09-2021,47.21
Chapparad+Avare,Kolar,21-06-2021,36
Beans,Chikkamagalore,23-04-2021,32.46
Beetroot,Davangere,23-04-2021,11
Sunflower,Mundaragi,09-03-2021,71.09
Bottle+gourd,Davangere,23-04-2021,7
Maize,Kottur,29-04-2021,16.02
Jowar(Sorghum),Laxmeshwar,07-07-2021,17.16
Maize,Hubli (Amaragol),05-05-2021,15.31
Mango,Mysore (Bandipalya),05-05-2021,30
Alasande+Gram,Bangalore,29-03-2021,70
Carrot,Chikkamagalore,23-04-2021,11.63
Carrot,Davangere,23-04-2021,11.5
Banana,Malur,29-03-2021,15.15
Cauliflower,Chikkamagalore,23-04-2021,10
Beans,Bagepalli,29-03-2021,22.3
Beans,Chikkamagalore,29-03-2021,27.77
Beans,Malur,29-03-2021,30.19
Rice,Gangavathi,18-03-2021,15.25
Cabbage,Kolar,29-03-2021,4.5
Capsicum,Kolar,29-03-2021,18
Capsicum,Malur,29-03-2021,13.66
Copra,Arasikere,23-04-2021,157.66
Carrot,Bagepalli,29-03-2021,14.6
Cauliflower,Bagepalli,29-03-2021,11
Cauliflower,Chikkamagalore,29-03-2021,10.1
Cauliflower,Malur,29-03-2021,10
Green+Chilli,Chikkamagalore,03-04-2021,30.76
Cotton,Bijapur,23-04-2021,57.25
Cotton,Gadag,23-04-2021,55.61
Chapparad+Avare,Kolar,29-03-2021,15
Chrysanthemum(Loose),Malur,29-03-2021,59.52
Gur(Jaggery),Bangarpet,03-04-2021,42
Gur(Jaggery),Gundlupet,03-04-2021,35
Cucumbar(Kheera),Chikkamagalore,23-04-2021,8.33
Cucumbar(Kheera),Davangere,23-04-2021,7
Cotton,Savanur,29-03-2021,53.43
Cucumbar(Kheera),Bagepalli,29-03-2021,8
Ginger(Dry),Santhesargur,29-03-2021,105
Ginger(Green),Bangalore,29-03-2021,10
Goat,Bagepalli,29-03-2021,48
Green+Chilli,Bagepalli,29-03-2021,25.7
Green+Chilli,Chikkamagalore,29-03-2021,25.71
Cummin+Seed(Jeera),Gadag,23-04-2021,88.55
Groundnut,Bellary,29-03-2021,58.52
Groundnut,Chitradurga,29-03-2021,58.79
Groundnut,Davangere,29-03-2021,51.8
Groundnut,Hubli (Amaragol),29-03-2021,48.01
Groundnut,Savanur,29-03-2021,58.71
Gur(Jaggery),Bangarpet,29-03-2021,43
Jowar(Sorghum),Bellary,29-03-2021,18.95
Jowar(Sorghum),Hubli (Amaragol),29-03-2021,18.14
Dry+Chillies,Hubli (Amaragol),23-04-2021,82
Maize,Bellary,29-03-2021,14.66
Maize,Chitradurga,29-03-2021,15.2
Maize,Hubli (Amaragol),29-03-2021,14.92
Onion,Hubli (Amaragol),29-03-2021,7.5
Paddy(Dhan)(Common),Bangarpet,29-03-2021,21
Paddy(Dhan)(Common),Davangere,29-03-2021,20.4
Paddy(Dhan)(Common),Santhesargur,29-03-2021,15.25
Potato,Bagepalli,29-03-2021,11
Potato,Chikkamagalore,29-03-2021,13.37
Potato,Kolar,29-03-2021,9
Raddish,Bagepalli,29-03-2021,7
Ragi+(Finger+Millet),Chintamani,29-03-2021,23
Rice,Bangarpet,29-03-2021,20
Rice,Malur,29-03-2021,35.08
Safflower,Bellary,29-03-2021,42.66
Safflower,Hubli (Amaragol),29-03-2021,41.52
Sheep,Bagepalli,29-03-2021,45
Soyabean,Hubli (Amaragol),29-03-2021,41.66
Chrysanthemum(Loose),Chickkaballapura,21-06-2021,69
Copra,Arasikere,21-06-2021,153.6
Sunflower,Chitradurga,29-03-2021,60.47
Tomato,Bagepalli,29-03-2021,4.4
Tomato,Bangarpet,29-03-2021,5
Tomato,Chikkamagalore,29-03-2021,11.85
Tomato,Chintamani,29-03-2021,3.33
Tomato,Malur,29-03-2021,10.07
Turmeric,Santhesargur,29-03-2021,94
Wheat,Hubli (Amaragol),29-03-2021,9.9
White+Pumpkin,Malur,29-03-2021,10.04
Green+Chilli,Chikkamagalore,23-04-2021,29.17
Groundnut,Bellary,23-04-2021,53.9
Groundnut,Bijapur,23-04-2021,51
Groundnut,Gadag,23-04-2021,46.41
Groundnut,Hubli (Amaragol),23-04-2021,47.81
Groundnut,Laxmeshwar,23-04-2021,43.68
Gur(Jaggery),Mandya,23-04-2021,40.5
Jowar(Sorghum),Bellary,23-04-2021,20.41
Jowar(Sorghum),Gadag,23-04-2021,19.4
Jowar(Sorghum),Hubli (Amaragol),23-04-2021,17.09
Jowar(Sorghum),Laxmeshwar,23-04-2021,15.81
Knool+Khol,Chikkamagalore,23-04-2021,11.1
Kulthi(Horse+Gram),Gadag,23-04-2021,31.19
Kulthi(Horse+Gram),Laxmeshwar,23-04-2021,24.68
Lime,Mysore (Bandipalya),05-05-2021,18
Maize,Bellary,23-04-2021,15.44
Maize,Hubli (Amaragol),23-04-2021,16.26
Sunflower,Mundaragi,12-03-2021,73.27
Mustard,Shimoga,23-04-2021,70
Mustard,Bangalore,23-03-2021,64
Onion,Hubli (Amaragol),23-04-2021,10
Jowar(Sorghum),Bellary,20-07-2021,15.56
Jowar(Sorghum),Laxmeshwar,20-07-2021,14.53
Potato,Chikkamagalore,23-04-2021,14.28
Potato,Davangere,23-04-2021,16
Onion,Raichur,31-03-2021,7.51
Onion,Belgaum,10-03-2021,19
Onion,Raichur,10-03-2021,10.35
Potato,Ramanagara,17-06-2021,22
Ridge+gourd(Tori),Davangere,23-04-2021,14
Onion,Ramanagara,17-06-2021,24
Safflower,Bidar,23-04-2021,47
Safflower,Gadag,23-04-2021,47.82
Safflower,Hubli (Amaragol),23-04-2021,48.21
Safflower,Laxmeshwar,23-04-2021,40.02
Soyabean,Bidar,23-04-2021,75
Soyabean,Hubli (Amaragol),23-04-2021,50
Ragi+(Finger+Millet),Kottur,02-04-2021,24.42
Raddish,Davangere,18-03-2021,8
Sunflower,Gadag,23-04-2021,69.98
Suvarna+Gadde,Davangere,23-04-2021,26
Knool+Khol,Ramanagara,17-06-2021,40
Rice,Gangavathi,05-03-2021,14.85
Tomato,Chikkamagalore,23-04-2021,8.93
Tomato,Kolar,23-04-2021,5
Tomato,Santhesargur,23-04-2021,13.83
Beans,Davangere,28-04-2021,35
Wheat,Bidar,23-04-2021,22
Wheat,Gadag,23-04-2021,17.48
Wheat,Hubli (Amaragol),23-04-2021,20.56
Wheat,Laxmeshwar,23-04-2021,15.99
Drumstick,Ramanagara,17-06-2021,75
Lint,Kottur,18-03-2021,92.51
Tamarind+Fruit,Shimoga,28-09-2021,87.5
Gur(Jaggery),Bangarpet,07-07-2021,25
Cucumbar(Kheera),Channapatana,21-06-2021,12
Cucumbar(Kheera),Chikkamagalore,21-06-2021,14.14
Bunch+Beans,Davangere,28-04-2021,15
Carrot,Davangere,28-04-2021,13
Cotton,Nargunda,03-04-2021,53
Cotton,Nargunda,28-04-2021,51
Cucumbar(Kheera),Bangarpet,03-04-2021,2.5
Jowar(Sorghum),Gadag,05-05-2021,18.18
Jowar(Sorghum),Hubli (Amaragol),05-05-2021,14.11
Elephant+Yam+(Suran),Arasikere,03-04-2021,20
Green+Avare+(W),Davangere,28-04-2021,26.5
Green+Chilli,Davangere,28-04-2021,25
Dry+Chillies,Hubli (Amaragol),21-06-2021,53
Grapes,Srinivasapur,21-06-2021,12
Groundnut,Davangere,28-04-2021,45
Groundnut,Mundaragi,28-04-2021,51.84
Groundnut,Raichur,28-04-2021,53.89
Beans,Chamaraj Nagar,31-05-2021,58
Honge+seed,Bagepalli,28-04-2021,30
Beetroot,Chamaraj Nagar,31-05-2021,7
Alasande+Gram,Bagalakot,26-04-2021,57.9
Alasande+Gram,Laxmeshwar,26-04-2021,40.19
Maize,Davangere,28-04-2021,15.2
Arhar+Dal(Tur+Dal),Bangalore,26-04-2021,102
Avare+Dal,Bangalore,26-04-2021,57
Green+Chilli,Honnali,07-07-2021,28
Groundnut,Laxmeshwar,07-07-2021,44.24
Groundnut,Savanur,07-07-2021,44.78
Brinjal,Chamaraj Nagar,31-05-2021,10
Onion,Chickkaballapura,28-04-2021,11
Onion,Davangere,28-04-2021,7.5
Onion,Raichur,28-04-2021,4.05
Green+Chilli,Chikkamagalore,21-06-2021,17.56
Ragi+(Finger+Millet),Kottur,16-03-2021,25.21
Paddy(Dhan)(Common),Raichur,28-04-2021,14.05
Beetroot,Chickkaballapura,18-06-2021,13.5
Cabbage,Chamaraj Nagar,31-05-2021,5
Black+pepper,Sirsi,18-06-2021,386.93
Black+pepper,Siddapur,26-04-2021,367.69
Chrysanthemum(Loose),Chickkaballapura,18-06-2021,90
Cotton,Bijapur,18-06-2021,70.7
Cucumbar(Kheera),Chickkaballapura,18-06-2021,14
Beans,Chamaraj Nagar,17-06-2021,20
Beans,Chikkamagalore,17-06-2021,39.21
Beans,Davangere,17-06-2021,53
Carrot,Bangarpet,17-06-2021,28
Coconut,Doddaballa Pur,17-06-2021,120
Copra,Turvekere,17-06-2021,162
Cucumbar(Kheera),Chikkamagalore,17-06-2021,15.72
Ginger(Green),Chickkaballapura,18-06-2021,19
Drumstick,Davangere,17-06-2021,36
Elephant+Yam+(Suran),Arasikere,17-06-2021,35.05
Green+Chilli,Chikkamagalore,17-06-2021,13.89
Groundnut,Savanur,17-06-2021,49.24
Jowar(Sorghum),Bellary,17-06-2021,14.52
Kulthi(Horse+Gram),Bangarpet,17-06-2021,31
Potato,Chickkaballapura,28-04-2021,9
Potato,Davangere,28-04-2021,19
Onion,Chikkamagalore,17-06-2021,20.2
Onion,Hubli (Amaragol),17-06-2021,13.8
Paddy(Dhan)(Common),Bangarpet,17-06-2021,21
Paddy(Dhan)(Common),Lingasugur,17-06-2021,25.65
Potato,Chikkamagalore,17-06-2021,19.61
Potato,Davangere,17-06-2021,15
Ragi+(Finger+Millet),Arasikere,17-06-2021,19.6
Ragi+(Finger+Millet),Kottur,17-06-2021,19.68
Seemebadnekai,Davangere,17-06-2021,16
Sunflower,Bellary,17-06-2021,56.71
Sunflower,Kottur,17-06-2021,61.96
Tomato,Chamaraj Nagar,17-06-2021,4.5
Tomato,Chikkamagalore,17-06-2021,8.74
Tomato,T. Narasipura,17-06-2021,6
Gur(Jaggery),Mhalingapur,18-06-2021,33.21
Marigold(Calcutta),Chickkaballapura,18-06-2021,25
Paddy(Dhan)(Common),Davangere,17-06-2021,17.4
Onion,Chickkaballapura,18-06-2021,35
Onion,Belgaum,06-03-2021,22
Onion,Davangere,06-03-2021,12
Onion,Hubli (Amaragol),06-03-2021,13.5
Onion,Raichur,06-03-2021,14.3
Ridge+gourd(Tori),Chickkaballapura,18-06-2021,29
Rose(Loose),Chickkaballapura,18-06-2021,40
Groundnut,Kottur,20-07-2021,54.73
Groundnut,Laxmeshwar,20-07-2021,49.75
Ragi+(Finger+Millet),Bagepalli,28-04-2021,20.5
Rice,Shimoga,28-04-2021,24.5
Maize,Davangere,17-06-2021,15.8
Ridge+gourd(Tori),Davangere,28-04-2021,21
Castor+Seed,Chitradurga,26-04-2021,42.4
Seemebadnekai,Davangere,28-04-2021,17
Paddy(Dhan)(Common),Raichur,15-03-2021,16.54
Paddy(Dhan)(Common),Davangere,15-03-2021,19.4
Sunflower,Mundaragi,28-04-2021,65.5
Sunflower,Nargunda,28-04-2021,70
Suvarna+Gadde,Davangere,28-04-2021,25
Sweet+Potato,Davangere,28-04-2021,11
Chennangi+Dal,Bangalore,26-04-2021,75
Chili+Red,Shimoga,26-04-2021,105.07
Tamarind+Fruit,Bagepalli,28-04-2021,15
Tomato,Bagepalli,28-04-2021,4
Tomato,Mulabagilu,28-04-2021,2.66
Tomato,Shimoga,28-04-2021,13
Corriander+seed,Bangalore,26-04-2021,100
Cotton,Ranebennur,26-04-2021,54.6
Knool+Khol,Mysore (Bandipalya),17-06-2021,29
Wheat,Bijapur,28-04-2021,69
Groundnut,Bagalakot,21-06-2021,51.44
Groundnut,Hubli (Amaragol),21-06-2021,45.51
Jowar(Sorghum),Basava Kalayana,17-06-2021,22
Dry+Chillies,Bangalore,26-04-2021,330
Maize,Gadag,27-03-2021,12.23
Maize,Hubli (Amaragol),27-03-2021,14.23
Maize,Mundaragi,27-03-2021,14.55
Gur(Jaggery),Mhalingapur,31-05-2021,33.92
Groundnut,Kottur,29-04-2021,52.39
Onion,Bagalakot,15-05-2021,9
Ragi+(Finger+Millet),Kottur,07-04-2021,24.9
Paddy(Dhan)(Common),Gangavathi,15-05-2021,15
Kulthi(Horse+Gram),Tumkur,31-05-2021,26
Groundnut,Kottur,17-06-2021,51.6
Groundnut,Kustagi,17-06-2021,52.16
Groundnut,Yadgir,17-06-2021,48.35
Paddy(Dhan)(Common),Davangere,21-05-2021,17.6
Papaya,Davangere,21-05-2021,14
Jowar(Sorghum),Basava Kalayana,05-04-2021,23
Jowar(Sorghum),Bijapur,05-04-2021,28
Jowar(Sorghum),Gadag,05-04-2021,18.56
Jowar(Sorghum),Gangavathi,05-04-2021,18
Jowar(Sorghum),Kottur,05-04-2021,12.48
Jowar(Sorghum),Laxmeshwar,05-04-2021,18.04
Maize,Ramdurga,31-05-2021,14
Maize,Tumkur,31-05-2021,17.2
Alasande+Gram,Laxmeshwar,30-07-2021,47.3
Ragi+(Finger+Millet),Bangarpet,21-05-2021,26
Ragi+(Finger+Millet),Davangere,21-05-2021,21.2
Ridge+gourd(Tori),Chikkamagalore,21-05-2021,13.89
Ridge+gourd(Tori),Davangere,21-05-2021,19
Groundnut,Bagalakot,26-04-2021,54.24
Groundnut,Bangalore,26-04-2021,32.5
Groundnut,Challakere,26-04-2021,54.8
Groundnut,Chitradurga,26-04-2021,52.05
Groundnut,Laxmeshwar,26-04-2021,42.99
Groundnut,Raichur,26-04-2021,53.99
Groundnut,Ranebennur,26-04-2021,44
Soyabean,Hubli (Amaragol),21-05-2021,74.5
Gur(Jaggery),Mandya,26-04-2021,40.5
Tomato,Kanakapura,21-05-2021,5
Tomato,Srinivasapur,21-05-2021,2.67
Paddy(Dhan)(Common),Raichur,26-03-2021,16.41
Water+Melon,Davangere,21-05-2021,16
Tomato,Chintamani,15-05-2021,2.66
Jowar(Sorghum),Laxmeshwar,26-04-2021,16.43
Jowar(Sorghum),Raichur,26-04-2021,32.6
Kulthi(Horse+Gram),Laxmeshwar,26-04-2021,24.91
Castor+Seed,Kottur,02-04-2021,46.14
Beans,Chickkaballapura,30-07-2021,23
Beans,Gundlupet,30-07-2021,26
Beetroot,Chickkaballapura,30-07-2021,16.5
Maize,Bagalakot,26-04-2021,15.61
Maize,Chitradurga,26-04-2021,16.1
Maize,Shimoga,26-04-2021,16.3
Tomato,Gundlupet,19-04-2021,4
Tomato,Kolar,19-04-2021,4.33
Groundnut,Kottur,02-04-2021,59.98
Bottle+gourd,Chickkaballapura,30-07-2021,14.5
Maize,Kottur,02-04-2021,15.16
Cotton,Kottur,17-06-2021,51.07
Mustard,Bangalore,26-04-2021,65.5
Groundnut,Raichur,21-06-2021,48.39
Groundnut,Ramdurga,21-06-2021,49.98
Groundnut,Savanur,21-06-2021,46.61
Gur(Jaggery),Malur,21-06-2021,41.66
Gur(Jaggery),Mandya,21-06-2021,33.5
Jowar(Sorghum),Basava Kalayana,21-06-2021,22.5
Jowar(Sorghum),Hubli (Amaragol),21-06-2021,18
Cauliflower,Chikkamagalore,03-04-2021,10.68
Chapparad+Avare,Gundlupet,03-04-2021,20
Brinjal,Gundlupet,30-07-2021,10
Grapes,Mysore (Bandipalya),05-05-2021,45
Green+Chilli,Chikkamagalore,05-05-2021,19.03
Green+Chilli,Gundlupet,05-05-2021,25
Mousambi(Sweet+Lime),Davangere,21-05-2021,16
Chapparad+Avare,Gundlupet,12-04-2021,20
Groundnut,Gadag,05-05-2021,44.01
Groundnut,Hubli (Amaragol),05-05-2021,38.16
Groundnut,Kustagi,05-05-2021,54.26
Onion,Hubli (Amaragol),21-05-2021,10
Raddish,Chamaraj Nagar,31-05-2021,22.5
Gur(Jaggery),Mhalingapur,05-05-2021,31.13
Chilly+Capsicum,Mysore (Bandipalya),17-06-2021,18
Onion,Raichur,26-04-2021,5.45
Ragi+(Finger+Millet),Tumkur,31-05-2021,21
Cabbage,Chickkaballapura,30-07-2021,2.7
Ridge+gourd(Tori),Chamaraj Nagar,31-05-2021,32.5
Carrot,Chickkaballapura,30-07-2021,30
Tomato,Chamaraj Nagar,31-05-2021,4
Tomato,Hospet,31-05-2021,6
Paddy(Dhan)(Common),Gangavathi,26-04-2021,15.2
Paddy(Dhan)(Common),Raichur,26-04-2021,14.48
Copra,Arasikere,30-07-2021,161.25
Alasande+Gram,Bellary,20-04-2021,56.17
Antawala,Chikkamagalore,20-04-2021,37.19
Cotton,Bijapur,30-07-2021,76.88
Garlic,Bangalore,30-07-2021,6.25
Beans,Chikkamagalore,20-04-2021,32.52
Bitter+gourd,Davangere,20-04-2021,14
Ginger(Green),Chickkaballapura,30-07-2021,29
Beans,Mysore (Bandipalya),17-06-2021,54.5
Green+Chilli,Gundlupet,30-07-2021,30
Sunflower,Bagalakot,30-09-2021,54.27
Sunflower,Gadag,30-09-2021,60.26
Sunflower,Gulbarga,30-09-2021,50
Sunflower,Mundaragi,30-09-2021,59.4
Groundnut,Bagalakot,30-07-2021,57.2
Groundnut,Laxmeshwar,30-07-2021,48.56
Groundnut,Mundaragi,30-07-2021,60.16
Maize,Challakere,21-05-2021,16.02
Maize,Davangere,21-05-2021,15.6
Maize,Hubli (Amaragol),21-05-2021,14.4
Ginger(Green),Kolar,05-05-2021,14.5
Mango,Srinivasapur,21-05-2021,12.53
Gur(Jaggery),Mandya,30-07-2021,33.5
Dry+Chillies,Bangalore,29-04-2021,330
Dry+Chillies,Hubli (Amaragol),29-04-2021,72.66
Elephant+Yam+(Suran),Arasikere,29-04-2021,21
Carrot,Davangere,20-04-2021,10
Mango,Srinivasapur,21-06-2021,7
Marigold(Calcutta),Chickkaballapura,21-06-2021,30
Onion,Chikkamagalore,21-06-2021,21.28
Onion,Raichur,21-06-2021,15
Onion,Shimoga,21-06-2021,20
Paddy(Dhan)(Common),Gangavathi,21-06-2021,16.8
Paddy(Dhan)(Common),Raichur,21-06-2021,14.69
Papaya,Channapatana,21-06-2021,13
Jowar(Sorghum),Harappana Halli,30-07-2021,14.25
Jowar(Sorghum),Laxmeshwar,30-07-2021,15.31
Garlic,Davangere,20-07-2021,34
Kulthi(Horse+Gram),Laxmeshwar,30-07-2021,26.99
Rice,Gangavathi,26-04-2021,26.6
Rice,Shimoga,26-04-2021,24
Chilly+Capsicum,Kolar,20-04-2021,46
Beans,Gundlupet,12-04-2021,37
Beetroot,Gundlupet,12-04-2021,8
Maize,Mundaragi,30-07-2021,17.25
Cotton,Bijapur,20-04-2021,57.43
Cotton,Chitradurga,20-04-2021,60.41
Cotton,Nargunda,20-04-2021,54.25
Groundnut,Ranebennur,07-05-2021,43.44
Cummin+Seed(Jeera),Gadag,20-04-2021,87.68
Dry+Chillies,Hubli (Amaragol),20-04-2021,100
Sunflower,Chitradurga,26-04-2021,67.93
Sunflower,Raichur,26-04-2021,55.89
Ginger(Green),Shimoga,20-04-2021,19
Maize,Soundati,07-05-2021,14.29
Carrot,Bangarpet,03-04-2021,8
Carrot,Davangere,03-04-2021,7
Tamarind+Fruit,Bangalore,26-04-2021,100
Tamarind+Fruit,Shimoga,26-04-2021,58.08
Green+Chilli,Chikkamagalore,20-04-2021,29.52
Groundnut,Davangere,20-04-2021,50.3
Groundnut,Gadag,20-04-2021,45.01
Groundnut,Hubli (Amaragol),20-04-2021,47.69
Groundnut,Savanur,20-04-2021,48.9
Gur(Jaggery),Mandya,20-04-2021,41
Jowar(Sorghum),Bellary,20-04-2021,17.82
Jowar(Sorghum),Gadag,20-04-2021,19.42
Jowar(Sorghum),Hubli (Amaragol),20-04-2021,18.56
Alasande+Gram,Arasikere,17-07-2021,53.4
Alasande+Gram,Hubli (Amaragol),17-07-2021,36.1
Knool+Khol,Chikkamagalore,20-04-2021,12.35
Alsandikai,Udupi,17-07-2021,25
Maize,Bellary,20-04-2021,15.63
Maize,Davangere,20-04-2021,30.1
Maize,Gadag,20-04-2021,12.23
Maize,Hubli (Amaragol),20-04-2021,15.69
Copra,Arasikere,13-07-2021,152.94
Wheat,Bangalore,26-04-2021,26.5
Copra,Turvekere,13-07-2021,156.18
Wheat,Laxmeshwar,26-04-2021,11.46
Banana,Udupi,17-07-2021,28
Corriander+seed,Shimoga,13-07-2021,95
Cotton,Chitradurga,13-07-2021,64.8
Cotton,Ranebennur,13-07-2021,71
Onion,Davangere,20-04-2021,8.25
Onion,Kadur,20-04-2021,16.65
Beans,Chikkamagalore,17-07-2021,26.42
Beans,Davangere,17-07-2021,32
Beans,Malur,17-07-2021,42.74
Beans,Udupi,17-07-2021,32
Beetroot,Chikkamagalore,17-07-2021,11.73
Beetroot,Davangere,17-07-2021,17
Bitter+gourd,Udupi,17-07-2021,26
Cummin+Seed(Jeera),Gadag,13-07-2021,83.25
Drumstick,Kadur,13-07-2021,16.66
Drumstick,Ramanagara,13-07-2021,35
Elephant+Yam+(Suran),Arasikere,13-07-2021,31.18
Bottle+gourd,Udupi,17-07-2021,13
Garlic,Bangalore,13-07-2021,6
Potato,Tarikere,20-04-2021,18
Grapes,Davangere,13-07-2021,29
Rice,Gangavathi,07-05-2021,22.2
Green+Chilli,Chikkamagalore,13-07-2021,16.93
Green+Chilli,Gundlupet,13-07-2021,30
Cabbage,Udupi,17-07-2021,13
Carrot,Chikkamagalore,17-07-2021,14.62
Carrot,Davangere,17-07-2021,45
Carrot,Udupi,17-07-2021,62
Raddish,Davangere,20-04-2021,7.5
Cauliflower,Udupi,17-07-2021,28
Ground+Nut+Seed,Bangalore,13-07-2021,94
Thondekai,K.R. Pet,07-05-2021,7
Groundnut,Bagalakot,13-07-2021,50.21
Groundnut,Hubli (Amaragol),13-07-2021,38.69
Groundnut,Laxmeshwar,13-07-2021,41.35
Groundnut,Raichur,13-07-2021,55.91
Groundnut,Savanur,13-07-2021,45.09
Banana+-+Green,Kundapura,17-04-2021,16.8
Tomato,K.R. Pet,07-05-2021,5
Ridge+gourd(Tori),Shimoga,20-04-2021,19
Gur(Jaggery),Basava Kalayana,13-07-2021,30.5
Gur(Jaggery),Mandya,13-07-2021,32
Gur(Jaggery),Shimoga,13-07-2021,36
Safflower,Gadag,20-04-2021,46.92
Seemebadnekai,Davangere,20-04-2021,10
Potato,Chikkamagalore,21-06-2021,16.66
Soyabean,Hubli (Amaragol),20-04-2021,58.09
Ragi+(Finger+Millet),Harappana Halli,30-07-2021,25.9
Raddish,Chickkaballapura,21-06-2021,10
Raddish,Chikkamagalore,21-06-2021,11.5
Rice,Gangavathi,30-07-2021,15.5
Sunflower,Bellary,20-04-2021,64.25
Sunflower,Gadag,20-04-2021,68.06
Sunflower,Nargunda,20-04-2021,69.5
Sweet+Pumpkin,Davangere,20-04-2021,4.5
Honge+seed,Tumkur,13-07-2021,28
Cucumbar(Kheera),Udupi,17-07-2021,6
Tender+Coconut,Kadur,20-04-2021,150
Black+pepper,Karkala,17-04-2021,380
Black+pepper,Siddapur,17-04-2021,384.69
Black+pepper,Sirsi,17-04-2021,368.61
Bottle+gourd,Davangere,17-04-2021,7.5
Tomato,Kadur,20-04-2021,5.55
Tomato,Shimoga,20-04-2021,15
Jowar(Sorghum),Basava Kalayana,13-07-2021,19.01
Jowar(Sorghum),Bellary,13-07-2021,15.19
Jowar(Sorghum),Gulbarga,13-07-2021,25
Dry+Chillies,Hubli (Amaragol),10-07-2021,61.04
Jowar(Sorghum),Hubli (Amaragol),13-07-2021,14.33
Jowar(Sorghum),Laxmeshwar,13-07-2021,16.14
Potato,Ramanagara,24-05-2021,16
Knool+Khol,Ramanagara,13-07-2021,12
Kulthi(Horse+Gram),Shimoga,13-07-2021,77.5
Ridge+gourd(Tori),Ramanagara,24-05-2021,44
Cummin+Seed(Jeera),Gadag,17-07-2021,81.58
Dry+Chillies,Hubli (Amaragol),17-07-2021,74.74
Elephant+Yam+(Suran),Arasikere,17-07-2021,30.04
Groundnut,Bagalakot,10-07-2021,49.04
Groundnut,Hubli (Amaragol),10-07-2021,43.46
Groundnut,Mundaragi,10-07-2021,48.63
Groundnut,Raichur,10-07-2021,51.89
Groundnut,Savanur,10-07-2021,44.41
Wheat,Bijapur,20-04-2021,67.5
Wheat,Gadag,20-04-2021,19.99
Wheat,Hubli (Amaragol),20-04-2021,27.69
Lime,Davangere,13-07-2021,9.5
Jowar(Sorghum),Basava Kalayana,10-07-2021,20
Jowar(Sorghum),Hubli (Amaragol),10-07-2021,15.94
Maize,Bagalakot,13-07-2021,18.4
Maize,Bellary,13-07-2021,20.16
Maize,Challakere,13-07-2021,20.16
Maize,Tumkur,13-07-2021,18
Maize,Mundaragi,10-07-2021,18.45
Ginger(Green),Bangalore,17-07-2021,21.5
Onion,Ramanagara,24-05-2021,16
Onion,Raichur,10-07-2021,15.5
Sweet+Potato,Belgaum,28-09-2021,10
Green+Chilli,Chikkamagalore,17-07-2021,17.9
Green+Chilli,Udupi,17-07-2021,19
Paddy(Dhan)(Common),Raichur,10-07-2021,16.23
Castor+Seed,Kottur,17-04-2021,43.01
Methi+Seeds,Shimoga,13-07-2021,83.5
Cauliflower,Davangere,17-04-2021,7.5
Sunflower,Mundaragi,30-07-2021,64.57
Thondekai,Chickkaballapura,30-07-2021,25
Brinjal,Kolar,20-06-2021,16
Groundnut,Bagalakot,17-07-2021,51.33
Safflower,Basava Kalayana,10-07-2021,45
Groundnut,Davangere,17-07-2021,36.4
Groundnut,Gadag,17-07-2021,45.19
Groundnut,Hubli (Amaragol),17-07-2021,37.63
Groundnut,Raichur,17-07-2021,57.29
Soyabean,Basava Kalayana,10-07-2021,75
Soyabean,Hubli (Amaragol),10-07-2021,71.09
Sunflower,Bagalakot,10-07-2021,56.15
Tomato,Kolar,10-07-2021,4.6
Cotton,Annigeri,17-04-2021,53
Cotton,Gadag,17-04-2021,56
Cotton,Raichur,17-04-2021,65
Ridge+gourd(Tori),Kolar,20-06-2021,37
Tomato,Kolar,20-06-2021,6
Wheat,Basava Kalayana,10-07-2021,18
Wheat,Hubli (Amaragol),10-07-2021,15.1
Knool+Khol,Chikkamagalore,21-05-2021,11.91
Neem+Seed,Kustagi,11-07-2021,18.9
Cummin+Seed(Jeera),Gadag,17-04-2021,89.17
Drumstick,Davangere,17-04-2021,10
Cummin+Seed(Jeera),Gadag,05-05-2021,76.37
Jowar(Sorghum),Basava Kalayana,17-07-2021,19
Jowar(Sorghum),Bellary,17-07-2021,15.42
Jowar(Sorghum),Gadag,17-07-2021,15.23
Jowar(Sorghum),Hubli (Amaragol),17-07-2021,15.31
Dry+Chillies,Gadag,17-04-2021,69.67
Dry+Chillies,Hubli (Amaragol),17-04-2021,231.69
Onion,Bagalakot,13-07-2021,16
Onion,Hubli (Amaragol),13-07-2021,12.5
Onion,Kadur,13-07-2021,20.81
Onion,Malur,13-07-2021,12.5
Onion,Raichur,13-07-2021,16
Kulthi(Horse+Gram),Gadag,18-03-2021,28.92
Lint,Gadag,17-07-2021,86.47
Maize,Tumkur,17-07-2021,18.5
Rice,Gangavathi,21-06-2021,30
Rice,Malur,21-06-2021,23.5
Ridge+gourd(Tori),Chikkamagalore,21-06-2021,16.25
Knool+Khol,Ramanagara,24-05-2021,35
Paddy(Dhan)(Common),Davangere,13-07-2021,16.8
Paddy(Dhan)(Common),Raichur,13-07-2021,15.35
Mousambi(Sweet+Lime),Davangere,17-07-2021,39
Papaya,Davangere,13-07-2021,20
Neem+Seed,Tumkur,17-07-2021,38.5
Pineapple,Davangere,13-07-2021,18
Groundnut,Bagalakot,17-04-2021,56.04
Groundnut,Gadag,17-04-2021,45.5
Groundnut,Mundaragi,17-04-2021,53.75
Groundnut,Raichur,17-04-2021,55.63
Onion,Chikkamagalore,17-07-2021,21.32
Onion,Davangere,17-07-2021,12
Onion,Hubli (Amaragol),17-07-2021,12.5
Onion,Raichur,17-07-2021,14
Onion,Udupi,17-07-2021,25
Gur(Jaggery),Mandya,17-04-2021,39.1
Pomegranate,Davangere,13-07-2021,20
Jowar(Sorghum),Bidar,17-04-2021,32
Jowar(Sorghum),Gadag,17-04-2021,17.17
Jowar(Sorghum),Gangavathi,17-04-2021,11.15
Potato,Davangere,13-07-2021,14
Potato,Kolar,13-07-2021,13
Potato,Shimoga,13-07-2021,16
Knool+Khol,Davangere,17-04-2021,10
Kulthi(Horse+Gram),Gadag,17-04-2021,45.21
Orange,Davangere,17-07-2021,30
Paddy(Dhan)(Common),Davangere,17-07-2021,18.6
Paddy(Dhan)(Common),Raichur,17-07-2021,15.22
Maize,Bagalakot,17-04-2021,15.22
Maize,Gadag,17-04-2021,13.38
Maize,Kottur,17-04-2021,16.05
Maize,Mundaragi,17-04-2021,15.19
Papaya,Udupi,17-07-2021,17
Mustard,Gangavathi,17-04-2021,50
Pomegranate,Davangere,17-07-2021,18
Potato,Chikkamagalore,17-07-2021,15
Potato,Udupi,17-07-2021,16
Onion,Raichur,17-04-2021,7.71
Raddish,Kadur,13-07-2021,16.66
Ragi+(Finger+Millet),Davangere,13-07-2021,19.55
Ragi+(Finger+Millet),Shimoga,13-07-2021,30
Ragi+(Finger+Millet),Tumkur,13-07-2021,21
Rice,Kolar,13-07-2021,62
Rice,Tumkur,13-07-2021,32
Paddy(Dhan)(Common),Gangavathi,29-05-2021,14.68
Paddy(Dhan)(Common),Raichur,17-04-2021,15.6
Ridge+gourd(Tori),Chikkamagalore,13-07-2021,14.22
Raddish,Chikkamagalore,17-07-2021,9.8
Ridge+gourd(Tori),Ramanagara,13-07-2021,15
Raddish,Udupi,17-07-2021,19
Copra,Arasikere,07-07-2021,151.47
Rice,Tumkur,17-07-2021,31
Safflower,Bellary,13-07-2021,40.17
Sheep,Hirekerur,13-07-2021,75
Soyabean,Basava Kalayana,13-07-2021,77.5
Soyabean,Hubli (Amaragol),13-07-2021,67.13
Ridge+gourd(Tori),Chikkamagalore,17-07-2021,12.19
Safflower,Basava Kalayana,17-07-2021,46.11
Safflower,Bidar,17-07-2021,48.5
Safflower,Gadag,17-07-2021,43.84
Safflower,Hubli (Amaragol),17-07-2021,45.52
Seemebadnekai,Udupi,17-07-2021,19
Snake+gourd,Udupi,17-07-2021,15
Soyabean,Basava Kalayana,17-07-2021,78
Soyabean,Bidar,17-07-2021,72
Sunflower,Bagalakot,13-07-2021,58.5
Sunflower,Bellary,13-07-2021,60.34
Suvarna+Gadde,Kadur,13-07-2021,16.66
Thondekai,Davangere,13-07-2021,21
Banana+-+Green,T. Narasipura,27-04-2021,18
Jowar(Sorghum),Hubli (Amaragol),21-05-2021,12.49
Sunflower,Bellary,17-07-2021,65.19
Sunflower,Gadag,17-07-2021,50.25
Suvarna+Gadde,Davangere,17-07-2021,28
Suvarna+Gadde,Udupi,17-07-2021,16
Tamarind+Fruit,Tumkur,17-07-2021,71
Tomato,Chickkaballapura,13-07-2021,8.5
Tomato,Chikkamagalore,13-07-2021,9.9
Thondekai,Udupi,17-07-2021,18
Tomato,Kolar,13-07-2021,5.6
Tomato,Malur,13-07-2021,16.67
Tomato,Tumkur,13-07-2021,11.5
Tomato,Chikkamagalore,17-07-2021,12.15
Tomato,Kolar,17-07-2021,5.3
Tomato,Srinivasapur,17-07-2021,12
Tomato,Tumkur,17-07-2021,6.8
Tomato,Udupi,17-07-2021,9
Ginger(Green),Ramanagara,24-05-2021,12
Rose(Loose),Chickkaballapura,21-06-2021,45
Safflower,Bidar,21-06-2021,49.5
Safflower,Hubli (Amaragol),21-06-2021,47.71
Seemebadnekai,Chickkaballapura,21-06-2021,12
Soyabean,Basava Kalayana,21-06-2021,70
Soyabean,Bidar,21-06-2021,62
Soyabean,Hubli (Amaragol),21-06-2021,60.73
Sunflower,Bagalakot,21-06-2021,14.51
Sunflower,Hubli (Amaragol),21-06-2021,65.09
Sunflower,Raichur,21-06-2021,51.66
Copra,Tiptur,05-05-2021,160
Tamarind+Fruit,Shimoga,21-06-2021,76.78
Thondekai,Chickkaballapura,21-06-2021,12
Cotton,Nargunda,05-05-2021,50
Water+Melon,Davangere,17-07-2021,13
Water+Melon,Udupi,17-07-2021,15
Wheat,Basava Kalayana,17-07-2021,17.99
Wheat,Gadag,17-07-2021,21.07
Wheat,Hubli (Amaragol),17-07-2021,23.46
Wheat,Basava Kalayana,13-07-2021,17.4
Wheat,Gadag,13-07-2021,18.11
Beans,Kolar,16-05-2021,32
Ragi+(Finger+Millet),Kottur,17-04-2021,23.85
Rice,Gangavathi,17-04-2021,12.55
Chilly+Capsicum,Mysore (Bandipalya),29-04-2021,40
Drumstick,Ramanagara,24-05-2021,32
White+Pumpkin,Udupi,17-07-2021,13
Safflower,Bidar,17-04-2021,47
Safflower,Gadag,17-04-2021,46.68
Soyabean,Bidar,17-04-2021,68
Raddish,Kolar,16-05-2021,15
Sunflower,Gadag,17-04-2021,65.46
Sunflower,Mundaragi,17-04-2021,62.86
Sunflower,Raichur,17-04-2021,56.99
Rice,Gangavathi,29-05-2021,13.5
Black+pepper,Sirsi,22-04-2021,341.41
Black+pepper,Yellapur,22-04-2021,377.7
Cucumbar(Kheera),Davangere,20-07-2021,12
Wheat,Gadag,17-04-2021,28.8
Maize,Challakere,03-04-2021,15.06
Maize,Gadag,03-04-2021,13.99
Maize,Hubli (Amaragol),03-04-2021,14.72
Maize,Kottur,03-04-2021,15.16
Maize,Shimoga,03-04-2021,15.1
Copra,Arasikere,24-05-2021,164.7
Cotton,Chitradurga,27-04-2021,66.45
Cotton,Raichur,27-04-2021,64
Chili+Red,Shimoga,22-04-2021,78.07
Coconut,Kumta,22-04-2021,232.35
Copra,Turvekere,22-04-2021,160.89
Cotton,Annigeri,22-04-2021,50
Cotton,Haveri,22-04-2021,57.95
Cotton,Kottur,22-04-2021,54.33
Rice,Shimoga,29-09-2021,52
Cotton,Raichur,22-04-2021,60
Cotton,Ranebennur,22-04-2021,56.43
Tomato,Channapatana,21-06-2021,13.5
Tomato,Chikkamagalore,21-06-2021,9.35
Tomato,Kanakapura,21-06-2021,14
Tomato,Kolar,21-06-2021,6
Tomato,Mulabagilu,21-06-2021,6.66
Tomato,Srinivasapur,21-06-2021,10
Wheat,Bidar,21-06-2021,20
Wheat,Hubli (Amaragol),21-06-2021,16.5
Groundnut,Challakere,21-05-2021,55.04
Groundnut,Davangere,21-05-2021,45.1
Gur(Jaggery),Bangarpet,21-05-2021,35
Dry+Chillies,Hubli (Amaragol),22-04-2021,212.99
Groundnut,Davangere,27-04-2021,45.3
Groundnut,Raichur,27-04-2021,54.49
Groundnut,Ranebennur,27-04-2021,41.36
Coconut,Tumkur,13-07-2021,145
Maize,Davangere,27-04-2021,15.2
Maize,Shimoga,27-04-2021,16.35
Brinjal,Ramanagara,24-05-2021,12
Groundnut,Davangere,22-04-2021,48.2
Groundnut,Raichur,22-04-2021,57.79
Groundnut,Ramdurga,22-04-2021,55.64
Groundnut,Ranebennur,22-04-2021,44.31
Groundnut,Yadgir,22-04-2021,50.97
Potato,Chickkaballapura,16-03-2021,8
Onion,Raichur,27-04-2021,5.55
Jowar(Sorghum),Kottur,22-04-2021,12.35
Lint,Kottur,22-04-2021,113.23
Maize,Davangere,22-04-2021,15.5
Maize,Kottur,22-04-2021,16
Bitter+gourd,Ramanagara,24-05-2021,40
Paddy(Dhan)(Common),Raichur,27-04-2021,14.39
Onion,Davangere,22-04-2021,8.5
Onion,Raichur,22-04-2021,5.25
Beans,Ramanagara,24-05-2021,60
Beetroot,Ramanagara,24-05-2021,12
Paddy(Dhan)(Common),Raichur,22-04-2021,15.39
Rice,Gangavathi,27-04-2021,12.7
Beans,Chikkamagalore,03-04-2021,52.5
Beetroot,Gundlupet,03-04-2021,6
Green+Chilli,Chamaraj Nagar,21-05-2021,11
Sunflower,Davangere,27-04-2021,65.6
Sunflower,Raichur,27-04-2021,57.29
Tomato,Gundlupet,14-05-2021,3
Ragi+(Finger+Millet),Kottur,22-04-2021,23.87
Rice,Gangavathi,22-04-2021,14.5
Banana,Davangere,29-07-2021,21
Safflower,Basava Kalayana,22-04-2021,45.51
Soyabean,Basava Kalayana,22-04-2021,79.5
Chilly+Capsicum,Kolar,05-05-2021,16
Chilly+Capsicum,Mysore (Bandipalya),05-05-2021,37
Sunflower,Raichur,22-04-2021,57.69
Sunflower,Yadgir,22-04-2021,54.39
Tamarind+Fruit,Shimoga,22-04-2021,57.18
Carrot,Chikkamagalore,29-04-2021,12.82
Potato,Chikkamagalore,07-04-2021,14.34
Beetroot,Davangere,29-07-2021,14
Beans,Kolar,19-07-2021,35
Beans,Malur,19-07-2021,41.66
Wheat,Basava Kalayana,22-04-2021,19
Sunflower,Gadag,28-09-2021,56.69
Sunflower,Kottur,28-09-2021,50.1
Sunflower,Mundaragi,28-09-2021,56.31
Sunflower,Rona,28-09-2021,53.77
Cucumbar(Kheera),Bangarpet,21-05-2021,10
Cucumbar(Kheera),Chikkamagalore,21-05-2021,7.58
Drumstick,Davangere,21-05-2021,13
Capsicum,Davangere,29-07-2021,23
Groundnut,Bagalakot,31-05-2021,54.39
Groundnut,Challakere,31-05-2021,52.83
Groundnut,Davangere,31-05-2021,48.5
Carrot,Kolar,19-07-2021,40
Carrot,Mysore (Bandipalya),19-07-2021,67
Cauliflower,Chikkamagalore,19-07-2021,10.06
Cauliflower,Mysore (Bandipalya),19-07-2021,26
Chapparad+Avare,Kolar,19-07-2021,26
Chilly+Capsicum,Mysore (Bandipalya),19-07-2021,20
Cotton,Bijapur,19-07-2021,73.62
Cucumbar(Kheera),Chikkamagalore,19-07-2021,7.93
Drumstick,Davangere,29-07-2021,17
Dry+Chillies,Hubli (Amaragol),19-07-2021,56
Dry+Chillies,Hubli (Amaragol),29-07-2021,59.31
Carrot,Bangarpet,07-07-2021,33
Banana,Davangere,17-06-2021,18
Beans,Malur,17-06-2021,69.45
Beetroot,Shimoga,17-06-2021,23
Green+Chilli,Chikkamagalore,19-07-2021,17.32
Green+Chilli,Kolar,19-07-2021,25
Carrot,Kolar,17-06-2021,33
Cucumbar(Kheera),Channapatana,17-06-2021,14
Dry+Chillies,Bangalore,17-06-2021,101.5
Groundnut,Bagalakot,17-06-2021,51.9
Groundnut,Hubli (Amaragol),17-06-2021,42.34
Groundnut,Laxmeshwar,17-06-2021,42.39
Groundnut,Raichur,17-06-2021,53.68
Groundnut,Ramdurga,17-06-2021,47.01
Jowar(Sorghum),Hubli (Amaragol),17-06-2021,14.1
Jowar(Sorghum),Laxmeshwar,17-06-2021,17.21
Karbuja(Musk+Melon),Davangere,17-06-2021,16
Maize,Ramdurga,17-06-2021,14.3
Mango,Mysore (Bandipalya),17-06-2021,38
Groundnut,Bagalakot,19-07-2021,52.76
Groundnut,Bellary,19-07-2021,51.84
Groundnut,Challakere,19-07-2021,51.7
Groundnut,Chitradurga,19-07-2021,51.51
Groundnut,Hubli (Amaragol),19-07-2021,46.04
Groundnut,Mundaragi,19-07-2021,55.56
Groundnut,Raichur,19-07-2021,57.38
Mousambi(Sweet+Lime),Mysore (Bandipalya),17-06-2021,45
Onion,Raichur,17-06-2021,12.45
Onion,Shimoga,17-06-2021,22
Paddy(Dhan)(Common),Raichur,17-06-2021,15.69
Papaya,Channapatana,17-06-2021,13
Papaya,Davangere,17-06-2021,20
Papaya,Mysore (Bandipalya),17-06-2021,12
Pomegranate,Davangere,17-06-2021,38
Soyabean,Hubli (Amaragol),17-06-2021,58.59
Groundnut,Hubli (Amaragol),29-07-2021,44.07
Groundnut,Raichur,29-07-2021,56.89
Groundnut,Ramdurga,29-07-2021,57.06
Tomato,Kolar,17-06-2021,5
Tomato,Srinivasapur,17-06-2021,6.67
Water+Melon,Davangere,17-06-2021,20
Jowar(Sorghum),Bellary,19-07-2021,16.07
Jowar(Sorghum),Hubli (Amaragol),19-07-2021,15.54
Gur(Jaggery),Mhalingapur,29-07-2021,32.55
Knool+Khol,Chikkamagalore,19-07-2021,12.34
Beans,Chickkaballapura,13-07-2021,27
Beans,Chikkamagalore,13-07-2021,23.81
Beans,Davangere,13-07-2021,33
Beans,Kadur,13-07-2021,16.66
Beans,Malur,13-07-2021,39.47
Beans,Shimoga,13-07-2021,18
Bitter+gourd,Kadur,13-07-2021,16.66
Lime,Mysore (Bandipalya),19-07-2021,16
Maize,Bellary,19-07-2021,20.23
Maize,Chitradurga,19-07-2021,21.03
Maize,Mundaragi,19-07-2021,18.59
Jowar(Sorghum),Basava Kalayana,29-07-2021,17.1
Jowar(Sorghum),Bellary,29-07-2021,15.94
Jowar(Sorghum),Hubli (Amaragol),29-07-2021,13.16
Jowar(Sorghum),Raichur,29-07-2021,14.7
Mango,Mysore (Bandipalya),19-07-2021,17
Mango,Srinivasapur,19-07-2021,12
Black+pepper,Siddapur,13-07-2021,375.99
Black+pepper,Sirsi,13-07-2021,385.1
Black+pepper,Yellapur,13-07-2021,362.69
Bottle+gourd,Kolar,13-07-2021,11
Chikoos(Sapota),Davangere,21-05-2021,13
Cotton,Nargunda,21-05-2021,49
Mousambi(Sweet+Lime),Mysore (Bandipalya),19-07-2021,40
Lint,Kottur,29-07-2021,138.77
Maize,Hubli (Amaragol),29-07-2021,19.99
Maize,Kottur,29-07-2021,19.66
Brinjal,Gundlupet,13-07-2021,6
Brinjal,Kadur,13-07-2021,16.66
Groundnut,Davangere,30-04-2021,46.3
Groundnut,Ranebennur,30-04-2021,43.96
Tender+Coconut,Pandavapura,14-03-2021,130
Gur(Jaggery),Mhalingapur,30-04-2021,32.3
Onion,Chikkamagalore,19-07-2021,22.43
Onion,Raichur,19-07-2021,14.5
Paddy(Dhan)(Common),Raichur,19-07-2021,15.45
Maize,Davangere,30-04-2021,15.7
Maize,Haveri,30-04-2021,15.25
Maize,Ramdurga,30-04-2021,14.2
Maize,Shikaripura,30-04-2021,15.6
Carrot,Chickkaballapura,13-07-2021,21
Carrot,Chikkamagalore,13-07-2021,15.62
Carrot,Davangere,13-07-2021,33
Papaya,Mysore (Bandipalya),19-07-2021,10
Onion,Davangere,29-07-2021,11.5
Onion,Hubli (Amaragol),29-07-2021,14
Onion,Raichur,29-07-2021,13.9
Castor+Seed,Kadur,13-07-2021,45
Pineapple,Mysore (Bandipalya),19-07-2021,16
Pomegranate,Mysore (Bandipalya),19-07-2021,45
Cauliflower,Kadur,13-07-2021,16.66
Onion,Davangere,30-04-2021,7.2
Potato,Chikkamagalore,19-07-2021,17.15
Orange,Davangere,29-07-2021,29
Paddy(Dhan)(Common),Davangere,29-07-2021,17.7
Paddy(Dhan)(Common),Raichur,29-07-2021,15.66
Paddy(Dhan)(Common),Davangere,30-04-2021,15.8
Paddy(Dhan)(Common),Gangavathi,30-04-2021,16
Cotton,Soundati,15-04-2021,52
Beetroot,Chickkaballapura,20-06-2021,17.5
Chennangi+Dal,Bangalore,13-07-2021,83
Chapparad+Avare,Chickkaballapura,20-06-2021,36
Raddish,Chickkaballapura,20-06-2021,6.5
Tomato,Chickkaballapura,20-06-2021,7
Raddish,Chikkamagalore,19-07-2021,10.42
Pomegranate,Davangere,29-07-2021,22
Rice,Chikkamagalore,19-07-2021,24
Castor+Seed,Kottur,20-07-2021,50.05
Cauliflower,Davangere,20-07-2021,13
Potato,Kolar,29-07-2021,16.5
Ridge+gourd(Tori),Chikkamagalore,19-07-2021,12.41
Safflower,Basava Kalayana,19-07-2021,46.11
Safflower,Bidar,19-07-2021,48
Soyabean,Basava Kalayana,19-07-2021,79
Soyabean,Bidar,19-07-2021,70
Maize,Challakere,30-03-2021,15.07
Maize,Davangere,30-03-2021,15
Maize,Kottur,30-03-2021,14.58
Maize,Mundaragi,30-03-2021,14.5
Sunflower,Challakere,19-07-2021,62.84
Sunflower,Mundaragi,19-07-2021,61.17
Thondekai,Chikkamagalore,19-07-2021,18.11
Tomato,Chikkamagalore,19-07-2021,12.33
Tomato,Srinivasapur,19-07-2021,12
Beans,Gundlupet,09-05-2021,24.7
Beetroot,Gundlupet,09-05-2021,5
Rice,Gangavathi,30-04-2021,14.5
Rice,Shimoga,30-04-2021,25
Brinjal,Gundlupet,09-05-2021,7
Raddish,Chamaraj Nagar,29-07-2021,13
Carrot,Malur,21-05-2021,7
Jowar(Sorghum),Basava Kalayana,15-04-2021,25
Cabbage,Gundlupet,09-05-2021,5.6
Ragi+(Finger+Millet),Davangere,29-07-2021,22.1
Wheat,Basava Kalayana,19-07-2021,17.61
Wheat,Hubli (Amaragol),19-07-2021,18.47
Soyabean,Bailahongal,30-04-2021,57.2
Soyabean,Haveri,30-04-2021,68.97
Green+Chilli,Gundlupet,09-05-2021,23
Tamarind+Fruit,Shimoga,30-04-2021,72.04
Safflower,Bidar,29-07-2021,46.35
Tomato,Shimoga,30-04-2021,10
Soyabean,Bidar,29-07-2021,85.5
Soyabean,Haveri,29-07-2021,77.89
Sunflower,Bellary,29-07-2021,68.19
Tomato,Chintamani,29-07-2021,6.66
Tomato,Kolar,29-07-2021,6
Tomato,Gundlupet,09-05-2021,6.45
Wheat,Bidar,29-07-2021,21
Mustard,Shimoga,10-03-2021,66.5
Beans,Chikkamagalore,29-04-2021,34.02
Beetroot,Ramanagara,29-04-2021,13
Safflower,Basava Kalayana,15-04-2021,44
Soyabean,Basava Kalayana,15-04-2021,68.1
Brinjal,Kolar,05-05-2021,7
Beans,Chickkaballapura,16-05-2021,26
Capsicum,Chickkaballapura,16-05-2021,9
Carrot,Chickkaballapura,16-05-2021,10
Banana,Davangere,21-05-2021,14
Beans,Chamaraj Nagar,21-05-2021,30
Beans,Chikkamagalore,21-05-2021,35.92
Beans,Malur,21-05-2021,40
Beetroot,Chamaraj Nagar,21-05-2021,7
Knool+Khol,Chickkaballapura,16-05-2021,15
Potato,Ramanagara,06-07-2021,16
Brinjal,Gundlupet,12-04-2021,12
Capsicum,Davangere,20-07-2021,45
Bunch+Beans,Davangere,21-05-2021,15
Black+pepper,Sirsi,06-07-2021,377.16
Black+pepper,Yellapur,06-07-2021,378.61
Sunflower,Nargunda,30-04-2021,68.5
Tomato,Bagepalli,30-04-2021,4
Brinjal,Chamaraj Nagar,06-07-2021,4.5
Paddy(Dhan)(Common),Lingasugur,12-07-2021,21.3
Chili+Red,Shimoga,06-07-2021,63.3
Coconut,Bhadravathi,06-07-2021,115
Coconut,Tumkur,06-07-2021,145
Safflower,Laxmeshwar,12-07-2021,45.52
Drumstick,Ramanagara,06-07-2021,40
Soyabean,Bidar,30-09-2021,53
Soyabean,Gulbarga,30-09-2021,55
Soyabean,Hubli (Amaragol),30-09-2021,55.39
Wheat,Laxmeshwar,12-07-2021,14.95
Onion,Raichur,26-03-2021,7.5
Cotton,Nargunda,30-04-2021,50
Banana+-+Green,T. Narasipura,07-07-2021,20
Beans,Bangarpet,07-07-2021,26
Beans,Malur,07-07-2021,41.67
Capsicum,Ramanagara,06-07-2021,26
Carrot,Ramanagara,06-07-2021,30
Cabbage,Ramanagara,06-07-2021,4.6
Groundnut,Bagalakot,06-07-2021,47.52
Bitter+gourd,Ramanagara,06-07-2021,36
Maize,Bagalakot,06-07-2021,19.37
Neem+Seed,Tumkur,06-07-2021,36.5
Onion,Bagalakot,06-07-2021,17
She+Buffalo,Ramdurga,14-03-2021,500
Sheep,Ramdurga,14-03-2021,60
Arhar+Dal(Tur+Dal),Bangalore,05-04-2021,101
Alasande+Gram,Bangalore,05-07-2021,62
Beans,Chamaraj Nagar,05-07-2021,10
Beetroot,Chamaraj Nagar,05-07-2021,16
Ragi+(Finger+Millet),Tumkur,06-07-2021,24.5
Corriander+seed,Bangalore,05-04-2021,60
Cotton,Haveri,05-04-2021,53.95
Cotton,Hubli (Amaragol),05-04-2021,35.35
Cotton,Nargunda,05-04-2021,53
Alasande+Gram,Laxmeshwar,21-04-2021,50.99
Alasande+Gram,Mundaragi,21-04-2021,53.52
Beans,Chikkamagalore,05-05-2021,19.32
Beans,Gundlupet,05-05-2021,11.45
Beans,Kolar,05-05-2021,35
Beetroot,Chikkamagalore,05-05-2021,7.82
Dry+Chillies,Bangalore,05-04-2021,190
Carrot,Bangarpet,05-07-2021,45
Garlic,Bangalore,05-04-2021,55
Sunflower,Bagalakot,06-07-2021,56.29
Black+pepper,Siddapur,21-04-2021,383.89
Black+pepper,Sirsi,21-04-2021,349.54
Chennangi+Dal,Bangalore,05-07-2021,82
Copra,Arasikere,05-07-2021,153.25
Groundnut,Bellary,05-04-2021,57.33
Groundnut,Challakere,05-04-2021,59.94
Groundnut,Hubli (Amaragol),05-04-2021,47.74
Groundnut,Yadgir,05-04-2021,55.47
Jowar(Sorghum),Bangalore,05-04-2021,26.5
Jowar(Sorghum),Bellary,05-04-2021,17.79
Jowar(Sorghum),Hubli (Amaragol),05-04-2021,14.24
Dry+Chillies,Hubli (Amaragol),05-07-2021,74.69
Dry+Chillies,Sindhanur,05-07-2021,177
Dry+Grapes,Bangalore,05-07-2021,355
Knool+Khol,Bangarpet,05-04-2021,6
Kulthi(Horse+Gram),Haveri,05-04-2021,26.03
Copra,Turvekere,21-04-2021,161
Maize,Bellary,05-04-2021,15.17
Maize,Hubli (Amaragol),05-04-2021,13.9
Kulthi(Horse+Gram),Laxmeshwar,12-07-2021,30.29
Cotton,Gadag,21-04-2021,56.5
Cotton,Haveri,21-04-2021,55.09
Ginger(Green),Bangalore,05-07-2021,19
Ginger(Green),Kolar,05-07-2021,35
Cummin+Seed(Jeera),Gadag,21-04-2021,87.57
Dry+Chillies,Gadag,21-04-2021,59.06
Onion,Hubli (Amaragol),05-04-2021,7
Paddy(Dhan)(Common),Harihara,05-04-2021,17.7
Groundnut,Bellary,05-07-2021,49
Groundnut,Challakere,05-07-2021,47.64
Groundnut,Hubli (Amaragol),05-07-2021,40.22
Groundnut,Raichur,05-07-2021,49.3
Groundnut,Ramdurga,05-07-2021,50.4
Groundnut,Bagalakot,21-04-2021,54.37
Groundnut,Challakere,21-04-2021,57.13
Groundnut,Gadag,21-04-2021,44.99
Groundnut,Hubli (Amaragol),21-04-2021,42.69
Groundnut,Laxmeshwar,21-04-2021,45.19
Groundnut,Mundaragi,21-04-2021,51.8
Groundnut,Ranebennur,21-04-2021,43.11
Gur(Jaggery),Mandya,21-04-2021,40.5
Gur(Jaggery),Mhalingapur,21-04-2021,32.99
Gur(Jaggery),Bangalore,05-07-2021,45
Gur(Jaggery),Bangarpet,05-07-2021,25
Gur(Jaggery),Mandya,05-07-2021,31
Jowar(Sorghum),Gadag,21-04-2021,18.52
Jowar(Sorghum),Hubli (Amaragol),21-04-2021,20.9
Jowar(Sorghum),Kottur,21-04-2021,15.13
Jowar(Sorghum),Laxmeshwar,21-04-2021,13.44
Maize,Bagalakot,21-04-2021,14.26
Maize,Gangavathi,21-04-2021,15.44
Maize,Haveri,21-04-2021,15.1
Maize,Hubli (Amaragol),21-04-2021,14.06
Maize,Kottur,21-04-2021,16.23
Maize,Mundaragi,21-04-2021,15.52
Jowar(Sorghum),Basava Kalayana,05-07-2021,20
Jowar(Sorghum),Bellary,05-07-2021,16.15
Jowar(Sorghum),Hubli (Amaragol),05-07-2021,15.63
Onion,Hubli (Amaragol),21-04-2021,5.5
Knool+Khol,Chamaraj Nagar,05-07-2021,19
Kulthi(Horse+Gram),Bangalore,05-07-2021,34
Maize,Bangalore,05-07-2021,21
Maize,Bellary,05-07-2021,18.96
Potato,Hubli (Amaragol),21-04-2021,12.5
Mango,Srinivasapur,05-07-2021,11
Moath+Dal,Bangalore,05-07-2021,96
Alasande+Gram,Bagalakot,24-05-2021,56.93
Ragi+(Finger+Millet),Kottur,21-04-2021,23.73
Rice,Shimoga,21-04-2021,23.5
Banana,Davangere,24-05-2021,13
Banana,Mysore (Bandipalya),24-05-2021,14
Safflower,Gadag,21-04-2021,47.76
Safflower,Hubli (Amaragol),21-04-2021,43.96
Soyabean,Hubli (Amaragol),21-04-2021,55.09
Sunflower,Gadag,21-04-2021,67.73
Sunflower,Mundaragi,21-04-2021,63.86
Beans,Chikkamagalore,24-05-2021,31.34
Bitter+gourd,Kolar,24-05-2021,27
Tomato,Shimoga,21-04-2021,12.5
Onion,Kolar,05-07-2021,25
Onion,Raichur,05-07-2021,12.9
Onion,Davangere,15-03-2021,13
Onion,Raichur,15-03-2021,11.35
Onion,Shimoga,15-03-2021,20.5
Wheat,Gadag,21-04-2021,22.83
Capsicum,Malur,24-05-2021,20
Cauliflower,Chikkamagalore,24-05-2021,11.19
Chapparad+Avare,Malur,24-05-2021,15
Chikoos(Sapota),Davangere,24-05-2021,16
Paddy(Dhan)(Common),Raichur,05-07-2021,16.49
Cucumbar(Kheera),Chikkamagalore,24-05-2021,15.03
Soyabean,Basava Kalayana,28-09-2021,44.2
Soyabean,Bidar,28-09-2021,52.5
Drumstick,Mysore (Bandipalya),24-05-2021,43
Elephant+Yam+(Suran),Arasikere,24-05-2021,25.4
Grapes,Mysore (Bandipalya),24-05-2021,42
Groundnut,Bagalakot,24-05-2021,53.3
Groundnut,Davangere,24-05-2021,48.7
Gur(Jaggery),Bangarpet,24-05-2021,31
Carrot,Shimoga,28-05-2021,29
Karbuja(Musk+Melon),Mysore (Bandipalya),24-05-2021,8
Knool+Khol,Kolar,24-05-2021,28
Potato,Bangalore,05-07-2021,12
Black+pepper,Sirsi,04-05-2021,352.12
Lime,Mysore (Bandipalya),24-05-2021,19
Maize,Bagalakot,24-05-2021,15.2
Maize,Davangere,24-05-2021,15.4
Mousambi(Sweet+Lime),Davangere,24-05-2021,15
Mousambi(Sweet+Lime),Mysore (Bandipalya),24-05-2021,40
Onion,Chikkamagalore,24-05-2021,16.02
Onion,Davangere,24-05-2021,9.5
Onion,Hubli (Amaragol),24-05-2021,11.5
Onion,Kolar,24-05-2021,14
Chikoos(Sapota),Davangere,28-05-2021,18
Paddy(Dhan)(Common),Davangere,24-05-2021,17.7
Papaya,Davangere,24-05-2021,15
Pineapple,Davangere,24-05-2021,18
Pineapple,Mysore (Bandipalya),24-05-2021,15
Pomegranate,Mysore (Bandipalya),24-05-2021,45
Potato,Chikkamagalore,24-05-2021,15.99
Potato,Hubli (Amaragol),24-05-2021,13
Raddish,Bangarpet,05-07-2021,5
Raddish,Chamaraj Nagar,05-07-2021,12
Rice,Bangarpet,05-07-2021,30
Raddish,Chikkamagalore,24-05-2021,16.67
Dry+Chillies,Sindhanur,28-05-2021,50
Ragi+(Finger+Millet),Davangere,24-05-2021,20.2
Rice,Bangarpet,24-05-2021,19.8
Cotton,Ranebennur,04-05-2021,46.85
Ridge+gourd(Tori),Chikkamagalore,24-05-2021,30.3
Sunflower,Bagalakot,24-05-2021,63.22
Sweet+Potato,Mysore (Bandipalya),24-05-2021,11
Safflower,Basava Kalayana,05-07-2021,44.5
Tomato,Bangarpet,24-05-2021,3
Soyabean,Basava Kalayana,05-07-2021,76.5
Tomato,Chamaraj Nagar,05-07-2021,5
Tomato,Srinivasapur,05-07-2021,7.33
Groundnut,Challakere,28-05-2021,52.59
Groundnut,Davangere,28-05-2021,49.1
Groundnut,Ranebennur,04-05-2021,48.03
Turmeric,Bangalore,05-07-2021,122.5
Wheat,Bangalore,05-07-2021,82.5
Wheat,Basava Kalayana,05-07-2021,17
Wheat,Hubli (Amaragol),05-07-2021,21.24
Maize,Challakere,04-05-2021,16.25
Maize,Haveri,04-05-2021,15.2
Maize,Challakere,28-05-2021,16.09
Maize,Davangere,28-05-2021,14.4
Mustard,Gangavathi,28-05-2021,39
Jowar(Sorghum),Laxmeshwar,12-07-2021,17.25
Banana,Mysore (Bandipalya),04-05-2021,15
Paddy(Dhan)(Common),Davangere,28-05-2021,15.4
Beans,Chickkaballapura,04-05-2021,22
Bitter+gourd,Kolar,04-05-2021,14
Ram,Ramdurga,14-03-2021,82
Bottle+gourd,Davangere,04-05-2021,8
Beans,Chamaraj Nagar,02-08-2021,14
Rice,Gangavathi,04-05-2021,19.8
Cabbage,Chintamani,04-05-2021,0.9
Carrot,Chintamani,04-05-2021,5.5
Carrot,Davangere,04-05-2021,16
Castor+Seed,Sira,04-05-2021,46
Cauliflower,Davangere,04-05-2021,10
Chapparad+Avare,Chickkaballapura,04-05-2021,16
Chikoos(Sapota),Mysore (Bandipalya),04-05-2021,20
Chili+Red,Shimoga,04-05-2021,147.39
Alasande+Gram,Hubli (Amaragol),29-09-2021,49.56
Cotton,Chitradurga,04-05-2021,54.28
Ragi+(Finger+Millet),Davangere,28-05-2021,20.7
Beans,Bangarpet,20-07-2021,33
Beans,Davangere,20-07-2021,30
Beetroot,Davangere,20-07-2021,16
Drumstick,Kolar,04-05-2021,13
Safflower,Bidar,28-05-2021,49.5
Ginger(Green),Chintamani,04-05-2021,11
Soyabean,Bidar,28-05-2021,62
Onion,Hospet,02-05-2021,16
Onion,Kolar,02-05-2021,23
Wood,Pandavapura,04-05-2021,110
Potato,Hospet,02-05-2021,14
Potato,Kolar,02-05-2021,13
Green+Chilli,Chintamani,04-05-2021,32.5
Green+Chilli,Davangere,04-05-2021,18
Tamarind+Fruit,Shimoga,28-05-2021,63.04
Cow,Davangere,02-08-2021,500
Tomato,Hospet,02-05-2021,8
Cucumbar(Kheera),Kolar,02-08-2021,8
Groundnut,Davangere,04-05-2021,46.8
Gur(Jaggery),Mandya,04-05-2021,38
Dry+Chillies,Hubli (Amaragol),02-08-2021,81.1
Ragi+(Finger+Millet),Shimoga,29-09-2021,28.5
Beans,Chickkaballapura,29-09-2021,21
Beans,Chikkamagalore,29-09-2021,19.15
Jowar(Sorghum),Bidar,04-05-2021,32
Ginger(Green),Bangalore,02-08-2021,17.5
Karbuja(Musk+Melon),Mysore (Bandipalya),04-05-2021,13
Knool+Khol,Davangere,04-05-2021,8
Bitter+gourd,Chickkaballapura,29-09-2021,10
Lime,Mysore (Bandipalya),04-05-2021,20
Maize,Davangere,04-05-2021,16
Mango,Mysore (Bandipalya),04-05-2021,30
Water+Melon,Davangere,28-05-2021,21
Gur(Jaggery),Hospet,02-05-2021,31.25
Onion,Chintamani,04-05-2021,14.5
Onion,Shimoga,04-05-2021,14
Garlic,Hospet,02-05-2021,32
Groundnut,Gadag,02-08-2021,47.74
Groundnut,Hubli (Amaragol),02-08-2021,43.5
Groundnut,Raichur,02-08-2021,57.22
Paddy(Dhan)(Common),Davangere,04-05-2021,19.4
Papaya,Mysore (Bandipalya),04-05-2021,10
Jowar(Sorghum),Gadag,02-08-2021,12.89
Jowar(Sorghum),Hubli (Amaragol),02-08-2021,14.43
Jowar(Sorghum),Raichur,02-08-2021,14.8
Pomegranate,Mysore (Bandipalya),04-05-2021,70
Lint,Gadag,02-08-2021,95
Maize,Hirekerur,02-08-2021,15.2
Maize,Hubli (Amaragol),02-08-2021,17.5
Potato,Davangere,04-05-2021,18
Potato,Kolar,04-05-2021,11
Potato,Shimoga,04-05-2021,21
Alasande+Gram,Laxmeshwar,07-07-2021,46.64
Moath+Dal,Bangalore,02-08-2021,77.5
Onion,Raichur,02-08-2021,14.95
Raddish,Chintamani,04-05-2021,14
Raddish,Kolar,04-05-2021,7
Cabbage,Chickkaballapura,29-09-2021,2.8
Cabbage,Chikkamagalore,29-09-2021,7.94
Rice,Shimoga,04-05-2021,25.5
Ridge+gourd(Tori),Kolar,04-05-2021,15
Paddy(Dhan)(Common),Raichur,02-08-2021,15.5
Safflower,Bidar,04-05-2021,47
Papaya,Davangere,02-08-2021,16
Soyabean,Bidar,04-05-2021,61.1
Capsicum,Chickkaballapura,29-09-2021,14
Suvarna+Gadde,Davangere,04-05-2021,28
Tamarind+Fruit,Shimoga,04-05-2021,57.16
Tamarind+Fruit,Sira,04-05-2021,110
Thondekai,Davangere,04-05-2021,11
Tomato,Chintamani,04-05-2021,3.33
Pomegranate,Davangere,02-08-2021,19
Capsicum,Chickkaballapura,11-07-2021,15
Carrot,Kolar,11-07-2021,37
Suvarna+Gadde,Ramanagara,22-04-2021,16
Chapparad+Avare,Chickkaballapura,11-07-2021,9
Carrot,Chikkamagalore,29-09-2021,20.33
Wheat,Bidar,04-05-2021,20
Papaya,Mysore (Bandipalya),30-04-2021,15
Pineapple,Mysore (Bandipalya),30-04-2021,16
Pomegranate,Mysore (Bandipalya),30-04-2021,60
Beans,Channarayapatna,10-05-2021,20
Beans,Chickkaballapura,10-05-2021,23
Beans,Chikkamagalore,10-05-2021,16.85
Beans,Gundlupet,10-05-2021,15
Beans,Kolar,10-05-2021,33
Beans,Malur,10-05-2021,27
Potato,Chikkamagalore,30-04-2021,14.88
Beetroot,Channarayapatna,10-05-2021,20
Cauliflower,Chikkamagalore,29-09-2021,9.24
Bottle+gourd,Chikkamagalore,10-05-2021,9.26
Snake+gourd,Ramanagara,30-04-2021,10
Thondekai,Kolar,30-04-2021,14
Tomato,Chickkaballapura,30-04-2021,6.6
Tomato,Chikkamagalore,30-04-2021,11.86
Tomato,Kolar,30-04-2021,4
Tomato,Mulabagilu,30-04-2021,3
Tomato,Srinivasapur,30-04-2021,1.33
Brinjal,Chamaraj Nagar,10-05-2021,9
Brinjal,Channarayapatna,10-05-2021,15
Brinjal,Gundlupet,10-05-2021,6
Water+Melon,Mysore (Bandipalya),30-04-2021,16
Bunch+Beans,Malur,10-05-2021,12
Cabbage,Belgaum,10-05-2021,12
Chapparad+Avare,Malur,29-09-2021,25
Capsicum,Belgaum,10-05-2021,20
Green+Chilli,Ramanagara,22-04-2021,30
Carrot,Chamaraj Nagar,10-05-2021,10
Carrot,Channarayapatna,10-05-2021,20
Carrot,Chikkamagalore,10-05-2021,12.89
Carrot,Kolar,10-05-2021,13
Snake+gourd,Chickkaballapura,11-07-2021,13.5
Coconut,Chickkaballapura,29-09-2021,130
Raddish,Chamaraj Nagar,02-08-2021,10
Thondekai,Chickkaballapura,11-07-2021,1.5
Cauliflower,Belgaum,10-05-2021,10
Tomato,Chickkaballapura,11-07-2021,7.2
Cauliflower,Chikkamagalore,10-05-2021,10.23
Beans,Bagepalli,25-05-2021,40
Beans,Gundlupet,25-05-2021,45
Beans,Shimoga,25-05-2021,69
Chapparad+Avare,Kolar,10-05-2021,18
Chilly+Capsicum,Chickkaballapura,10-05-2021,16
Chrysanthemum(Loose),Malur,10-05-2021,40
Maize,Mundaragi,06-07-2021,18.45
Maize,Bagalakot,23-03-2021,14.13
Maize,Davangere,23-03-2021,14.5
Maize,Kottur,23-03-2021,14.79
Maize,Mundaragi,23-03-2021,14.84
Ridge+gourd(Tori),Chamaraj Nagar,02-08-2021,17
Dry+Chillies,Sindhanur,10-05-2021,49
Neem+Seed,Kustagi,06-07-2021,21.5
Onion,Hubli (Amaragol),06-07-2021,13
Corriander+seed,Bangalore,29-09-2021,120
Corriander+seed,Hubli (Amaragol),29-09-2021,63.83
Brinjal,Bagepalli,25-05-2021,6.5
Safflower,Bidar,02-08-2021,48.5
Mustard,Bangalore,30-04-2021,70
Groundnut,Laxmeshwar,12-07-2021,45.52
Brinjal,Gundlupet,25-05-2021,14.25
Brinjal,Mysore (Bandipalya),25-05-2021,15.5
Groundnut,Savanur,12-07-2021,46.49
Groundnut,Yadgir,12-07-2021,45.72
Safflower,Gadag,02-08-2021,47.79
Onion,Malur,30-04-2021,13
Soyabean,Bidar,02-08-2021,90
Paddy(Dhan)(Common),Lingasugur,06-07-2021,14.75
Green+Chilli,Belgaum,10-05-2021,7
Green+Chilli,Chamaraj Nagar,10-05-2021,20
Green+Chilli,Channarayapatna,10-05-2021,20
Green+Chilli,Chikkamagalore,10-05-2021,17.54
Green+Chilli,Gundlupet,10-05-2021,28
Cabbage,Bagepalli,25-05-2021,6.2
Cabbage,Gundlupet,25-05-2021,5.7
Sunflower,Raichur,02-08-2021,61.09
Capsicum,Chickkaballapura,25-05-2021,7.5
Gur(Jaggery),Mandya,10-05-2021,37.5
Potato,Chikkamagalore,06-07-2021,15.15
Potato,Hubli (Amaragol),06-07-2021,12.5
Carrot,Bagepalli,25-05-2021,15
Jowar(Sorghum),Belgaum,10-05-2021,41
Knool+Khol,Chamaraj Nagar,10-05-2021,14
Knool+Khol,Kolar,10-05-2021,17
Onion,Chikkamagalore,31-05-2021,17.73
Cauliflower,Bagepalli,25-05-2021,9
Onion,Hubli (Amaragol),31-05-2021,12.5
Onion,Ramanagara,31-05-2021,20
Chapparad+Avare,Chickkaballapura,25-05-2021,23
Paddy(Dhan)(Common),Davangere,31-05-2021,16.5
Papaya,Davangere,31-05-2021,16
Chilly+Capsicum,Mysore (Bandipalya),25-05-2021,15
Pineapple,Davangere,31-05-2021,14
Pineapple,Mysore (Bandipalya),31-05-2021,16
Pomegranate,Mysore (Bandipalya),31-05-2021,45
Onion,Belgaum,10-05-2021,10
Onion,Channarayapatna,10-05-2021,10
Ridge+gourd(Tori),Chikkamagalore,06-07-2021,13.89
Onion,Malur,10-05-2021,10
Potato,Chikkamagalore,31-05-2021,17.49
Dry+Chillies,Hubli (Amaragol),29-09-2021,50.27
Dry+Grapes,Bangalore,29-09-2021,357.5
Wheat,Gadag,02-08-2021,17.93
Garlic,Bangalore,29-09-2021,5.5
Garlic,Chickkaballapura,29-09-2021,50
Tomato,Chikkamagalore,06-07-2021,10.21
Tomato,Srinivasapur,06-07-2021,8
Raddish,Chikkamagalore,31-05-2021,11.11
Potato,Belgaum,10-05-2021,14
Potato,Chikkamagalore,10-05-2021,14.63
Kulthi(Horse+Gram),Gadag,03-04-2021,28.68
Tomato,Chikkamagalore,31-05-2021,10.77
Tomato,Mysore (Bandipalya),31-05-2021,5.5
Tomato,Srinivasapur,31-05-2021,4.33
Water+Melon,Davangere,31-05-2021,15
Mousambi(Sweet+Lime),Mysore (Bandipalya),30-04-2021,48
Green+Chilli,Chickkaballapura,29-09-2021,15
Green+Chilli,Chikkamagalore,29-09-2021,10.93
Raddish,Chamaraj Nagar,10-05-2021,8
Thondekai,Chikkamagalore,10-05-2021,15.62
Tomato,Belgaum,10-05-2021,15
Tomato,Channarayapatna,10-05-2021,10
Tomato,Chikkamagalore,10-05-2021,11.27
Groundnut,Bagalakot,29-09-2021,29.06
Groundnut,Davangere,29-09-2021,52.3
Groundnut,Raichur,29-09-2021,43.85
Groundnut,Savanur,29-09-2021,39.88
Groundnut,Yadgir,29-09-2021,45.69
Gur(Jaggery),Mandya,29-09-2021,30.1
Jowar(Sorghum),Davangere,29-09-2021,19.5
Jowar(Sorghum),Kottur,29-09-2021,14.89
Green+Chilli,Gundlupet,25-05-2021,10
Maize,Davangere,29-09-2021,14
Maize,Kottur,29-09-2021,16.22
Marigold(Calcutta),Chickkaballapura,29-09-2021,6
Mousambi(Sweet+Lime),Mysore (Bandipalya),31-05-2021,45
Groundnut,Mundaragi,25-05-2021,52.29
Beans,Shimoga,13-05-2021,25
Onion,Chickkaballapura,29-09-2021,23
Onion,Chikkamagalore,29-09-2021,13.34
Onion,Hubli (Amaragol),29-09-2021,8.5
Onion,Raichur,29-09-2021,12.7
Maize,Kustagi,30-04-2021,15.01
Mango,Mysore (Bandipalya),30-04-2021,40
Paddy(Dhan)(Common),Davangere,29-09-2021,18.8
Paddy(Dhan)(Common),Gangavathi,29-09-2021,21.33
Paddy(Dhan)(Common),Raichur,29-09-2021,16.29
Carrot,Shimoga,13-05-2021,25
Potato,Chickkaballapura,29-09-2021,13
Potato,Chikkamagalore,29-09-2021,13.36
Drumstick,Shimoga,13-05-2021,23
Ragi+(Finger+Millet),Kottur,29-09-2021,20.81
Gur(Jaggery),Shimoga,13-05-2021,34.5
Elephant+Yam+(Suran),Arasikere,12-07-2021,32.84
Ridge+gourd(Tori),Chikkamagalore,29-09-2021,15.87
Ridge+gourd(Tori),Malur,29-09-2021,25
Ginger(Green),Ramanagara,12-07-2021,25
Rose(Loose),Chickkaballapura,29-09-2021,15
Safflower,Hubli (Amaragol),29-09-2021,49.11
Soyabean,Hubli (Amaragol),29-09-2021,59.03
Beans,Chikkamagalore,27-05-2021,47.62
Beans,Gundlupet,27-05-2021,55.25
Lime,Mysore (Bandipalya),30-04-2021,20
Beetroot,Gundlupet,27-05-2021,14
Maize,Bagalakot,31-05-2021,15.65
Maize,Davangere,31-05-2021,16.65
Sunflower,Bagalakot,29-09-2021,52.64
Sunflower,Raichur,29-09-2021,52.62
Sunflower,Yadgir,29-09-2021,45.99
Mango,Srinivasapur,31-05-2021,9
Tamarind+Fruit,Bangalore,29-09-2021,155
Tomato,Chikkamagalore,29-09-2021,24.58
Tomato,Kolar,29-09-2021,11.3
Maize,Mundaragi,25-05-2021,15.1
Maize,Shikaripura,25-05-2021,15.5
Mango,Mysore (Bandipalya),25-05-2021,22
Wheat,Bagalakot,29-09-2021,17
Alasande+Gram,Bangalore,08-07-2021,61.75
Brinjal,Gundlupet,27-05-2021,20
Arhar+Dal(Tur+Dal),Bangalore,08-07-2021,97.5
Tomato,Srinivasapur,13-05-2021,1.13
Avare+Dal,Bangalore,08-07-2021,58.5
Onion,Bagalakot,25-05-2021,15
Onion,Shimoga,25-05-2021,14
Banana,Davangere,08-07-2021,12
Beetroot,Kolar,08-07-2021,14
Black+pepper,Siddapur,08-07-2021,374.89
Papaya,Mysore (Bandipalya),25-05-2021,11
Pineapple,Mysore (Bandipalya),25-05-2021,16
Onion,Raichur,12-03-2021,9
Carrot,Bangarpet,08-07-2021,35
Jowar(Sorghum),Laxmeshwar,06-07-2021,16.49
Chikoos(Sapota),Davangere,08-07-2021,12
Chilly+Capsicum,Kolar,08-07-2021,20
Cotton,Chitradurga,08-07-2021,66.43
Cotton,Kottur,08-07-2021,56.08
Green+Chilli,Ramanagara,20-05-2021,20
Elephant+Yam+(Suran),Arasikere,08-07-2021,38
Raddish,Chickkaballapura,25-05-2021,15
Snake+gourd,Mysore (Bandipalya),25-05-2021,16
Soyabean,Shiggauv,30-05-2021,74.7
Tomato,Kolar,30-05-2021,5.6
Green+Peas,Bangalore,08-07-2021,116.5
Green+Chilli,Chikkamagalore,27-05-2021,15.15
Green+Chilli,Gundlupet,27-05-2021,15
Green+Chilli,Shimoga,27-05-2021,15
Groundnut,Davangere,08-07-2021,39.4
Groundnut,Raichur,08-07-2021,39.89
Gur(Jaggery),Mandya,08-07-2021,31.3
Beans,K.R. Pet,04-05-2021,20
Tomato,Gundlupet,25-05-2021,5
Tomato,Bagepalli,25-05-2021,3.15
Jowar(Sorghum),Basava Kalayana,08-07-2021,21
Capsicum,Ramanagara,20-05-2021,20
Alasande+Gram,Laxmeshwar,20-07-2021,49.32
Maize,Kottur,08-07-2021,19.3
Maize,Shimoga,08-07-2021,19.75
Beans,Chamaraj Nagar,24-05-2021,50
Beans,Gundlupet,24-05-2021,57.25
Beetroot,Gundlupet,24-05-2021,10
Bitter+gourd,Chickkaballapura,24-05-2021,25
Gur(Jaggery),Mhalingapur,27-05-2021,33.81
Mousambi(Sweet+Lime),Davangere,08-07-2021,31
Cauliflower,K.R. Pet,04-05-2021,6
Karbuja(Musk+Melon),Davangere,31-05-2021,15
Brinjal,Gundlupet,24-05-2021,14.2
Knool+Khol,Ramanagara,31-05-2021,40
Potato,Ramanagara,21-06-2021,20
Ridge+gourd(Tori),Ramanagara,21-06-2021,36
Tomato,Ramanagara,21-06-2021,14
Copra,Turvekere,29-05-2021,170
Cabbage,Gundlupet,24-05-2021,5.45
Onion,Raichur,08-07-2021,16.2
Capsicum,Chickkaballapura,24-05-2021,10.5
Carrot,Ramanagara,22-03-2021,15
Knool+Khol,Chikkamagalore,27-05-2021,11.9
Carrot,Chickkaballapura,24-05-2021,17
Chapparad+Avare,Gundlupet,24-05-2021,19
Chilly+Capsicum,Chickkaballapura,24-05-2021,11
Maize,Badami,27-05-2021,16
Cucumbar(Kheera),Ramanagara,21-06-2021,20
Paddy(Dhan)(Common),Davangere,08-07-2021,18.8
Paddy(Dhan)(Common),Raichur,08-07-2021,16.89
Papaya,Davangere,08-07-2021,18
Mango,Srinivasapur,27-05-2021,13
Brinjal,Ramanagara,21-06-2021,15
Groundnut,Bagalakot,29-05-2021,54.48
Ginger(Green),Shimoga,24-05-2021,23
Green+Chilli,Chickkaballapura,24-05-2021,22.5
Green+Chilli,Gundlupet,24-05-2021,14
Groundnut,Challakere,24-05-2021,53.74
Groundnut,Mundaragi,24-05-2021,49.8
Maize,Bagalakot,29-05-2021,15.47
Mango,Srinivasapur,24-05-2021,13
Groundnut,Kustagi,30-04-2021,54.79
Onion,Bagalakot,29-05-2021,12
Rice,Bangarpet,08-07-2021,22
Paddy(Dhan)(Common),Shikaripura,27-05-2021,14
Safflower,Basava Kalayana,08-07-2021,46
Potato,Belgaum,29-09-2021,10
Alasande+Gram,Bangalore,29-07-2021,66
Tomato,Kolar,08-07-2021,5.3
Tomato,Srinivasapur,08-07-2021,6
Tomato,K.R. Pet,04-05-2021,1
Arhar+Dal(Tur+Dal),Bangalore,29-07-2021,92
Groundnut,Mundaragi,26-04-2021,52.39
Avare+Dal,Bangalore,29-07-2021,58
Raddish,Chickkaballapura,24-05-2021,12
Raddish,Shimoga,24-05-2021,25
Wheat,Basava Kalayana,08-07-2021,17
Ridge+gourd(Tori),Chamaraj Nagar,24-05-2021,26
Ridge+gourd(Tori),Chickkaballapura,24-05-2021,35
Maize,Mundaragi,26-04-2021,15.69
Potato,Chikkamagalore,27-05-2021,17.54
Beans,Gundlupet,29-07-2021,27
Beans,Malur,29-07-2021,48.49
Sunflower,Bagalakot,29-05-2021,64.37
Tomato,Gundlupet,24-05-2021,5.45
Tomato,Srinivasapur,24-05-2021,3.67
Paddy(Dhan)(Common),Davangere,21-06-2021,18.1
Paddy(Dhan)(Common),Lingasugur,21-06-2021,20.28
Paddy(Dhan)(Common),T. Narasipura,21-06-2021,23
Papaya,Davangere,21-06-2021,16
Potato,Hubli (Amaragol),21-06-2021,12.5
Tomato,Chikkamagalore,27-05-2021,10.99
Tomato,Mulabagilu,27-05-2021,2.66
Tomato,Gundlupet,27-05-2021,6.9
Green+Chilli,Chikkamagalore,06-07-2021,17.73
Groundnut,Kustagi,06-07-2021,47.48
Groundnut,Laxmeshwar,06-07-2021,46.65
Groundnut,Mundaragi,06-07-2021,49.04
Groundnut,Savanur,06-07-2021,45.86
Groundnut,Yadgir,06-07-2021,46.04
Coconut,Kumta,29-07-2021,228
Cotton,Chitradurga,29-07-2021,92.26
Cotton,Ranebennur,29-07-2021,122
Carrot,Ramanagara,12-07-2021,48
Castor+Seed,Arasikere,12-07-2021,46.85
Grapes,Mysore (Bandipalya),31-05-2021,30
Green+Chilli,Chikkamagalore,31-05-2021,10.41
Ginger(Green),Malur,29-07-2021,41.67
Green+Chilli,Gundlupet,29-07-2021,33.3
Maize,Harappana Halli,12-04-2021,16.05
Ragi+(Finger+Millet),Kottur,05-03-2021,25.02
Groundnut,Gadag,29-07-2021,46.59
Ginger(Green),Kolar,30-05-2021,23
Groundnut,Ranebennur,29-07-2021,51.89
Gur(Jaggery),Mandya,29-07-2021,33.5
Jowar(Sorghum),Bijapur,29-07-2021,27.5
Jowar(Sorghum),Gadag,29-07-2021,12.83
Jowar(Sorghum),Gulbarga,29-07-2021,24
Tender+Coconut,Pandavapura,12-05-2021,130
Kulthi(Horse+Gram),Bangalore,29-07-2021,32.5
Onion,Hospet,17-03-2021,15
Maize,Bijapur,29-07-2021,17.5
Cucumbar(Kheera),Kolar,30-05-2021,15.5
Onion,Hubli (Amaragol),18-03-2021,9
Paddy(Dhan)(Common),Gangavathi,29-07-2021,17.5
Drumstick,Shimoga,10-05-2021,17
Garlic,Kolar,31-05-2021,85
Elephant+Yam+(Suran),Gubbi,10-05-2021,19
Ginger(Green),Ramanagara,31-05-2021,20
Potato,Bangalore,29-07-2021,8
Chapparad+Avare,Kolar,30-05-2021,32
Rice,Karatgi,29-07-2021,21.31
Safflower,Gadag,29-07-2021,47.06
Paddy(Dhan)(Common),Gangavathi,10-05-2021,15.49
Tomato,Gundlupet,29-07-2021,12
Safflower,Gadag,30-09-2021,46.88
Cauliflower,K.R. Pet,19-07-2021,8
Wheat,Gadag,29-07-2021,26.82
Rice,Gangavathi,10-05-2021,16.8
Cabbage,Belgaum,13-05-2021,12
Cucumbar(Kheera),K.R. Pet,19-07-2021,4
Capsicum,Belgaum,13-05-2021,20
Tamarind+Fruit,Gubbi,10-05-2021,80
Tamarind+Fruit,Shimoga,10-05-2021,60.05
Banana,Channapatana,18-05-2021,18
Tomato,Shimoga,10-05-2021,9
Beans,Chickkaballapura,18-05-2021,31
Beans,Gundlupet,18-05-2021,24.2
Maize,Davangere,12-04-2021,14.9
Maize,Kottur,12-04-2021,15.85
Paddy(Dhan)(Common),Raichur,07-04-2021,15.29
Alasande+Gram,Badami,17-06-2021,54
Cabbage,Gundlupet,18-05-2021,6.06
Black+pepper,Siddapur,17-06-2021,393.89
Black+pepper,Yellapur,17-06-2021,370.8
Maize,Chitradurga,10-03-2021,15.17
Maize,Gangavathi,10-03-2021,14.71
Maize,Harappana Halli,10-03-2021,15.8
Maize,Kottur,10-03-2021,15.13
Paddy(Dhan)(Common),Bangarpet,22-07-2021,23
Ground+Nut+Seed,Gangavathi,17-06-2021,80
Groundnut,Badami,17-06-2021,45
Gur(Jaggery),Mandya,17-06-2021,33.2
Gur(Jaggery),Mhalingapur,17-06-2021,32.74
Mango,Mulabagilu,17-06-2021,10
Potato,Bangarpet,22-07-2021,15
Jowar(Sorghum),Basava Kalayana,03-04-2021,24.5
Jowar(Sorghum),Bidar,03-04-2021,32.5
Jowar(Sorghum),Gadag,03-04-2021,18.16
Jowar(Sorghum),Hubli (Amaragol),03-04-2021,15.05
Jowar(Sorghum),Kottur,03-04-2021,11.97
Onion,Belgaum,13-05-2021,12.5
Ragi+(Finger+Millet),Harappana Halli,22-07-2021,19.5
Rice,Bangarpet,22-07-2021,40
Tomato,Mulabagilu,17-06-2021,4.66
Ginger(Green),Hospet,18-05-2021,24
Tomato,Bangarpet,22-07-2021,5
Paddy(Dhan)(Common),Raichur,08-03-2021,17.89
Green+Chilli,Gundlupet,18-05-2021,17
Green+Chilli,Hospet,18-05-2021,12
Potato,Belgaum,13-05-2021,15
Cucumbar(Kheera),Chikkamagalore,31-05-2021,14.58
Gur(Jaggery),Shimoga,18-05-2021,87.54
Elephant+Yam+(Suran),Arasikere,22-03-2021,22
Drumstick,Ramanagara,31-05-2021,40
Green+Chilli,Chikkamagalore,22-03-2021,22.91
Green+Chilli,Gundlupet,22-03-2021,21
Groundnut,Kustagi,22-03-2021,63.45
Knool+Khol,Chikkamagalore,22-03-2021,10.42
Maize,Challakere,18-05-2021,16.44
Onion,Chikkamagalore,22-03-2021,17.86
Paddy(Dhan)(Common),Lingasugur,22-03-2021,15.1
Tomato,Chintamani,13-05-2021,1.99
Potato,Chikkamagalore,22-03-2021,14.8
Neem+Seed,Arasikere,22-07-2021,53
Sunflower,Nargunda,22-03-2021,64
Tomato,Chickkaballapura,22-03-2021,8.8
Tomato,Kanakapura,22-03-2021,5.5
Potato,Hospet,18-05-2021,14
Potato,Kolar,18-05-2021,12
Potato,Shimoga,18-05-2021,19
Paddy(Dhan)(Common),Raichur,16-03-2021,16.39
Raddish,Shimoga,18-05-2021,19
Ridge+gourd(Tori),Hospet,18-05-2021,14
Tomato,K.R. Pet,19-07-2021,8
Tomato,Gundlupet,18-05-2021,3.5
Tomato,Kolar,18-05-2021,3.3
Copra,Arasikere,31-05-2021,160.11
Beans,Chikkamagalore,23-07-2021,25.54
Beans,Davangere,23-07-2021,34
Beans,Chikkamagalore,09-07-2021,23.08
Beans,Gundlupet,09-07-2021,28
Beetroot,Chickkaballapura,09-07-2021,17.5
Beetroot,Chikkamagalore,09-07-2021,12.35
Maize,Harappana Halli,22-07-2021,19.27
Tomato,Ramanagara,01-10-2021,20
Brinjal,Chickkaballapura,09-07-2021,13
Carrot,Chikkamagalore,23-07-2021,14.29
Knool+Khol,Ramanagara,01-10-2021,16
Castor+Seed,Kottur,23-07-2021,50.5
Cabbage,Gundlupet,09-07-2021,8
Ginger(Green),Ramanagara,01-10-2021,24
Carrot,Chickkaballapura,09-07-2021,32.5
Carrot,Chikkamagalore,09-07-2021,16.66
Cauliflower,Chikkamagalore,09-07-2021,9.8
Cucumbar(Kheera),Chikkamagalore,23-07-2021,9.26
Copra,Arasikere,09-07-2021,152.65
Cucumbar(Kheera),Chikkamagalore,09-07-2021,9.53
Cotton,Manvi,22-03-2021,53.91
Cotton,Nargunda,22-03-2021,55
Chikoos(Sapota),Davangere,31-05-2021,14.5
Chilly+Capsicum,Ramanagara,31-05-2021,20
Green+Chilli,Chikkamagalore,23-07-2021,17.36
Green+Chilli,Chickkaballapura,09-07-2021,2.5
Green+Chilli,Gundlupet,09-07-2021,34.45
Groundnut,Bagalakot,23-07-2021,53.77
Groundnut,Bellary,23-07-2021,53.41
Groundnut,Gadag,23-07-2021,52.29
Groundnut,Kottur,23-07-2021,51.74
Groundnut,Raichur,23-07-2021,59.81
Groundnut,Yadgir,23-07-2021,47.59
Groundnut,Bellary,09-07-2021,51.16
Groundnut,Challakere,09-07-2021,50.06
Groundnut,Chitradurga,09-07-2021,50.37
Jowar(Sorghum),Basava Kalayana,23-07-2021,20
Jowar(Sorghum),Bellary,23-07-2021,15.07
Jowar(Sorghum),Bidar,23-07-2021,30
Jowar(Sorghum),Gadag,23-07-2021,14.88
Jowar(Sorghum),Bellary,09-07-2021,16.1
Karbuja(Musk+Melon),Davangere,09-07-2021,12
Maize,Bagalakot,23-07-2021,16.82
Maize,Harappana Halli,23-07-2021,19.3
Maize,Haveri,23-07-2021,18.2
Mango,Srinivasapur,23-07-2021,15
Maize,Challakere,09-07-2021,18.97
Maize,Davangere,09-07-2021,18.8
Mango,Mulabagilu,09-07-2021,10
Mango,Srinivasapur,09-07-2021,12
Onion,Chikkamagalore,23-07-2021,20.84
Onion,Raichur,23-07-2021,13.2
Onion,Chikkamagalore,09-07-2021,21.79
Orange,Davangere,23-07-2021,33
Paddy(Dhan)(Common),Davangere,09-07-2021,18.1
Alasande+Gram,Bangalore,13-07-2021,62
Alasande+Gram,Laxmeshwar,13-07-2021,55.92
Alsandikai,Udupi,13-07-2021,26
Paddy(Dhan)(Common),Davangere,23-07-2021,16.4
Paddy(Dhan)(Common),Raichur,23-07-2021,16.89
Pineapple,Davangere,09-07-2021,17
Arhar+Dal(Tur+Dal),Bangalore,13-07-2021,96
Arhar+Dal(Tur+Dal),Kolar,13-07-2021,93
Arhar+Dal(Tur+Dal),Tumkur,13-07-2021,71
Pineapple,Davangere,23-07-2021,16
Ashgourd,Davangere,13-07-2021,12
Avare+Dal,Kadur,13-07-2021,16.66
Potato,Chikkamagalore,09-07-2021,15.7
Potato,Davangere,23-07-2021,14
Cauliflower,Chikkamagalore,31-05-2021,10.4
Onion,Raichur,16-03-2021,10.65
Ragi+(Finger+Millet),Davangere,09-07-2021,20.2
Rice,Srinivasapur,09-07-2021,46.2
Ragi+(Finger+Millet),Harappana Halli,23-07-2021,19.55
Rice,Sindhanur,23-07-2021,22.5
Papaya,Davangere,01-10-2021,16
Potato,Davangere,01-10-2021,14
Tender+Coconut,Mandya,01-10-2021,100
Tomato,Kanakapura,01-10-2021,20
Tomato,Mulabagilu,01-10-2021,6.66
Water+Melon,Davangere,01-10-2021,22
Paddy(Dhan)(Common),Davangere,20-05-2021,17.3
Papaya,Davangere,20-05-2021,15
Papaya,Mysore (Bandipalya),20-05-2021,12
Safflower,Basava Kalayana,23-07-2021,46.6
Safflower,Bidar,23-07-2021,47.5
Pineapple,Davangere,20-05-2021,16
Pineapple,Mysore (Bandipalya),20-05-2021,15
Soyabean,Basava Kalayana,23-07-2021,84
Soyabean,Bidar,23-07-2021,75
Potato,Chikkamagalore,20-05-2021,15.87
Potato,Hubli (Amaragol),20-05-2021,13
Thondekai,Chickkaballapura,09-07-2021,25
Tomato,Chikkamagalore,09-07-2021,10.79
Tomato,Gundlupet,09-07-2021,7.7
Tomato,Srinivasapur,09-07-2021,8
Sunflower,Gadag,23-07-2021,58.19
Raddish,Chamaraj Nagar,20-05-2021,18
Raddish,Kolar,20-05-2021,15
Ridge+gourd(Tori),Davangere,20-05-2021,16
Tomato,Chikkamagalore,23-07-2021,13.6
Tomato,Davangere,23-07-2021,14
Tomato,Srinivasapur,23-07-2021,12
Soyabean,Hubli (Amaragol),20-05-2021,71.69
Sunflower,Bagalakot,20-05-2021,59.11
Suvarna+Gadde,Davangere,20-05-2021,26
Tomato,Channapatana,20-05-2021,3.5
Tomato,Chikkamagalore,20-05-2021,9.7
Tomato,Kolar,20-05-2021,4
Maize,Hirekerur,01-10-2021,18
Water+Melon,Davangere,20-05-2021,14
Alasande+Gram,Laxmeshwar,12-07-2021,48.37
Wheat,Basava Kalayana,23-07-2021,18.88
Wheat,Gadag,23-07-2021,24.41
Water+Melon,Davangere,05-05-2021,13
Mousambi(Sweet+Lime),Davangere,20-05-2021,13
Green+Chilli,Honnali,01-10-2021,9
Carrot,Chikkamagalore,31-05-2021,16.02
Carrot,Ramanagara,31-05-2021,20
Alasande+Gram,Bagalakot,21-05-2021,55.56
Elephant+Yam+(Suran),Arasikere,01-10-2021,21.93
Beans,Gundlupet,21-05-2021,44.35
Coconut,Arasikere,01-10-2021,160
Brinjal,K.R. Pet,21-05-2021,10
Maize,Bagalakot,20-05-2021,15.14
Maize,Davangere,20-05-2021,15.1
Maize,Hubli (Amaragol),20-05-2021,15.11
Mango,Srinivasapur,20-05-2021,20.84
Cabbage,Gundlupet,21-05-2021,2.45
Corriander+seed,Shimoga,21-05-2021,82.5
Safflower,Gadag,28-09-2021,46.76
Sajje,Gadag,28-09-2021,10.17
Ginger(Green),K.R. Pet,21-05-2021,10
Green+Chilli,Gundlupet,21-05-2021,13.5
Groundnut,Bagalakot,21-05-2021,55.8
Gur(Jaggery),Hospet,21-05-2021,42
Carrot,Davangere,01-10-2021,26
Carrot,Chikkamagalore,06-07-2021,17.24
Maize,Bagalakot,21-05-2021,15.44
Jowar(Sorghum),Harappana Halli,22-07-2021,15.25
Tomato,Chikkamagalore,28-04-2021,11.63
Mustard,Shimoga,21-05-2021,77.5
Cauliflower,Chikkamagalore,22-03-2021,10.1
Onion,Shimoga,21-05-2021,13
Tomato,Srinivasapur,28-04-2021,2
Paddy(Dhan)(Common),Gangavathi,21-05-2021,15.45
Paddy(Dhan)(Common),Shikaripura,21-05-2021,19
Potato,Kolar,21-05-2021,17
Raddish,Kolar,21-05-2021,16
Rice,Gangavathi,21-05-2021,24
Knool+Khol,Chamaraj Nagar,20-05-2021,15
Sunflower,Bagalakot,21-05-2021,62.06
Tomato,Gundlupet,21-05-2021,4.8
Tomato,K.R. Pet,21-05-2021,5
Tomato,Kolar,21-05-2021,4.6
Tomato,Shimoga,21-05-2021,12
Groundnut,Laxmeshwar,22-07-2021,48.62
Groundnut,Ramdurga,22-07-2021,57.66
Groundnut,Savanur,22-07-2021,50.11
Banana,Davangere,01-10-2021,13
Brinjal,Ramanagara,31-05-2021,15
Green+Chilli,Ramanagara,22-07-2021,20
Black+pepper,Sirsi,21-06-2021,380.13
Black+pepper,Yellapur,21-06-2021,368.9
Coconut,Sira,21-06-2021,150
Groundnut,Chitradurga,21-06-2021,51.19
Gur(Jaggery),Mandya,30-05-2021,37.6
Groundnut,Sira,21-06-2021,50.93
Gur(Jaggery),Mhalingapur,21-06-2021,32.77
Maize,Bijapur,21-06-2021,16.25
Maize,Chitradurga,21-06-2021,17.93
Onion,Chikkamagalore,07-04-2021,13.75
Onion,Raichur,07-04-2021,7.6
Beans,Chikkamagalore,31-05-2021,46.3
Beans,Ramanagara,31-05-2021,70
Beetroot,Chikkamagalore,31-05-2021,11.49
Onion,Bijapur,21-06-2021,14
Sunflower,Bijapur,21-06-2021,59.5
Tamarind+Fruit,Sira,21-06-2021,27.75
Jowar(Sorghum),Hubli (Amaragol),20-05-2021,13.98
Onion,Bhadravathi,12-04-2021,32.64
Onion,Chikkamagalore,12-04-2021,12.77
Onion,Ramanagara,12-04-2021,16
Cabbage,Chikkamagalore,22-03-2021,5.95
Onion,Hubli (Amaragol),16-06-2021,13.3
Onion,Malur,16-06-2021,14.92
Onion,Ramanagara,16-06-2021,22
Paddy(Dhan)(Common),Davangere,16-06-2021,17.6
Paddy(Dhan)(Common),Honnali,16-06-2021,15
Paddy(Dhan)(Common),Lingasugur,16-06-2021,25.5
Potato,Davangere,16-06-2021,13
Raddish,Chamaraj Nagar,16-06-2021,15
Ragi+(Finger+Millet),Harappana Halli,16-06-2021,24
Rice,Bangarpet,16-06-2021,38
Snake+gourd,Ramanagara,16-06-2021,10
Soyabean,Bidar,16-06-2021,63
Wheat,Bidar,16-06-2021,20
Maize,Badami,16-06-2021,17.11
Lime,Davangere,16-06-2021,17
Sunflower,Mundaragi,29-09-2021,57.22
Knool+Khol,Ramanagara,16-06-2021,30
Gur(Jaggery),Srirangapattana,16-06-2021,35.2
Green+Chilli,Chamaraj Nagar,16-06-2021,17
Green+Chilli,Davangere,16-06-2021,20
Groundnut,Davangere,16-06-2021,38
Groundnut,Laxmeshwar,16-06-2021,43.15
Rice,Chintamani,30-09-2021,40
Rice,Gangavathi,30-09-2021,33
Ginger(Green),Ramanagara,16-06-2021,18
Elephant+Yam+(Suran),Arasikere,22-07-2021,34.92
Drumstick,Davangere,16-06-2021,30
Green+Chilli,Chamaraj Nagar,20-05-2021,9
Green+Chilli,Chikkamagalore,20-05-2021,19.04
Green+Chilli,Mysore (Bandipalya),20-05-2021,10
Groundnut,Bagalakot,20-05-2021,55.25
Groundnut,Davangere,20-05-2021,48.6
Groundnut,Hubli (Amaragol),20-05-2021,27.5
Carrot,Chamaraj Nagar,16-06-2021,16
Garlic,Davangere,20-05-2021,38
Banana,Channapatana,16-06-2021,5.5
Beans,Chamaraj Nagar,16-06-2021,22
Beans,Malur,16-06-2021,83.34
Beans,Ramanagara,16-06-2021,40
Drumstick,Ramanagara,22-07-2021,36
Jowar(Sorghum),Kottur,12-04-2021,11.77
Cotton,Nargunda,24-05-2021,50
Alasande+Gram,Laxmeshwar,16-06-2021,48.36
Maize,Nargunda,24-05-2021,16.5
Rice,Bidar,28-09-2021,45.6
Gur(Jaggery),Mandya,05-04-2021,38
Rice,Gangavathi,24-05-2021,21.8
Tomato,Chintamani,05-05-2021,2.66
Onion,Raichur,08-03-2021,12.7
Onion,Hubli (Amaragol),14-07-2021,12.8
Onion,Ramanagara,14-07-2021,22
Apple,Davangere,31-07-2021,98
Arhar+Dal(Tur+Dal),Bangalore,31-07-2021,93
Gur(Jaggery),Mhalingapur,26-05-2021,33.28
Avare+Dal,Bangalore,31-07-2021,57.5
Ragi+(Finger+Millet),Shimoga,14-07-2021,28
Rice,Bangarpet,14-07-2021,33
Beans,Malur,31-07-2021,38.46
Sweet+Potato,Mysore (Bandipalya),14-07-2021,11
Thondekai,Ramanagara,14-07-2021,10
Ragi+(Finger+Millet),Bangarpet,26-05-2021,29
Rice,Gangavathi,26-05-2021,21.8
Capsicum,Malur,31-07-2021,20.43
Chapparad+Avare,Malur,31-07-2021,22
Chikoos(Sapota),Davangere,31-07-2021,15
Coriander(Leaves),Tumkur,31-07-2021,95
Maize,Kottur,14-07-2021,19.2
Maize,Kustagi,14-07-2021,19.05
Cotton,Chitradurga,31-07-2021,97.4
Dry+Chillies,Hubli (Amaragol),31-07-2021,61.83
Groundnut,Hubli (Amaragol),31-07-2021,48.16
Groundnut,Kustagi,31-07-2021,49.88
Groundnut,Raichur,31-07-2021,55.89
Jowar(Sorghum),Basava Kalayana,31-07-2021,17
Jowar(Sorghum),Bellary,31-07-2021,15.88
Jowar(Sorghum),Bidar,31-07-2021,30
Jowar(Sorghum),Hubli (Amaragol),31-07-2021,14.62
Karbuja(Musk+Melon),Davangere,31-07-2021,11
Kulthi(Horse+Gram),Bangalore,31-07-2021,37
Kulthi(Horse+Gram),Kustagi,31-07-2021,36
Kulthi(Horse+Gram),Tumkur,31-07-2021,25.8
Maize,Bellary,31-07-2021,19.5
Mousambi(Sweet+Lime),Davangere,31-07-2021,34
Onion,Hubli (Amaragol),31-07-2021,13.6
Onion,Raichur,31-07-2021,13.71
Onion,Tumkur,31-07-2021,21.5
Orange,Davangere,31-07-2021,28
Paddy(Dhan)(Common),Raichur,31-07-2021,15.84
Papaya,Malur,31-07-2021,6.2
Knool+Khol,Bangarpet,14-07-2021,3.5
Ragi+(Finger+Millet),Tumkur,31-07-2021,20.5
Rice,Tumkur,31-07-2021,32
Safflower,Bidar,31-07-2021,48
Safflower,Hubli (Amaragol),31-07-2021,46.53
Soyabean,Basava Kalayana,31-07-2021,95
Soyabean,Bidar,31-07-2021,85
Sunflower,Bellary,31-07-2021,70.12
Tamarind+Fruit,Malur,31-07-2021,53.06
Tomato,Malur,31-07-2021,10.02
Wheat,Basava Kalayana,31-07-2021,18.11
Wheat,Hubli (Amaragol),31-07-2021,16.5
Carrot,Ramanagara,22-07-2021,40
Paddy(Dhan)(Common),Lingasugur,06-03-2021,18
Alasande+Gram,Laxmeshwar,06-07-2021,52.87
Beans,Chikkamagalore,22-03-2021,21.36
Beans,Gundlupet,22-03-2021,17
Beetroot,Gundlupet,22-03-2021,12
Jowar(Sorghum),Laxmeshwar,14-07-2021,13.78
Beans,Chikkamagalore,16-06-2021,42.86
Beans,Gundlupet,16-06-2021,47.8
Black+pepper,Siddapur,16-06-2021,395.39
Bottle+gourd,Kolar,16-06-2021,15
Brinjal,Gundlupet,16-06-2021,11.1
Cabbage,Gundlupet,16-06-2021,6.5
Capsicum,Kolar,16-06-2021,30
Carrot,Chikkamagalore,16-06-2021,15.15
Chapparad+Avare,Gundlupet,16-06-2021,23
Chapparad+Avare,Kolar,16-06-2021,41
Chilly+Capsicum,Kolar,16-06-2021,16
Cotton,Chitradurga,16-06-2021,36.96
Cucumbar(Kheera),Chikkamagalore,16-06-2021,15.15
Dry+Chillies,Sindhanur,16-06-2021,65
Green+Chilli,Chikkamagalore,16-06-2021,17.69
Green+Chilli,Gundlupet,16-06-2021,21.7
Groundnut,Bagalakot,16-06-2021,48.94
Groundnut,Bellary,16-06-2021,45.16
Groundnut,Chitradurga,16-06-2021,51.9
Groundnut,Hubli (Amaragol),16-06-2021,45.63
Groundnut,Kottur,16-06-2021,52
Groundnut,Raichur,16-06-2021,55.14
Jowar(Sorghum),Bellary,16-06-2021,14.65
Jowar(Sorghum),Hubli (Amaragol),16-06-2021,16.21
Lime,Mysore (Bandipalya),16-06-2021,14
Maize,Bagalakot,16-06-2021,15.52
Maize,Bellary,16-06-2021,16.47
Maize,Chitradurga,16-06-2021,16.57
Maize,Kottur,16-06-2021,17
Mango,Srinivasapur,16-06-2021,11
Onion,Chikkamagalore,16-06-2021,20.35
Onion,Raichur,16-06-2021,14.55
Wheat,Gadag,10-03-2021,25.2
Paddy(Dhan)(Common),Raichur,16-06-2021,15.18
Papaya,Mysore (Bandipalya),16-06-2021,10
Pineapple,Mysore (Bandipalya),16-06-2021,14
Pomegranate,Davangere,16-06-2021,40
Potato,Chikkamagalore,16-06-2021,18.79
Raddish,Shimoga,16-06-2021,23
Sunflower,Bagalakot,16-06-2021,60.76
Sunflower,Raichur,16-06-2021,51.59
Tomato,Chikkamagalore,16-06-2021,8.62
Tomato,Gundlupet,16-06-2021,6.6
Tomato,Srinivasapur,16-06-2021,8.66
Water+Melon,Davangere,16-06-2021,19
Water+Melon,Mysore (Bandipalya),16-06-2021,5
Groundnut,Kustagi,14-07-2021,50.59
Groundnut,Laxmeshwar,14-07-2021,43.42
Groundnut,Savanur,14-07-2021,47.74
Green+Chilli,Honnali,14-07-2021,150
Ginger(Green),Mysore (Bandipalya),14-07-2021,39.5
Paddy(Dhan)(Common),Raichur,09-03-2021,16.72
Neem+Seed,Kustagi,03-07-2021,19
Onion,Davangere,03-07-2021,12
Onion,Hubli (Amaragol),03-07-2021,10.5
Onion,Ramanagara,03-07-2021,24
Paddy(Dhan)(Common),Harihara,03-07-2021,22
Paddy(Dhan)(Common),Lingasugur,03-07-2021,20.5
Potato,Hubli (Amaragol),03-07-2021,13
Raddish,Davangere,03-07-2021,23
Rice,Bangarpet,03-07-2021,30
Snake+gourd,Ramanagara,03-07-2021,16
Tomato,Kolar,03-07-2021,5.6
Paddy(Dhan)(Common),Raichur,05-03-2021,17.66
Elephant+Yam+(Suran),Arasikere,14-07-2021,24.8
Beans,Chickkaballapura,10-07-2021,22
Alasande+Gram,Arasikere,22-07-2021,51.03
Brinjal,Chickkaballapura,10-07-2021,8
Black+pepper,Sirsi,05-07-2021,380.43
Black+pepper,Yellapur,05-07-2021,362.99
Cauliflower,Chickkaballapura,10-07-2021,14.5
Chrysanthemum(Loose),Chickkaballapura,10-07-2021,80
Brinjal,Chickkaballapura,05-07-2021,13
Knool+Khol,Davangere,03-07-2021,19
Garlic,Chickkaballapura,10-07-2021,60
Jowar(Sorghum),Gulbarga,10-07-2021,25
Carrot,Chickkaballapura,05-07-2021,19
Chrysanthemum(Loose),Chickkaballapura,05-07-2021,70
Beans,Gundlupet,23-07-2021,37
Cotton,Bijapur,05-07-2021,67.72
Cucumbar(Kheera),Chickkaballapura,05-07-2021,12
Potato,Chickkaballapura,10-07-2021,13.5
Cummin+Seed(Jeera),Gadag,05-07-2021,81.8
Safflower,Bidar,10-07-2021,47
Soyabean,Bidar,10-07-2021,70
Wheat,Bidar,10-07-2021,20
Jowar(Sorghum),Laxmeshwar,03-07-2021,15.15
Cabbage,Chickkaballapura,23-07-2021,4.7
Groundnut,Bagalakot,05-07-2021,48.86
Groundnut,Chitradurga,05-07-2021,40.39
Groundnut,Gadag,05-07-2021,46.57
Groundnut,Mundaragi,05-07-2021,50.13
Gur(Jaggery),Mhalingapur,05-07-2021,31.98
Jowar(Sorghum),Bijapur,05-07-2021,25
Jowar(Sorghum),Gadag,05-07-2021,15.64
Maize,Bagalakot,05-07-2021,19.05
Maize,Chitradurga,05-07-2021,20.14
Maize,Harappana Halli,05-07-2021,19.65
Maize,Mundaragi,05-07-2021,18.29
Chrysanthemum(Loose),Chickkaballapura,23-07-2021,100
Copra,Arasikere,23-07-2021,156.01
Marigold(Calcutta),Chickkaballapura,05-07-2021,28
Cotton,Bijapur,23-07-2021,73.25
Onion,Bijapur,05-07-2021,12
Paddy(Dhan)(Common),Gangavathi,05-07-2021,17
Green+Chilli,Chamaraj Nagar,23-07-2021,22
Green+Chilli,Gundlupet,23-07-2021,40
Groundnut,Challakere,23-07-2021,47.11
Groundnut,Mundaragi,23-07-2021,58.53
Corriander+seed,Shimoga,14-07-2021,100
Gur(Jaggery),Mhalingapur,23-07-2021,32.81
Kulthi(Horse+Gram),Chickkaballapura,23-07-2021,98
Rice,Gangavathi,05-07-2021,14.5
Maize,Challakere,23-07-2021,21.75
Rose(Loose),Chickkaballapura,05-07-2021,50
Safflower,Gadag,05-07-2021,40.34
Sunflower,Gadag,05-07-2021,53.34
Groundnut,Laxmeshwar,03-07-2021,44.23
Tomato,Chickkaballapura,05-07-2021,9
Wheat,Bijapur,05-07-2021,20
Wheat,Gadag,05-07-2021,19.89
Paddy(Dhan)(Common),Gangavathi,23-07-2021,16.66
Beans,Malur,30-09-2021,20.34
Paddy(Dhan)(Common),Davangere,12-04-2021,21.5
Ginger(Green),Ramanagara,03-07-2021,24
Castor+Seed,Kottur,30-09-2021,53.09
Cauliflower,Kolar,30-09-2021,22
Rice,Gangavathi,23-07-2021,22.2
Chapparad+Avare,Malur,30-09-2021,23.34
Coconut,Pandavapura,30-09-2021,160
Rose(Loose),Chickkaballapura,23-07-2021,75
Tamarind+Fruit,Chintamani,05-05-2021,27
Cotton,Chitradurga,30-09-2021,121.45
Cotton,Haveri,30-09-2021,65.75
Maize,Bellary,18-03-2021,15.26
Cotton,Kottur,30-09-2021,75.93
Tomato,Chamaraj Nagar,23-07-2021,8
Tomato,Chickkaballapura,23-07-2021,14
Tomato,Gundlupet,23-07-2021,9.8
Tomato,Mulabagilu,23-07-2021,7.33
Ginger(Green),Bangalore,30-09-2021,24.5
Ginger(Green),Kolar,30-09-2021,24
Maize,Kottur,30-07-2021,16.57
Neem+Seed,Arasikere,30-07-2021,56.9
Green+Chilli,Kolar,30-09-2021,19
Potato,Bangarpet,30-07-2021,15
Green+Peas,Bangalore,30-09-2021,90
Groundnut,Davangere,30-09-2021,54.7
Groundnut,Raichur,30-09-2021,48.99
Groundnut,Savanur,30-09-2021,45.66
Gur(Jaggery),Kolar,30-09-2021,46
Ridge+gourd(Tori),Chamaraj Nagar,30-07-2021,14.5
Jowar(Sorghum),Basava Kalayana,30-09-2021,15.5
Jowar(Sorghum),Bellary,30-09-2021,15.43
Jowar(Sorghum),Kottur,30-09-2021,14.66
Jowar(Sorghum),Savanur,30-09-2021,13.29
Tomato,Bangarpet,30-07-2021,5
Tomato,Malur,30-07-2021,20.2
Tomato,Ramanagara,30-07-2021,10
Tomato,Srinivasapur,30-07-2021,9.33
Maize,Bellary,30-09-2021,18.47
Maize,Davangere,30-09-2021,15.8
Maize,Kolar,30-09-2021,20
Maize,Kottur,30-09-2021,16.1
Beans,Chikkamagalore,01-10-2021,30.14
Beetroot,Chikkamagalore,01-10-2021,11.69
Onion,Bangalore,30-09-2021,15
Onion,Malur,30-09-2021,19.84
Onion,Raichur,30-09-2021,13
Cabbage,Chickkaballapura,01-10-2021,3.3
Capsicum,Chickkaballapura,01-10-2021,19
Cauliflower,Chikkamagalore,01-10-2021,8.93
Cauliflower,Hunsur,01-10-2021,9
Cauliflower,Kolar,01-10-2021,17
Paddy(Dhan)(Common),Davangere,30-09-2021,19.7
Paddy(Dhan)(Common),Raichur,30-09-2021,17.52
Chilly+Capsicum,Chickkaballapura,01-10-2021,9
Chrysanthemum(Loose),Chickkaballapura,01-10-2021,40
Coconut,Tumkur,01-10-2021,120
Copra,Arasikere,01-10-2021,155.23
Coriander(Leaves),Tumkur,01-10-2021,93
Cotton,Davangere,01-10-2021,81.3
Ginger(Green),Bangalore,01-10-2021,25
Green+Chilli,Chickkaballapura,01-10-2021,16
Green+Chilli,Chikkamagalore,01-10-2021,10.23
Groundnut,Chitradurga,01-10-2021,56.95
Groundnut,Davangere,01-10-2021,52.3
Groundnut,Raichur,01-10-2021,44.29
Gur(Jaggery),Bangarpet,01-10-2021,44
Maize,Chitradurga,01-10-2021,16.91
Maize,Davangere,01-10-2021,14.5
Marigold(Calcutta),Chickkaballapura,01-10-2021,5
Onion,Raichur,01-10-2021,12.8
Paddy(Dhan)(Common),Bangarpet,01-10-2021,22
Paddy(Dhan)(Common),Davangere,01-10-2021,20.4
Paddy(Dhan)(Common),Raichur,01-10-2021,16.91
Potato,Chikkamagalore,01-10-2021,12.97
Ragi+(Finger+Millet),Kottur,30-09-2021,21.06
Rice,Kolar,30-09-2021,45.76
Ridge+gourd(Tori),Malur,30-09-2021,25
Raddish,Chikkamagalore,01-10-2021,9.81
Ragi+(Finger+Millet),Tumkur,01-10-2021,23
Rice,Bangarpet,01-10-2021,36
Sheep,Hirekerur,30-09-2021,70
Soyabean,Basava Kalayana,30-09-2021,52
Soyabean,Haveri,30-09-2021,62.06
Soyabean,Savanur,30-09-2021,57.09
Sunflower,Bellary,30-09-2021,60.04
Sunflower,Raichur,30-09-2021,56.89
Tamarind+Fruit,Malur,30-09-2021,50.96
Sunflower,Chitradurga,01-10-2021,59.33
Sunflower,Raichur,01-10-2021,55.6
Thondekai,Hunsur,01-10-2021,15
Tender+Coconut,Pandavapura,30-09-2021,110
Tomato,Bangarpet,01-10-2021,10
Tomato,Chikkamagalore,01-10-2021,24.17
Tomato,Chintamani,01-10-2021,20
Tomato,Hunsur,01-10-2021,9
Tomato,Kolar,01-10-2021,10
Tomato,Kolar,30-09-2021,10.6
Turmeric,Bangalore,01-10-2021,110
Wheat,Basava Kalayana,30-09-2021,19.3
Onion,Ramanagara,03-08-2021,25
Carrot,Ramanagara,03-08-2021,40
Carrot,Bangarpet,14-07-2021,35
Carrot,Mysore (Bandipalya),14-07-2021,50
Carrot,Ramanagara,14-07-2021,40
Jowar(Sorghum),Lingasugur,30-07-2021,16.8
Antawala,Chikkamagalore,02-06-2021,62.68
Beans,Chamaraj Nagar,02-06-2021,58
Beans,Chikkamagalore,02-06-2021,38.29
Beans,Mysore (Bandipalya),02-06-2021,59.5
Beetroot,Chamaraj Nagar,02-06-2021,10
Brinjal,Chamaraj Nagar,02-06-2021,18
Brinjal,Gundlupet,02-06-2021,14.5
Bunch+Beans,Davangere,02-06-2021,25
Cabbage,Chamaraj Nagar,02-06-2021,6
Cabbage,Chikkamagalore,02-06-2021,7.57
Capsicum,Davangere,02-06-2021,21
Carrot,Chickkaballapura,02-06-2021,19
Carrot,Chikkamagalore,02-06-2021,14.59
Carrot,Mysore (Bandipalya),02-06-2021,30
Carrot,Shimoga,02-06-2021,33
Cashewnuts,Chintamani,02-06-2021,85
Chapparad+Avare,Gundlupet,02-06-2021,22.2
Brinjal,Bangarpet,14-07-2021,6.5
Chikoos(Sapota),Davangere,02-06-2021,16
Cucumbar(Kheera),Chickkaballapura,02-06-2021,12.5
Grapes,Srinivasapur,02-06-2021,18
Green+Chilli,Gundlupet,02-06-2021,14.45
Green+Chilli,Ramanagara,02-06-2021,16
Groundnut,Davangere,02-06-2021,48
Groundnut,Mundaragi,02-06-2021,51.56
Groundnut,Savanur,02-06-2021,42.86
Gur(Jaggery),Mandya,02-06-2021,41.75
Knool+Khol,Davangere,02-06-2021,11
Knool+Khol,Ramanagara,02-06-2021,40
Lime,Mysore (Bandipalya),02-06-2021,20
Maize,Bagalakot,02-06-2021,15.63
Maize,Challakere,02-06-2021,16.21
Maize,Davangere,02-06-2021,15.4
Maize,Bagalakot,12-03-2021,14.92
Maize,Kottur,12-03-2021,14.99
Mango,Mulabagilu,02-06-2021,10
Mango,Srinivasapur,02-06-2021,9
Onion,Chickkaballapura,02-06-2021,20
Onion,Chikkamagalore,02-06-2021,17.09
Onion,Hubli (Amaragol),02-06-2021,12.6
Paddy(Dhan)(Common),Davangere,02-06-2021,17.2
Papaya,Davangere,02-06-2021,16
Pineapple,Davangere,02-06-2021,15
Potato,Bangalore,02-06-2021,15.75
Potato,Bangarpet,02-06-2021,10
Potato,Hubli (Amaragol),02-06-2021,12.5
Potato,Chikkamagalore,02-06-2021,16.66
Raddish,Chamaraj Nagar,02-06-2021,22
Ragi+(Finger+Millet),Davangere,02-06-2021,19.5
Rice,Gangavathi,02-06-2021,22.8
Rice,Mandya,02-06-2021,28.5
Ridge+gourd(Tori),Ramanagara,02-06-2021,35
Rice,Kolar,02-06-2021,56.94
Safflower,Bidar,02-06-2021,50
Soyabean,Bidar,02-06-2021,65
Apple,Udupi,19-07-2021,175
Sunflower,Bagalakot,02-06-2021,64.75
Sunflower,Mundaragi,02-06-2021,46.83
Sunflower,Nargunda,02-06-2021,68.2
Sweet+Pumpkin,Davangere,02-06-2021,7
Arhar+Dal(Tur+Dal),Bangalore,19-07-2021,97
Tomato,Chikkamagalore,02-06-2021,7.93
Tomato,Gundlupet,02-06-2021,5
Suvarna+Gadde,Davangere,02-06-2021,27
Thondekai,Davangere,02-06-2021,10
Tomato,Kolar,02-06-2021,4.6
Tomato,Mulabagilu,02-06-2021,4
Tomato,Srinivasapur,02-06-2021,4
Potato,Chikkamagalore,12-04-2021,14.69
Water+Melon,Davangere,02-06-2021,15
Wheat,Bidar,02-06-2021,20
Beans,Gundlupet,19-07-2021,31
Beetroot,Shimoga,19-07-2021,19
Black+pepper,Sirsi,19-07-2021,379.26
Black+pepper,Yellapur,19-07-2021,372.2
Cucumbar(Kheera),K.R. Pet,30-07-2021,4
Brinjal,Chickkaballapura,19-07-2021,13
Brinjal,Gundlupet,19-07-2021,8
Brinjal,Shimoga,19-07-2021,15
Tomato,Ramanagara,19-07-2021,15
Potato,Ramanagara,12-04-2021,20
Bull,Ranebennur,19-07-2021,350
Cabbage,Gundlupet,19-07-2021,7.3
Avare+Dal,Chitradurga,29-09-2021,34.57
Capsicum,Udupi,19-07-2021,32
Carrot,Chickkaballapura,19-07-2021,22
Banana+-+Green,Kunigal,29-09-2021,30
Beans,Gundlupet,29-09-2021,11
Rice,Sindhanur,15-03-2021,25.85
Chennangi+Dal,Bangalore,19-07-2021,81.5
Chikoos(Sapota),Udupi,19-07-2021,42
Coconut,K.R. Pet,19-07-2021,170
Groundnut,Badami,30-07-2021,60
Groundnut,Kottur,30-07-2021,54.65
Cotton,Ranebennur,19-07-2021,69.5
Cow,Ranebennur,19-07-2021,450
Black+pepper,Sirsi,29-09-2021,366.71
Thondekai,Davangere,10-03-2021,8
Tomato,Channapatana,10-03-2021,7
Tomato,Chikkamagalore,10-03-2021,12.13
Onion,Ramanagara,12-06-2021,21
Drumstick,Udupi,19-07-2021,45
Knool+Khol,Ramanagara,12-06-2021,40
Cabbage,Belgaum,29-09-2021,15
Green+Chilli,Gundlupet,19-07-2021,36.25
Soyabean,Hubli (Amaragol),12-06-2021,62.73
Capsicum,Belgaum,29-09-2021,22
Safflower,Hubli (Amaragol),12-06-2021,46.85
Green+Peas,Bangalore,19-07-2021,130.5
Ground+Nut+Seed,Bangalore,19-07-2021,92.5
Groundnut,Gadag,19-07-2021,43.05
Groundnut,Ramdurga,19-07-2021,53.84
Potato,Hubli (Amaragol),12-06-2021,12.5
Cauliflower,Belgaum,29-09-2021,13
Chilly+Capsicum,Ramanagara,12-06-2021,16
Carrot,Ramanagara,19-07-2021,40
Chapparad+Avare,Gundlupet,29-09-2021,13
Jowar(Sorghum),Davangere,19-07-2021,15.5
Jowar(Sorghum),Gadag,19-07-2021,15.6
Knool+Khol,Chickkaballapura,19-07-2021,15.5
Bitter+gourd,Ramanagara,12-06-2021,42
Copra,Tiptur,29-09-2021,165
Copra,Turvekere,29-09-2021,169
Coriander(Leaves),Gadag,29-09-2021,72.98
Lint,Ranebennur,19-07-2021,105
Cotton,Bijapur,29-09-2021,70.1
Cotton,Ranebennur,29-09-2021,122.67
Potato,Hubli (Amaragol),30-09-2021,12.5
Mousambi(Sweet+Lime),Udupi,19-07-2021,58
Alasande+Gram,Arasikere,03-08-2021,53.5
Jowar(Sorghum),Hubli (Amaragol),12-06-2021,14.77
Onion,Doddaballa Pur,19-07-2021,17
Groundnut,Hubli (Amaragol),12-06-2021,45.3
Orange,Davangere,19-07-2021,32
Ox,Ranebennur,19-07-2021,440
Green+Chilli,Belgaum,29-09-2021,10
Green+Chilli,Gundlupet,29-09-2021,21.4
Paddy(Dhan)(Common),Davangere,19-07-2021,16.9
Paddy(Dhan)(Common),Gangavathi,19-07-2021,22
Green+Chilli,Shimoga,29-09-2021,17
Green+Chilli,Davangere,30-07-2021,8
Green+Chilli,Ramanagara,30-07-2021,10
Chilly+Capsicum,Ramanagara,24-07-2021,24
Groundnut,Bellary,29-09-2021,62.07
Groundnut,Chitradurga,29-09-2021,56.31
Groundnut,Gadag,29-09-2021,49.56
Groundnut,Hubli (Amaragol),29-09-2021,53.58
Groundnut,Ranebennur,29-09-2021,46.64
Groundnut,Soundati,29-09-2021,31.74
Gur(Jaggery),Mhalingapur,29-09-2021,32.73
Jowar(Sorghum),Basava Kalayana,29-09-2021,17
Jowar(Sorghum),Bellary,29-09-2021,15.29
Jowar(Sorghum),Gadag,29-09-2021,13.55
Kulthi(Horse+Gram),Gadag,29-09-2021,29.76
Maize,Bellary,29-09-2021,18.15
Maize,Chitradurga,29-09-2021,18.41
Maize,Gadag,29-09-2021,16.04
Beans,Chamaraj Nagar,03-08-2021,9
Methi+Seeds,Shimoga,29-09-2021,85
Rice,Gangavathi,19-07-2021,25.7
Ginger(Green),Ramanagara,24-07-2021,40
Safflower,Gadag,19-07-2021,46.48
Seemebadnekai,Chickkaballapura,19-07-2021,10.5
She+Buffalo,Ranebennur,19-07-2021,330
She+Goat,Ranebennur,19-07-2021,175
Sheep,Ranebennur,19-07-2021,230
Onion,Belgaum,29-09-2021,20
Onion,Shimoga,29-09-2021,22.5
Sweet+Potato,Udupi,19-07-2021,16
Tomato,Chickkaballapura,19-07-2021,10
Tomato,Doddaballa Pur,19-07-2021,8
Tomato,Gundlupet,19-07-2021,14.85
Groundnut,Laxmeshwar,24-07-2021,45.54
Jowar(Sorghum),Laxmeshwar,24-07-2021,15.01
Wheat,Bangalore,19-07-2021,32
Wheat,Gadag,19-07-2021,19.16
Wheat,Ramdurga,19-07-2021,28
Jowar(Sorghum),Laxmeshwar,12-06-2021,17.69
Knool+Khol,Chamaraj Nagar,12-06-2021,21
Mango,Mulabagilu,12-06-2021,12
Safflower,Bidar,12-06-2021,50
Safflower,Laxmeshwar,12-06-2021,32.99
Soyabean,Bidar,12-06-2021,68
Sunflower,Laxmeshwar,12-06-2021,38.89
Tomato,Chintamani,12-06-2021,3.33
Wheat,Basava Kalayana,12-06-2021,17.5
Groundnut,Laxmeshwar,12-06-2021,42.1
Groundnut,Savanur,12-06-2021,45.8
Gur(Jaggery),Chamaraj Nagar,12-06-2021,35
Jowar(Sorghum),Bidar,18-03-2021,33
Jowar(Sorghum),Gadag,18-03-2021,20.14
Jowar(Sorghum),Gulbarga,18-03-2021,28
Jowar(Sorghum),Kottur,18-03-2021,18.52
Garlic,Davangere,30-07-2021,36
Ginger(Green),Ramanagara,30-07-2021,42
Jowar(Sorghum),Ramdurga,18-03-2021,12.7
Jowar(Sorghum),Bidar,12-06-2021,31
Sunflower,Challakere,05-05-2021,65.43
Alasande+Gram,Laxmeshwar,12-06-2021,41.58
Bitter+gourd,Chickkaballapura,16-06-2021,30
Black+pepper,Yellapur,16-06-2021,377.01
Bottle+gourd,Chickkaballapura,16-06-2021,7.5
Capsicum,Chickkaballapura,16-06-2021,19.5
Chapparad+Avare,Chickkaballapura,16-06-2021,33.5
Chrysanthemum(Loose),Chickkaballapura,16-06-2021,63
Cotton,Nargunda,16-06-2021,62
Cucumbar(Kheera),Chickkaballapura,16-06-2021,15
Ginger(Green),Chickkaballapura,16-06-2021,17
Gur(Jaggery),Mandya,16-06-2021,33
Maize,Ramdurga,16-06-2021,14
Marigold(Calcutta),Chickkaballapura,16-06-2021,19
Rice,Gangavathi,16-06-2021,19.85
Rose(Loose),Chickkaballapura,16-06-2021,35
Brinjal,Chamaraj Nagar,03-08-2021,6
Beans,Bangarpet,14-07-2021,32
Beans,Ramanagara,14-07-2021,20
Ragi+(Finger+Millet),Kottur,13-04-2021,24.32
Potato,Belgaum,28-09-2021,15
Ragi+(Finger+Millet),Harappana Halli,13-04-2021,25
Elephant+Yam+(Suran),Arasikere,30-07-2021,34.01
Ragi+(Finger+Millet),Chintamani,13-04-2021,23
Tomato,Kolar,24-07-2021,7.3
Tomato,Ramanagara,24-07-2021,15
Wheat,Laxmeshwar,24-07-2021,13.82
Cashewnuts,Chintamani,03-08-2021,105
Beans,Chickkaballapura,12-06-2021,45
Brinjal,Chickkaballapura,12-06-2021,15
Capsicum,Chickkaballapura,12-06-2021,14
Groundnut,Bagalakot,12-06-2021,51.63
Groundnut,Mundaragi,12-06-2021,53.26
Maize,Mundaragi,12-06-2021,16.1
Onion,Bagalakot,12-06-2021,16
Ridge+gourd(Tori),Chickkaballapura,12-06-2021,37.5
Sheep,Bhadravathi,13-04-2021,110
Alasande+Gram,Arasikere,14-07-2021,52.45
Chilly+Capsicum,Ramanagara,30-07-2021,30
Sunflower,Davangere,13-04-2021,45.02
Sunflower,Nargunda,13-04-2021,68
Soyabean,Bidar,05-05-2021,64
Tender+Coconut,Pandavapura,13-04-2021,110
Thondekai,Chickkaballapura,13-04-2021,13.5
Carrot,Chamaraj Nagar,30-07-2021,13
Chapparad+Avare,Malur,30-07-2021,20.2
Tomato,Bangarpet,13-04-2021,4
Tomato,Chikkamagalore,13-04-2021,10.29
Tomato,Mulabagilu,13-04-2021,4.33
Sunflower,Lingasugur,29-09-2021,54.5
Tomato,Chickkaballapura,13-04-2021,5.5
Elephant+Yam+(Suran),Arasikere,03-08-2021,33
Paddy(Dhan)(Common),Lingasugur,29-09-2021,18.5
Wheat,Hubli (Amaragol),22-03-2021,9.13
Bitter+gourd,Ramanagara,29-09-2021,28
Paddy(Dhan)(Common),Bangarpet,29-09-2021,22
Papaya,Davangere,29-09-2021,19
Pineapple,Davangere,29-09-2021,16
Pomegranate,Davangere,29-09-2021,25
Raddish,Bangarpet,29-09-2021,3
Tomato,Bangarpet,29-09-2021,10
Tomato,Chintamani,29-09-2021,19.33
Water+Melon,Davangere,29-09-2021,22
Onion,Davangere,29-09-2021,9
Wheat,Bhadravathi,13-04-2021,23.85
Kulthi(Horse+Gram),Kustagi,03-08-2021,30.5
Gur(Jaggery),Bangarpet,03-08-2021,44
Groundnut,Yadgir,03-08-2021,51.94
Jowar(Sorghum),Lingasugur,03-08-2021,14.5
Beans,Malur,30-07-2021,34.91
Lime,Davangere,29-09-2021,11
Gur(Jaggery),Bangarpet,12-06-2021,43
Paddy(Dhan)(Common),Bangarpet,12-06-2021,21
Rice,Bangarpet,12-06-2021,42
Jowar(Sorghum),Laxmeshwar,29-09-2021,12.16
Arhar+Dal(Tur+Dal),Bangalore,03-08-2021,95
Arhar+Dal(Tur+Dal),Tumkur,03-08-2021,82
Beans,Chikkamagalore,03-08-2021,24.3
Beans,Gundlupet,03-08-2021,25
Beans,Kolar,03-08-2021,22
Maize,Mundaragi,05-04-2021,14.62
Brinjal,Gundlupet,03-08-2021,11.5
Brinjal,Kolar,03-08-2021,15
Green+Chilli,Davangere,29-09-2021,7
Cabbage,Gundlupet,03-08-2021,6.8
Groundnut,Laxmeshwar,29-09-2021,50.7
Capsicum,Chickkaballapura,03-08-2021,22
Chapparad+Avare,Gundlupet,03-08-2021,20
Chikoos(Sapota),Davangere,03-08-2021,13
Coconut,Tumkur,03-08-2021,125
Copra,Arasikere,03-08-2021,160.42
Copra,Turvekere,03-08-2021,164.15
Coriander(Leaves),Tumkur,03-08-2021,91
Cotton,Chitradurga,03-08-2021,104.29
Cotton,Ranebennur,03-08-2021,66.05
Drumstick,Davangere,03-08-2021,16
Ginger(Green),Bangalore,03-08-2021,16
Garlic,Davangere,29-09-2021,35
Green+Chilli,Chickkaballapura,03-08-2021,12.5
Green+Chilli,Chikkamagalore,03-08-2021,12.73
Green+Chilli,Gundlupet,03-08-2021,33
Paddy(Dhan)(Common),Gangavathi,28-09-2021,21.46
Green+Peas,Bangalore,03-08-2021,129
Groundnut,Bagalakot,03-08-2021,53
Groundnut,Gadag,03-08-2021,47.85
Groundnut,Kottur,03-08-2021,54.06
Groundnut,Laxmeshwar,03-08-2021,48.41
Groundnut,Raichur,03-08-2021,53.38
Gur(Jaggery),Mandya,03-08-2021,31.5
Jowar(Sorghum),Bellary,03-08-2021,15.82
Jowar(Sorghum),Gadag,03-08-2021,14.91
Jowar(Sorghum),Kottur,03-08-2021,17.71
Jowar(Sorghum),Sindhanur,03-08-2021,17.7
Knool+Khol,Davangere,03-08-2021,15
Lime,Davangere,03-08-2021,11
Maize,Challakere,03-08-2021,21.79
Maize,Kolar,03-08-2021,20.75
Paddy(Dhan)(Common),Davangere,17-03-2021,20.5
Paddy(Dhan)(Common),Raichur,17-03-2021,16.39
Mustard,Shimoga,03-08-2021,77.5
Neem+Seed,Arasikere,03-08-2021,60.45
Neem+Seed,Tumkur,03-08-2021,38.3
Onion,Hubli (Amaragol),03-08-2021,12.8
Maize,Mundaragi,13-07-2021,17.64
Onion,Raichur,03-08-2021,10.3
Paddy(Dhan)(Common),Davangere,03-08-2021,17.8
Paddy(Dhan)(Common),Gangavathi,03-08-2021,16.8
Paddy(Dhan)(Common),Raichur,03-08-2021,16.07
Wheat,Bidar,05-07-2021,22
Tomato,Bangarpet,22-03-2021,5
Cowpea(Veg),Honnali,29-09-2021,11
Tomato,Srinivasapur,22-03-2021,5.34
Paddy(Dhan)(Common),Gangavathi,30-09-2021,22
Papaya,Malur,30-09-2021,5.66
Pomegranate,Davangere,03-08-2021,20
Chikoos(Sapota),Davangere,29-09-2021,23
Dry+Chillies,Hubli (Amaragol),24-07-2021,78.6
Groundnut,Hubli (Amaragol),24-07-2021,45.02
Jowar(Sorghum),Basava Kalayana,24-07-2021,20.01
Jowar(Sorghum),Hubli (Amaragol),24-07-2021,14.08
Onion,Belgaum,28-09-2021,14
Onion,Hubli (Amaragol),24-07-2021,14.2
Carrot,Bangarpet,29-09-2021,25
Carrot,Davangere,29-09-2021,15
Carrot,Honnali,29-09-2021,16
Safflower,Hubli (Amaragol),24-07-2021,46.9
Soyabean,Basava Kalayana,24-07-2021,85.5
Soyabean,Hubli (Amaragol),24-07-2021,72.51
Wheat,Basava Kalayana,24-07-2021,18.71
Wheat,Hubli (Amaragol),24-07-2021,11.41
Onion,Davangere,17-03-2021,11
Onion,Raichur,17-03-2021,11.05
Wheat,Gadag,01-10-2021,16.46
Wheat,Hubli (Amaragol),01-10-2021,9.67
Onion,Bijapur,30-09-2021,10
Onion,Hubli (Amaragol),30-09-2021,9
Onion,Shimoga,30-09-2021,23.5
Tomato,Gundlupet,01-10-2021,19.45
Mustard,Bhadravathi,17-03-2021,57.31
Mustard,Gangavathi,17-03-2021,43.5
Potato,Bangarpet,04-08-2021,17
Tomato,Kolar,13-06-2021,5.3
Onion,Kolar,13-06-2021,20
Kulthi(Horse+Gram),Shimoga,28-07-2021,35
Jowar(Sorghum),Sindhanur,28-07-2021,15.8
Guava,Mysore (Bandipalya),28-07-2021,28
Jowar(Sorghum),Laxmeshwar,28-07-2021,14.13
Jowar(Sorghum),Lingasugur,28-07-2021,16.2
Neem+Seed,Arasikere,28-07-2021,55
Onion,Raichur,28-07-2021,13.5
Onion,Chikkamagalore,28-07-2021,21.5
Onion,Hubli (Amaragol),28-07-2021,12.5
Paddy(Dhan)(Common),Davangere,28-07-2021,18.2
Paddy(Dhan)(Common),Raichur,28-07-2021,16.95
Papaya,Mysore (Bandipalya),28-07-2021,12
Papaya,Davangere,28-07-2021,12
Pineapple,Davangere,29-07-2021,11
Pomegranate,Davangere,29-07-2021,25
Pomegranate,Mysore (Bandipalya),29-07-2021,55
Potato,Hubli (Amaragol),29-07-2021,13.6
Potato,Chikkamagalore,29-07-2021,15.72
Rice,Kolar,29-07-2021,51.07
Rice,Bangarpet,29-07-2021,20
Ragi+(Finger+Millet),Davangere,29-07-2021,20.1
Ridge+gourd(Tori),Chamaraj Nagar,29-07-2021,14
Ridge+gourd(Tori),Chikkamagalore,29-07-2021,13.26
Ridge+gourd(Tori),Honnali,29-07-2021,10.5
Ridge+gourd(Tori),Kolar,29-07-2021,25
Safflower,Gadag,29-07-2021,47.09
Sunflower,Gadag,29-07-2021,58.86
Tomato,Chikkamagalore,29-07-2021,12.8
Tomato,Bangarpet,29-07-2021,5
Tomato,Srinivasapur,29-07-2021,9.33
Tomato,T. Narasipura,29-07-2021,8
Tomato,Kolar,29-07-2021,6.6
Water+Melon,Mysore (Bandipalya),29-07-2021,12
Water+Melon,Davangere,29-07-2021,12
Wheat,Bangalore,29-07-2021,28.5
Wheat,Gadag,29-07-2021,16.6
Alasande+Gram,Arasikere,29-07-2021,50
Alasande+Gram,Laxmeshwar,29-07-2021,54.7
Avare+Dal,Bangalore,29-07-2021,59.5
Banana,Channapatana,29-07-2021,25
Beans,Chamaraj Nagar,29-07-2021,20
Beans,Chickkaballapura,29-07-2021,35
Beans,Chikkamagalore,29-07-2021,32.05
Beans,Gundlupet,29-07-2021,34
Beetroot,Chikkamagalore,29-07-2021,12.82
Beetroot,Honnali,29-07-2021,14
Black+pepper,Sirsi,29-07-2021,376.82
Brinjal,Gundlupet,29-07-2021,8
Brinjal,Channapatana,29-07-2021,18
Brinjal,Chickkaballapura,29-07-2021,22.5
Bunch+Beans,Davangere,29-07-2021,29
Cabbage,Chamaraj Nagar,29-07-2021,4
Cabbage,Gundlupet,29-07-2021,7.1
Capsicum,Chickkaballapura,29-07-2021,18
Capsicum,Davangere,29-07-2021,25
Carrot,Chikkamagalore,29-07-2021,15.72
Carrot,Davangere,29-07-2021,40
Chikoos(Sapota),Davangere,29-07-2021,11
Coconut,Chickkaballapura,29-07-2021,120
Chapparad+Avare,Chickkaballapura,29-07-2021,22.5
Cotton,Bijapur,29-07-2021,75.09
Cotton,Ranebennur,29-07-2021,73
Cucumbar(Kheera),Kolar,29-07-2021,10
Dry+Chillies,Hubli (Amaragol),29-07-2021,217.88
Elephant+Yam+(Suran),Arasikere,29-07-2021,19.88
Drumstick,Chickkaballapura,29-07-2021,17.5
Drumstick,Mysore (Bandipalya),29-07-2021,11
Ginger(Green),Chickkaballapura,29-07-2021,42.5
Ginger(Green),Bangalore,29-07-2021,23
Green+Chilli,Chikkamagalore,29-07-2021,15.16
Green+Chilli,Gundlupet,29-07-2021,29.2
Green+Chilli,Honnali,29-07-2021,7.5
Green+Chilli,Shimoga,29-07-2021,11
Groundnut,Bagalakot,29-07-2021,48.9
Groundnut,Kustagi,29-07-2021,48.44
Groundnut,Laxmeshwar,29-07-2021,50.59
Groundnut,Mundaragi,29-07-2021,55.8
Groundnut,Raichur,29-07-2021,43.55
Groundnut,Yadgir,29-07-2021,43.91
Groundnut,Bellary,29-07-2021,56.03
Groundnut,Gadag,29-07-2021,46.04
Groundnut,Hubli (Amaragol),29-07-2021,50.67
Gur(Jaggery),Mandya,29-07-2021,32.8
Jowar(Sorghum),Bellary,29-07-2021,15.67
Jowar(Sorghum),Bidar,29-07-2021,30
Jowar(Sorghum),Gadag,29-07-2021,12.23
Jowar(Sorghum),Hubli (Amaragol),29-07-2021,12.51
Maize,Bagalakot,29-07-2021,18.42
Maize,Bellary,29-07-2021,19.68
Maize,Gadag,29-07-2021,10.69
Maize,Mundaragi,29-07-2021,17.66
Mango,Srinivasapur,29-07-2021,10
Mousambi(Sweet+Lime),Davangere,29-07-2021,35
Onion,Chickkaballapura,29-07-2021,24.5
Neem+Seed,Tumkur,29-07-2021,39.5
Onion,Tumkur,29-07-2021,21.5
Potato,Chickkaballapura,29-07-2021,14
Rice,Gangavathi,29-07-2021,15.6
Rice,Tumkur,29-07-2021,32
Soyabean,Bidar,29-07-2021,90
Safflower,Bidar,29-07-2021,48
Seemebadnekai,Chickkaballapura,29-07-2021,15
Sunflower,Mundaragi,29-07-2021,63.45
Tomato,Gundlupet,29-07-2021,10
Knool+Khol,Ramanagara,14-06-2021,32
Green+Chilli,Ramanagara,14-06-2021,26
Cucumbar(Kheera),Ramanagara,14-06-2021,17.5
Carrot,Ramanagara,14-06-2021,30
Brinjal,Ramanagara,14-06-2021,13
Alasande+Gram,Bangalore,14-07-2021,61.25
Arhar+Dal(Tur+Dal),Bangalore,14-07-2021,93.5
Avare+Dal,Bangalore,14-07-2021,58.5
Beans,Chickkaballapura,14-07-2021,23
Beans,Gundlupet,14-07-2021,28
Bitter+gourd,Chickkaballapura,14-07-2021,7.5
Bottle+gourd,Chickkaballapura,14-07-2021,22
Brinjal,Gundlupet,14-07-2021,9.6
Cabbage,Chickkaballapura,14-07-2021,4.8
Cabbage,Gundlupet,14-07-2021,7.5
Capsicum,Kolar,14-07-2021,24
Carrot,Chickkaballapura,14-07-2021,34
Chapparad+Avare,Chickkaballapura,14-07-2021,10
Chapparad+Avare,Kolar,14-07-2021,17
Chennangi+Dal,Bangalore,14-07-2021,80
Chikoos(Sapota),Davangere,14-07-2021,14
Chilly+Capsicum,Kolar,14-07-2021,19
Chrysanthemum(Loose),Chickkaballapura,14-07-2021,55
Garlic,Bangalore,14-07-2021,6.75
Green+Chilli,Gundlupet,14-07-2021,27.55
Green+Chilli,Santhesargur,14-07-2021,13.83
Ground+Nut+Seed,Bangalore,14-07-2021,100.5
Groundnut,Bellary,14-07-2021,50.76
Groundnut,Chitradurga,14-07-2021,51.13
Groundnut,Gadag,14-07-2021,45.02
Groundnut,Raichur,14-07-2021,34.65
Gur(Jaggery),Mandya,14-07-2021,32.7
Jowar(Sorghum),Bellary,14-07-2021,15.66
Jowar(Sorghum),Gadag,14-07-2021,14.7
Jowar(Sorghum),Hubli (Amaragol),14-07-2021,16.2
Kulthi(Horse+Gram),Gadag,14-07-2021,36.11
Maize,Chitradurga,14-07-2021,20.08
Mango,Srinivasapur,14-07-2021,15
Marigold(Calcutta),Chickkaballapura,14-07-2021,25
Onion,Raichur,14-07-2021,16.5
Paddy(Dhan)(Common),Davangere,14-07-2021,16.1
Paddy(Dhan)(Common),Raichur,14-07-2021,15.5
Pineapple,Davangere,14-07-2021,15
Potato,Bangarpet,14-06-2021,12
Potato,Chintamani,14-06-2021,14.5
Raddish,Bangarpet,14-06-2021,10
Rice,Bidar,14-06-2021,45
Rose(Loose),Chickkaballapura,14-06-2021,30
Safflower,Bidar,14-06-2021,50
Soyabean,Bidar,14-06-2021,65
Sunflower,Bellary,14-06-2021,58.99
Tomato,Channapatana,14-06-2021,7
Tomato,Chintamani,14-06-2021,4.66
Tomato,Mulabagilu,14-06-2021,4
Wheat,Bidar,14-06-2021,27
Wheat,Sindhanur,14-06-2021,12.8
Onion,Doddaballa Pur,14-06-2021,15
Onion,Hubli (Amaragol),14-06-2021,12
Paddy(Dhan)(Common),Lingasugur,14-06-2021,25.6
Maize,Bellary,14-06-2021,16.14
Maize,Harappana Halli,14-06-2021,16.55
Marigold(Calcutta),Chickkaballapura,14-06-2021,20
Ragi+(Finger+Millet),Davangere,14-07-2021,19.55
Jowar(Sorghum),Bellary,14-06-2021,15.02
Jowar(Sorghum),Bidar,14-06-2021,32
Groundnut,Bellary,14-06-2021,51.21
Groundnut,Savanur,14-06-2021,48.43
Elephant+Yam+(Suran),Arasikere,14-06-2021,23
Copra,Arasikere,14-06-2021,155.91
Copra,Turvekere,14-06-2021,157
Cotton,Sindhanur,14-06-2021,60
Chrysanthemum(Loose),Chickkaballapura,14-06-2021,70
Carrot,Bangarpet,14-06-2021,25
Capsicum,Chintamani,14-06-2021,22.5
Brinjal,Chintamani,14-06-2021,27.5
Banana,Channapatana,14-06-2021,6.5
Banana+-+Green,T. Narasipura,14-06-2021,18
Beans,Chintamani,14-06-2021,60
Ridge+gourd(Tori),Kolar,14-07-2021,21
Safflower,Hubli (Amaragol),14-07-2021,46.74
Rose(Loose),Chickkaballapura,14-07-2021,30
Safflower,Gadag,14-07-2021,45.83
Soyabean,Hubli (Amaragol),14-07-2021,57.66
Soyabean,Basava Kalayana,14-07-2021,77
Sunflower,Gadag,14-07-2021,48.3
Tomato,Srinivasapur,14-07-2021,8.67
Tomato,Gundlupet,14-07-2021,5.8
Alasande+Gram,Laxmeshwar,14-06-2021,45.35
Carrot,Chikkamagalore,14-06-2021,18.11
Cauliflower,Chickkaballapura,14-06-2021,16
Cauliflower,Chikkamagalore,14-06-2021,10.04
Chapparad+Avare,Chickkaballapura,14-06-2021,42.5
Chapparad+Avare,Kolar,14-06-2021,35
Cucumbar(Kheera),Chickkaballapura,14-06-2021,18
Cucumbar(Kheera),Chikkamagalore,14-06-2021,15.7
Ginger(Green),Kolar,14-06-2021,21
Green+Chilli,Chikkamagalore,14-06-2021,14.15
Green+Chilli,Hunsur,14-06-2021,20
Groundnut,Bagalakot,14-06-2021,52.72
Groundnut,Challakere,14-06-2021,53.42
Groundnut,Davangere,14-06-2021,48
Groundnut,Hubli (Amaragol),14-06-2021,45.2
Groundnut,Kottur,14-06-2021,54.8
Groundnut,Laxmeshwar,14-06-2021,41.68
Groundnut,Raichur,14-06-2021,54
Gur(Jaggery),Mhalingapur,14-06-2021,32.78
Jowar(Sorghum),Basava Kalayana,14-06-2021,22
Jowar(Sorghum),Hubli (Amaragol),14-06-2021,14.68
Jowar(Sorghum),Laxmeshwar,14-06-2021,18.64
Kulthi(Horse+Gram),Laxmeshwar,14-06-2021,26.59
Maize,Bagalakot,14-06-2021,16.2
Maize,Davangere,14-06-2021,15.8
Maize,Hubli (Amaragol),14-06-2021,15.44
Maize,Kottur,14-06-2021,16.63
Mango,Srinivasapur,14-06-2021,8
Onion,Chickkaballapura,14-06-2021,22
Onion,Chikkamagalore,14-06-2021,21.77
Paddy(Dhan)(Common),Davangere,14-06-2021,17.2
Paddy(Dhan)(Common),Raichur,14-06-2021,15.49
Papaya,Davangere,14-06-2021,19
Pineapple,Davangere,14-06-2021,16
Pomegranate,Davangere,14-06-2021,38
Potato,Chikkamagalore,14-06-2021,17.41
Raddish,Chikkamagalore,14-06-2021,9.95
Ragi+(Finger+Millet),Kottur,14-06-2021,19.12
Rice,Shimoga,14-06-2021,22
Same/Savi,Hubli (Amaragol),14-06-2021,32.3
Seemebadnekai,Chickkaballapura,14-06-2021,16.5
Soyabean,Hubli (Amaragol),14-06-2021,60.78
Sunflower,Kottur,14-06-2021,59.88
Sunflower,Laxmeshwar,14-06-2021,54.65
Tamarind+Fruit,Shimoga,14-06-2021,78.99
Tomato,Chikkamagalore,14-06-2021,9.04
Tomato,Hunsur,14-06-2021,10
Tomato,Kolar,14-06-2021,4.6
Water+Melon,Davangere,14-06-2021,16
Wheat,Basava Kalayana,14-06-2021,17.4
Wheat,Laxmeshwar,14-06-2021,15.39
Bitter+gourd,Kolar,14-06-2021,40
Beans,Chikkamagalore,14-06-2021,38.63
Gur(Jaggery),Mandya,14-06-2021,33.5
Water+Melon,Davangere,14-07-2021,15
Wheat,Basava Kalayana,14-07-2021,17.5
Wheat,Gadag,14-07-2021,18.17
Wheat,Hubli (Amaragol),14-07-2021,13.57
Wheat,Ramdurga,14-07-2021,13
Alasande+Gram,Arasikere,16-07-2021,66.9
Alasande+Gram,Laxmeshwar,16-07-2021,43.5
Ashgourd,Davangere,16-07-2021,10
Beans,Chikkamagalore,16-07-2021,26.73
Beans,Gundlupet,16-07-2021,26.5
Beetroot,Ramanagara,16-07-2021,28
Bitter+gourd,Davangere,16-07-2021,16
Black+pepper,Sirsi,16-07-2021,374.39
Brinjal,Gundlupet,16-07-2021,10
Cabbage,Gundlupet,16-07-2021,7.8
Capsicum,Chickkaballapura,16-07-2021,13
Carrot,Davangere,16-07-2021,42
Cauliflower,Chickkaballapura,16-07-2021,17
Cauliflower,K.R. Pet,16-07-2021,7
Copra,Arasikere,16-07-2021,152.79
Copra,Turvekere,16-07-2021,159.19
Cotton,Bijapur,16-07-2021,74.14
Cucumbar(Kheera),Chickkaballapura,16-07-2021,4
Cucumbar(Kheera),K.R. Pet,16-07-2021,8
Drumstick,Ramanagara,16-07-2021,35
Dry+Chillies,Sindhanur,16-07-2021,75
Green+Chilli,Chikkamagalore,16-07-2021,16.84
Green+Chilli,Gundlupet,16-07-2021,44
Green+Chilli,Mysore (Bandipalya),16-07-2021,25
Groundnut,Bagalakot,16-07-2021,50.16
Groundnut,Bellary,16-07-2021,49.77
Groundnut,Challakere,16-07-2021,51.71
Groundnut,Chitradurga,16-07-2021,48.65
Groundnut,Gadag,16-07-2021,42.1
Groundnut,Hubli (Amaragol),16-07-2021,22.48
Groundnut,Laxmeshwar,16-07-2021,47.7
Groundnut,Mundaragi,16-07-2021,52.88
Groundnut,Raichur,16-07-2021,54.29
Groundnut,Yadgir,16-07-2021,49.09
Gur(Jaggery),Mandya,16-07-2021,31.5
Gur(Jaggery),Mhalingapur,16-07-2021,32.66
Jowar(Sorghum),Basava Kalayana,16-07-2021,19.01
Jowar(Sorghum),Bellary,16-07-2021,14.64
Jowar(Sorghum),Gadag,16-07-2021,12.55
Jowar(Sorghum),Hubli (Amaragol),16-07-2021,13.09
Jowar(Sorghum),Laxmeshwar,16-07-2021,15.86
Karbuja(Musk+Melon),Davangere,16-07-2021,13
Knool+Khol,Chikkamagalore,16-07-2021,12.83
Kulthi(Horse+Gram),Arasikere,16-07-2021,39.7
Kulthi(Horse+Gram),Bangalore,16-07-2021,36
Lime,Davangere,16-07-2021,10
Maize,Bellary,16-07-2021,20.13
Maize,Challakere,16-07-2021,20.91
Maize,Chitradurga,16-07-2021,18.79
Maize,Harappana Halli,16-07-2021,19
Maize,Haveri,16-07-2021,19
Maize,Mundaragi,16-07-2021,17.51
Neem+Seed,Arasikere,16-07-2021,54.45
Onion,Chikkamagalore,16-07-2021,21.36
Onion,Davangere,16-07-2021,11.5
Onion,Hubli (Amaragol),16-07-2021,12.5
Onion,Raichur,16-07-2021,13.7
Onion,Ramanagara,16-07-2021,28
Paddy(Dhan)(Common),Bangarpet,16-07-2021,22
Paddy(Dhan)(Common),Gangavathi,16-07-2021,21.33
Paddy(Dhan)(Common),Raichur,16-07-2021,15.51
Papaya,Channapatana,16-07-2021,12
Pomegranate,Davangere,16-07-2021,20
Potato,Bangarpet,16-07-2021,13
Potato,Hubli (Amaragol),16-07-2021,12.5
Potato,Shimoga,16-07-2021,17
Ragi+(Finger+Millet),Davangere,16-07-2021,19.5
Ragi+(Finger+Millet),Harappana Halli,16-07-2021,20
Rice,Bangarpet,16-07-2021,35
Rice,Gangavathi,16-07-2021,16
Rice,Sindhanur,16-07-2021,30
Ridge+gourd(Tori),Channapatana,16-07-2021,11
Ridge+gourd(Tori),Chikkamagalore,16-07-2021,13.02
Ridge+gourd(Tori),Kolar,16-07-2021,13
Safflower,Gadag,16-07-2021,45.42
Snake+gourd,Ramanagara,16-07-2021,8
Tomato,Chikkamagalore,16-07-2021,15.77
Tomato,Gundlupet,16-07-2021,10.25
Tomato,Kolar,16-07-2021,6
Tomato,Mulabagilu,16-07-2021,9.33
Tomato,Srinivasapur,16-07-2021,12
Wheat,Basava Kalayana,16-07-2021,17.5
Wheat,Gadag,16-07-2021,26.94
Cotton,Bijapur,14-06-2021,68.45
Cucumbar(Kheera),K.R. Pet,14-06-2021,5
Maize,Mundaragi,14-06-2021,15.93
Rice,Gangavathi,14-06-2021,13.1
Beans,Ramanagara,28-09-2021,25
Ginger(Green),Ramanagara,28-09-2021,30
Mousambi(Sweet+Lime),Davangere,28-09-2021,28
Paddy(Dhan)(Common),Bangarpet,28-09-2021,22
Paddy(Dhan)(Common),Harihara,28-09-2021,19.7
Papaya,Davangere,28-09-2021,18
Pineapple,Davangere,28-09-2021,18
Pomegranate,Davangere,28-09-2021,32
Potato,Bangarpet,28-09-2021,12.5
Potato,Davangere,28-09-2021,12
Rice,Bangarpet,28-09-2021,30
Ridge+gourd(Tori),Chamaraj Nagar,28-09-2021,18
Ridge+gourd(Tori),Davangere,28-09-2021,11
Tender+Coconut,Mandya,28-09-2021,100
Tomato,Bangarpet,28-09-2021,4.5
Tomato,Mulabagilu,28-09-2021,4.66
Tomato,Srinivasapur,28-09-2021,6.67
Water+Melon,Davangere,28-09-2021,23
Wheat,Laxmeshwar,28-09-2021,13.13
Lime,Davangere,28-09-2021,12
Maize,Kustagi,28-09-2021,18.23
Jowar(Sorghum),Laxmeshwar,28-09-2021,13.7
Groundnut,Laxmeshwar,28-09-2021,49.41
Green+Chilli,Chamaraj Nagar,28-09-2021,16.5
Garlic,Davangere,28-09-2021,36
Corriander+seed,Laxmeshwar,28-09-2021,64.16
Carrot,Bangarpet,28-09-2021,30
Carrot,Davangere,28-09-2021,15
Brinjal,Bangarpet,28-09-2021,7
Beans,Chamaraj Nagar,28-09-2021,17.5
Beans,Davangere,28-09-2021,18
Apple,Davangere,28-09-2021,63
Ashgourd,Davangere,28-09-2021,6
Banana,Davangere,28-09-2021,14
Alasande+Gram,Laxmeshwar,28-09-2021,44.34
Onion,Chikkamagalore,29-07-2021,25.64
Onion,Ramanagara,29-07-2021,23
Paddy(Dhan)(Common),Bangarpet,29-07-2021,25
Paddy(Dhan)(Common),Lingasugur,29-07-2021,19.5
Rice,Bangarpet,29-07-2021,28
Ridge+gourd(Tori),Chikkamagalore,29-07-2021,12.82
Tomato,Chikkamagalore,29-07-2021,15.53
Tomato,Mysore (Bandipalya),29-07-2021,11.5
Tomato,Srinivasapur,29-07-2021,9.33
Jowar(Sorghum),Laxmeshwar,29-07-2021,15.27
Ginger(Green),Ramanagara,29-07-2021,36
Green+Chilli,Chikkamagalore,29-07-2021,16.18
Groundnut,Kustagi,29-07-2021,49.66
Groundnut,Laxmeshwar,29-07-2021,52.4
Groundnut,Savanur,29-07-2021,51.15
Dry+Chillies,Sindhanur,29-07-2021,116
Arhar+Dal(Tur+Dal),Bangalore,28-09-2021,95
Beans,Chickkaballapura,28-09-2021,18
Beans,Chikkamagalore,28-09-2021,19.04
Beans,Kolar,28-09-2021,20
Cabbage,Chickkaballapura,28-09-2021,2.9
Capsicum,Chickkaballapura,28-09-2021,12
Carrot,Chickkaballapura,28-09-2021,20
Chennangi+Dal,Bangalore,28-09-2021,89
Chrysanthemum(Loose),Chickkaballapura,28-09-2021,35
Coconut,Davangere,28-09-2021,90
Cotton,Bellary,28-09-2021,75.33
Cotton,Davangere,28-09-2021,88.5
Garlic,Bangalore,28-09-2021,6.75
Ginger(Green),Bangalore,28-09-2021,23.5
Ginger(Green),Kolar,28-09-2021,25
Green+Chilli,Shimoga,28-09-2021,16
Green+Peas,Bangalore,28-09-2021,90
Ground+Nut+Seed,Bangalore,28-09-2021,105
Groundnut,Bagalakot,28-09-2021,31.35
Groundnut,Davangere,28-09-2021,51
Groundnut,Raichur,28-09-2021,48.55
Groundnut,Savanur,28-09-2021,44.33
Groundnut,Yadgir,28-09-2021,36.89
Jowar(Sorghum),Bangalore,28-09-2021,23
Jowar(Sorghum),Bellary,28-09-2021,15.23
Maize,Bagalakot,28-09-2021,16.68
Maize,Bangalore,28-09-2021,22
Maize,Bellary,28-09-2021,19.14
Maize,Davangere,28-09-2021,13.8
Methi+Seeds,Bangalore,28-09-2021,85
Moath+Dal,Bangalore,28-09-2021,82.5
Onion,Hubli (Amaragol),28-09-2021,8.3
Onion,Raichur,28-09-2021,10.55
Onion,Shimoga,28-09-2021,19
Paddy(Dhan)(Common),Davangere,28-09-2021,19.95
Paddy(Dhan)(Common),Raichur,28-09-2021,17.59
Potato,Chikkamagalore,28-09-2021,13.97
Ragi+(Finger+Millet),Davangere,28-09-2021,18.1
Rice,Bangalore,28-09-2021,41
Ridge+gourd(Tori),Chickkaballapura,28-09-2021,18
Ridge+gourd(Tori),Shimoga,28-09-2021,13
Rose(Loose),Chickkaballapura,28-09-2021,10
Sunflower,Bagalakot,28-09-2021,51.79
Sunflower,Bellary,28-09-2021,57.38
Sunflower,Raichur,28-09-2021,51.6
Sunflower,Yadgir,28-09-2021,46.01
Tomato,Chikkamagalore,28-09-2021,19.04
Tomato,Kolar,28-09-2021,11.3
Wheat,Chikkamagalore,28-09-2021,20
Wheat,Shimoga,28-09-2021,27
Alasande Gram,Bangalore,,7500
Alasande Gram,Laxmeshwar,,4299
Alasande Gram,Bangalore,,7500
Alasande Gram,Laxmeshwar,,5152
Alasande Gram,Bangalore,,6850
Alasande Gram,Laxmeshwar,,4703
Alasande Gram,Rona,,5411
Alasande Gram,Savanur,,4606
Alasande Gram,Bangalore,,7500
Alasande Gram,Laxmeshwar,,4967
Alasande Gram,Bangalore,,7500
Alasande Gram,Laxmeshwar,,4610
Alasande Gram,Bangalore,,7750
Alasande Gram,Laxmeshwar,,5631
Alasande Gram,Bangalore,,7100
Alasande Gram,Laxmeshwar,,4416
Alasande Gram,Bangalore,,7100
Alasande Gram,Laxmeshwar,,4260
Alasande Gram,Rona,,4909
Alasande Gram,Rona,,5198
Alasande Gram,Laxmeshwar,,5272
Alasande Gram,Bangalore,,7500
Alasande Gram,Laxmeshwar,,5199
Alasande Gram,Savanur,,5158
Alasande Gram,Bangalore,,7100
Alasande Gram,Laxmeshwar,,4054
Alasande Gram,Laxmeshwar,,4647
Alasande Gram,Bangalore,,7100
Alasande Gram,Laxmeshwar,,4653
Alasande Gram,Bangalore,,7750
Alasande Gram,Laxmeshwar,,4711
Alasande Gram,Dharwar,,5900
Alasande Gram,Hubli (Amaragol),,5276
Alasande Gram,Laxmeshwar,,3589
Alasande Gram,Bangalore,,7500
Alasande Gram,Laxmeshwar,,5162
Alasande Gram,Bangalore,,7100
Alasande Gram,Dharwar,,5600
Alasande Gram,Laxmeshwar,,5014
Alasande Gram,Bangalore,,7100
Alasande Gram,Chitradurga,,6626
Alasande Gram,Dharwar,,5800
Alasande Gram,Laxmeshwar,,4722
Alasande Gram,Rona,,5618
Alsandikai,Binny Mill (F&V) Bangalore,,2900
Alsandikai,Davangere,,2200
Alsandikai,Udupi,,3800
Alsandikai,Binny Mill (F&V) Bangalore,,2800
Alsandikai,Davangere,,2300
Alsandikai,Binny Mill (F&V) Bangalore,,2900
Alsandikai,Binny Mill (F&V) Bangalore,,3000
Alsandikai,Davangere,,1800
Alsandikai,Udupi,,3800
Alsandikai,Binny Mill (F&V) Bangalore,,2200
Alsandikai,Udupi,,1800
Alsandikai,Binny Mill (F&V) Bangalore,,2900
Alsandikai,Udupi,,2800
Alsandikai,Binny Mill (F&V) Bangalore,,2400
Alsandikai,Udupi,,1800
Alsandikai,Udupi,,2800
Alsandikai,Binny Mill (F&V) Bangalore,,2400
Alsandikai,Udupi,,2800
Alsandikai,Binny Mill (F&V) Bangalore,,2800
Alsandikai,Udupi,,2800
Alsandikai,Binny Mill (F&V) Bangalore,,3000
Alsandikai,Davangere,,2000
Alsandikai,Udupi,,3800
Alsandikai,Binny Mill (F&V) Bangalore,,2800
Alsandikai,Davangere,,2200
Alsandikai,Binny Mill (F&V) Bangalore,,2900
Alsandikai,Udupi,,3800
Alsandikai,Binny Mill (F&V) Bangalore,,3000
Alsandikai,Udupi,,2800
Alsandikai,Binny Mill (F&V) Bangalore,,2900
Alsandikai,Udupi,,2800
Alsandikai,Binny Mill (F&V) Bangalore,,2900
Alsandikai,Davangere,,2000
Alsandikai,Binny Mill (F&V) Bangalore,,2500
Alsandikai,Udupi,,2800
Apple,Mysore (Bandipalya),,7000
Apple,Mysore (Bandipalya),,6500
Apple,Binny Mill (F&V) Bangalore,,8500
Apple,Gulbarga,,1300
Apple,Mysore (Bandipalya),,6500
Apple,Udupi,,8500
Apple,Binny Mill (F&V) Bangalore,,10000
Apple,Davangere,,6300
Apple,Mysore (Bandipalya),,7000
Apple,Binny Mill (F&V) Bangalore,,9000
Apple,Mysore (Bandipalya),,7000
Apple,Udupi,,9500
Apple,Mysore (Bandipalya),,6500
Apple,Binny Mill (F&V) Bangalore,,8000
Apple,Udupi,,9500
Apple,Binny Mill (F&V) Bangalore,,12000
Apple,Binny Mill (F&V) Bangalore,,9000
Apple,Gulbarga,,1700
Apple,Binny Mill (F&V) Bangalore,,9000
Apple,Davangere,,6300
Apple,Mangalore,,10000
Apple,Udupi,,8000
Apple,Binny Mill (F&V) Bangalore,,9500
Apple,Davangere,,6600
Apple,Mangalore,,12000
Apple,Mysore (Bandipalya),,7000
Apple,Udupi,,9500
Apple,Binny Mill (F&V) Bangalore,,9000
Apple,Binny Mill (F&V) Bangalore,,9000
Apple,Davangere,,5900
Apple,Gulbarga,,1500
Apple,Mysore (Bandipalya),,7000
Apple,Udupi,,8500
Apple,Binny Mill (F&V) Bangalore,,10000
Apple,Binny Mill (F&V) Bangalore,,0
Apple,Davangere,,6200
Apple,Mysore (Bandipalya),,6500
Apple,Binny Mill (F&V) Bangalore,,11000
Apple,Binny Mill (F&V) Bangalore,,9000
Apple,Mysore (Bandipalya),,6000
Apple,Udupi,,8000
Apple,Binny Mill (F&V) Bangalore,,8000
Apple,Davangere,,6200
Apple,Gulbarga,,1750
Apple,Mangalore,,10000
Apple,Udupi,,8000
Apple,Binny Mill (F&V) Bangalore,,10000
Apple,Binny Mill (F&V) Bangalore,,9000
Apple,Mangalore,,10000
Apple,Udupi,,8500
Apple,Binny Mill (F&V) Bangalore,,9000
Apple,Gulbarga,,1700
Apple,Mysore (Bandipalya),,6500
Arecanut(Betelnut/Supari),Bantwala,,22500
Arecanut(Betelnut/Supari),Bantwala,,0
Arecanut(Betelnut/Supari),Belthangdi,,25000
Arecanut(Betelnut/Supari),Belthangdi,,0
Arecanut(Betelnut/Supari),Bhadravathi,,47007
Arecanut(Betelnut/Supari),Channagiri,,47738
Arecanut(Betelnut/Supari),Chitradurga,,47379
Arecanut(Betelnut/Supari),Chitradurga,,0
Arecanut(Betelnut/Supari),Chitradurga,,0
Arecanut(Betelnut/Supari),Chitradurga,,0
Arecanut(Betelnut/Supari),Karkala,,38000
Arecanut(Betelnut/Supari),Mangalore,,29000
Arecanut(Betelnut/Supari),Puttur,,18250
Arecanut(Betelnut/Supari),Puttur,,0
Arecanut(Betelnut/Supari),Sagar,,24613
Arecanut(Betelnut/Supari),Sagar,,0
Arecanut(Betelnut/Supari),Sagar,,0
Arecanut(Betelnut/Supari),Sagar,,0
Arecanut(Betelnut/Supari),Sagar,,0
Arecanut(Betelnut/Supari),Sagar,,0
Arecanut(Betelnut/Supari),Shikaripura,,44170
Arecanut(Betelnut/Supari),Shimoga,,49300
Arecanut(Betelnut/Supari),Shimoga,,0
Arecanut(Betelnut/Supari),Shimoga,,0
Arecanut(Betelnut/Supari),Siddapur,,41299
Arecanut(Betelnut/Supari),Siddapur,,0
Arecanut(Betelnut/Supari),Siddapur,,0
Arecanut(Betelnut/Supari),Siddapur,,0
Arecanut(Betelnut/Supari),Siddapur,,0
Arecanut(Betelnut/Supari),Siddapur,,0
Arecanut(Betelnut/Supari),Sirsi,,39620
Arecanut(Betelnut/Supari),Sirsi,,0
Arecanut(Betelnut/Supari),Sirsi,,0
Arecanut(Betelnut/Supari),Sirsi,,0
Arecanut(Betelnut/Supari),Tumkur,,46100
Arecanut(Betelnut/Supari),Yellapur,,39274
Arecanut(Betelnut/Supari),Yellapur,,0
Arecanut(Betelnut/Supari),Yellapur,,0
Arecanut(Betelnut/Supari),Yellapur,,0
Arecanut(Betelnut/Supari),Yellapur,,0
Arecanut(Betelnut/Supari),Yellapur,,0
Arecanut(Betelnut/Supari),Sirsi,,37884
Arecanut(Betelnut/Supari),Sirsi,,0
Arecanut(Betelnut/Supari),Sirsi,,0
Arecanut(Betelnut/Supari),Sirsi,,0
Arecanut(Betelnut/Supari),Bantwala,,22500
Arecanut(Betelnut/Supari),Bantwala,,0
Arecanut(Betelnut/Supari),Channagiri,,45416
Arecanut(Betelnut/Supari),Chitradurga,,46049
Arecanut(Betelnut/Supari),Chitradurga,,0
Arecanut(Betelnut/Supari),Chitradurga,,0
Arecanut(Betelnut/Supari),Chitradurga,,0
Arecanut(Betelnut/Supari),Gonikappal,,4000
Arecanut(Betelnut/Supari),Holalkere,,46068
Arecanut(Betelnut/Supari),Karkala,,38000
Arecanut(Betelnut/Supari),Mangalore,,27800
Arecanut(Betelnut/Supari),Puttur,,18250
Arecanut(Betelnut/Supari),Puttur,,0
Arecanut(Betelnut/Supari),Shikaripura,,42800
Arecanut(Betelnut/Supari),Sirsi,,37733
Arecanut(Betelnut/Supari),Sirsi,,0
Arecanut(Betelnut/Supari),Sirsi,,0
Arecanut(Betelnut/Supari),Sirsi,,0
Arecanut(Betelnut/Supari),Tumkur,,46100
Arecanut(Betelnut/Supari),Bantwala,,22500
Arecanut(Betelnut/Supari),Bantwala,,0
Arecanut(Betelnut/Supari),Belthangdi,,35000
Arecanut(Betelnut/Supari),Chitradurga,,45689
Arecanut(Betelnut/Supari),Chitradurga,,0
Arecanut(Betelnut/Supari),Chitradurga,,0
Arecanut(Betelnut/Supari),Chitradurga,,0
Arecanut(Betelnut/Supari),Gubbi,,38000
Arecanut(Betelnut/Supari),Holalkere,,47582
Arecanut(Betelnut/Supari),Honnali,,45345
Arecanut(Betelnut/Supari),Karkala,,38000
Arecanut(Betelnut/Supari),Kumta,,31089
Arecanut(Betelnut/Supari),Kumta,,0
Arecanut(Betelnut/Supari),Kumta,,0
Arecanut(Betelnut/Supari),Kumta,,0
Arecanut(Betelnut/Supari),Kundapura,,35500
Arecanut(Betelnut/Supari),Mangalore,,28000
Arecanut(Betelnut/Supari),Puttur,,18250
Arecanut(Betelnut/Supari),Puttur,,0
Arecanut(Betelnut/Supari),Sagar,,22850
Arecanut(Betelnut/Supari),Sagar,,0
Arecanut(Betelnut/Supari),Sagar,,0
Arecanut(Betelnut/Supari),Sagar,,0
Arecanut(Betelnut/Supari),Sagar,,0
Arecanut(Betelnut/Supari),Sagar,,0
Arecanut(Betelnut/Supari),Shimoga,,48230
Arecanut(Betelnut/Supari),Shimoga,,0
Arecanut(Betelnut/Supari),Shimoga,,0
Arecanut(Betelnut/Supari),Shimoga,,0
Arecanut(Betelnut/Supari),Siddapur,,39699
Arecanut(Betelnut/Supari),Siddapur,,0
Arecanut(Betelnut/Supari),Siddapur,,0
Arecanut(Betelnut/Supari),Siddapur,,0
Arecanut(Betelnut/Supari),Siddapur,,0
Arecanut(Betelnut/Supari),Siddapur,,0
Arecanut(Betelnut/Supari),Sira,,45789
Arecanut(Betelnut/Supari),Sirsi,,38311
Arecanut(Betelnut/Supari),Sirsi,,0
Arecanut(Betelnut/Supari),Sirsi,,0
Arecanut(Betelnut/Supari),Sirsi,,0
Arecanut(Betelnut/Supari),Yellapur,,37299
Arecanut(Betelnut/Supari),Yellapur,,0
Arecanut(Betelnut/Supari),Yellapur,,0
Arecanut(Betelnut/Supari),Yellapur,,0
Arecanut(Betelnut/Supari),Yellapur,,0
Arecanut(Betelnut/Supari),Yellapur,,0
Arecanut(Betelnut/Supari),Bantwala,,22500
Arecanut(Betelnut/Supari),Bantwala,,0
Arecanut(Betelnut/Supari),Belthangdi,,25500
Arecanut(Betelnut/Supari),Belthangdi,,0
Arecanut(Betelnut/Supari),Channagiri,,43090
Arecanut(Betelnut/Supari),Honnali,,43731
Arecanut(Betelnut/Supari),Kumta,,27799
Arecanut(Betelnut/Supari),Kumta,,0
Arecanut(Betelnut/Supari),Kumta,,0
Arecanut(Betelnut/Supari),Kumta,,0
Arecanut(Betelnut/Supari),Mangalore,,28000
Arecanut(Betelnut/Supari),Puttur,,18250
Arecanut(Betelnut/Supari),Puttur,,0
Arecanut(Betelnut/Supari),Sagar,,22369
Arecanut(Betelnut/Supari),Sagar,,0
Arecanut(Betelnut/Supari),Sagar,,0
Arecanut(Betelnut/Supari),Sagar,,0
Arecanut(Betelnut/Supari),Sagar,,0
Arecanut(Betelnut/Supari),Sagar,,0
Arecanut(Betelnut/Supari),Shimoga,,47399
Arecanut(Betelnut/Supari),Shimoga,,0
Arecanut(Betelnut/Supari),Shimoga,,0
Arecanut(Betelnut/Supari),Shimoga,,0
Arecanut(Betelnut/Supari),Shimoga,,0
Arecanut(Betelnut/Supari),Siddapur,,37799
Arecanut(Betelnut/Supari),Siddapur,,0
Arecanut(Betelnut/Supari),Siddapur,,0
Arecanut(Betelnut/Supari),Siddapur,,0
Arecanut(Betelnut/Supari),Siddapur,,0
Arecanut(Betelnut/Supari),Siddapur,,0
Arecanut(Betelnut/Supari),Sira,,40808
Arecanut(Betelnut/Supari),Sirsi,,37469
Arecanut(Betelnut/Supari),Sirsi,,0
Arecanut(Betelnut/Supari),Sirsi,,0
Arecanut(Betelnut/Supari),Sirsi,,0
Arecanut(Betelnut/Supari),Sulya,,49800
Arecanut(Betelnut/Supari),Yellapur,,36612
Arecanut(Betelnut/Supari),Yellapur,,0
Arecanut(Betelnut/Supari),Yellapur,,0
Arecanut(Betelnut/Supari),Yellapur,,0
Arecanut(Betelnut/Supari),Yellapur,,0
Arecanut(Betelnut/Supari),Yellapur,,0
Arecanut(Betelnut/Supari),Bangalore,,52500
Arecanut(Betelnut/Supari),Bantwala,,22500
Arecanut(Betelnut/Supari),Bantwala,,0
Arecanut(Betelnut/Supari),Belthangdi,,38000
Arecanut(Betelnut/Supari),Chitradurga,,45449
Arecanut(Betelnut/Supari),Chitradurga,,0
Arecanut(Betelnut/Supari),Chitradurga,,0
Arecanut(Betelnut/Supari),Chitradurga,,0
Arecanut(Betelnut/Supari),Kumta,,36379
Arecanut(Betelnut/Supari),Kumta,,0
Arecanut(Betelnut/Supari),Kumta,,0
Arecanut(Betelnut/Supari),Kundapura,,34500
Arecanut(Betelnut/Supari),Mangalore,,27000
Arecanut(Betelnut/Supari),Puttur,,42750
Arecanut(Betelnut/Supari),Sagar,,23669
Arecanut(Betelnut/Supari),Sagar,,0
Arecanut(Betelnut/Supari),Sagar,,0
Arecanut(Betelnut/Supari),Sagar,,0
Arecanut(Betelnut/Supari),Sagar,,0
Arecanut(Betelnut/Supari),Sagar,,0
Arecanut(Betelnut/Supari),Shimoga,,47190
Arecanut(Betelnut/Supari),Shimoga,,0
Arecanut(Betelnut/Supari),Shimoga,,0
Arecanut(Betelnut/Supari),Shimoga,,0
Arecanut(Betelnut/Supari),Siddapur,,39189
Arecanut(Betelnut/Supari),Siddapur,,0
Arecanut(Betelnut/Supari),Siddapur,,0
Arecanut(Betelnut/Supari),Siddapur,,0
Arecanut(Betelnut/Supari),Siddapur,,0
Arecanut(Betelnut/Supari),Siddapur,,0
Arecanut(Betelnut/Supari),Sirsi,,39441
Arecanut(Betelnut/Supari),Sirsi,,0
Arecanut(Betelnut/Supari),Sirsi,,0
Arecanut(Betelnut/Supari),Sirsi,,0
Arecanut(Betelnut/Supari),Yellapur,,37299
Arecanut(Betelnut/Supari),Yellapur,,0
Arecanut(Betelnut/Supari),Yellapur,,0
Arecanut(Betelnut/Supari),Yellapur,,0
Arecanut(Betelnut/Supari),Yellapur,,0
Arecanut(Betelnut/Supari),Yellapur,,0
Arecanut(Betelnut/Supari),Yellapur,,0
Arecanut(Betelnut/Supari),Sirsi,,36181
Arecanut(Betelnut/Supari),Sirsi,,0
Arecanut(Betelnut/Supari),Sirsi,,0
Arecanut(Betelnut/Supari),Sirsi,,0
Arecanut(Betelnut/Supari),Sirsi,,38901
Arecanut(Betelnut/Supari),Sirsi,,0
Arecanut(Betelnut/Supari),Sirsi,,0
Arecanut(Betelnut/Supari),Sirsi,,0
Arecanut(Betelnut/Supari),Thirthahalli,,46199
Arecanut(Betelnut/Supari),Thirthahalli,,0
Arecanut(Betelnut/Supari),Thirthahalli,,0
Arecanut(Betelnut/Supari),Thirthahalli,,0
Arecanut(Betelnut/Supari),Thirthahalli,,0
Arecanut(Betelnut/Supari),Thirthahalli,,47199
Arecanut(Betelnut/Supari),Thirthahalli,,0
Arecanut(Betelnut/Supari),Thirthahalli,,0
Arecanut(Betelnut/Supari),Thirthahalli,,0
Arecanut(Betelnut/Supari),Thirthahalli,,0
Arecanut(Betelnut/Supari),Sirsi,,41014
Arecanut(Betelnut/Supari),Sirsi,,0
Arecanut(Betelnut/Supari),Sirsi,,0
Arecanut(Betelnut/Supari),Sirsi,,0
Arecanut(Betelnut/Supari),Bangalore,,52500
Arecanut(Betelnut/Supari),Bantwala,,22500
Arecanut(Betelnut/Supari),Bantwala,,0
Arecanut(Betelnut/Supari),Belthangdi,,40000
Arecanut(Betelnut/Supari),Channagiri,,45169
Arecanut(Betelnut/Supari),Chitradurga,,45000
Arecanut(Betelnut/Supari),Chitradurga,,0
Arecanut(Betelnut/Supari),Chitradurga,,0
Arecanut(Betelnut/Supari),Chitradurga,,0
Arecanut(Betelnut/Supari),Kundapura,,30000
Arecanut(Betelnut/Supari),Mangalore,,27000
Arecanut(Betelnut/Supari),Puttur,,18250
Arecanut(Betelnut/Supari),Puttur,,0
Arecanut(Betelnut/Supari),Siddapur,,39699
Arecanut(Betelnut/Supari),Siddapur,,0
Arecanut(Betelnut/Supari),Siddapur,,0
Arecanut(Betelnut/Supari),Siddapur,,0
Arecanut(Betelnut/Supari),Siddapur,,0
Arecanut(Betelnut/Supari),Siddapur,,0
Arecanut(Betelnut/Supari),Sirsi,,37200
Arecanut(Betelnut/Supari),Sirsi,,0
Arecanut(Betelnut/Supari),Sirsi,,0
Arecanut(Betelnut/Supari),Sirsi,,0
Arecanut(Betelnut/Supari),Tumkur,,43200
Arecanut(Betelnut/Supari),Bantwala,,22500
Arecanut(Betelnut/Supari),Bantwala,,0
Arecanut(Betelnut/Supari),Belthangdi,,25000
Arecanut(Betelnut/Supari),Belthangdi,,0
Arecanut(Betelnut/Supari),Bhadravathi,,43861
Arecanut(Betelnut/Supari),Channagiri,,44651
Arecanut(Betelnut/Supari),Karkala,,38000
Arecanut(Betelnut/Supari),Kundapura,,35600
Arecanut(Betelnut/Supari),Mangalore,,24800
Arecanut(Betelnut/Supari),Puttur,,42750
Arecanut(Betelnut/Supari),Sagar,,22769
Arecanut(Betelnut/Supari),Sagar,,0
Arecanut(Betelnut/Supari),Sagar,,0
Arecanut(Betelnut/Supari),Sagar,,0
Arecanut(Betelnut/Supari),Sagar,,0
Arecanut(Betelnut/Supari),Shimoga,,48209
Arecanut(Betelnut/Supari),Shimoga,,0
Arecanut(Betelnut/Supari),Shimoga,,0
Arecanut(Betelnut/Supari),Shimoga,,0
Arecanut(Betelnut/Supari),Shimoga,,0
Arecanut(Betelnut/Supari),Siddapur,,38499
Arecanut(Betelnut/Supari),Siddapur,,0
Arecanut(Betelnut/Supari),Siddapur,,0
Arecanut(Betelnut/Supari),Siddapur,,0
Arecanut(Betelnut/Supari),Siddapur,,0
Arecanut(Betelnut/Supari),Siddapur,,0
Arecanut(Betelnut/Supari),Sirsi,,36941
Arecanut(Betelnut/Supari),Sirsi,,0
Arecanut(Betelnut/Supari),Sirsi,,0
Arecanut(Betelnut/Supari),Sirsi,,0
Arecanut(Betelnut/Supari),Tumkur,,44500
Arecanut(Betelnut/Supari),Yellapur,,39614
Arecanut(Betelnut/Supari),Yellapur,,0
Arecanut(Betelnut/Supari),Yellapur,,0
Arecanut(Betelnut/Supari),Yellapur,,0
Arecanut(Betelnut/Supari),Yellapur,,0
Arecanut(Betelnut/Supari),Yellapur,,0
Arecanut(Betelnut/Supari),Yellapur,,0
Arecanut(Betelnut/Supari),Bangalore,,52500
Arecanut(Betelnut/Supari),Bantwala,,22500
Arecanut(Betelnut/Supari),Bantwala,,0
Arecanut(Betelnut/Supari),Belthangdi,,35000
Arecanut(Betelnut/Supari),Bhadravathi,,45465
Arecanut(Betelnut/Supari),Davangere,,45090
Arecanut(Betelnut/Supari),Gonikappal,,4000
Arecanut(Betelnut/Supari),Hosanagar,,37499
Arecanut(Betelnut/Supari),Hosanagar,,0
Arecanut(Betelnut/Supari),Hosanagar,,0
Arecanut(Betelnut/Supari),Karkala,,38000
Arecanut(Betelnut/Supari),Kumta,,34229
Arecanut(Betelnut/Supari),Kumta,,0
Arecanut(Betelnut/Supari),Kumta,,0
Arecanut(Betelnut/Supari),Kumta,,0
Arecanut(Betelnut/Supari),Kundapura,,30000
Arecanut(Betelnut/Supari),Mangalore,,27000
Arecanut(Betelnut/Supari),Puttur,,18250
Arecanut(Betelnut/Supari),Puttur,,0
Arecanut(Betelnut/Supari),Shimoga,,50069
Arecanut(Betelnut/Supari),Shimoga,,0
Arecanut(Betelnut/Supari),Shimoga,,0
Arecanut(Betelnut/Supari),Shimoga,,0
Arecanut(Betelnut/Supari),Siddapur,,40289
Arecanut(Betelnut/Supari),Siddapur,,0
Arecanut(Betelnut/Supari),Siddapur,,0
Arecanut(Betelnut/Supari),Siddapur,,0
Arecanut(Betelnut/Supari),Siddapur,,0
Arecanut(Betelnut/Supari),Siddapur,,0
Arecanut(Betelnut/Supari),Sirsi,,38660
Arecanut(Betelnut/Supari),Sirsi,,0
Arecanut(Betelnut/Supari),Sirsi,,0
Arecanut(Betelnut/Supari),Sirsi,,0
Arecanut(Betelnut/Supari),Sulya,,17300
Arecanut(Betelnut/Supari),Sulya,,0
Arecanut(Betelnut/Supari),Tumkur,,46300
Arecanut(Betelnut/Supari),Yellapur,,39642
Arecanut(Betelnut/Supari),Yellapur,,0
Arecanut(Betelnut/Supari),Yellapur,,0
Arecanut(Betelnut/Supari),Yellapur,,0
Arecanut(Betelnut/Supari),Yellapur,,0
Arecanut(Betelnut/Supari),Yellapur,,0
Arecanut(Betelnut/Supari),Yellapur,,0
Arecanut(Betelnut/Supari),Bantwala,,46000
Arecanut(Betelnut/Supari),Belthangdi,,45000
Arecanut(Betelnut/Supari),Bhadravathi,,42882
Arecanut(Betelnut/Supari),Davangere,,42500
Arecanut(Betelnut/Supari),Hosanagar,,35609
Arecanut(Betelnut/Supari),Hosanagar,,0
Arecanut(Betelnut/Supari),Hosanagar,,0
Arecanut(Betelnut/Supari),Kumta,,31899
Arecanut(Betelnut/Supari),Kumta,,0
Arecanut(Betelnut/Supari),Kumta,,0
Arecanut(Betelnut/Supari),Kumta,,0
Arecanut(Betelnut/Supari),Mangalore,,24000
Arecanut(Betelnut/Supari),Puttur,,42750
Arecanut(Betelnut/Supari),Shimoga,,46600
Arecanut(Betelnut/Supari),Shimoga,,0
Arecanut(Betelnut/Supari),Shimoga,,0
Arecanut(Betelnut/Supari),Shimoga,,0
Arecanut(Betelnut/Supari),Shimoga,,0
Arecanut(Betelnut/Supari),Siddapur,,39199
Arecanut(Betelnut/Supari),Siddapur,,0
Arecanut(Betelnut/Supari),Siddapur,,0
Arecanut(Betelnut/Supari),Siddapur,,0
Arecanut(Betelnut/Supari),Siddapur,,0
Arecanut(Betelnut/Supari),Siddapur,,0
Arecanut(Betelnut/Supari),Sirsi,,38591
Arecanut(Betelnut/Supari),Sirsi,,0
Arecanut(Betelnut/Supari),Sirsi,,0
Arecanut(Betelnut/Supari),Sirsi,,0
Arecanut(Betelnut/Supari),Yellapur,,36969
Arecanut(Betelnut/Supari),Yellapur,,0
Arecanut(Betelnut/Supari),Yellapur,,0
Arecanut(Betelnut/Supari),Yellapur,,0
Arecanut(Betelnut/Supari),Yellapur,,0
Arecanut(Betelnut/Supari),Yellapur,,0
Arecanut(Betelnut/Supari),Bantwala,,22500
Arecanut(Betelnut/Supari),Bantwala,,0
Arecanut(Betelnut/Supari),Belthangdi,,48000
Arecanut(Betelnut/Supari),Bhadravathi,,47673
Arecanut(Betelnut/Supari),Chitradurga,,46879
Arecanut(Betelnut/Supari),Chitradurga,,0
Arecanut(Betelnut/Supari),Chitradurga,,0
Arecanut(Betelnut/Supari),Chitradurga,,0
Arecanut(Betelnut/Supari),Davangere,,42980
Arecanut(Betelnut/Supari),Hosanagar,,37699
Arecanut(Betelnut/Supari),Hosanagar,,0
Arecanut(Betelnut/Supari),Hosanagar,,0
Arecanut(Betelnut/Supari),Kumta,,31869
Arecanut(Betelnut/Supari),Kumta,,0
Arecanut(Betelnut/Supari),Kumta,,0
Arecanut(Betelnut/Supari),Kumta,,0
Arecanut(Betelnut/Supari),Mangalore,,30000
Arecanut(Betelnut/Supari),Puttur,,18250
Arecanut(Betelnut/Supari),Puttur,,0
Arecanut(Betelnut/Supari),Shimoga,,48530
Arecanut(Betelnut/Supari),Shimoga,,0
Arecanut(Betelnut/Supari),Shimoga,,0
Arecanut(Betelnut/Supari),Shimoga,,0
Arecanut(Betelnut/Supari),Shimoga,,0
Arecanut(Betelnut/Supari),Siddapur,,39809
Arecanut(Betelnut/Supari),Siddapur,,0
Arecanut(Betelnut/Supari),Siddapur,,0
Arecanut(Betelnut/Supari),Siddapur,,0
Arecanut(Betelnut/Supari),Siddapur,,0
Arecanut(Betelnut/Supari),Siddapur,,0
Arecanut(Betelnut/Supari),Sirsi,,41669
Arecanut(Betelnut/Supari),Sirsi,,0
Arecanut(Betelnut/Supari),Sirsi,,0
Arecanut(Betelnut/Supari),Sirsi,,0
Arecanut(Betelnut/Supari),Tumkur,,44200
Arecanut(Betelnut/Supari),Yellapur,,38399
Arecanut(Betelnut/Supari),Yellapur,,0
Arecanut(Betelnut/Supari),Yellapur,,0
Arecanut(Betelnut/Supari),Yellapur,,0
Arecanut(Betelnut/Supari),Yellapur,,0
Arecanut(Betelnut/Supari),Yellapur,,0
Arecanut(Betelnut/Supari),Yellapur,,0
Arecanut(Betelnut/Supari),Bantwala,,22500
Arecanut(Betelnut/Supari),Bantwala,,0
Arecanut(Betelnut/Supari),Bhadravathi,,44423
Arecanut(Betelnut/Supari),Channagiri,,44197
Arecanut(Betelnut/Supari),Chitradurga,,44349
Arecanut(Betelnut/Supari),Chitradurga,,0
Arecanut(Betelnut/Supari),Chitradurga,,0
Arecanut(Betelnut/Supari),Chitradurga,,0
Arecanut(Betelnut/Supari),Huliyar,,49210
Arecanut(Betelnut/Supari),Mangalore,,29000
Arecanut(Betelnut/Supari),Puttur,,18250
Arecanut(Betelnut/Supari),Puttur,,0
Arecanut(Betelnut/Supari),Sagar,,10590
Arecanut(Betelnut/Supari),Sagar,,0
Arecanut(Betelnut/Supari),Sagar,,0
Arecanut(Betelnut/Supari),Shimoga,,66000
Arecanut(Betelnut/Supari),Shimoga,,0
Arecanut(Betelnut/Supari),Shimoga,,0
Arecanut(Betelnut/Supari),Shimoga,,0
Arecanut(Betelnut/Supari),Siddapur,,38389
Arecanut(Betelnut/Supari),Siddapur,,0
Arecanut(Betelnut/Supari),Siddapur,,0
Arecanut(Betelnut/Supari),Siddapur,,0
Arecanut(Betelnut/Supari),Siddapur,,0
Arecanut(Betelnut/Supari),Siddapur,,0
Arecanut(Betelnut/Supari),Sirsi,,38793
Arecanut(Betelnut/Supari),Sirsi,,0
Arecanut(Betelnut/Supari),Sirsi,,0
Arecanut(Betelnut/Supari),Sirsi,,0
Arecanut(Betelnut/Supari),Yellapur,,37111
Arecanut(Betelnut/Supari),Yellapur,,0
Arecanut(Betelnut/Supari),Yellapur,,0
Arecanut(Betelnut/Supari),Yellapur,,0
Arecanut(Betelnut/Supari),Yellapur,,0
Arecanut(Betelnut/Supari),Bantwala,,22500
Arecanut(Betelnut/Supari),Bantwala,,0
Arecanut(Betelnut/Supari),Belthangdi,,40000
Arecanut(Betelnut/Supari),Channagiri,,46886
Arecanut(Betelnut/Supari),Chitradurga,,46949
Arecanut(Betelnut/Supari),Chitradurga,,0
Arecanut(Betelnut/Supari),Chitradurga,,0
Arecanut(Betelnut/Supari),Chitradurga,,0
Arecanut(Betelnut/Supari),Honnali,,45699
Arecanut(Betelnut/Supari),Karkala,,38000
Arecanut(Betelnut/Supari),Kumta,,33789
Arecanut(Betelnut/Supari),Kumta,,0
Arecanut(Betelnut/Supari),Kumta,,0
Arecanut(Betelnut/Supari),Kundapura,,41500
Arecanut(Betelnut/Supari),Mangalore,,28000
Arecanut(Betelnut/Supari),Puttur,,18250
Arecanut(Betelnut/Supari),Puttur,,0
Arecanut(Betelnut/Supari),Sagar,,23489
Arecanut(Betelnut/Supari),Sagar,,0
Arecanut(Betelnut/Supari),Sagar,,0
Arecanut(Betelnut/Supari),Sagar,,0
Arecanut(Betelnut/Supari),Sagar,,0
Arecanut(Betelnut/Supari),Sagar,,0
Arecanut(Betelnut/Supari),Shimoga,,48100
Arecanut(Betelnut/Supari),Shimoga,,0
Arecanut(Betelnut/Supari),Shimoga,,0
Arecanut(Betelnut/Supari),Shimoga,,0
Arecanut(Betelnut/Supari),Shimoga,,0
Arecanut(Betelnut/Supari),Siddapur,,41099
Arecanut(Betelnut/Supari),Siddapur,,0
Arecanut(Betelnut/Supari),Siddapur,,0
Arecanut(Betelnut/Supari),Siddapur,,0
Arecanut(Betelnut/Supari),Siddapur,,0
Arecanut(Betelnut/Supari),Siddapur,,0
Arecanut(Betelnut/Supari),Tumkur,,44500
Arecanut(Betelnut/Supari),Yellapur,,38469
Arecanut(Betelnut/Supari),Yellapur,,0
Arecanut(Betelnut/Supari),Yellapur,,0
Arecanut(Betelnut/Supari),Yellapur,,0
Arecanut(Betelnut/Supari),Yellapur,,0
Arecanut(Betelnut/Supari),Yellapur,,0
Arecanut(Betelnut/Supari),Bantwala,,46000
Arecanut(Betelnut/Supari),Channagiri,,46080
Arecanut(Betelnut/Supari),Chitradurga,,44179
Arecanut(Betelnut/Supari),Chitradurga,,0
Arecanut(Betelnut/Supari),Chitradurga,,0
Arecanut(Betelnut/Supari),Chitradurga,,0
Arecanut(Betelnut/Supari),Honnali,,46899
Arecanut(Betelnut/Supari),Kumta,,34529
Arecanut(Betelnut/Supari),Kumta,,0
Arecanut(Betelnut/Supari),Kumta,,0
Arecanut(Betelnut/Supari),Kumta,,0
Arecanut(Betelnut/Supari),Malur,,41667
Arecanut(Betelnut/Supari),Mangalore,,28000
Arecanut(Betelnut/Supari),Puttur,,42750
Arecanut(Betelnut/Supari),Sagar,,23130
Arecanut(Betelnut/Supari),Sagar,,0
Arecanut(Betelnut/Supari),Sagar,,0
Arecanut(Betelnut/Supari),Sagar,,0
Arecanut(Betelnut/Supari),Sagar,,0
Arecanut(Betelnut/Supari),Sagar,,0
Arecanut(Betelnut/Supari),Shimoga,,50394
Arecanut(Betelnut/Supari),Shimoga,,0
Arecanut(Betelnut/Supari),Shimoga,,0
Arecanut(Betelnut/Supari),Shimoga,,0
Arecanut(Betelnut/Supari),Siddapur,,38799
Arecanut(Betelnut/Supari),Siddapur,,0
Arecanut(Betelnut/Supari),Siddapur,,0
Arecanut(Betelnut/Supari),Siddapur,,0
Arecanut(Betelnut/Supari),Siddapur,,0
Arecanut(Betelnut/Supari),Siddapur,,0
Arecanut(Betelnut/Supari),Sira,,46212
Arecanut(Betelnut/Supari),Sirsi,,39116
Arecanut(Betelnut/Supari),Sirsi,,0
Arecanut(Betelnut/Supari),Sirsi,,0
Arecanut(Betelnut/Supari),Sirsi,,0
Arecanut(Betelnut/Supari),Yellapur,,39769
Arecanut(Betelnut/Supari),Yellapur,,0
Arecanut(Betelnut/Supari),Yellapur,,0
Arecanut(Betelnut/Supari),Yellapur,,0
Arecanut(Betelnut/Supari),Yellapur,,0
Arecanut(Betelnut/Supari),Yellapur,,0
Arecanut(Betelnut/Supari),Bantwala,,22500
Arecanut(Betelnut/Supari),Bantwala,,0
Arecanut(Betelnut/Supari),Belthangdi,,38500
Arecanut(Betelnut/Supari),Karkala,,38000
Arecanut(Betelnut/Supari),Kumta,,33709
Arecanut(Betelnut/Supari),Kumta,,0
Arecanut(Betelnut/Supari),Kumta,,0
Arecanut(Betelnut/Supari),Kumta,,0
Arecanut(Betelnut/Supari),Kundapura,,41500
Arecanut(Betelnut/Supari),Malur,,49382
Arecanut(Betelnut/Supari),Mangalore,,25000
Arecanut(Betelnut/Supari),Puttur,,18250
Arecanut(Betelnut/Supari),Puttur,,0
Arecanut(Betelnut/Supari),Shimoga,,50100
Arecanut(Betelnut/Supari),Shimoga,,0
Arecanut(Betelnut/Supari),Shimoga,,0
Arecanut(Betelnut/Supari),Shimoga,,0
Arecanut(Betelnut/Supari),Sirsi,,40831
Arecanut(Betelnut/Supari),Sirsi,,0
Arecanut(Betelnut/Supari),Sirsi,,0
Arecanut(Betelnut/Supari),Sirsi,,0
Arecanut(Betelnut/Supari),Sulya,,48100
Arecanut(Betelnut/Supari),Tumkur,,46100
Arecanut(Betelnut/Supari),Kumta,,38969
Arecanut(Betelnut/Supari),Kumta,,0
Arecanut(Betelnut/Supari),Kumta,,0
Arecanut(Betelnut/Supari),Kumta,,0
Arecanut(Betelnut/Supari),Bangalore,,52500
Arecanut(Betelnut/Supari),Bantwala,,22500
Arecanut(Betelnut/Supari),Bantwala,,0
Arecanut(Betelnut/Supari),Belthangdi,,38000
Arecanut(Betelnut/Supari),Belthangdi,,0
Arecanut(Betelnut/Supari),Honnali,,44479
Arecanut(Betelnut/Supari),Kumta,,29519
Arecanut(Betelnut/Supari),Kumta,,0
Arecanut(Betelnut/Supari),Kumta,,0
Arecanut(Betelnut/Supari),Kumta,,0
Arecanut(Betelnut/Supari),Kundapura,,49400
Arecanut(Betelnut/Supari),Mangalore,,26500
Arecanut(Betelnut/Supari),Puttur,,18250
Arecanut(Betelnut/Supari),Puttur,,0
Arecanut(Betelnut/Supari),Shimoga,,48529
Arecanut(Betelnut/Supari),Shimoga,,0
Arecanut(Betelnut/Supari),Shimoga,,0
Arecanut(Betelnut/Supari),Shimoga,,0
Arecanut(Betelnut/Supari),Shimoga,,0
Arecanut(Betelnut/Supari),Siddapur,,38899
Arecanut(Betelnut/Supari),Siddapur,,0
Arecanut(Betelnut/Supari),Siddapur,,0
Arecanut(Betelnut/Supari),Siddapur,,0
Arecanut(Betelnut/Supari),Siddapur,,0
Arecanut(Betelnut/Supari),Siddapur,,0
Arecanut(Betelnut/Supari),Sirsi,,38508
Arecanut(Betelnut/Supari),Sirsi,,0
Arecanut(Betelnut/Supari),Sirsi,,0
Arecanut(Betelnut/Supari),Sirsi,,0
Arecanut(Betelnut/Supari),Sulya,,49200
Arecanut(Betelnut/Supari),Tumkur,,42900
Arecanut(Betelnut/Supari),Sirsi,,39078
Arecanut(Betelnut/Supari),Sirsi,,0
Arecanut(Betelnut/Supari),Sirsi,,0
Arecanut(Betelnut/Supari),Sirsi,,0
Arecanut(Betelnut/Supari),Thirthahalli,,48019
Arecanut(Betelnut/Supari),Thirthahalli,,0
Arecanut(Betelnut/Supari),Thirthahalli,,0
Arecanut(Betelnut/Supari),Thirthahalli,,0
Arecanut(Betelnut/Supari),Thirthahalli,,0
Arecanut(Betelnut/Supari),Sirsi,,41254
Arecanut(Betelnut/Supari),Sirsi,,0
Arecanut(Betelnut/Supari),Sirsi,,0
Arecanut(Betelnut/Supari),Sirsi,,0
Arecanut(Betelnut/Supari),Bangalore,,52500
Arecanut(Betelnut/Supari),Bantwala,,22500
Arecanut(Betelnut/Supari),Bantwala,,0
Arecanut(Betelnut/Supari),Belthangdi,,43000
Arecanut(Betelnut/Supari),Channagiri,,46172
Arecanut(Betelnut/Supari),Chitradurga,,46649
Arecanut(Betelnut/Supari),Chitradurga,,0
Arecanut(Betelnut/Supari),Chitradurga,,0
Arecanut(Betelnut/Supari),Chitradurga,,0
Arecanut(Betelnut/Supari),Karkala,,38000
Arecanut(Betelnut/Supari),Kumta,,34869
Arecanut(Betelnut/Supari),Kumta,,0
Arecanut(Betelnut/Supari),Kumta,,0
Arecanut(Betelnut/Supari),Kundapura,,30000
Arecanut(Betelnut/Supari),Mangalore,,32500
Arecanut(Betelnut/Supari),Puttur,,18250
Arecanut(Betelnut/Supari),Puttur,,0
Arecanut(Betelnut/Supari),Sagar,,24899
Arecanut(Betelnut/Supari),Sagar,,0
Arecanut(Betelnut/Supari),Sagar,,0
Arecanut(Betelnut/Supari),Sagar,,0
Arecanut(Betelnut/Supari),Sagar,,0
Arecanut(Betelnut/Supari),Sagar,,0
Arecanut(Betelnut/Supari),Shimoga,,36300
Arecanut(Betelnut/Supari),Shimoga,,0
Arecanut(Betelnut/Supari),Siddapur,,41299
Arecanut(Betelnut/Supari),Siddapur,,0
Arecanut(Betelnut/Supari),Siddapur,,0
Arecanut(Betelnut/Supari),Siddapur,,0
Arecanut(Betelnut/Supari),Siddapur,,0
Arecanut(Betelnut/Supari),Siddapur,,0
Arecanut(Betelnut/Supari),Sirsi,,38576
Arecanut(Betelnut/Supari),Sirsi,,0
Arecanut(Betelnut/Supari),Sirsi,,0
Arecanut(Betelnut/Supari),Sirsi,,0
Arecanut(Betelnut/Supari),Tumkur,,46200
Arecanut(Betelnut/Supari),Yellapur,,39799
Arecanut(Betelnut/Supari),Yellapur,,0
Arecanut(Betelnut/Supari),Yellapur,,0
Arecanut(Betelnut/Supari),Yellapur,,0
Arecanut(Betelnut/Supari),Yellapur,,0
Arecanut(Betelnut/Supari),Yellapur,,0
Arecanut(Betelnut/Supari),Bangalore,,52500
Arecanut(Betelnut/Supari),Bantwala,,22500
Arecanut(Betelnut/Supari),Bantwala,,0
Arecanut(Betelnut/Supari),Belthangdi,,28500
Arecanut(Betelnut/Supari),Belthangdi,,0
Arecanut(Betelnut/Supari),Channagiri,,48013
Arecanut(Betelnut/Supari),Chitradurga,,46889
Arecanut(Betelnut/Supari),Chitradurga,,0
Arecanut(Betelnut/Supari),Chitradurga,,0
Arecanut(Betelnut/Supari),Chitradurga,,0
Arecanut(Betelnut/Supari),Karkala,,38000
Arecanut(Betelnut/Supari),Kumta,,33529
Arecanut(Betelnut/Supari),Kumta,,0
Arecanut(Betelnut/Supari),Kumta,,0
Arecanut(Betelnut/Supari),Kumta,,0
Arecanut(Betelnut/Supari),Madikeri,,48360
Arecanut(Betelnut/Supari),Mangalore,,28000
Arecanut(Betelnut/Supari),Puttur,,18250
Arecanut(Betelnut/Supari),Puttur,,0
Arecanut(Betelnut/Supari),Sagar,,24360
Arecanut(Betelnut/Supari),Sagar,,0
Arecanut(Betelnut/Supari),Sagar,,0
Arecanut(Betelnut/Supari),Sagar,,0
Arecanut(Betelnut/Supari),Sagar,,0
Arecanut(Betelnut/Supari),Sagar,,0
Arecanut(Betelnut/Supari),Shimoga,,50100
Arecanut(Betelnut/Supari),Shimoga,,0
Arecanut(Betelnut/Supari),Shimoga,,0
Arecanut(Betelnut/Supari),Shimoga,,0
Arecanut(Betelnut/Supari),Sira,,42608
Arecanut(Betelnut/Supari),Sirsi,,40876
Arecanut(Betelnut/Supari),Sirsi,,0
Arecanut(Betelnut/Supari),Sirsi,,0
Arecanut(Betelnut/Supari),Sirsi,,0
Arecanut(Betelnut/Supari),Sulya,,25600
Arecanut(Betelnut/Supari),Sulya,,0
Arecanut(Betelnut/Supari),Kundapura,,30000
Arecanut(Betelnut/Supari),Sirsi,,35000
Arecanut(Betelnut/Supari),Sirsi,,0
Arecanut(Betelnut/Supari),Sirsi,,0
Arecanut(Betelnut/Supari),Sirsi,,0
Arecanut(Betelnut/Supari),Sirsi,,0
Arhar (Tur/Red Gram)(Whole),Basava Kalayana,,6120
Arhar (Tur/Red Gram)(Whole),Bidar,,6336
Arhar (Tur/Red Gram)(Whole),Bijapur,,6000
Arhar (Tur/Red Gram)(Whole),Chitradurga,,4768
Arhar (Tur/Red Gram)(Whole),Gadag,,3636
Arhar (Tur/Red Gram)(Whole),Gulbarga,,6600
Arhar (Tur/Red Gram)(Whole),Kustagi,,6500
Arhar (Tur/Red Gram)(Whole),Laxmeshwar,,3933
Arhar (Tur/Red Gram)(Whole),Raichur,,5135
Arhar (Tur/Red Gram)(Whole),Raichur,,0
Arhar (Tur/Red Gram)(Whole),Sindagi,,6000
Arhar (Tur/Red Gram)(Whole),Yalburga,,5300
Arhar (Tur/Red Gram)(Whole),Bidar,,6471
Arhar (Tur/Red Gram)(Whole),Gadag,,2830
Arhar (Tur/Red Gram)(Whole),Gulbarga,,6400
Arhar (Tur/Red Gram)(Whole),Laxmeshwar,,4010
Arhar (Tur/Red Gram)(Whole),Raichur,,6016
Arhar (Tur/Red Gram)(Whole),Yadgir,,6287
Arhar (Tur/Red Gram)(Whole),Bidar,,5638
Arhar (Tur/Red Gram)(Whole),Gadag,,3621
Arhar (Tur/Red Gram)(Whole),Gulbarga,,6300
Arhar (Tur/Red Gram)(Whole),Laxmeshwar,,3749
Arhar (Tur/Red Gram)(Whole),Yadgir,,5637
Arhar (Tur/Red Gram)(Whole),Bidar,,6315
Arhar (Tur/Red Gram)(Whole),Kustagi,,4200
Arhar (Tur/Red Gram)(Whole),Lingasugur,,6100
Arhar (Tur/Red Gram)(Whole),Raichur,,6355
Arhar (Tur/Red Gram)(Whole),Sindagi,,6500
Arhar (Tur/Red Gram)(Whole),Bidar,,6471
Arhar (Tur/Red Gram)(Whole),Gulbarga,,6560
Arhar (Tur/Red Gram)(Whole),Sindagi,,6200
Arhar (Tur/Red Gram)(Whole),Basava Kalayana,,5500
Arhar (Tur/Red Gram)(Whole),Gulbarga,,6200
Arhar (Tur/Red Gram)(Whole),Lingasugur,,6170
Arhar (Tur/Red Gram)(Whole),Raichur,,5466
Arhar (Tur/Red Gram)(Whole),Sindagi,,6000
Arhar (Tur/Red Gram)(Whole),Bidar,,6181
Arhar (Tur/Red Gram)(Whole),Gulbarga,,6400
Arhar (Tur/Red Gram)(Whole),Raichur,,6376
Arhar (Tur/Red Gram)(Whole),Bidar,,6119
Arhar (Tur/Red Gram)(Whole),Gulbarga,,6600
Arhar (Tur/Red Gram)(Whole),Laxmeshwar,,3604
Arhar (Tur/Red Gram)(Whole),Raichur,,6260
Arhar (Tur/Red Gram)(Whole),Yadgir,,5828
Arhar (Tur/Red Gram)(Whole),Bidar,,5782
Arhar (Tur/Red Gram)(Whole),Chitradurga,,4151
Arhar (Tur/Red Gram)(Whole),Gulbarga,,6300
Arhar (Tur/Red Gram)(Whole),Hungund,,6100
Arhar (Tur/Red Gram)(Whole),Kustagi,,5850
Arhar (Tur/Red Gram)(Whole),Raichur,,5586
Arhar (Tur/Red Gram)(Whole),Basava Kalayana,,5800
Arhar (Tur/Red Gram)(Whole),Bidar,,5874
Arhar (Tur/Red Gram)(Whole),Bijapur,,5850
Arhar (Tur/Red Gram)(Whole),Gulbarga,,6275
Arhar (Tur/Red Gram)(Whole),Kustagi,,5650
Arhar (Tur/Red Gram)(Whole),Raichur,,4469
Arhar (Tur/Red Gram)(Whole),Raichur,,0
Arhar (Tur/Red Gram)(Whole),Yadgir,,4509
Arhar (Tur/Red Gram)(Whole),Basava Kalayana,,6000
Arhar (Tur/Red Gram)(Whole),Bidar,,4942
Arhar (Tur/Red Gram)(Whole),Gulbarga,,6025
Arhar (Tur/Red Gram)(Whole),Laxmeshwar,,4281
Arhar (Tur/Red Gram)(Whole),Lingasugur,,6000
Arhar (Tur/Red Gram)(Whole),Raichur,,6093
Arhar (Tur/Red Gram)(Whole),Yadgir,,4958
Arhar (Tur/Red Gram)(Whole),Bellary,,5080
Arhar (Tur/Red Gram)(Whole),Bidar,,6247
Arhar (Tur/Red Gram)(Whole),Gadag,,3585
Arhar (Tur/Red Gram)(Whole),Gulbarga,,6575
Arhar (Tur/Red Gram)(Whole),Kustagi,,5700
Arhar (Tur/Red Gram)(Whole),Raichur,,6003
Arhar (Tur/Red Gram)(Whole),Sindagi,,6100
Arhar (Tur/Red Gram)(Whole),Bidar,,5946
Arhar (Tur/Red Gram)(Whole),Gadag,,2519
Arhar (Tur/Red Gram)(Whole),Gulbarga,,5909
Arhar (Tur/Red Gram)(Whole),Laxmeshwar,,3765
Arhar (Tur/Red Gram)(Whole),Raichur,,4206
Arhar (Tur/Red Gram)(Whole),Bidar,,6121
Arhar (Tur/Red Gram)(Whole),Gadag,,3217
Arhar (Tur/Red Gram)(Whole),Gulbarga,,6456
Arhar (Tur/Red Gram)(Whole),Badami,,4000
Arhar (Tur/Red Gram)(Whole),Bidar,,6370
Arhar (Tur/Red Gram)(Whole),Gadag,,3252
Arhar (Tur/Red Gram)(Whole),Gulbarga,,6626
Arhar (Tur/Red Gram)(Whole),Kustagi,,6000
Arhar (Tur/Red Gram)(Whole),Raichur,,5628
Arhar (Tur/Red Gram)(Whole),Yadgir,,6359
