state_name,district,year,commodity_name,production
Karnataka,BAGALKOT,1998,Arhar/Tur,2602.0
Karnataka,BAGALKOT,1998,Bajra,52375.0
Karnataka,BAGALKOT,1998,Castor seed,61.0
Karnataka,BAGALKOT,1998,Cotton(lint),22129.0
Karnataka,BAGALKOT,1998,Groundnut,7734.0
Karnataka,BAGALKOT,1998,Horse-gram,1156.0
Karnataka,BAGALKOT,1998,Jowar,24855.0
Karnataka,BAGALKOT,1998,Maize,92831.0
Karnataka,BAGALKOT,1998,Moong(Green Gram),1147.0
Karnataka,BAGALKOT,1998,Niger seed,47.0
Karnataka,BAGALKOT,1998,Onion,14100.0
Karnataka,BAGALKOT,1998,Rapeseed &Mustard,7.0
Karnataka,BAGALKOT,1998,Rice,316.0
Karnataka,BAGALKOT,1998,Sesamum,937.0
Karnataka,BAGALKOT,1998,Soyabean,3854.0
Karnataka,BAGALKOT,1998,Sunflower,13374.0
Karnataka,BAGALKOT,1998,Gram,15170.0
Karnataka,BAGALKOT,1998,Groundnut,24166.0
Karnataka,BAGALKOT,1998,Horse-gram,608.0
Karnataka,BAGALKOT,1998,Jowar,120840.0
Karnataka,BAGALKOT,1998,Linseed,1667.0
Karnataka,BAGALKOT,1998,Maize,24026.0
Karnataka,BAGALKOT,1998,Onion,16070.0
Karnataka,BAGALKOT,1998,Safflower,3570.0
Karnataka,BAGALKOT,1998,Sunflower,16619.0
Karnataka,BAGALKOT,1998,Wheat,28030.0
Karnataka,BAGALKOT,1998,Maize,5016.0
Karnataka,BAGALKOT,1998,Onion,15017.0
Karnataka,BAGALKOT,1998,Sunflower,1195.0
Karnataka,BAGALKOT,1998,Arecanut,7.0
Karnataka,BAGALKOT,1998,Coconut ,2728.0
Karnataka,BAGALKOT,1998,Coriander,4.0
Karnataka,BAGALKOT,1998,Dry chillies,816.0
Karnataka,BAGALKOT,1998,Garlic,25.0
Karnataka,BAGALKOT,1998,Turmeric,1872.0
Karnataka,BAGALKOT,1999,Arhar/Tur,3589.0
Karnataka,BAGALKOT,1999,Bajra,29929.0
Karnataka,BAGALKOT,1999,Castor seed,37.0
Karnataka,BAGALKOT,1999,Cotton(lint),18434.0
Karnataka,BAGALKOT,1999,Groundnut,7326.0
Karnataka,BAGALKOT,1999,Horse-gram,607.0
Karnataka,BAGALKOT,1999,Jowar,21354.0
Karnataka,BAGALKOT,1999,Maize,101371.0
Karnataka,BAGALKOT,1999,Mesta,17.0
Karnataka,BAGALKOT,1999,Moong(Green Gram),6423.0
Karnataka,BAGALKOT,1999,Niger seed,53.0
Karnataka,BAGALKOT,1999,Other Kharif pulses,3696.0
Karnataka,BAGALKOT,1999,Rice,202.0
Karnataka,BAGALKOT,1999,Sesamum,607.0
Karnataka,BAGALKOT,1999,Small millets,190.0
Karnataka,BAGALKOT,1999,Soyabean,4262.0
Karnataka,BAGALKOT,1999,Sunflower,14837.0
Karnataka,BAGALKOT,1999,Gram,12599.0
Karnataka,BAGALKOT,1999,Groundnut,20537.0
Karnataka,BAGALKOT,1999,Horse-gram,538.0
Karnataka,BAGALKOT,1999,Jowar,147679.0
Karnataka,BAGALKOT,1999,Linseed,1647.0
Karnataka,BAGALKOT,1999,Maize,41391.0
Karnataka,BAGALKOT,1999,Other  Rabi pulses,202.0
Karnataka,BAGALKOT,1999,Rapeseed &Mustard,11.0
Karnataka,BAGALKOT,1999,Safflower,2828.0
Karnataka,BAGALKOT,1999,Sunflower,15169.0
Karnataka,BAGALKOT,1999,Wheat,29875.0
Karnataka,BAGALKOT,1999,Maize,760.0
Karnataka,BAGALKOT,1999,Sunflower,1065.0
Karnataka,BAGALKOT,1999,Banana,23628.0
Karnataka,BAGALKOT,1999,Coconut ,6130.0
Karnataka,BAGALKOT,1999,Coriander,3.0
Karnataka,BAGALKOT,1999,Dry chillies,595.0
Karnataka,BAGALKOT,1999,Garlic,25.0
Karnataka,BAGALKOT,1999,Onion,52778.0
Karnataka,BAGALKOT,1999,Sugarcane,6143232.0
Karnataka,BAGALKOT,1999,Sweet potato,162.0
Karnataka,BAGALKOT,1999,Turmeric,1684.0
Karnataka,BAGALKOT,2000,Arhar/Tur,3693.0
Karnataka,BAGALKOT,2000,Bajra,41300.0
Karnataka,BAGALKOT,2000,Castor seed,67.0
Karnataka,BAGALKOT,2000,Cotton(lint),23002.0
Karnataka,BAGALKOT,2000,Groundnut,9664.0
Karnataka,BAGALKOT,2000,Horse-gram,2902.0
Karnataka,BAGALKOT,2000,Jowar,22359.0
Karnataka,BAGALKOT,2000,Maize,99110.0
Karnataka,BAGALKOT,2000,Mesta,17.0
Karnataka,BAGALKOT,2000,Moong(Green Gram),10069.0
Karnataka,BAGALKOT,2000,Niger seed,66.0
Karnataka,BAGALKOT,2000,Other Kharif pulses,1001.0
Karnataka,BAGALKOT,2000,Rice,311.0
Karnataka,BAGALKOT,2000,Sesamum,969.0
Karnataka,BAGALKOT,2000,Small millets,723.0
Karnataka,BAGALKOT,2000,Soyabean,4749.0
Karnataka,BAGALKOT,2000,Sunflower,16262.0
Karnataka,BAGALKOT,2000,Gram,9834.0
Karnataka,BAGALKOT,2000,Groundnut,17305.0
Karnataka,BAGALKOT,2000,Horse-gram,490.0
Karnataka,BAGALKOT,2000,Jowar,94603.0
Karnataka,BAGALKOT,2000,Linseed,1377.0
Karnataka,BAGALKOT,2000,Maize,47659.0
Karnataka,BAGALKOT,2000,Other  Rabi pulses,90.0
Karnataka,BAGALKOT,2000,Rapeseed &Mustard,11.0
Karnataka,BAGALKOT,2000,Safflower,3023.0
Karnataka,BAGALKOT,2000,Sunflower,20518.0
Karnataka,BAGALKOT,2000,Wheat,37181.0
Karnataka,BAGALKOT,2000,Maize,8799.0
Karnataka,BAGALKOT,2000,Sunflower,2163.0
Karnataka,BAGALKOT,2000,Arecanut,6.0
Karnataka,BAGALKOT,2000,Banana,14647.0
Karnataka,BAGALKOT,2000,Coconut ,6268.0
Karnataka,BAGALKOT,2000,Coriander,3.0
Karnataka,BAGALKOT,2000,Dry chillies,654.0
Karnataka,BAGALKOT,2000,Garlic,22.0
Karnataka,BAGALKOT,2000,Onion,33520.0
Karnataka,BAGALKOT,2000,Sannhamp,9.0
Karnataka,BAGALKOT,2000,Sugarcane,7014752.0
Karnataka,BAGALKOT,2000,Sweet potato,162.0
Karnataka,BAGALKOT,2000,Turmeric,1476.0
Karnataka,BAGALKOT,2001,Arhar/Tur,925.0
Karnataka,BAGALKOT,2001,Bajra,11519.0
Karnataka,BAGALKOT,2001,Castor seed,14.0
Karnataka,BAGALKOT,2001,Cotton(lint),22539.0
Karnataka,BAGALKOT,2001,Groundnut,17691.0
Karnataka,BAGALKOT,2001,Horse-gram,1606.0
Karnataka,BAGALKOT,2001,Jowar,12064.0
Karnataka,BAGALKOT,2001,Maize,66431.0
Karnataka,BAGALKOT,2001,Mesta,10.0
Karnataka,BAGALKOT,2001,Moong(Green Gram),501.0
Karnataka,BAGALKOT,2001,Niger seed,25.0
Karnataka,BAGALKOT,2001,Other Kharif pulses,151.0
Karnataka,BAGALKOT,2001,Rice,411.0
Karnataka,BAGALKOT,2001,Sesamum,581.0
Karnataka,BAGALKOT,2001,Small millets,16.0
Karnataka,BAGALKOT,2001,Soyabean,303.0
Karnataka,BAGALKOT,2001,Sunflower,6843.0
Karnataka,BAGALKOT,2001,Gram,17984.0
Karnataka,BAGALKOT,2001,Horse-gram,5554.0
Karnataka,BAGALKOT,2001,Jowar,125015.0
Karnataka,BAGALKOT,2001,Linseed,2641.0
Karnataka,BAGALKOT,2001,Maize,43755.0
Karnataka,BAGALKOT,2001,Other  Rabi pulses,88.0
Karnataka,BAGALKOT,2001,Rapeseed &Mustard,11.0
Karnataka,BAGALKOT,2001,Safflower,2817.0
Karnataka,BAGALKOT,2001,Sunflower,24663.0
Karnataka,BAGALKOT,2001,Wheat,34969.0
Karnataka,BAGALKOT,2001,Maize,4066.0
Karnataka,BAGALKOT,2001,Rice,19.0
Karnataka,BAGALKOT,2001,Sunflower,3365.0
Karnataka,BAGALKOT,2001,Arecanut,6.0
Karnataka,BAGALKOT,2001,Coconut ,5456.0
Karnataka,BAGALKOT,2001,Coriander,3.0
Karnataka,BAGALKOT,2001,Dry chillies,608.0
Karnataka,BAGALKOT,2001,Onion,64311.0
Karnataka,BAGALKOT,2001,Sannhamp,5.0
Karnataka,BAGALKOT,2001,Sugarcane,5570468.0
Karnataka,BAGALKOT,2001,Turmeric,1553.0
Karnataka,BAGALKOT,2002,Arhar/Tur,1113.0
Karnataka,BAGALKOT,2002,Bajra,7171.0
Karnataka,BAGALKOT,2002,Castor seed,9.0
Karnataka,BAGALKOT,2002,Cotton(lint),5149.0
Karnataka,BAGALKOT,2002,Groundnut,1920.0
Karnataka,BAGALKOT,2002,Horse-gram,2075.0
Karnataka,BAGALKOT,2002,Jowar,9005.0
Karnataka,BAGALKOT,2002,Maize,60945.0
Karnataka,BAGALKOT,2002,Mesta,13.0
Karnataka,BAGALKOT,2002,Moong(Green Gram),330.0
Karnataka,BAGALKOT,2002,Niger seed,18.0
Karnataka,BAGALKOT,2002,Other Kharif pulses,1646.0
Karnataka,BAGALKOT,2002,Rice,230.0
Karnataka,BAGALKOT,2002,Sesamum,796.0
Karnataka,BAGALKOT,2002,Small millets,67.0
Karnataka,BAGALKOT,2002,Soyabean,728.0
Karnataka,BAGALKOT,2002,Sunflower,11438.0
Karnataka,BAGALKOT,2002,Gram,17905.0
Karnataka,BAGALKOT,2002,Groundnut,12994.0
Karnataka,BAGALKOT,2002,Horse-gram,1689.0
Karnataka,BAGALKOT,2002,Jowar,98880.0
Karnataka,BAGALKOT,2002,Linseed,2207.0
Karnataka,BAGALKOT,2002,Maize,31585.0
Karnataka,BAGALKOT,2002,Other  Rabi pulses,21.0
Karnataka,BAGALKOT,2002,Rapeseed &Mustard,12.0
Karnataka,BAGALKOT,2002,Safflower,2703.0
Karnataka,BAGALKOT,2002,Sunflower,31053.0
Karnataka,BAGALKOT,2002,Wheat,32386.0
Karnataka,BAGALKOT,2002,Jowar,2.0
Karnataka,BAGALKOT,2002,Maize,4217.0
Karnataka,BAGALKOT,2002,Rice,16.0
Karnataka,BAGALKOT,2002,Sunflower,2809.0
Karnataka,BAGALKOT,2002,Arcanut (Processed),8.0
Karnataka,BAGALKOT,2002,Atcanut (Raw),40.0
Karnataka,BAGALKOT,2002,Banana,7118.0
Karnataka,BAGALKOT,2002,Brinjal,1010.0
Karnataka,BAGALKOT,2002,Citrus Fruit,3155.0
Karnataka,BAGALKOT,2002,Coconut ,4190.0
Karnataka,BAGALKOT,2002,Coriander,3.0
Karnataka,BAGALKOT,2002,Dry chillies,292.0
Karnataka,BAGALKOT,2002,Garlic,15.0
Karnataka,BAGALKOT,2002,Grapes,16383.0
Karnataka,BAGALKOT,2002,Mango,920.0
Karnataka,BAGALKOT,2002,Onion,30605.0
Karnataka,BAGALKOT,2002,Other Fresh Fruits,955.0
Karnataka,BAGALKOT,2002,Papaya,117.0
Karnataka,BAGALKOT,2002,Pome Fruit,168.0
Karnataka,BAGALKOT,2002,Sannhamp,5.0
Karnataka,BAGALKOT,2002,Sugarcane,5241374.0
Karnataka,BAGALKOT,2002,Sweet potato,63.0
Karnataka,BAGALKOT,2002,Tomato,639.0
Karnataka,BAGALKOT,2002,Turmeric,1991.0
Karnataka,BAGALKOT,2003,Arhar/Tur,40.0
Karnataka,BAGALKOT,2003,Bajra,8153.0
Karnataka,BAGALKOT,2003,Castor seed,1.0
Karnataka,BAGALKOT,2003,Cotton(lint),6374.0
Karnataka,BAGALKOT,2003,Groundnut,1644.0
Karnataka,BAGALKOT,2003,Horse-gram,112.0
Karnataka,BAGALKOT,2003,Jowar,9345.0
Karnataka,BAGALKOT,2003,Maize,52889.0
Karnataka,BAGALKOT,2003,Mesta,286.0
Karnataka,BAGALKOT,2003,Moong(Green Gram),56.0
Karnataka,BAGALKOT,2003,Niger seed,23.0
Karnataka,BAGALKOT,2003,Other Kharif pulses,45.0
Karnataka,BAGALKOT,2003,Rice,210.0
Karnataka,BAGALKOT,2003,Sesamum,236.0
Karnataka,BAGALKOT,2003,Small millets,39.0
Karnataka,BAGALKOT,2003,Soyabean,119.0
Karnataka,BAGALKOT,2003,Sunflower,9155.0
Karnataka,BAGALKOT,2003,Gram,4448.0
Karnataka,BAGALKOT,2003,Groundnut,22871.0
Karnataka,BAGALKOT,2003,Horse-gram,230.0
Karnataka,BAGALKOT,2003,Jowar,10766.0
Karnataka,BAGALKOT,2003,Linseed,264.0
Karnataka,BAGALKOT,2003,Maize,32576.0
Karnataka,BAGALKOT,2003,Other  Rabi pulses,76.0
Karnataka,BAGALKOT,2003,Rapeseed &Mustard,10.0
Karnataka,BAGALKOT,2003,Safflower,343.0
Karnataka,BAGALKOT,2003,Sunflower,24320.0
Karnataka,BAGALKOT,2003,Wheat,18327.0
Karnataka,BAGALKOT,2003,Jowar,98.0
Karnataka,BAGALKOT,2003,Maize,3310.0
Karnataka,BAGALKOT,2003,Rice,7.0
Karnataka,BAGALKOT,2003,Sunflower,2693.0
Karnataka,BAGALKOT,2003,Arecanut,8.0
Karnataka,BAGALKOT,2003,Banana,7423.0
Karnataka,BAGALKOT,2003,Brinjal,4377.0
Karnataka,BAGALKOT,2003,Citrus Fruit,1368.0
Karnataka,BAGALKOT,2003,Coconut ,2867.0
Karnataka,BAGALKOT,2003,Coriander,2.0
Karnataka,BAGALKOT,2003,Dry chillies,798.0
Karnataka,BAGALKOT,2003,Garlic,124.0
Karnataka,BAGALKOT,2003,Grapes,78515.0
Karnataka,BAGALKOT,2003,Mango,2073.0
Karnataka,BAGALKOT,2003,Onion,27894.0
Karnataka,BAGALKOT,2003,Other Fresh Fruits,800.0
Karnataka,BAGALKOT,2003,Pome Fruit,70.0
Karnataka,BAGALKOT,2003,Sannhamp,5.0
Karnataka,BAGALKOT,2003,Sugarcane,2834124.0
Karnataka,BAGALKOT,2003,Sweet potato,133.0
Karnataka,BAGALKOT,2003,Tomato,853.0
Karnataka,BAGALKOT,2004,Arhar/Tur,655.0
Karnataka,BAGALKOT,2004,Bajra,32970.0
Karnataka,BAGALKOT,2004,Castor seed,2.0
Karnataka,BAGALKOT,2004,Cotton(lint),12172.0
Karnataka,BAGALKOT,2004,Groundnut,3776.0
Karnataka,BAGALKOT,2004,Horse-gram,1049.0
Karnataka,BAGALKOT,2004,Jowar,20951.0
Karnataka,BAGALKOT,2004,Maize,130280.0
Karnataka,BAGALKOT,2004,Mesta,229.0
Karnataka,BAGALKOT,2004,Moong(Green Gram),4315.0
Karnataka,BAGALKOT,2004,Niger seed,34.0
Karnataka,BAGALKOT,2004,Other Kharif pulses,298.98
Karnataka,BAGALKOT,2004,Rice,178.75
Karnataka,BAGALKOT,2004,Sesamum,581.0
Karnataka,BAGALKOT,2004,Small millets,19.0
Karnataka,BAGALKOT,2004,Soyabean,5156.0
Karnataka,BAGALKOT,2004,Sunflower,29116.0
Karnataka,BAGALKOT,2004,Gram,10288.0
Karnataka,BAGALKOT,2004,Groundnut,25292.0
Karnataka,BAGALKOT,2004,Horse-gram,591.0
Karnataka,BAGALKOT,2004,Jowar,100053.0
Karnataka,BAGALKOT,2004,Linseed,658.0
Karnataka,BAGALKOT,2004,Maize,42223.0
Karnataka,BAGALKOT,2004,Other  Rabi pulses,92.0
Karnataka,BAGALKOT,2004,Rapeseed &Mustard,10.0
Karnataka,BAGALKOT,2004,Safflower,943.0
Karnataka,BAGALKOT,2004,Sunflower,35641.0
Karnataka,BAGALKOT,2004,Wheat,32903.0
Karnataka,BAGALKOT,2004,Maize,5691.0
Karnataka,BAGALKOT,2004,Sunflower,3052.0
Karnataka,BAGALKOT,2004,Arecanut,3.0
Karnataka,BAGALKOT,2004,Banana,7032.0
Karnataka,BAGALKOT,2004,Coconut ,21813.52
Karnataka,BAGALKOT,2004,Coriander,3.0
Karnataka,BAGALKOT,2004,Dry chillies,459.0
Karnataka,BAGALKOT,2004,Garlic,124.0
Karnataka,BAGALKOT,2004,Onion,65436.0
Karnataka,BAGALKOT,2004,Sweet potato,181.0
Karnataka,BAGALKOT,2004,Turmeric,2277.0
Karnataka,BAGALKOT,2005,Arhar/Tur,1032.0
Karnataka,BAGALKOT,2005,Bajra,54674.0
Karnataka,BAGALKOT,2005,Dry chillies,231.0
Karnataka,BAGALKOT,2005,Groundnut,5000.0
Karnataka,BAGALKOT,2005,Horse-gram,1914.0
Karnataka,BAGALKOT,2005,Jowar,27092.0
Karnataka,BAGALKOT,2005,Maize,153176.0
Karnataka,BAGALKOT,2005,Moong(Green Gram),3375.0
Karnataka,BAGALKOT,2005,Niger seed,28.0
Karnataka,BAGALKOT,2005,Onion,39517.0
Karnataka,BAGALKOT,2005,Other Kharif pulses,203.0
Karnataka,BAGALKOT,2005,Rice,355.0
Karnataka,BAGALKOT,2005,Sesamum,1515.0
Karnataka,BAGALKOT,2005,Small millets,34.0
Karnataka,BAGALKOT,2005,Soyabean,4947.0
Karnataka,BAGALKOT,2005,Sunflower,26039.0
Karnataka,BAGALKOT,2005,Urad,2.0
Karnataka,BAGALKOT,2005,Dry chillies,192.0
Karnataka,BAGALKOT,2005,Gram,11244.0
Karnataka,BAGALKOT,2005,Groundnut,18157.0
Karnataka,BAGALKOT,2005,Horse-gram,1298.0
Karnataka,BAGALKOT,2005,Jowar,138382.0
Karnataka,BAGALKOT,2005,Linseed,778.0
Karnataka,BAGALKOT,2005,Maize,61920.0
Karnataka,BAGALKOT,2005,Onion,15322.0
Karnataka,BAGALKOT,2005,Other  Rabi pulses,131.0
Karnataka,BAGALKOT,2005,Rapeseed &Mustard,11.0
Karnataka,BAGALKOT,2005,Safflower,1293.0
Karnataka,BAGALKOT,2005,Sunflower,56526.0
Karnataka,BAGALKOT,2005,Wheat,34948.0
Karnataka,BAGALKOT,2005,Dry chillies,42.0
Karnataka,BAGALKOT,2005,Jowar,6.0
Karnataka,BAGALKOT,2005,Maize,7038.0
Karnataka,BAGALKOT,2005,Onion,9735.0
Karnataka,BAGALKOT,2005,Rice,196.0
Karnataka,BAGALKOT,2005,Sunflower,3098.0
Karnataka,BAGALKOT,2005,Banana,2477.0
Karnataka,BAGALKOT,2005,Coconut ,1973.0
Karnataka,BAGALKOT,2005,Coriander,3.0
Karnataka,BAGALKOT,2005,Cotton(lint),9351.0
Karnataka,BAGALKOT,2005,Garlic,50.0
Karnataka,BAGALKOT,2005,Mesta,156.0
Karnataka,BAGALKOT,2005,Sugarcane,3445810.0
Karnataka,BAGALKOT,2005,Sweet potato,158.0
Karnataka,BAGALKOT,2005,Turmeric,4453.0
Karnataka,BAGALKOT,2006,Arhar/Tur,904.0
Karnataka,BAGALKOT,2006,Bajra,13233.0
Karnataka,BAGALKOT,2006,Groundnut,2911.0
Karnataka,BAGALKOT,2006,Horse-gram,207.0
Karnataka,BAGALKOT,2006,Jowar,8155.0
Karnataka,BAGALKOT,2006,Maize,137679.0
Karnataka,BAGALKOT,2006,Moong(Green Gram),1574.0
Karnataka,BAGALKOT,2006,Niger seed,39.0
Karnataka,BAGALKOT,2006,Other Kharif pulses,381.0
Karnataka,BAGALKOT,2006,Rapeseed &Mustard,8.0
Karnataka,BAGALKOT,2006,Rice,339.0
Karnataka,BAGALKOT,2006,Sesamum,283.0
Karnataka,BAGALKOT,2006,Small millets,14.0
Karnataka,BAGALKOT,2006,Soyabean,3215.0
Karnataka,BAGALKOT,2006,Sunflower,11199.0
Karnataka,BAGALKOT,2006,Gram,9088.0
Karnataka,BAGALKOT,2006,Groundnut,12000.0
Karnataka,BAGALKOT,2006,Horse-gram,234.0
Karnataka,BAGALKOT,2006,Jowar,60772.0
Karnataka,BAGALKOT,2006,Linseed,625.0
Karnataka,BAGALKOT,2006,Maize,44443.0
Karnataka,BAGALKOT,2006,Other  Rabi pulses,207.0
Karnataka,BAGALKOT,2006,Safflower,1345.0
Karnataka,BAGALKOT,2006,Sunflower,20690.0
Karnataka,BAGALKOT,2006,Wheat,27344.0
Karnataka,BAGALKOT,2006,Maize,6625.0
Karnataka,BAGALKOT,2006,Sunflower,3902.0
Karnataka,BAGALKOT,2006,Banana,11420.0
Karnataka,BAGALKOT,2006,Coconut ,1128.0
Karnataka,BAGALKOT,2006,Coriander,4.0
Karnataka,BAGALKOT,2006,Cotton(lint),4695.0
Karnataka,BAGALKOT,2006,Dry chillies,872.0
Karnataka,BAGALKOT,2006,Garlic,46.0
Karnataka,BAGALKOT,2006,Mesta,67.0
Karnataka,BAGALKOT,2006,Onion,59102.0
Karnataka,BAGALKOT,2006,Sugarcane,4274996.0
Karnataka,BAGALKOT,2006,Sweet potato,146.0
Karnataka,BAGALKOT,2006,Turmeric,4045.0
Karnataka,BAGALKOT,2007,Arhar/Tur,3402.0
Karnataka,BAGALKOT,2007,Bajra,58785.0
Karnataka,BAGALKOT,2007,Dry chillies,630.0
Karnataka,BAGALKOT,2007,Groundnut,3866.0
Karnataka,BAGALKOT,2007,Horse-gram,1390.0
Karnataka,BAGALKOT,2007,Jowar,15692.0
Karnataka,BAGALKOT,2007,Maize,194845.0
Karnataka,BAGALKOT,2007,Moong(Green Gram),9431.0
Karnataka,BAGALKOT,2007,Niger seed,76.0
Karnataka,BAGALKOT,2007,Onion,81411.0
Karnataka,BAGALKOT,2007,Other Kharif pulses,728.0
Karnataka,BAGALKOT,2007,Rapeseed &Mustard,15.0
Karnataka,BAGALKOT,2007,Rice,206.0
Karnataka,BAGALKOT,2007,Sesamum,702.0
Karnataka,BAGALKOT,2007,Small millets,23.0
Karnataka,BAGALKOT,2007,Soyabean,3474.0
Karnataka,BAGALKOT,2007,Sunflower,13004.0
Karnataka,BAGALKOT,2007,Urad,14.0
Karnataka,BAGALKOT,2007,Dry chillies,386.0
Karnataka,BAGALKOT,2007,Gram,34287.0
Karnataka,BAGALKOT,2007,Groundnut,14425.0
Karnataka,BAGALKOT,2007,Horse-gram,1218.0
Karnataka,BAGALKOT,2007,Jowar,178029.0
Karnataka,BAGALKOT,2007,Linseed,1844.0
Karnataka,BAGALKOT,2007,Maize,67418.0
Karnataka,BAGALKOT,2007,Onion,10215.0
Karnataka,BAGALKOT,2007,Other  Rabi pulses,272.0
Karnataka,BAGALKOT,2007,Safflower,2688.0
Karnataka,BAGALKOT,2007,Sunflower,35479.0
Karnataka,BAGALKOT,2007,Wheat,38300.0
Karnataka,BAGALKOT,2007,Dry chillies,369.0
Karnataka,BAGALKOT,2007,Maize,7618.0
Karnataka,BAGALKOT,2007,Onion,6030.0
Karnataka,BAGALKOT,2007,Sunflower,7302.0
Karnataka,BAGALKOT,2007,Banana,13986.0
Karnataka,BAGALKOT,2007,Coconut ,1344.0
Karnataka,BAGALKOT,2007,Coriander,14.0
Karnataka,BAGALKOT,2007,Cotton(lint),3791.0
Karnataka,BAGALKOT,2007,Garlic,64.0
Karnataka,BAGALKOT,2007,Mesta,17.0
Karnataka,BAGALKOT,2007,Sugarcane,5071202.0
Karnataka,BAGALKOT,2007,Sweet potato,89.0
Karnataka,BAGALKOT,2007,Turmeric,15696.0
Karnataka,BAGALKOT,2008,Arhar/Tur,288.0
Karnataka,BAGALKOT,2008,Bajra,24287.0
Karnataka,BAGALKOT,2008,Dry chillies,709.0
Karnataka,BAGALKOT,2008,Groundnut,1366.0
Karnataka,BAGALKOT,2008,Horse-gram,186.0
Karnataka,BAGALKOT,2008,Jowar,9125.0
Karnataka,BAGALKOT,2008,Maize,160977.0
Karnataka,BAGALKOT,2008,Moong(Green Gram),321.0
Karnataka,BAGALKOT,2008,Niger seed,35.0
Karnataka,BAGALKOT,2008,Onion,54530.0
Karnataka,BAGALKOT,2008,Other Kharif pulses,158.0
Karnataka,BAGALKOT,2008,Rice,266.13
Karnataka,BAGALKOT,2008,Sesamum,280.0
Karnataka,BAGALKOT,2008,Soyabean,2314.0
Karnataka,BAGALKOT,2008,Sunflower,11046.0
Karnataka,BAGALKOT,2008,Urad,9.0
Karnataka,BAGALKOT,2008,Dry chillies,737.0
Karnataka,BAGALKOT,2008,Gram,25597.0
Karnataka,BAGALKOT,2008,Groundnut,16611.0
Karnataka,BAGALKOT,2008,Horse-gram,1698.0
Karnataka,BAGALKOT,2008,Jowar,162768.0
Karnataka,BAGALKOT,2008,Linseed,1168.0
Karnataka,BAGALKOT,2008,Maize,73062.0
Karnataka,BAGALKOT,2008,Onion,22773.0
Karnataka,BAGALKOT,2008,Other  Rabi pulses,411.0
Karnataka,BAGALKOT,2008,Rapeseed &Mustard,
Karnataka,BAGALKOT,2008,Safflower,2258.0
Karnataka,BAGALKOT,2008,Sunflower,30374.0
Karnataka,BAGALKOT,2008,Wheat,37486.0
Karnataka,BAGALKOT,2008,Dry chillies,390.0
Karnataka,BAGALKOT,2008,Maize,9192.0
Karnataka,BAGALKOT,2008,Onion,4053.0
Karnataka,BAGALKOT,2008,Sunflower,4890.0
Karnataka,BAGALKOT,2008,Banana,32850.0
Karnataka,BAGALKOT,2008,Cashewnut,0.61
Karnataka,BAGALKOT,2008,Coconut ,2809.0
Karnataka,BAGALKOT,2008,Coriander,45.0
Karnataka,BAGALKOT,2008,Cotton(lint),5901.0
Karnataka,BAGALKOT,2008,Garlic,61.0
Karnataka,BAGALKOT,2008,Mesta,6.0
Karnataka,BAGALKOT,2008,Sugarcane,5860723.0
Karnataka,BAGALKOT,2008,Sweet potato,202.0
Karnataka,BAGALKOT,2008,Turmeric,13402.0
Karnataka,BAGALKOT,2009,Arhar/Tur,2610.0
Karnataka,BAGALKOT,2009,Bajra,17323.0
Karnataka,BAGALKOT,2009,Gram,228.0
Karnataka,BAGALKOT,2009,Groundnut,1789.0
Karnataka,BAGALKOT,2009,Horse-gram,228.0
Karnataka,BAGALKOT,2009,Jowar,3769.0
Karnataka,BAGALKOT,2009,Maize,124102.0
Karnataka,BAGALKOT,2009,Moong(Green Gram),4883.0
Karnataka,BAGALKOT,2009,Niger seed,58.0
Karnataka,BAGALKOT,2009,Onion,49445.0
Karnataka,BAGALKOT,2009,Other Kharif pulses,256.0
Karnataka,BAGALKOT,2009,Rice,381.58
Karnataka,BAGALKOT,2009,Sesamum,801.0
Karnataka,BAGALKOT,2009,Small millets,15.0
Karnataka,BAGALKOT,2009,Soyabean,2035.0
Karnataka,BAGALKOT,2009,Sunflower,5156.0
Karnataka,BAGALKOT,2009,Urad,10.0
Karnataka,BAGALKOT,2009,Dry chillies,669.0
Karnataka,BAGALKOT,2009,Gram,474.0
Karnataka,BAGALKOT,2009,Groundnut,20266.0
Karnataka,BAGALKOT,2009,Horse-gram,474.0
Karnataka,BAGALKOT,2009,Jowar,117488.0
Karnataka,BAGALKOT,2009,Linseed,635.0
Karnataka,BAGALKOT,2009,Maize,63865.0
Karnataka,BAGALKOT,2009,Onion,14319.0
Karnataka,BAGALKOT,2009,Other  Rabi pulses,255.0
Karnataka,BAGALKOT,2009,Safflower,1734.0
Karnataka,BAGALKOT,2009,Sunflower,17100.0
Karnataka,BAGALKOT,2009,Wheat,36213.0
Karnataka,BAGALKOT,2009,Dry chillies,576.0
Karnataka,BAGALKOT,2009,Maize,9552.0
Karnataka,BAGALKOT,2009,Onion,4485.0
Karnataka,BAGALKOT,2009,Sunflower,2295.0
Karnataka,BAGALKOT,2009,Banana,17048.0
Karnataka,BAGALKOT,2009,Cashewnut,1.0
Karnataka,BAGALKOT,2009,Coconut ,4366.0
Karnataka,BAGALKOT,2009,Coriander,118.0
Karnataka,BAGALKOT,2009,Cotton(lint),4402.0
Karnataka,BAGALKOT,2009,Garlic,32.0
Karnataka,BAGALKOT,2009,Mesta,6.0
Karnataka,BAGALKOT,2009,Sugarcane,6549266.0
Karnataka,BAGALKOT,2009,Sweet potato,99.0
Karnataka,BAGALKOT,2009,Tobacco,1.0
Karnataka,BAGALKOT,2009,Turmeric,24717.0
Karnataka,BAGALKOT,2010,Arhar/Tur,5708.0
Karnataka,BAGALKOT,2010,Bajra,49726.0
Karnataka,BAGALKOT,2010,Cotton(lint),2338.0
Karnataka,BAGALKOT,2010,Cowpea(Lobia),116.0
Karnataka,BAGALKOT,2010,Dry chillies,634.0
Karnataka,BAGALKOT,2010,Groundnut,2564.0
Karnataka,BAGALKOT,2010,Horse-gram,514.0
Karnataka,BAGALKOT,2010,Jowar,10608.0
Karnataka,BAGALKOT,2010,Maize,242030.0
Karnataka,BAGALKOT,2010,Moong(Green Gram),7806.0
Karnataka,BAGALKOT,2010,Niger seed,23.0
Karnataka,BAGALKOT,2010,Onion,141312.0
Karnataka,BAGALKOT,2010,Other Kharif pulses,153.0
Karnataka,BAGALKOT,2010,Rice,388.0
Karnataka,BAGALKOT,2010,Sesamum,1666.0
Karnataka,BAGALKOT,2010,Small millets,10.0
Karnataka,BAGALKOT,2010,Soyabean,3181.0
Karnataka,BAGALKOT,2010,Sunflower,6514.0
Karnataka,BAGALKOT,2010,Urad,1.0
Karnataka,BAGALKOT,2010,Cotton(lint),1938.0
Karnataka,BAGALKOT,2010,Cowpea(Lobia),246.0
Karnataka,BAGALKOT,2010,Dry chillies,745.0
Karnataka,BAGALKOT,2010,Gram,50581.0
Karnataka,BAGALKOT,2010,Groundnut,25136.0
Karnataka,BAGALKOT,2010,Horse-gram,637.0
Karnataka,BAGALKOT,2010,Jowar,116792.0
Karnataka,BAGALKOT,2010,Linseed,610.0
Karnataka,BAGALKOT,2010,Maize,64462.0
Karnataka,BAGALKOT,2010,Onion,14257.0
Karnataka,BAGALKOT,2010,Other  Rabi pulses,46.0
Karnataka,BAGALKOT,2010,Rapeseed &Mustard,4.0
Karnataka,BAGALKOT,2010,Safflower,1945.0
Karnataka,BAGALKOT,2010,Sunflower,14452.0
Karnataka,BAGALKOT,2010,Wheat,40235.0
Karnataka,BAGALKOT,2010,Dry chillies,362.0
Karnataka,BAGALKOT,2010,Maize,9446.0
Karnataka,BAGALKOT,2010,Onion,10377.0
Karnataka,BAGALKOT,2010,Rice,74.0
Karnataka,BAGALKOT,2010,Sunflower,4537.0
Karnataka,BAGALKOT,2010,Banana,16956.0
Karnataka,BAGALKOT,2010,Cashewnut,1.0
Karnataka,BAGALKOT,2010,Coconut ,6347.0
Karnataka,BAGALKOT,2010,Coriander,85.0
Karnataka,BAGALKOT,2010,Garlic,21.0
Karnataka,BAGALKOT,2010,Mesta,5.0
Karnataka,BAGALKOT,2010,Sugarcane,7897084.0
Karnataka,BAGALKOT,2010,Sweet potato,107.0
Karnataka,BAGALKOT,2010,Turmeric,13177.0
Karnataka,BAGALKOT,2011,Arhar/Tur,1915.0
Karnataka,BAGALKOT,2011,Bajra,42396.0
Karnataka,BAGALKOT,2011,Castor seed,17.0
Karnataka,BAGALKOT,2011,Cotton(lint),2450.0
Karnataka,BAGALKOT,2011,Cowpea(Lobia),277.0
Karnataka,BAGALKOT,2011,Dry chillies,3095.0
Karnataka,BAGALKOT,2011,Groundnut,1945.0
Karnataka,BAGALKOT,2011,Horse-gram,435.0
Karnataka,BAGALKOT,2011,Jowar,14927.0
Karnataka,BAGALKOT,2011,Maize,197044.0
Karnataka,BAGALKOT,2011,Moong(Green Gram),7443.0
Karnataka,BAGALKOT,2011,Niger seed,48.0
Karnataka,BAGALKOT,2011,Onion,141893.0
Karnataka,BAGALKOT,2011,Other Kharif pulses,124.0
Karnataka,BAGALKOT,2011,Rice,254.0
Karnataka,BAGALKOT,2011,Sesamum,443.0
Karnataka,BAGALKOT,2011,Small millets,8.0
Karnataka,BAGALKOT,2011,Soyabean,2636.0
Karnataka,BAGALKOT,2011,Sunflower,9979.0
Karnataka,BAGALKOT,2011,Urad,12.0
Karnataka,BAGALKOT,2011,Cotton(lint),928.0
Karnataka,BAGALKOT,2011,Cowpea(Lobia),331.0
Karnataka,BAGALKOT,2011,Dry chillies,587.0
Karnataka,BAGALKOT,2011,Gram,34571.0
Karnataka,BAGALKOT,2011,Groundnut,25946.0
Karnataka,BAGALKOT,2011,Horse-gram,262.0
Karnataka,BAGALKOT,2011,Jowar,96699.0
Karnataka,BAGALKOT,2011,Linseed,635.0
Karnataka,BAGALKOT,2011,Maize,74159.0
Karnataka,BAGALKOT,2011,Onion,17276.0
Karnataka,BAGALKOT,2011,Other  Rabi pulses,87.0
Karnataka,BAGALKOT,2011,Safflower,2225.0
Karnataka,BAGALKOT,2011,Sunflower,13012.0
Karnataka,BAGALKOT,2011,Wheat,41483.0
Karnataka,BAGALKOT,2011,Dry chillies,445.0
Karnataka,BAGALKOT,2011,Jowar,51.0
Karnataka,BAGALKOT,2011,Maize,8680.0
Karnataka,BAGALKOT,2011,Onion,4721.0
Karnataka,BAGALKOT,2011,Rice,20.0
Karnataka,BAGALKOT,2011,Sunflower,3016.0
Karnataka,BAGALKOT,2011,Banana,14772.0
Karnataka,BAGALKOT,2011,Cashewnut,1.0
Karnataka,BAGALKOT,2011,Coconut ,6909.0
Karnataka,BAGALKOT,2011,Coriander,67.0
Karnataka,BAGALKOT,2011,Garlic,16.0
Karnataka,BAGALKOT,2011,Mesta,5.0
Karnataka,BAGALKOT,2011,Sugarcane,8064830.0
Karnataka,BAGALKOT,2011,Sweet potato,452.0
Karnataka,BAGALKOT,2011,Turmeric,22475.0
Karnataka,BAGALKOT,2012,Arhar/Tur,209.0
Karnataka,BAGALKOT,2012,Bajra,18227.0
Karnataka,BAGALKOT,2012,Cotton(lint),909.0
Karnataka,BAGALKOT,2012,Cowpea(Lobia),45.0
Karnataka,BAGALKOT,2012,Dry chillies,4923.0
Karnataka,BAGALKOT,2012,Groundnut,721.0
Karnataka,BAGALKOT,2012,Horse-gram,67.0
Karnataka,BAGALKOT,2012,Jowar,3141.0
Karnataka,BAGALKOT,2012,Maize,106154.0
Karnataka,BAGALKOT,2012,Moong(Green Gram),48.0
Karnataka,BAGALKOT,2012,Niger seed,1.0
Karnataka,BAGALKOT,2012,Onion,69292.0
Karnataka,BAGALKOT,2012,Other Kharif pulses,104.0
Karnataka,BAGALKOT,2012,Rice,125.0
Karnataka,BAGALKOT,2012,Sesamum,14.0
Karnataka,BAGALKOT,2012,Small millets,
Karnataka,BAGALKOT,2012,Soyabean,224.0
Karnataka,BAGALKOT,2012,Sunflower,3291.0
Karnataka,BAGALKOT,2012,Cotton(lint),409.0
Karnataka,BAGALKOT,2012,Cowpea(Lobia),51.0
Karnataka,BAGALKOT,2012,Dry chillies,1075.0
Karnataka,BAGALKOT,2012,Gram,39069.0
Karnataka,BAGALKOT,2012,Horse-gram,182.0
Karnataka,BAGALKOT,2012,Jowar,151076.0
Karnataka,BAGALKOT,2012,Linseed,334.0
Karnataka,BAGALKOT,2012,Maize,63025.0
Karnataka,BAGALKOT,2012,Onion,8916.0
Karnataka,BAGALKOT,2012,Other  Rabi pulses,20.0
Karnataka,BAGALKOT,2012,Safflower,824.0
Karnataka,BAGALKOT,2012,Sunflower,17274.0
Karnataka,BAGALKOT,2012,Wheat,18662.0
Karnataka,BAGALKOT,2012,Cowpea(Lobia),285.0
Karnataka,BAGALKOT,2012,Dry chillies,172.0
Karnataka,BAGALKOT,2012,Groundnut,27749.0
Karnataka,BAGALKOT,2012,Maize,8432.0
Karnataka,BAGALKOT,2012,Onion,2841.0
Karnataka,BAGALKOT,2012,Sunflower,1813.0
Karnataka,BAGALKOT,2012,Cashewnut,2.0
Karnataka,BAGALKOT,2012,Coconut ,6537.0
Karnataka,BAGALKOT,2012,Coriander,57.0
Karnataka,BAGALKOT,2012,Garlic,13.0
Karnataka,BAGALKOT,2012,Sugarcane,7984951.0
Karnataka,BAGALKOT,2012,Sweet potato,186.0
Karnataka,BAGALKOT,2012,Turmeric,9159.0
Karnataka,BAGALKOT,2013,Arhar/Tur,2129.0
Karnataka,BAGALKOT,2013,Bajra,24211.0
Karnataka,BAGALKOT,2013,Cotton(lint),1795.0
Karnataka,BAGALKOT,2013,Cowpea(Lobia),207.0
Karnataka,BAGALKOT,2013,Dry chillies,5383.0
Karnataka,BAGALKOT,2013,Groundnut,1454.0
Karnataka,BAGALKOT,2013,Horse-gram,92.0
Karnataka,BAGALKOT,2013,Jowar,4757.0
Karnataka,BAGALKOT,2013,Maize,183308.0
Karnataka,BAGALKOT,2013,Moong(Green Gram),4750.0
Karnataka,BAGALKOT,2013,Niger seed,23.0
Karnataka,BAGALKOT,2013,Onion,96861.0
Karnataka,BAGALKOT,2013,Other Kharif pulses,110.0
Karnataka,BAGALKOT,2013,Rice,160.0
Karnataka,BAGALKOT,2013,Sesamum,368.0
Karnataka,BAGALKOT,2013,Soyabean,3613.0
Karnataka,BAGALKOT,2013,Sunflower,7508.0
Karnataka,BAGALKOT,2013,Cotton(lint),653.0
Karnataka,BAGALKOT,2013,Cowpea(Lobia),19.0
Karnataka,BAGALKOT,2013,Dry chillies,1074.0
Karnataka,BAGALKOT,2013,Gram,58135.0
Karnataka,BAGALKOT,2013,Horse-gram,188.0
Karnataka,BAGALKOT,2013,Jowar,109980.0
Karnataka,BAGALKOT,2013,Linseed,225.0
Karnataka,BAGALKOT,2013,Maize,67647.0
Karnataka,BAGALKOT,2013,Onion,9730.0
Karnataka,BAGALKOT,2013,Other  Rabi pulses,28.0
Karnataka,BAGALKOT,2013,Safflower,272.0
Karnataka,BAGALKOT,2013,Sunflower,17669.0
Karnataka,BAGALKOT,2013,Wheat,20713.0
Karnataka,BAGALKOT,2013,Cowpea(Lobia),352.0
Karnataka,BAGALKOT,2013,Dry chillies,292.0
Karnataka,BAGALKOT,2013,Groundnut,26747.0
Karnataka,BAGALKOT,2013,Maize,8384.0
Karnataka,BAGALKOT,2013,Onion,3276.0
Karnataka,BAGALKOT,2013,Sunflower,2387.0
Karnataka,BAGALKOT,2013,Black pepper,15.0
Karnataka,BAGALKOT,2013,Cashewnut,3.0
Karnataka,BAGALKOT,2013,Coconut ,6157.0
Karnataka,BAGALKOT,2013,Coriander,27.0
Karnataka,BAGALKOT,2013,Sannhamp,1.0
Karnataka,BAGALKOT,2013,Sugarcane,9002844.0
Karnataka,BAGALKOT,2013,Turmeric,9670.0
Karnataka,BAGALKOT,2014,Arhar/Tur,2673.0
Karnataka,BAGALKOT,2014,Bajra,24288.0
Karnataka,BAGALKOT,2014,Cotton(lint),8996.0
Karnataka,BAGALKOT,2014,Cowpea(Lobia),36.0
Karnataka,BAGALKOT,2014,Dry chillies,1788.0
Karnataka,BAGALKOT,2014,Groundnut,1344.0
Karnataka,BAGALKOT,2014,Horse-gram,90.0
Karnataka,BAGALKOT,2014,Jowar,1492.0
Karnataka,BAGALKOT,2014,Maize,166543.0
Karnataka,BAGALKOT,2014,Moong(Green Gram),4081.0
Karnataka,BAGALKOT,2014,Niger seed,20.0
Karnataka,BAGALKOT,2014,Onion,82750.0
Karnataka,BAGALKOT,2014,Other Kharif pulses,80.0
Karnataka,BAGALKOT,2014,Rice,76.0
Karnataka,BAGALKOT,2014,Sesamum,86.0
Karnataka,BAGALKOT,2014,Soyabean,2401.0
Karnataka,BAGALKOT,2014,Sunflower,8151.0
Karnataka,BAGALKOT,2014,Urad,175.0
Karnataka,BAGALKOT,2014,Cotton(lint),334.0
Karnataka,BAGALKOT,2014,Cowpea(Lobia),44.0
Karnataka,BAGALKOT,2014,Dry chillies,2021.0
Karnataka,BAGALKOT,2014,Gram,54728.0
Karnataka,BAGALKOT,2014,Horse-gram,332.0
Karnataka,BAGALKOT,2014,Jowar,102867.0
Karnataka,BAGALKOT,2014,Linseed,454.0
Karnataka,BAGALKOT,2014,Maize,81388.0
Karnataka,BAGALKOT,2014,Onion,10051.0
Karnataka,BAGALKOT,2014,Other  Rabi pulses,28.0
Karnataka,BAGALKOT,2014,Safflower,348.0
Karnataka,BAGALKOT,2014,Sunflower,16599.0
Karnataka,BAGALKOT,2014,Wheat,36071.0
Karnataka,BAGALKOT,2014,Cotton(lint),663.0
Karnataka,BAGALKOT,2014,Cowpea(Lobia),200.0
Karnataka,BAGALKOT,2014,Dry chillies,162.0
Karnataka,BAGALKOT,2014,Groundnut,26398.0
Karnataka,BAGALKOT,2014,Maize,9746.0
Karnataka,BAGALKOT,2014,Onion,2880.0
Karnataka,BAGALKOT,2014,Sunflower,1939.0
Karnataka,BAGALKOT,2014,Coconut ,6630.0
Karnataka,BAGALKOT,2014,Coriander,42.0
Karnataka,BAGALKOT,2014,Dry ginger,3892.0
Karnataka,BAGALKOT,2014,Sugarcane,10234431.0
Karnataka,BAGALKOT,2014,Turmeric,15005.0
Karnataka,BANGALORE RURAL,1997,Paddy,39367.0
Karnataka,BANGALORE RURAL,1997,Rice,26256.0
Karnataka,BANGALORE RURAL,1997,Paddy,632.0
Karnataka,BANGALORE RURAL,1997,Rice,422.0
Karnataka,BANGALORE RURAL,1997,Paddy,18588.0
Karnataka,BANGALORE RURAL,1997,Rice,12398.0
Karnataka,BANGALORE RURAL,1998,Arhar/Tur,2151.0
Karnataka,BANGALORE RURAL,1998,Castor seed,3840.0
Karnataka,BANGALORE RURAL,1998,Dry ginger,397.0
Karnataka,BANGALORE RURAL,1998,Groundnut,24490.0
Karnataka,BANGALORE RURAL,1998,Horse-gram,2695.0
Karnataka,BANGALORE RURAL,1998,Maize,15072.0
Karnataka,BANGALORE RURAL,1998,Moong(Green Gram),66.0
Karnataka,BANGALORE RURAL,1998,Niger seed,642.0
Karnataka,BANGALORE RURAL,1998,Onion,322.0
Karnataka,BANGALORE RURAL,1998,Peas & beans (Pulses),2514.0
Karnataka,BANGALORE RURAL,1998,Potato,9203.0
Karnataka,BANGALORE RURAL,1998,Ragi,242901.0
Karnataka,BANGALORE RURAL,1998,Rapeseed &Mustard,412.0
Karnataka,BANGALORE RURAL,1998,Rice,39567.0
Karnataka,BANGALORE RURAL,1998,Sesamum,504.0
Karnataka,BANGALORE RURAL,1998,Soyabean,53.0
Karnataka,BANGALORE RURAL,1998,Sunflower,43.0
Karnataka,BANGALORE RURAL,1998,Gram,35.0
Karnataka,BANGALORE RURAL,1998,Groundnut,1319.0
Karnataka,BANGALORE RURAL,1998,Horse-gram,2236.0
Karnataka,BANGALORE RURAL,1998,Maize,139.0
Karnataka,BANGALORE RURAL,1998,Peas & beans (Pulses),272.0
Karnataka,BANGALORE RURAL,1998,Potato,4672.0
Karnataka,BANGALORE RURAL,1998,Ragi,314.0
Karnataka,BANGALORE RURAL,1998,Sunflower,17.0
Karnataka,BANGALORE RURAL,1998,Maize,978.0
Karnataka,BANGALORE RURAL,1998,Onion,1861.0
Karnataka,BANGALORE RURAL,1998,Peas & beans (Pulses),2386.0
Karnataka,BANGALORE RURAL,1998,Potato,10664.0
Karnataka,BANGALORE RURAL,1998,Ragi,3946.0
Karnataka,BANGALORE RURAL,1998,Rice,21506.0
Karnataka,BANGALORE RURAL,1998,Sunflower,38.0
Karnataka,BANGALORE RURAL,1998,Arecanut,3226.0
Karnataka,BANGALORE RURAL,1998,Coconut ,67405.0
Karnataka,BANGALORE RURAL,1998,Coriander,14.0
Karnataka,BANGALORE RURAL,1998,Dry chillies,627.0
Karnataka,BANGALORE RURAL,1998,Garlic,33.0
Karnataka,BANGALORE RURAL,1998,Turmeric,197.0
Karnataka,BANGALORE RURAL,1999,Arhar/Tur,3473.0
Karnataka,BANGALORE RURAL,1999,Castor seed,3434.0
Karnataka,BANGALORE RURAL,1999,Dry ginger,374.0
Karnataka,BANGALORE RURAL,1999,Groundnut,14273.0
Karnataka,BANGALORE RURAL,1999,Horse-gram,3395.0
Karnataka,BANGALORE RURAL,1999,Maize,15076.0
Karnataka,BANGALORE RURAL,1999,Moong(Green Gram),109.0
Karnataka,BANGALORE RURAL,1999,Niger seed,764.0
Karnataka,BANGALORE RURAL,1999,Other Kharif pulses,946.0
Karnataka,BANGALORE RURAL,1999,Ragi,302839.0
Karnataka,BANGALORE RURAL,1999,Rice,32410.0
Karnataka,BANGALORE RURAL,1999,Sesamum,1451.0
Karnataka,BANGALORE RURAL,1999,Small millets,210.0
Karnataka,BANGALORE RURAL,1999,Soyabean,17.0
Karnataka,BANGALORE RURAL,1999,Sunflower,49.0
Karnataka,BANGALORE RURAL,1999,Urad,96.0
Karnataka,BANGALORE RURAL,1999,Gram,22.0
Karnataka,BANGALORE RURAL,1999,Groundnut,536.0
Karnataka,BANGALORE RURAL,1999,Horse-gram,4148.0
Karnataka,BANGALORE RURAL,1999,Maize,149.0
Karnataka,BANGALORE RURAL,1999,Moong(Green Gram),9.0
Karnataka,BANGALORE RURAL,1999,Other  Rabi pulses,78.0
Karnataka,BANGALORE RURAL,1999,Ragi,560.0
Karnataka,BANGALORE RURAL,1999,Rapeseed &Mustard,455.0
Karnataka,BANGALORE RURAL,1999,Rice,1729.0
Karnataka,BANGALORE RURAL,1999,Sunflower,77.0
Karnataka,BANGALORE RURAL,1999,Urad,1.0
Karnataka,BANGALORE RURAL,1999,Wheat,5.0
Karnataka,BANGALORE RURAL,1999,Maize,353.0
Karnataka,BANGALORE RURAL,1999,Ragi,4859.0
Karnataka,BANGALORE RURAL,1999,Rice,21764.0
Karnataka,BANGALORE RURAL,1999,Sunflower,16.0
Karnataka,BANGALORE RURAL,1999,Banana,46158.0
Karnataka,BANGALORE RURAL,1999,Black pepper,12.0
Karnataka,BANGALORE RURAL,1999,Coconut ,70228.0
Karnataka,BANGALORE RURAL,1999,Coriander,15.0
Karnataka,BANGALORE RURAL,1999,Dry chillies,655.0
Karnataka,BANGALORE RURAL,1999,Garlic,21.0
Karnataka,BANGALORE RURAL,1999,Onion,399.0
Karnataka,BANGALORE RURAL,1999,Potato,14644.0
Karnataka,BANGALORE RURAL,1999,Sugarcane,149439.0
Karnataka,BANGALORE RURAL,1999,Sweet potato,273.0
Karnataka,BANGALORE RURAL,1999,Tapioca,1254.0
Karnataka,BANGALORE RURAL,1999,Turmeric,212.0
Karnataka,BANGALORE RURAL,2000,Arhar/Tur,3407.0
Karnataka,BANGALORE RURAL,2000,Castor seed,5974.0
Karnataka,BANGALORE RURAL,2000,Dry ginger,432.0
Karnataka,BANGALORE RURAL,2000,Groundnut,16596.0
Karnataka,BANGALORE RURAL,2000,Horse-gram,6517.0
Karnataka,BANGALORE RURAL,2000,Maize,15845.0
Karnataka,BANGALORE RURAL,2000,Moong(Green Gram),151.0
Karnataka,BANGALORE RURAL,2000,Niger seed,727.0
Karnataka,BANGALORE RURAL,2000,Other Kharif pulses,3766.0
Karnataka,BANGALORE RURAL,2000,Ragi,301161.0
Karnataka,BANGALORE RURAL,2000,Rice,37089.0
Karnataka,BANGALORE RURAL,2000,Sesamum,1441.0
Karnataka,BANGALORE RURAL,2000,Small millets,243.0
Karnataka,BANGALORE RURAL,2000,Soyabean,15.0
Karnataka,BANGALORE RURAL,2000,Sunflower,27.0
Karnataka,BANGALORE RURAL,2000,Urad,111.0
Karnataka,BANGALORE RURAL,2000,Gram,13.0
Karnataka,BANGALORE RURAL,2000,Groundnut,1055.0
Karnataka,BANGALORE RURAL,2000,Horse-gram,994.0
Karnataka,BANGALORE RURAL,2000,Maize,53.0
Karnataka,BANGALORE RURAL,2000,Moong(Green Gram),2.0
Karnataka,BANGALORE RURAL,2000,Other  Rabi pulses,41.0
Karnataka,BANGALORE RURAL,2000,Ragi,438.0
Karnataka,BANGALORE RURAL,2000,Rapeseed &Mustard,479.0
Karnataka,BANGALORE RURAL,2000,Rice,1532.0
Karnataka,BANGALORE RURAL,2000,Sunflower,12.0
Karnataka,BANGALORE RURAL,2000,Urad,2.0
Karnataka,BANGALORE RURAL,2000,Maize,796.0
Karnataka,BANGALORE RURAL,2000,Ragi,2853.0
Karnataka,BANGALORE RURAL,2000,Rice,18490.0
Karnataka,BANGALORE RURAL,2000,Sunflower,73.0
Karnataka,BANGALORE RURAL,2000,Arecanut,719.0
Karnataka,BANGALORE RURAL,2000,Banana,31503.0
Karnataka,BANGALORE RURAL,2000,Black pepper,19.0
Karnataka,BANGALORE RURAL,2000,Coconut ,71999.0
Karnataka,BANGALORE RURAL,2000,Coriander,14.0
Karnataka,BANGALORE RURAL,2000,Dry chillies,597.0
Karnataka,BANGALORE RURAL,2000,Garlic,3.0
Karnataka,BANGALORE RURAL,2000,Onion,288.0
Karnataka,BANGALORE RURAL,2000,Potato,29280.0
Karnataka,BANGALORE RURAL,2000,Sugarcane,158825.0
Karnataka,BANGALORE RURAL,2000,Sweet potato,298.0
Karnataka,BANGALORE RURAL,2000,Tapioca,1260.0
Karnataka,BANGALORE RURAL,2000,Turmeric,678.0
Karnataka,BANGALORE RURAL,2001,Arhar/Tur,2798.0
Karnataka,BANGALORE RURAL,2001,Castor seed,4967.0
Karnataka,BANGALORE RURAL,2001,Dry ginger,689.0
Karnataka,BANGALORE RURAL,2001,Groundnut,14116.0
Karnataka,BANGALORE RURAL,2001,Horse-gram,4701.0
Karnataka,BANGALORE RURAL,2001,Maize,23718.0
Karnataka,BANGALORE RURAL,2001,Moong(Green Gram),24.0
Karnataka,BANGALORE RURAL,2001,Niger seed,641.0
Karnataka,BANGALORE RURAL,2001,Other Kharif pulses,2793.0
Karnataka,BANGALORE RURAL,2001,Ragi,283423.0
Karnataka,BANGALORE RURAL,2001,Rice,28322.0
Karnataka,BANGALORE RURAL,2001,Sesamum,986.0
Karnataka,BANGALORE RURAL,2001,Small millets,383.0
Karnataka,BANGALORE RURAL,2001,Sunflower,32.0
Karnataka,BANGALORE RURAL,2001,Urad,30.0
Karnataka,BANGALORE RURAL,2001,Gram,7.0
Karnataka,BANGALORE RURAL,2001,Horse-gram,2363.0
Karnataka,BANGALORE RURAL,2001,Maize,91.0
Karnataka,BANGALORE RURAL,2001,Moong(Green Gram),1.0
Karnataka,BANGALORE RURAL,2001,Other  Rabi pulses,26.0
Karnataka,BANGALORE RURAL,2001,Ragi,230.0
Karnataka,BANGALORE RURAL,2001,Rapeseed &Mustard,573.0
Karnataka,BANGALORE RURAL,2001,Rice,324.0
Karnataka,BANGALORE RURAL,2001,Sunflower,2.0
Karnataka,BANGALORE RURAL,2001,Urad,0.1
Karnataka,BANGALORE RURAL,2001,Maize,1097.0
Karnataka,BANGALORE RURAL,2001,Ragi,1137.0
Karnataka,BANGALORE RURAL,2001,Rice,7891.0
Karnataka,BANGALORE RURAL,2001,Sunflower,33.0
Karnataka,BANGALORE RURAL,2001,Arecanut,2557.0
Karnataka,BANGALORE RURAL,2001,Black pepper,12.0
Karnataka,BANGALORE RURAL,2001,Coconut ,78614.0
Karnataka,BANGALORE RURAL,2001,Coriander,1.0
Karnataka,BANGALORE RURAL,2001,Dry chillies,1226.0
Karnataka,BANGALORE RURAL,2001,Onion,463.0
Karnataka,BANGALORE RURAL,2001,Peas & beans (Pulses),4498.0
Karnataka,BANGALORE RURAL,2001,Potato,27066.0
Karnataka,BANGALORE RURAL,2001,Sugarcane,129846.0
Karnataka,BANGALORE RURAL,2001,Turmeric,203.0
Karnataka,BANGALORE RURAL,2002,Arhar/Tur,1278.0
Karnataka,BANGALORE RURAL,2002,Castor seed,4364.0
Karnataka,BANGALORE RURAL,2002,Dry ginger,350.0
Karnataka,BANGALORE RURAL,2002,Groundnut,10261.0
Karnataka,BANGALORE RURAL,2002,Horse-gram,6828.0
Karnataka,BANGALORE RURAL,2002,Maize,14820.0
Karnataka,BANGALORE RURAL,2002,Moong(Green Gram),1.0
Karnataka,BANGALORE RURAL,2002,Niger seed,368.0
Karnataka,BANGALORE RURAL,2002,Other Kharif pulses,520.0
Karnataka,BANGALORE RURAL,2002,Ragi,97923.0
Karnataka,BANGALORE RURAL,2002,Rice,12953.0
Karnataka,BANGALORE RURAL,2002,Sesamum,46.0
Karnataka,BANGALORE RURAL,2002,Sunflower,6.0
Karnataka,BANGALORE RURAL,2002,Urad,4.0
Karnataka,BANGALORE RURAL,2002,Groundnut,63.0
Karnataka,BANGALORE RURAL,2002,Horse-gram,1395.0
Karnataka,BANGALORE RURAL,2002,Maize,502.0
Karnataka,BANGALORE RURAL,2002,Other  Rabi pulses,9.0
Karnataka,BANGALORE RURAL,2002,Ragi,671.0
Karnataka,BANGALORE RURAL,2002,Rapeseed &Mustard,311.0
Karnataka,BANGALORE RURAL,2002,Rice,67.0
Karnataka,BANGALORE RURAL,2002,Sunflower,7.0
Karnataka,BANGALORE RURAL,2002,Maize,268.0
Karnataka,BANGALORE RURAL,2002,Ragi,489.0
Karnataka,BANGALORE RURAL,2002,Rice,1192.0
Karnataka,BANGALORE RURAL,2002,Sunflower,2.0
Karnataka,BANGALORE RURAL,2002,Arcanut (Processed),2663.0
Karnataka,BANGALORE RURAL,2002,Atcanut (Raw),12823.0
Karnataka,BANGALORE RURAL,2002,Banana,25082.0
Karnataka,BANGALORE RURAL,2002,Beans & Mutter(Vegetable),2086.0
Karnataka,BANGALORE RURAL,2002,Black pepper,5.0
Karnataka,BANGALORE RURAL,2002,Brinjal,2001.0
Karnataka,BANGALORE RURAL,2002,Cashewnut Processed,3.0
Karnataka,BANGALORE RURAL,2002,Cashewnut Raw,12.0
Karnataka,BANGALORE RURAL,2002,Citrus Fruit,146.0
Karnataka,BANGALORE RURAL,2002,Coconut ,76744.0
Karnataka,BANGALORE RURAL,2002,Dry chillies,336.0
Karnataka,BANGALORE RURAL,2002,Grapes,37326.0
Karnataka,BANGALORE RURAL,2002,Mango,159666.0
Karnataka,BANGALORE RURAL,2002,Onion,60.0
Karnataka,BANGALORE RURAL,2002,Other Fresh Fruits,3542.0
Karnataka,BANGALORE RURAL,2002,Papaya,173.0
Karnataka,BANGALORE RURAL,2002,Pome Fruit,14188.0
Karnataka,BANGALORE RURAL,2002,Potato,5258.0
Karnataka,BANGALORE RURAL,2002,Sugarcane,180522.0
Karnataka,BANGALORE RURAL,2002,Sweet potato,101.0
Karnataka,BANGALORE RURAL,2002,Tapioca,1804.0
Karnataka,BANGALORE RURAL,2002,Tomato,26197.0
Karnataka,BANGALORE RURAL,2002,Turmeric,113.0
Karnataka,BANGALORE RURAL,2003,Arhar/Tur,1842.0
Karnataka,BANGALORE RURAL,2003,Castor seed,6813.0
Karnataka,BANGALORE RURAL,2003,Dry ginger,537.0
Karnataka,BANGALORE RURAL,2003,Groundnut,9735.0
Karnataka,BANGALORE RURAL,2003,Horse-gram,6606.0
Karnataka,BANGALORE RURAL,2003,Maize,32208.0
Karnataka,BANGALORE RURAL,2003,Moong(Green Gram),3.0
Karnataka,BANGALORE RURAL,2003,Niger seed,401.0
Karnataka,BANGALORE RURAL,2003,Other Kharif pulses,2090.0
Karnataka,BANGALORE RURAL,2003,Ragi,253694.0
Karnataka,BANGALORE RURAL,2003,Rice,13878.0
Karnataka,BANGALORE RURAL,2003,Sesamum,204.0
Karnataka,BANGALORE RURAL,2003,Sunflower,2.0
Karnataka,BANGALORE RURAL,2003,Urad,26.0
Karnataka,BANGALORE RURAL,2003,Gram,22.0
Karnataka,BANGALORE RURAL,2003,Groundnut,410.0
Karnataka,BANGALORE RURAL,2003,Horse-gram,2810.0
Karnataka,BANGALORE RURAL,2003,Maize,230.0
Karnataka,BANGALORE RURAL,2003,Other  Rabi pulses,21.0
Karnataka,BANGALORE RURAL,2003,Ragi,225.0
Karnataka,BANGALORE RURAL,2003,Rapeseed &Mustard,447.0
Karnataka,BANGALORE RURAL,2003,Rice,711.0
Karnataka,BANGALORE RURAL,2003,Sunflower,99.0
Karnataka,BANGALORE RURAL,2003,Maize,259.0
Karnataka,BANGALORE RURAL,2003,Ragi,534.0
Karnataka,BANGALORE RURAL,2003,Rice,1920.0
Karnataka,BANGALORE RURAL,2003,Sunflower,218.0
Karnataka,BANGALORE RURAL,2003,Arecanut,2795.0
Karnataka,BANGALORE RURAL,2003,Banana,21873.0
Karnataka,BANGALORE RURAL,2003,Beans & Mutter(Vegetable),2708.0
Karnataka,BANGALORE RURAL,2003,Black pepper,7.0
Karnataka,BANGALORE RURAL,2003,Brinjal,1871.0
Karnataka,BANGALORE RURAL,2003,Citrus Fruit,395.0
Karnataka,BANGALORE RURAL,2003,Coconut ,72106.0
Karnataka,BANGALORE RURAL,2003,Dry chillies,270.0
Karnataka,BANGALORE RURAL,2003,Grapes,37529.0
Karnataka,BANGALORE RURAL,2003,Mango,81689.0
Karnataka,BANGALORE RURAL,2003,Onion,49.0
Karnataka,BANGALORE RURAL,2003,Other Fresh Fruits,4867.0
Karnataka,BANGALORE RURAL,2003,Pome Fruit,10499.0
Karnataka,BANGALORE RURAL,2003,Potato,20886.0
Karnataka,BANGALORE RURAL,2003,Sugarcane,39728.0
Karnataka,BANGALORE RURAL,2003,Sweet potato,89.0
Karnataka,BANGALORE RURAL,2003,Tapioca,1518.0
Karnataka,BANGALORE RURAL,2003,Tomato,16441.0
Karnataka,BANGALORE RURAL,2003,Turmeric,1392.0
Karnataka,BANGALORE RURAL,2004,Arhar/Tur,4269.0
Karnataka,BANGALORE RURAL,2004,Castor seed,2640.0
Karnataka,BANGALORE RURAL,2004,Dry ginger,595.0
Karnataka,BANGALORE RURAL,2004,Groundnut,22683.0
Karnataka,BANGALORE RURAL,2004,Horse-gram,6270.0
Karnataka,BANGALORE RURAL,2004,Maize,24105.0
Karnataka,BANGALORE RURAL,2004,Moong(Green Gram),10.0
Karnataka,BANGALORE RURAL,2004,Niger seed,404.0
Karnataka,BANGALORE RURAL,2004,Other Kharif pulses,2551.68
Karnataka,BANGALORE RURAL,2004,Ragi,346941.0
Karnataka,BANGALORE RURAL,2004,Rice,23767.63
Karnataka,BANGALORE RURAL,2004,Sesamum,795.0
Karnataka,BANGALORE RURAL,2004,Sunflower,40.0
Karnataka,BANGALORE RURAL,2004,Urad,9.0
Karnataka,BANGALORE RURAL,2004,Gram,73.0
Karnataka,BANGALORE RURAL,2004,Groundnut,425.0
Karnataka,BANGALORE RURAL,2004,Horse-gram,1876.0
Karnataka,BANGALORE RURAL,2004,Maize,219.0
Karnataka,BANGALORE RURAL,2004,Other  Rabi pulses,30.0
Karnataka,BANGALORE RURAL,2004,Ragi,238.0
Karnataka,BANGALORE RURAL,2004,Rapeseed &Mustard,456.0
Karnataka,BANGALORE RURAL,2004,Rice,17.0
Karnataka,BANGALORE RURAL,2004,Sunflower,121.0
Karnataka,BANGALORE RURAL,2004,Maize,615.0
Karnataka,BANGALORE RURAL,2004,Ragi,830.0
Karnataka,BANGALORE RURAL,2004,Rice,3579.0
Karnataka,BANGALORE RURAL,2004,Sunflower,295.0
Karnataka,BANGALORE RURAL,2004,Arecanut,2763.0
Karnataka,BANGALORE RURAL,2004,Banana,53351.0
Karnataka,BANGALORE RURAL,2004,Black pepper,63.0
Karnataka,BANGALORE RURAL,2004,Coconut ,715966.02
Karnataka,BANGALORE RURAL,2004,Dry chillies,625.0
Karnataka,BANGALORE RURAL,2004,Onion,319.0
Karnataka,BANGALORE RURAL,2004,Potato,22458.0
Karnataka,BANGALORE RURAL,2004,Sweet potato,127.0
Karnataka,BANGALORE RURAL,2004,Tapioca,1579.0
Karnataka,BANGALORE RURAL,2004,Turmeric,57.0
Karnataka,BANGALORE RURAL,2005,Arhar/Tur,3429.0
Karnataka,BANGALORE RURAL,2005,Bajra,19.0
Karnataka,BANGALORE RURAL,2005,Castor seed,7396.0
Karnataka,BANGALORE RURAL,2005,Dry chillies,750.0
Karnataka,BANGALORE RURAL,2005,Groundnut,10850.0
Karnataka,BANGALORE RURAL,2005,Horse-gram,4371.0
Karnataka,BANGALORE RURAL,2005,Maize,37685.0
Karnataka,BANGALORE RURAL,2005,Moong(Green Gram),7.0
Karnataka,BANGALORE RURAL,2005,Niger seed,532.0
Karnataka,BANGALORE RURAL,2005,Onion,418.0
Karnataka,BANGALORE RURAL,2005,Other Kharif pulses,2178.0
Karnataka,BANGALORE RURAL,2005,Peas & beans (Pulses),974.0
Karnataka,BANGALORE RURAL,2005,Potato,1312.0
Karnataka,BANGALORE RURAL,2005,Ragi,287063.0
Karnataka,BANGALORE RURAL,2005,Rice,22181.0
Karnataka,BANGALORE RURAL,2005,Sesamum,2742.0
Karnataka,BANGALORE RURAL,2005,Small millets,136.0
Karnataka,BANGALORE RURAL,2005,Sunflower,73.0
Karnataka,BANGALORE RURAL,2005,Urad,5.0
Karnataka,BANGALORE RURAL,2005,Dry chillies,57.0
Karnataka,BANGALORE RURAL,2005,Gram,55.0
Karnataka,BANGALORE RURAL,2005,Groundnut,101.0
Karnataka,BANGALORE RURAL,2005,Horse-gram,2104.0
Karnataka,BANGALORE RURAL,2005,Maize,497.0
Karnataka,BANGALORE RURAL,2005,Onion,166.0
Karnataka,BANGALORE RURAL,2005,Other  Rabi pulses,24.0
Karnataka,BANGALORE RURAL,2005,Peas & beans (Pulses),1179.0
Karnataka,BANGALORE RURAL,2005,Potato,17452.0
Karnataka,BANGALORE RURAL,2005,Ragi,436.0
Karnataka,BANGALORE RURAL,2005,Rapeseed &Mustard,509.0
Karnataka,BANGALORE RURAL,2005,Rice,40.0
Karnataka,BANGALORE RURAL,2005,Sunflower,4.0
Karnataka,BANGALORE RURAL,2005,Dry chillies,18.0
Karnataka,BANGALORE RURAL,2005,Maize,1144.0
Karnataka,BANGALORE RURAL,2005,Onion,83.0
Karnataka,BANGALORE RURAL,2005,Peas & beans (Pulses),207.0
Karnataka,BANGALORE RURAL,2005,Potato,1389.0
Karnataka,BANGALORE RURAL,2005,Ragi,1109.0
Karnataka,BANGALORE RURAL,2005,Rice,6511.0
Karnataka,BANGALORE RURAL,2005,Sunflower,300.0
Karnataka,BANGALORE RURAL,2005,Arecanut,14137.0
Karnataka,BANGALORE RURAL,2005,Banana,48182.0
Karnataka,BANGALORE RURAL,2005,Black pepper,2.0
Karnataka,BANGALORE RURAL,2005,Cardamom,
Karnataka,BANGALORE RURAL,2005,Coconut ,68954.0
Karnataka,BANGALORE RURAL,2005,Coriander,13.0
Karnataka,BANGALORE RURAL,2005,Dry ginger,817.0
Karnataka,BANGALORE RURAL,2005,Garlic,9.0
Karnataka,BANGALORE RURAL,2005,Sugarcane,29244.0
Karnataka,BANGALORE RURAL,2005,Sweet potato,139.0
Karnataka,BANGALORE RURAL,2005,Tapioca,73.0
Karnataka,BANGALORE RURAL,2005,Turmeric,96.0
Karnataka,BANGALORE RURAL,2006,Arhar/Tur,1715.0
Karnataka,BANGALORE RURAL,2006,Bajra,3.0
Karnataka,BANGALORE RURAL,2006,Castor seed,2990.0
Karnataka,BANGALORE RURAL,2006,Gram,6.0
Karnataka,BANGALORE RURAL,2006,Groundnut,4094.0
Karnataka,BANGALORE RURAL,2006,Horse-gram,1539.0
Karnataka,BANGALORE RURAL,2006,Maize,23981.0
Karnataka,BANGALORE RURAL,2006,Moong(Green Gram),8.0
Karnataka,BANGALORE RURAL,2006,Niger seed,339.0
Karnataka,BANGALORE RURAL,2006,Other Kharif pulses,14192.0
Karnataka,BANGALORE RURAL,2006,Ragi,101013.0
Karnataka,BANGALORE RURAL,2006,Rapeseed &Mustard,367.0
Karnataka,BANGALORE RURAL,2006,Rice,14919.0
Karnataka,BANGALORE RURAL,2006,Sesamum,632.0
Karnataka,BANGALORE RURAL,2006,Small millets,21.0
Karnataka,BANGALORE RURAL,2006,Sunflower,60.0
Karnataka,BANGALORE RURAL,2006,Urad,6.0
Karnataka,BANGALORE RURAL,2006,Gram,17.0
Karnataka,BANGALORE RURAL,2006,Groundnut,20.0
Karnataka,BANGALORE RURAL,2006,Horse-gram,2347.0
Karnataka,BANGALORE RURAL,2006,Maize,504.0
Karnataka,BANGALORE RURAL,2006,Other  Rabi pulses,57.0
Karnataka,BANGALORE RURAL,2006,Ragi,513.0
Karnataka,BANGALORE RURAL,2006,Rice,30.0
Karnataka,BANGALORE RURAL,2006,Sunflower,8.0
Karnataka,BANGALORE RURAL,2006,Maize,330.0
Karnataka,BANGALORE RURAL,2006,Ragi,542.0
Karnataka,BANGALORE RURAL,2006,Rice,545.0
Karnataka,BANGALORE RURAL,2006,Sunflower,59.0
Karnataka,BANGALORE RURAL,2006,Arecanut,3157.0
Karnataka,BANGALORE RURAL,2006,Banana,264763.0
Karnataka,BANGALORE RURAL,2006,Coconut ,69333.0
Karnataka,BANGALORE RURAL,2006,Coriander,11.0
Karnataka,BANGALORE RURAL,2006,Dry chillies,757.0
Karnataka,BANGALORE RURAL,2006,Dry ginger,992.0
Karnataka,BANGALORE RURAL,2006,Garlic,5.0
Karnataka,BANGALORE RURAL,2006,Onion,346.0
Karnataka,BANGALORE RURAL,2006,Potato,41882.0
Karnataka,BANGALORE RURAL,2006,Sugarcane,169866.0
Karnataka,BANGALORE RURAL,2006,Sweet potato,114.0
Karnataka,BANGALORE RURAL,2006,Tapioca,22.0
Karnataka,BANGALORE RURAL,2006,Turmeric,121.0
Karnataka,BANGALORE RURAL,2007,Arhar/Tur,1069.0
Karnataka,BANGALORE RURAL,2007,Bajra,3.0
Karnataka,BANGALORE RURAL,2007,Castor seed,256.0
Karnataka,BANGALORE RURAL,2007,Dry chillies,303.0
Karnataka,BANGALORE RURAL,2007,Groundnut,617.0
Karnataka,BANGALORE RURAL,2007,Horse-gram,933.0
Karnataka,BANGALORE RURAL,2007,Maize,38651.0
Karnataka,BANGALORE RURAL,2007,Moong(Green Gram),1.0
Karnataka,BANGALORE RURAL,2007,Niger seed,275.0
Karnataka,BANGALORE RURAL,2007,Onion,298.0
Karnataka,BANGALORE RURAL,2007,Other Kharif pulses,4476.0
Karnataka,BANGALORE RURAL,2007,Potato,758.0
Karnataka,BANGALORE RURAL,2007,Ragi,110869.0
Karnataka,BANGALORE RURAL,2007,Rapeseed &Mustard,268.0
Karnataka,BANGALORE RURAL,2007,Rice,5928.0
Karnataka,BANGALORE RURAL,2007,Sesamum,7.0
Karnataka,BANGALORE RURAL,2007,Small millets,6.0
Karnataka,BANGALORE RURAL,2007,Sunflower,25.0
Karnataka,BANGALORE RURAL,2007,Urad,2.0
Karnataka,BANGALORE RURAL,2007,Dry chillies,10.0
Karnataka,BANGALORE RURAL,2007,Gram,56.0
Karnataka,BANGALORE RURAL,2007,Groundnut,48.0
Karnataka,BANGALORE RURAL,2007,Horse-gram,510.0
Karnataka,BANGALORE RURAL,2007,Maize,393.0
Karnataka,BANGALORE RURAL,2007,Onion,67.0
Karnataka,BANGALORE RURAL,2007,Other  Rabi pulses,25.0
Karnataka,BANGALORE RURAL,2007,Potato,12920.0
Karnataka,BANGALORE RURAL,2007,Ragi,234.0
Karnataka,BANGALORE RURAL,2007,Rice,35.0
Karnataka,BANGALORE RURAL,2007,Sunflower,68.0
Karnataka,BANGALORE RURAL,2007,Dry chillies,34.0
Karnataka,BANGALORE RURAL,2007,Maize,274.0
Karnataka,BANGALORE RURAL,2007,Onion,25.0
Karnataka,BANGALORE RURAL,2007,Potato,2668.0
Karnataka,BANGALORE RURAL,2007,Ragi,289.0
Karnataka,BANGALORE RURAL,2007,Rice,305.0
Karnataka,BANGALORE RURAL,2007,Sunflower,66.0
Karnataka,BANGALORE RURAL,2007,Arecanut,9274.0
Karnataka,BANGALORE RURAL,2007,Banana,34141.0
Karnataka,BANGALORE RURAL,2007,Black pepper,3.0
Karnataka,BANGALORE RURAL,2007,Coconut ,20188.0
Karnataka,BANGALORE RURAL,2007,Coriander,33.0
Karnataka,BANGALORE RURAL,2007,Dry ginger,1375.0
Karnataka,BANGALORE RURAL,2007,Garlic,4.0
Karnataka,BANGALORE RURAL,2007,Sugarcane,676.0
Karnataka,BANGALORE RURAL,2007,Sweet potato,32.0
Karnataka,BANGALORE RURAL,2007,Tapioca,44.0
Karnataka,BANGALORE RURAL,2007,Turmeric,62.0
Karnataka,BANGALORE RURAL,2008,Arhar/Tur,1419.0
Karnataka,BANGALORE RURAL,2008,Bajra,2.0
Karnataka,BANGALORE RURAL,2008,Castor seed,322.0
Karnataka,BANGALORE RURAL,2008,Dry chillies,263.0
Karnataka,BANGALORE RURAL,2008,Groundnut,699.0
Karnataka,BANGALORE RURAL,2008,Horse-gram,1353.0
Karnataka,BANGALORE RURAL,2008,Maize,48324.0
Karnataka,BANGALORE RURAL,2008,Moong(Green Gram),2.0
Karnataka,BANGALORE RURAL,2008,Niger seed,220.0
Karnataka,BANGALORE RURAL,2008,Onion,342.0
Karnataka,BANGALORE RURAL,2008,Other Kharif pulses,3906.0
Karnataka,BANGALORE RURAL,2008,Potato,362.0
Karnataka,BANGALORE RURAL,2008,Ragi,100903.0
Karnataka,BANGALORE RURAL,2008,Rice,7753.48
Karnataka,BANGALORE RURAL,2008,Sesamum,1.0
Karnataka,BANGALORE RURAL,2008,Sunflower,11.0
Karnataka,BANGALORE RURAL,2008,Urad,9.0
Karnataka,BANGALORE RURAL,2008,Dry chillies,36.0
Karnataka,BANGALORE RURAL,2008,Gram,44.0
Karnataka,BANGALORE RURAL,2008,Groundnut,17.0
Karnataka,BANGALORE RURAL,2008,Horse-gram,425.0
Karnataka,BANGALORE RURAL,2008,Maize,268.0
Karnataka,BANGALORE RURAL,2008,Onion,127.0
Karnataka,BANGALORE RURAL,2008,Other  Rabi pulses,30.0
Karnataka,BANGALORE RURAL,2008,Potato,16522.0
Karnataka,BANGALORE RURAL,2008,Ragi,441.0
Karnataka,BANGALORE RURAL,2008,Rapeseed &Mustard,327.0
Karnataka,BANGALORE RURAL,2008,Rice,26.0
Karnataka,BANGALORE RURAL,2008,Sunflower,75.0
Karnataka,BANGALORE RURAL,2008,Dry chillies,52.0
Karnataka,BANGALORE RURAL,2008,Maize,478.0
Karnataka,BANGALORE RURAL,2008,Onion,93.0
Karnataka,BANGALORE RURAL,2008,Potato,2708.0
Karnataka,BANGALORE RURAL,2008,Ragi,432.0
Karnataka,BANGALORE RURAL,2008,Rice,1326.0
Karnataka,BANGALORE RURAL,2008,Sunflower,200.0
Karnataka,BANGALORE RURAL,2008,Arecanut,9011.0
Karnataka,BANGALORE RURAL,2008,Banana,26183.0
Karnataka,BANGALORE RURAL,2008,Black pepper,4.0
Karnataka,BANGALORE RURAL,2008,Cardamom,
Karnataka,BANGALORE RURAL,2008,Cashewnut,27.05
Karnataka,BANGALORE RURAL,2008,Coconut ,27588.0
Karnataka,BANGALORE RURAL,2008,Coriander,30.0
Karnataka,BANGALORE RURAL,2008,Dry ginger,1816.0
Karnataka,BANGALORE RURAL,2008,Garlic,7.0
Karnataka,BANGALORE RURAL,2008,Sugarcane,8040.0
Karnataka,BANGALORE RURAL,2008,Sweet potato,91.0
Karnataka,BANGALORE RURAL,2008,Tapioca,29.0
Karnataka,BANGALORE RURAL,2008,Turmeric,29.0
Karnataka,BANGALORE RURAL,2009,Arhar/Tur,1069.0
Karnataka,BANGALORE RURAL,2009,Bajra,2.0
Karnataka,BANGALORE RURAL,2009,Castor seed,196.0
Karnataka,BANGALORE RURAL,2009,Gram,1217.0
Karnataka,BANGALORE RURAL,2009,Groundnut,297.0
Karnataka,BANGALORE RURAL,2009,Horse-gram,1217.0
Karnataka,BANGALORE RURAL,2009,Maize,50013.0
Karnataka,BANGALORE RURAL,2009,Moong(Green Gram),1.0
Karnataka,BANGALORE RURAL,2009,Niger seed,920.0
Karnataka,BANGALORE RURAL,2009,Onion,272.0
Karnataka,BANGALORE RURAL,2009,Other Kharif pulses,3219.0
Karnataka,BANGALORE RURAL,2009,Potato,649.0
Karnataka,BANGALORE RURAL,2009,Ragi,91892.0
Karnataka,BANGALORE RURAL,2009,Rice,6751.18
Karnataka,BANGALORE RURAL,2009,Sesamum,2.0
Karnataka,BANGALORE RURAL,2009,Small millets,4.0
Karnataka,BANGALORE RURAL,2009,Sunflower,3.0
Karnataka,BANGALORE RURAL,2009,Urad,1.0
Karnataka,BANGALORE RURAL,2009,Dry chillies,63.0
Karnataka,BANGALORE RURAL,2009,Gram,786.0
Karnataka,BANGALORE RURAL,2009,Groundnut,27.0
Karnataka,BANGALORE RURAL,2009,Horse-gram,786.0
Karnataka,BANGALORE RURAL,2009,Maize,98.0
Karnataka,BANGALORE RURAL,2009,Onion,130.0
Karnataka,BANGALORE RURAL,2009,Other  Rabi pulses,27.0
Karnataka,BANGALORE RURAL,2009,Potato,13373.0
Karnataka,BANGALORE RURAL,2009,Ragi,335.0
Karnataka,BANGALORE RURAL,2009,Rapeseed &Mustard,188.0
Karnataka,BANGALORE RURAL,2009,Rice,7.0
Karnataka,BANGALORE RURAL,2009,Sunflower,56.0
Karnataka,BANGALORE RURAL,2009,Dry chillies,74.0
Karnataka,BANGALORE RURAL,2009,Maize,301.0
Karnataka,BANGALORE RURAL,2009,Onion,69.0
Karnataka,BANGALORE RURAL,2009,Potato,2718.0
Karnataka,BANGALORE RURAL,2009,Ragi,268.0
Karnataka,BANGALORE RURAL,2009,Rice,425.0
Karnataka,BANGALORE RURAL,2009,Sunflower,78.0
Karnataka,BANGALORE RURAL,2009,Arecanut,7408.0
Karnataka,BANGALORE RURAL,2009,Banana,39752.0
Karnataka,BANGALORE RURAL,2009,Black pepper,4.0
Karnataka,BANGALORE RURAL,2009,Cashewnut,121.0
Karnataka,BANGALORE RURAL,2009,Coconut ,32024.0
Karnataka,BANGALORE RURAL,2009,Coriander,33.0
Karnataka,BANGALORE RURAL,2009,Dry ginger,2173.0
Karnataka,BANGALORE RURAL,2009,Garlic,8.0
Karnataka,BANGALORE RURAL,2009,Sweet potato,53.0
Karnataka,BANGALORE RURAL,2009,Tapioca,46.0
Karnataka,BANGALORE RURAL,2009,Turmeric,15.0
Karnataka,BANGALORE RURAL,2010,Arhar/Tur,1806.0
Karnataka,BANGALORE RURAL,2010,Bajra,4.0
Karnataka,BANGALORE RURAL,2010,Castor seed,264.0
Karnataka,BANGALORE RURAL,2010,Cowpea(Lobia),999.0
Karnataka,BANGALORE RURAL,2010,Dry chillies,191.0
Karnataka,BANGALORE RURAL,2010,Groundnut,503.0
Karnataka,BANGALORE RURAL,2010,Horse-gram,1015.0
Karnataka,BANGALORE RURAL,2010,Maize,53329.0
Karnataka,BANGALORE RURAL,2010,Moong(Green Gram),6.0
Karnataka,BANGALORE RURAL,2010,Niger seed,168.0
Karnataka,BANGALORE RURAL,2010,Onion,462.0
Karnataka,BANGALORE RURAL,2010,Other Kharif pulses,4480.0
Karnataka,BANGALORE RURAL,2010,Peas & beans (Pulses),4909.0
Karnataka,BANGALORE RURAL,2010,Potato,866.0
Karnataka,BANGALORE RURAL,2010,Ragi,115210.0
Karnataka,BANGALORE RURAL,2010,Rice,4486.0
Karnataka,BANGALORE RURAL,2010,Sesamum,18.0
Karnataka,BANGALORE RURAL,2010,Small millets,7.0
Karnataka,BANGALORE RURAL,2010,Sunflower,9.0
Karnataka,BANGALORE RURAL,2010,Urad,9.0
Karnataka,BANGALORE RURAL,2010,Cowpea(Lobia),1.0
Karnataka,BANGALORE RURAL,2010,Dry chillies,106.0
Karnataka,BANGALORE RURAL,2010,Gram,193.0
Karnataka,BANGALORE RURAL,2010,Groundnut,58.0
Karnataka,BANGALORE RURAL,2010,Horse-gram,486.0
Karnataka,BANGALORE RURAL,2010,Maize,365.0
Karnataka,BANGALORE RURAL,2010,Onion,301.0
Karnataka,BANGALORE RURAL,2010,Other  Rabi pulses,6.0
Karnataka,BANGALORE RURAL,2010,Peas & beans (Pulses),739.0
Karnataka,BANGALORE RURAL,2010,Potato,27142.0
Karnataka,BANGALORE RURAL,2010,Ragi,421.0
Karnataka,BANGALORE RURAL,2010,Rapeseed &Mustard,229.0
Karnataka,BANGALORE RURAL,2010,Sunflower,13.0
Karnataka,BANGALORE RURAL,2010,Wheat,14.0
Karnataka,BANGALORE RURAL,2010,Dry chillies,88.0
Karnataka,BANGALORE RURAL,2010,Maize,357.0
Karnataka,BANGALORE RURAL,2010,Onion,43.0
Karnataka,BANGALORE RURAL,2010,Peas & beans (Pulses),514.0
Karnataka,BANGALORE RURAL,2010,Potato,2076.0
Karnataka,BANGALORE RURAL,2010,Ragi,229.0
Karnataka,BANGALORE RURAL,2010,Rice,501.0
Karnataka,BANGALORE RURAL,2010,Sunflower,12.0
Karnataka,BANGALORE RURAL,2010,Arecanut,13116.0
Karnataka,BANGALORE RURAL,2010,Banana,46157.0
Karnataka,BANGALORE RURAL,2010,Black pepper,0.6
Karnataka,BANGALORE RURAL,2010,Cardamom,
Karnataka,BANGALORE RURAL,2010,Cashewnut,117.0
Karnataka,BANGALORE RURAL,2010,Coconut ,43046.0
Karnataka,BANGALORE RURAL,2010,Coriander,30.0
Karnataka,BANGALORE RURAL,2010,Dry ginger,256.9
Karnataka,BANGALORE RURAL,2010,Garlic,12.0
Karnataka,BANGALORE RURAL,2010,Sugarcane,775.0
Karnataka,BANGALORE RURAL,2010,Sweet potato,41.0
Karnataka,BANGALORE RURAL,2010,Tapioca,55.0
Karnataka,BANGALORE RURAL,2011,Arhar/Tur,1014.0
Karnataka,BANGALORE RURAL,2011,Bajra,3.0
Karnataka,BANGALORE RURAL,2011,Castor seed,170.0
Karnataka,BANGALORE RURAL,2011,Cowpea(Lobia),621.0
Karnataka,BANGALORE RURAL,2011,Dry chillies,245.0
Karnataka,BANGALORE RURAL,2011,Groundnut,540.0
Karnataka,BANGALORE RURAL,2011,Horse-gram,791.0
Karnataka,BANGALORE RURAL,2011,Maize,66335.0
Karnataka,BANGALORE RURAL,2011,Moong(Green Gram),3.0
Karnataka,BANGALORE RURAL,2011,Niger seed,122.0
Karnataka,BANGALORE RURAL,2011,Onion,267.0
Karnataka,BANGALORE RURAL,2011,Other Kharif pulses,3427.0
Karnataka,BANGALORE RURAL,2011,Peas & beans (Pulses),2155.0
Karnataka,BANGALORE RURAL,2011,Potato,1496.0
Karnataka,BANGALORE RURAL,2011,Ragi,100336.0
Karnataka,BANGALORE RURAL,2011,Rice,4836.0
Karnataka,BANGALORE RURAL,2011,Sesamum,12.0
Karnataka,BANGALORE RURAL,2011,Small millets,5.0
Karnataka,BANGALORE RURAL,2011,Sunflower,1.0
Karnataka,BANGALORE RURAL,2011,Urad,3.0
Karnataka,BANGALORE RURAL,2011,Cowpea(Lobia),8.0
Karnataka,BANGALORE RURAL,2011,Dry chillies,92.0
Karnataka,BANGALORE RURAL,2011,Gram,123.0
Karnataka,BANGALORE RURAL,2011,Groundnut,23.0
Karnataka,BANGALORE RURAL,2011,Horse-gram,230.0
Karnataka,BANGALORE RURAL,2011,Maize,323.0
Karnataka,BANGALORE RURAL,2011,Onion,334.0
Karnataka,BANGALORE RURAL,2011,Other  Rabi pulses,20.0
Karnataka,BANGALORE RURAL,2011,Peas & beans (Pulses),329.0
Karnataka,BANGALORE RURAL,2011,Potato,18141.0
Karnataka,BANGALORE RURAL,2011,Ragi,312.0
Karnataka,BANGALORE RURAL,2011,Rapeseed &Mustard,237.0
Karnataka,BANGALORE RURAL,2011,Sunflower,4.0
Karnataka,BANGALORE RURAL,2011,Wheat,7.0
Karnataka,BANGALORE RURAL,2011,Dry chillies,77.0
Karnataka,BANGALORE RURAL,2011,Maize,327.0
Karnataka,BANGALORE RURAL,2011,Onion,25.0
Karnataka,BANGALORE RURAL,2011,Peas & beans (Pulses),1245.0
Karnataka,BANGALORE RURAL,2011,Potato,2164.0
Karnataka,BANGALORE RURAL,2011,Ragi,198.0
Karnataka,BANGALORE RURAL,2011,Rice,521.0
Karnataka,BANGALORE RURAL,2011,Sunflower,13.0
Karnataka,BANGALORE RURAL,2011,Arecanut,13079.0
Karnataka,BANGALORE RURAL,2011,Banana,31914.0
Karnataka,BANGALORE RURAL,2011,Cashewnut,13.0
Karnataka,BANGALORE RURAL,2011,Coconut ,40154.0
Karnataka,BANGALORE RURAL,2011,Coriander,28.0
Karnataka,BANGALORE RURAL,2011,Dry ginger,171.8
Karnataka,BANGALORE RURAL,2011,Garlic,11.0
Karnataka,BANGALORE RURAL,2011,Sweet potato,146.0
Karnataka,BANGALORE RURAL,2011,Tapioca,95.0
Karnataka,BANGALORE RURAL,2011,Turmeric,15.0
Karnataka,BANGALORE RURAL,2012,Arhar/Tur,729.0
Karnataka,BANGALORE RURAL,2012,Bajra,5.0
Karnataka,BANGALORE RURAL,2012,Castor seed,101.0
Karnataka,BANGALORE RURAL,2012,Cowpea(Lobia),136.0
Karnataka,BANGALORE RURAL,2012,Dry chillies,238.0
Karnataka,BANGALORE RURAL,2012,Groundnut,254.0
Karnataka,BANGALORE RURAL,2012,Horse-gram,667.0
Karnataka,BANGALORE RURAL,2012,Maize,33207.0
Karnataka,BANGALORE RURAL,2012,Moong(Green Gram),2.0
Karnataka,BANGALORE RURAL,2012,Niger seed,76.0
Karnataka,BANGALORE RURAL,2012,Onion,223.0
Karnataka,BANGALORE RURAL,2012,Other Kharif pulses,1799.0
Karnataka,BANGALORE RURAL,2012,Potato,1322.0
Karnataka,BANGALORE RURAL,2012,Ragi,92776.0
Karnataka,BANGALORE RURAL,2012,Rapeseed &Mustard,165.0
Karnataka,BANGALORE RURAL,2012,Rice,2796.0
Karnataka,BANGALORE RURAL,2012,Sesamum,7.0
Karnataka,BANGALORE RURAL,2012,Small millets,4.0
Karnataka,BANGALORE RURAL,2012,Sunflower,4.0
Karnataka,BANGALORE RURAL,2012,Urad,5.0
Karnataka,BANGALORE RURAL,2012,Cowpea(Lobia),12.0
Karnataka,BANGALORE RURAL,2012,Gram,25.0
Karnataka,BANGALORE RURAL,2012,Groundnut,98.0
Karnataka,BANGALORE RURAL,2012,Horse-gram,138.0
Karnataka,BANGALORE RURAL,2012,Maize,248.0
Karnataka,BANGALORE RURAL,2012,Onion,46.0
Karnataka,BANGALORE RURAL,2012,Other  Rabi pulses,26.0
Karnataka,BANGALORE RURAL,2012,Potato,7366.0
Karnataka,BANGALORE RURAL,2012,Ragi,177.0
Karnataka,BANGALORE RURAL,2012,Rice,2.0
Karnataka,BANGALORE RURAL,2012,Cowpea(Lobia),1.0
Karnataka,BANGALORE RURAL,2012,Dry chillies,31.0
Karnataka,BANGALORE RURAL,2012,Maize,227.0
Karnataka,BANGALORE RURAL,2012,Onion,57.0
Karnataka,BANGALORE RURAL,2012,Potato,3401.0
Karnataka,BANGALORE RURAL,2012,Ragi,136.0
Karnataka,BANGALORE RURAL,2012,Rice,41.0
Karnataka,BANGALORE RURAL,2012,Sunflower,1.0
Karnataka,BANGALORE RURAL,2012,Arecanut,11076.0
Karnataka,BANGALORE RURAL,2012,Black pepper,3.0
Karnataka,BANGALORE RURAL,2012,Cashewnut,17.0
Karnataka,BANGALORE RURAL,2012,Coconut ,33947.0
Karnataka,BANGALORE RURAL,2012,Coriander,19.0
Karnataka,BANGALORE RURAL,2012,Dry ginger,1083.0
Karnataka,BANGALORE RURAL,2012,Garlic,1.0
Karnataka,BANGALORE RURAL,2012,Sugarcane,251.0
Karnataka,BANGALORE RURAL,2012,Sweet potato,202.0
Karnataka,BANGALORE RURAL,2012,Tapioca,21.0
Karnataka,BANGALORE RURAL,2012,Turmeric,9.0
Karnataka,BANGALORE RURAL,2013,Arhar/Tur,815.0
Karnataka,BANGALORE RURAL,2013,Castor seed,149.0
Karnataka,BANGALORE RURAL,2013,Cotton(lint),6.0
Karnataka,BANGALORE RURAL,2013,Cowpea(Lobia),404.0
Karnataka,BANGALORE RURAL,2013,Dry chillies,514.0
Karnataka,BANGALORE RURAL,2013,Groundnut,103.0
Karnataka,BANGALORE RURAL,2013,Horse-gram,910.0
Karnataka,BANGALORE RURAL,2013,Maize,28931.0
Karnataka,BANGALORE RURAL,2013,Moong(Green Gram),3.0
Karnataka,BANGALORE RURAL,2013,Niger seed,88.0
Karnataka,BANGALORE RURAL,2013,Onion,198.0
Karnataka,BANGALORE RURAL,2013,Other Kharif pulses,1142.0
Karnataka,BANGALORE RURAL,2013,Potato,6309.0
Karnataka,BANGALORE RURAL,2013,Ragi,103750.0
Karnataka,BANGALORE RURAL,2013,Rapeseed &Mustard,225.0
Karnataka,BANGALORE RURAL,2013,Rice,2197.0
Karnataka,BANGALORE RURAL,2013,Sesamum,9.0
Karnataka,BANGALORE RURAL,2013,Small millets,7.0
Karnataka,BANGALORE RURAL,2013,Sunflower,8.0
Karnataka,BANGALORE RURAL,2013,Urad,2.0
Karnataka,BANGALORE RURAL,2013,Cowpea(Lobia),7.0
Karnataka,BANGALORE RURAL,2013,Dry chillies,17.0
Karnataka,BANGALORE RURAL,2013,Gram,173.0
Karnataka,BANGALORE RURAL,2013,Horse-gram,203.0
Karnataka,BANGALORE RURAL,2013,Maize,343.0
Karnataka,BANGALORE RURAL,2013,Onion,105.0
Karnataka,BANGALORE RURAL,2013,Other  Rabi pulses,74.0
Karnataka,BANGALORE RURAL,2013,Potato,5810.0
Karnataka,BANGALORE RURAL,2013,Ragi,258.0
Karnataka,BANGALORE RURAL,2013,Dry chillies,5.0
Karnataka,BANGALORE RURAL,2013,Groundnut,37.0
Karnataka,BANGALORE RURAL,2013,Maize,253.0
Karnataka,BANGALORE RURAL,2013,Onion,1429.0
Karnataka,BANGALORE RURAL,2013,Potato,323.0
Karnataka,BANGALORE RURAL,2013,Ragi,71.0
Karnataka,BANGALORE RURAL,2013,Rice,463.0
Karnataka,BANGALORE RURAL,2013,Sunflower,2.0
Karnataka,BANGALORE RURAL,2013,Arecanut,18880.0
Karnataka,BANGALORE RURAL,2013,Black pepper,2.0
Karnataka,BANGALORE RURAL,2013,Cashewnut,21.0
Karnataka,BANGALORE RURAL,2013,Coconut ,22072.0
Karnataka,BANGALORE RURAL,2013,Coriander,12.0
Karnataka,BANGALORE RURAL,2013,Dry ginger,249.0
Karnataka,BANGALORE RURAL,2013,Garlic,1.0
Karnataka,BANGALORE RURAL,2013,Sugarcane,89.0
Karnataka,BANGALORE RURAL,2013,Sweet potato,264.0
Karnataka,BANGALORE RURAL,2013,Tapioca,35.0
Karnataka,BANGALORE RURAL,2013,Tobacco,39.0
Karnataka,BANGALORE RURAL,2013,Turmeric,5.0
Karnataka,BANGALORE RURAL,2014,Arhar/Tur,1736.0
Karnataka,BANGALORE RURAL,2014,Castor seed,142.0
Karnataka,BANGALORE RURAL,2014,Cowpea(Lobia),881.0
Karnataka,BANGALORE RURAL,2014,Dry chillies,414.0
Karnataka,BANGALORE RURAL,2014,Groundnut,155.0
Karnataka,BANGALORE RURAL,2014,Horse-gram,754.0
Karnataka,BANGALORE RURAL,2014,Maize,44066.0
Karnataka,BANGALORE RURAL,2014,Moong(Green Gram),1.0
Karnataka,BANGALORE RURAL,2014,Niger seed,55.0
Karnataka,BANGALORE RURAL,2014,Onion,354.0
Karnataka,BANGALORE RURAL,2014,Other Kharif pulses,2677.0
Karnataka,BANGALORE RURAL,2014,Potato,2702.0
Karnataka,BANGALORE RURAL,2014,Ragi,91940.0
Karnataka,BANGALORE RURAL,2014,Rapeseed &Mustard,52.0
Karnataka,BANGALORE RURAL,2014,Rice,2093.0
Karnataka,BANGALORE RURAL,2014,Sesamum,4.0
Karnataka,BANGALORE RURAL,2014,Small millets,11.0
Karnataka,BANGALORE RURAL,2014,Sunflower,10.0
Karnataka,BANGALORE RURAL,2014,Urad,1.0
Karnataka,BANGALORE RURAL,2014,Cowpea(Lobia),11.0
Karnataka,BANGALORE RURAL,2014,Dry chillies,45.0
Karnataka,BANGALORE RURAL,2014,Gram,194.0
Karnataka,BANGALORE RURAL,2014,Horse-gram,222.0
Karnataka,BANGALORE RURAL,2014,Maize,429.0
Karnataka,BANGALORE RURAL,2014,Onion,73.0
Karnataka,BANGALORE RURAL,2014,Other  Rabi pulses,25.0
Karnataka,BANGALORE RURAL,2014,Potato,6630.0
Karnataka,BANGALORE RURAL,2014,Ragi,123.0
Karnataka,BANGALORE RURAL,2014,Sunflower,1.0
Karnataka,BANGALORE RURAL,2014,Cowpea(Lobia),
Karnataka,BANGALORE RURAL,2014,Dry chillies,17.0
Karnataka,BANGALORE RURAL,2014,Groundnut,20.0
Karnataka,BANGALORE RURAL,2014,Maize,323.0
Karnataka,BANGALORE RURAL,2014,Onion,29.0
Karnataka,BANGALORE RURAL,2014,Potato,891.0
Karnataka,BANGALORE RURAL,2014,Ragi,75.0
Karnataka,BANGALORE RURAL,2014,Rice,150.0
Karnataka,BANGALORE RURAL,2014,Sunflower,1.0
Karnataka,BANGALORE RURAL,2014,Arecanut,14055.0
Karnataka,BANGALORE RURAL,2014,Black pepper,6.0
Karnataka,BANGALORE RURAL,2014,Cashewnut,18.0
Karnataka,BANGALORE RURAL,2014,Coconut ,20123.0
Karnataka,BANGALORE RURAL,2014,Coriander,13.0
Karnataka,BANGALORE RURAL,2014,Dry ginger,320.0
Karnataka,BANGALORE RURAL,2014,Garlic,3.0
Karnataka,BANGALORE RURAL,2014,Sweet potato,322.0
Karnataka,BANGALORE RURAL,2014,Tapioca,54.0
Karnataka,BANGALORE RURAL,2014,Turmeric,6.0
Karnataka,BELGAUM,1997,Arhar/Tur,1820.0
Karnataka,BELGAUM,1997,Bajra,5666.0
Karnataka,BELGAUM,1997,Dry chillies,12837.0
Karnataka,BELGAUM,1997,Groundnut,58174.0
Karnataka,BELGAUM,1997,Horse-gram,3578.0
Karnataka,BELGAUM,1997,Jowar,64259.0
Karnataka,BELGAUM,1997,Maize,181319.0
Karnataka,BELGAUM,1997,Paddy,137452.0
Karnataka,BELGAUM,1997,Ragi,2525.0
Karnataka,BELGAUM,1997,Rice,91677.0
Karnataka,BELGAUM,1997,Dry chillies,324.0
Karnataka,BELGAUM,1997,Groundnut,5565.0
Karnataka,BELGAUM,1997,Horse-gram,964.0
Karnataka,BELGAUM,1997,Jowar,63996.0
Karnataka,BELGAUM,1997,Maize,50103.0
Karnataka,BELGAUM,1997,Wheat,41220.0
Karnataka,BELGAUM,1997,Jowar,834.0
Karnataka,BELGAUM,1997,Maize,6721.0
Karnataka,BELGAUM,1997,Paddy,171.0
Karnataka,BELGAUM,1997,Rice,114.0
Karnataka,BELGAUM,1997,Coriander,26.0
Karnataka,BELGAUM,1997,Garlic,915.0
Karnataka,BELGAUM,1997,Sugarcane,11177949.0
Karnataka,BELGAUM,1997,Turmeric,4496.0
Karnataka,BELGAUM,1998,Arhar/Tur,3645.0
Karnataka,BELGAUM,1998,Bajra,8901.0
Karnataka,BELGAUM,1998,Castor seed,276.0
Karnataka,BELGAUM,1998,Cotton(lint),98969.0
Karnataka,BELGAUM,1998,Groundnut,68291.0
Karnataka,BELGAUM,1998,Horse-gram,3782.0
Karnataka,BELGAUM,1998,Jowar,92470.0
Karnataka,BELGAUM,1998,Maize,239651.0
Karnataka,BELGAUM,1998,Moong(Green Gram),6708.0
Karnataka,BELGAUM,1998,Niger seed,164.0
Karnataka,BELGAUM,1998,Onion,4339.0
Karnataka,BELGAUM,1998,Peas & beans (Pulses),284.0
Karnataka,BELGAUM,1998,Potato,62689.0
Karnataka,BELGAUM,1998,Ragi,2325.0
Karnataka,BELGAUM,1998,Rapeseed &Mustard,87.0
Karnataka,BELGAUM,1998,Rice,114050.0
Karnataka,BELGAUM,1998,Sesamum,360.0
Karnataka,BELGAUM,1998,Soyabean,58866.0
Karnataka,BELGAUM,1998,Sunflower,5647.0
Karnataka,BELGAUM,1998,Gram,17873.0
Karnataka,BELGAUM,1998,Groundnut,5313.0
Karnataka,BELGAUM,1998,Horse-gram,420.0
Karnataka,BELGAUM,1998,Jowar,119907.0
Karnataka,BELGAUM,1998,Linseed,967.0
Karnataka,BELGAUM,1998,Maize,58696.0
Karnataka,BELGAUM,1998,Moong(Green Gram),93.0
Karnataka,BELGAUM,1998,Onion,7279.0
Karnataka,BELGAUM,1998,Potato,1112.0
Karnataka,BELGAUM,1998,Safflower,2930.0
Karnataka,BELGAUM,1998,Sunflower,4536.0
Karnataka,BELGAUM,1998,Wheat,61350.0
Karnataka,BELGAUM,1998,Jowar,727.0
Karnataka,BELGAUM,1998,Maize,8044.0
Karnataka,BELGAUM,1998,Onion,5240.0
Karnataka,BELGAUM,1998,Potato,622.0
Karnataka,BELGAUM,1998,Rice,97.0
Karnataka,BELGAUM,1998,Sunflower,675.0
Karnataka,BELGAUM,1998,Coconut ,890.0
Karnataka,BELGAUM,1998,Coriander,55.0
Karnataka,BELGAUM,1998,Dry chillies,6945.0
Karnataka,BELGAUM,1998,Garlic,918.0
Karnataka,BELGAUM,1998,Turmeric,5135.0
Karnataka,BELGAUM,1999,Arhar/Tur,4491.0
Karnataka,BELGAUM,1999,Bajra,14078.0
Karnataka,BELGAUM,1999,Castor seed,288.0
Karnataka,BELGAUM,1999,Cotton(lint),86693.0
Karnataka,BELGAUM,1999,Groundnut,68877.0
Karnataka,BELGAUM,1999,Horse-gram,4263.0
Karnataka,BELGAUM,1999,Jowar,84930.0
Karnataka,BELGAUM,1999,Maize,224182.0
Karnataka,BELGAUM,1999,Mesta,19.0
Karnataka,BELGAUM,1999,Moong(Green Gram),6022.0
Karnataka,BELGAUM,1999,Niger seed,151.0
Karnataka,BELGAUM,1999,Other Kharif pulses,2125.0
Karnataka,BELGAUM,1999,Ragi,1509.0
Karnataka,BELGAUM,1999,Rice,119657.0
Karnataka,BELGAUM,1999,Sesamum,536.0
Karnataka,BELGAUM,1999,Small millets,2300.0
Karnataka,BELGAUM,1999,Soyabean,50087.0
Karnataka,BELGAUM,1999,Sunflower,5567.0
Karnataka,BELGAUM,1999,Urad,613.0
Karnataka,BELGAUM,1999,Gram,21028.0
Karnataka,BELGAUM,1999,Groundnut,5855.0
Karnataka,BELGAUM,1999,Horse-gram,779.0
Karnataka,BELGAUM,1999,Jowar,115177.0
Karnataka,BELGAUM,1999,Linseed,681.0
Karnataka,BELGAUM,1999,Maize,77615.0
Karnataka,BELGAUM,1999,Moong(Green Gram),37.0
Karnataka,BELGAUM,1999,Other  Rabi pulses,479.0
Karnataka,BELGAUM,1999,Rapeseed &Mustard,53.0
Karnataka,BELGAUM,1999,Safflower,3116.0
Karnataka,BELGAUM,1999,Sunflower,3484.0
Karnataka,BELGAUM,1999,Wheat,65485.0
Karnataka,BELGAUM,1999,Jowar,327.0
Karnataka,BELGAUM,1999,Maize,7244.0
Karnataka,BELGAUM,1999,Rice,32.0
Karnataka,BELGAUM,1999,Sunflower,468.0
Karnataka,BELGAUM,1999,Banana,30167.0
Karnataka,BELGAUM,1999,Coconut ,1087.0
Karnataka,BELGAUM,1999,Coriander,58.0
Karnataka,BELGAUM,1999,Dry chillies,16631.0
Karnataka,BELGAUM,1999,Garlic,946.0
Karnataka,BELGAUM,1999,Onion,27015.0
Karnataka,BELGAUM,1999,Potato,71181.0
Karnataka,BELGAUM,1999,Sugarcane,13081667.0
Karnataka,BELGAUM,1999,Sweet potato,14105.0
Karnataka,BELGAUM,1999,Tobacco,19422.0
Karnataka,BELGAUM,1999,Turmeric,6026.0
Karnataka,BELGAUM,2000,Arhar/Tur,3818.0
Karnataka,BELGAUM,2000,Bajra,18187.0
Karnataka,BELGAUM,2000,Castor seed,1365.0
Karnataka,BELGAUM,2000,Cotton(lint),94627.0
Karnataka,BELGAUM,2000,Groundnut,77319.0
Karnataka,BELGAUM,2000,Horse-gram,4870.0
Karnataka,BELGAUM,2000,Jowar,64478.0
Karnataka,BELGAUM,2000,Maize,216060.0
Karnataka,BELGAUM,2000,Mesta,45.0
Karnataka,BELGAUM,2000,Moong(Green Gram),7335.0
Karnataka,BELGAUM,2000,Niger seed,111.0
Karnataka,BELGAUM,2000,Other Kharif pulses,3237.0
Karnataka,BELGAUM,2000,Ragi,3103.0
Karnataka,BELGAUM,2000,Rice,105237.0
Karnataka,BELGAUM,2000,Sesamum,558.0
Karnataka,BELGAUM,2000,Small millets,2825.0
Karnataka,BELGAUM,2000,Soyabean,56888.0
Karnataka,BELGAUM,2000,Sunflower,4971.0
Karnataka,BELGAUM,2000,Urad,936.0
Karnataka,BELGAUM,2000,Gram,18483.0
Karnataka,BELGAUM,2000,Groundnut,6869.0
Karnataka,BELGAUM,2000,Horse-gram,561.0
Karnataka,BELGAUM,2000,Jowar,97376.0
Karnataka,BELGAUM,2000,Linseed,727.0
Karnataka,BELGAUM,2000,Maize,61570.0
Karnataka,BELGAUM,2000,Moong(Green Gram),48.0
Karnataka,BELGAUM,2000,Other  Rabi pulses,197.0
Karnataka,BELGAUM,2000,Rapeseed &Mustard,106.0
Karnataka,BELGAUM,2000,Safflower,3810.0
Karnataka,BELGAUM,2000,Sunflower,3077.0
Karnataka,BELGAUM,2000,Wheat,72493.0
Karnataka,BELGAUM,2000,Jowar,625.0
Karnataka,BELGAUM,2000,Maize,8350.0
Karnataka,BELGAUM,2000,Sunflower,315.0
Karnataka,BELGAUM,2000,Banana,30141.0
Karnataka,BELGAUM,2000,Coconut ,789.0
Karnataka,BELGAUM,2000,Coriander,46.0
Karnataka,BELGAUM,2000,Dry chillies,10222.0
Karnataka,BELGAUM,2000,Garlic,667.0
Karnataka,BELGAUM,2000,Onion,7783.0
Karnataka,BELGAUM,2000,Potato,59905.0
Karnataka,BELGAUM,2000,Sannhamp,266.0
Karnataka,BELGAUM,2000,Sugarcane,17924836.0
Karnataka,BELGAUM,2000,Sweet potato,14551.0
Karnataka,BELGAUM,2000,Tobacco,27328.0
Karnataka,BELGAUM,2000,Turmeric,11469.0
Karnataka,BELGAUM,2001,Arhar/Tur,779.0
Karnataka,BELGAUM,2001,Bajra,3171.0
Karnataka,BELGAUM,2001,Castor seed,257.0
Karnataka,BELGAUM,2001,Cotton(lint),50651.0
Karnataka,BELGAUM,2001,Groundnut,44963.0
Karnataka,BELGAUM,2001,Horse-gram,1838.0
Karnataka,BELGAUM,2001,Jowar,40781.0
Karnataka,BELGAUM,2001,Maize,130967.0
Karnataka,BELGAUM,2001,Mesta,47.0
Karnataka,BELGAUM,2001,Moong(Green Gram),3322.0
Karnataka,BELGAUM,2001,Niger seed,105.0
Karnataka,BELGAUM,2001,Other Kharif pulses,1272.0
Karnataka,BELGAUM,2001,Ragi,1911.0
Karnataka,BELGAUM,2001,Rice,56350.0
Karnataka,BELGAUM,2001,Sesamum,292.0
Karnataka,BELGAUM,2001,Small millets,2873.0
Karnataka,BELGAUM,2001,Soyabean,35846.0
Karnataka,BELGAUM,2001,Sunflower,2501.0
Karnataka,BELGAUM,2001,Urad,1008.0
Karnataka,BELGAUM,2001,Gram,11149.0
Karnataka,BELGAUM,2001,Horse-gram,349.0
Karnataka,BELGAUM,2001,Jowar,78309.0
Karnataka,BELGAUM,2001,Linseed,571.0
Karnataka,BELGAUM,2001,Maize,71660.0
Karnataka,BELGAUM,2001,Moong(Green Gram),6.0
Karnataka,BELGAUM,2001,Other  Rabi pulses,186.0
Karnataka,BELGAUM,2001,Rapeseed &Mustard,69.0
Karnataka,BELGAUM,2001,Safflower,2694.0
Karnataka,BELGAUM,2001,Sunflower,3052.0
Karnataka,BELGAUM,2001,Wheat,49750.0
Karnataka,BELGAUM,2001,Jowar,165.0
Karnataka,BELGAUM,2001,Maize,5225.0
Karnataka,BELGAUM,2001,Rice,197.0
Karnataka,BELGAUM,2001,Sunflower,630.0
Karnataka,BELGAUM,2001,Coconut ,861.0
Karnataka,BELGAUM,2001,Coriander,22.0
Karnataka,BELGAUM,2001,Dry chillies,6618.0
Karnataka,BELGAUM,2001,Onion,11635.0
Karnataka,BELGAUM,2001,Peas & beans (Pulses),264.0
Karnataka,BELGAUM,2001,Potato,63008.0
Karnataka,BELGAUM,2001,Sannhamp,526.0
Karnataka,BELGAUM,2001,Sugarcane,10969823.0
Karnataka,BELGAUM,2001,Turmeric,8293.0
Karnataka,BELGAUM,2002,Arhar/Tur,1245.0
Karnataka,BELGAUM,2002,Bajra,2820.0
Karnataka,BELGAUM,2002,Castor seed,139.0
Karnataka,BELGAUM,2002,Cotton(lint),31313.0
Karnataka,BELGAUM,2002,Groundnut,38702.0
Karnataka,BELGAUM,2002,Horse-gram,2001.0
Karnataka,BELGAUM,2002,Jowar,57637.0
Karnataka,BELGAUM,2002,Maize,131002.0
Karnataka,BELGAUM,2002,Mesta,13.0
Karnataka,BELGAUM,2002,Moong(Green Gram),1217.0
Karnataka,BELGAUM,2002,Niger seed,243.0
Karnataka,BELGAUM,2002,Other Kharif pulses,1600.0
Karnataka,BELGAUM,2002,Ragi,1133.0
Karnataka,BELGAUM,2002,Rice,37874.0
Karnataka,BELGAUM,2002,Sesamum,343.0
Karnataka,BELGAUM,2002,Small millets,4818.0
Karnataka,BELGAUM,2002,Soyabean,42830.0
Karnataka,BELGAUM,2002,Sunflower,4590.0
Karnataka,BELGAUM,2002,Urad,202.0
Karnataka,BELGAUM,2002,Gram,13161.0
Karnataka,BELGAUM,2002,Groundnut,3735.0
Karnataka,BELGAUM,2002,Horse-gram,974.0
Karnataka,BELGAUM,2002,Jowar,67765.0
Karnataka,BELGAUM,2002,Linseed,436.0
Karnataka,BELGAUM,2002,Maize,53723.0
Karnataka,BELGAUM,2002,Moong(Green Gram),9.0
Karnataka,BELGAUM,2002,Other  Rabi pulses,185.0
Karnataka,BELGAUM,2002,Rapeseed &Mustard,63.0
Karnataka,BELGAUM,2002,Safflower,3492.0
Karnataka,BELGAUM,2002,Sunflower,4330.0
Karnataka,BELGAUM,2002,Wheat,38113.0
Karnataka,BELGAUM,2002,Jowar,71.0
Karnataka,BELGAUM,2002,Maize,4023.0
Karnataka,BELGAUM,2002,Rice,405.0
Karnataka,BELGAUM,2002,Sunflower,468.0
Karnataka,BELGAUM,2002,Banana,17373.0
Karnataka,BELGAUM,2002,Beans & Mutter(Vegetable),626.0
Karnataka,BELGAUM,2002,Brinjal,8744.0
Karnataka,BELGAUM,2002,Cashewnut Processed,46.0
Karnataka,BELGAUM,2002,Cashewnut Raw,180.0
Karnataka,BELGAUM,2002,Citrus Fruit,394.0
Karnataka,BELGAUM,2002,Coconut ,930.0
Karnataka,BELGAUM,2002,Coriander,33.0
Karnataka,BELGAUM,2002,Dry chillies,6498.0
Karnataka,BELGAUM,2002,Garlic,635.0
Karnataka,BELGAUM,2002,Grapes,11355.0
Karnataka,BELGAUM,2002,Mango,1178.0
Karnataka,BELGAUM,2002,Onion,13647.0
Karnataka,BELGAUM,2002,Other Fresh Fruits,635.0
Karnataka,BELGAUM,2002,Papaya,101.0
Karnataka,BELGAUM,2002,Pome Fruit,557.0
Karnataka,BELGAUM,2002,Potato,36267.0
Karnataka,BELGAUM,2002,Sugarcane,10892232.0
Karnataka,BELGAUM,2002,Sweet potato,17176.0
Karnataka,BELGAUM,2002,Tobacco,22984.0
Karnataka,BELGAUM,2002,Tomato,8967.0
Karnataka,BELGAUM,2002,Turmeric,3971.0
Karnataka,BELGAUM,2003,Arhar/Tur,283.0
Karnataka,BELGAUM,2003,Bajra,1062.0
Karnataka,BELGAUM,2003,Castor seed,109.0
Karnataka,BELGAUM,2003,Cotton(lint),13700.0
Karnataka,BELGAUM,2003,Groundnut,31569.0
Karnataka,BELGAUM,2003,Horse-gram,445.0
Karnataka,BELGAUM,2003,Jowar,29673.0
Karnataka,BELGAUM,2003,Maize,104882.0
Karnataka,BELGAUM,2003,Mesta,15.0
Karnataka,BELGAUM,2003,Moong(Green Gram),223.0
Karnataka,BELGAUM,2003,Niger seed,118.0
Karnataka,BELGAUM,2003,Other Kharif pulses,527.0
Karnataka,BELGAUM,2003,Ragi,1591.0
Karnataka,BELGAUM,2003,Rice,48851.0
Karnataka,BELGAUM,2003,Sesamum,145.0
Karnataka,BELGAUM,2003,Small millets,2019.0
Karnataka,BELGAUM,2003,Soyabean,27124.0
Karnataka,BELGAUM,2003,Sunflower,5032.0
Karnataka,BELGAUM,2003,Urad,237.0
Karnataka,BELGAUM,2003,Gram,9214.0
Karnataka,BELGAUM,2003,Groundnut,6469.0
Karnataka,BELGAUM,2003,Horse-gram,112.0
Karnataka,BELGAUM,2003,Jowar,24453.0
Karnataka,BELGAUM,2003,Linseed,373.0
Karnataka,BELGAUM,2003,Maize,50205.0
Karnataka,BELGAUM,2003,Moong(Green Gram),11.0
Karnataka,BELGAUM,2003,Other  Rabi pulses,113.0
Karnataka,BELGAUM,2003,Rapeseed &Mustard,28.0
Karnataka,BELGAUM,2003,Safflower,2699.0
Karnataka,BELGAUM,2003,Sunflower,8675.0
Karnataka,BELGAUM,2003,Wheat,32005.0
Karnataka,BELGAUM,2003,Jowar,314.0
Karnataka,BELGAUM,2003,Maize,3589.0
Karnataka,BELGAUM,2003,Rice,430.0
Karnataka,BELGAUM,2003,Sunflower,796.0
Karnataka,BELGAUM,2003,Arecanut,3.0
Karnataka,BELGAUM,2003,Banana,14299.0
Karnataka,BELGAUM,2003,Beans & Mutter(Vegetable),5124.0
Karnataka,BELGAUM,2003,Brinjal,2951.0
Karnataka,BELGAUM,2003,Citrus Fruit,1186.0
Karnataka,BELGAUM,2003,Coconut ,2516.0
Karnataka,BELGAUM,2003,Coriander,33.0
Karnataka,BELGAUM,2003,Dry chillies,1632.0
Karnataka,BELGAUM,2003,Garlic,341.0
Karnataka,BELGAUM,2003,Grapes,18474.0
Karnataka,BELGAUM,2003,Mango,575.0
Karnataka,BELGAUM,2003,Onion,8693.0
Karnataka,BELGAUM,2003,Other Fresh Fruits,71.0
Karnataka,BELGAUM,2003,Pome Fruit,398.0
Karnataka,BELGAUM,2003,Potato,49716.0
Karnataka,BELGAUM,2003,Sugarcane,4898782.0
Karnataka,BELGAUM,2003,Sweet potato,19148.0
Karnataka,BELGAUM,2003,Tobacco,17053.0
Karnataka,BELGAUM,2003,Tomato,7058.0
Karnataka,BELGAUM,2003,Turmeric,3002.0
Karnataka,BELGAUM,2004,Arhar/Tur,1730.0
Karnataka,BELGAUM,2004,Bajra,20505.0
Karnataka,BELGAUM,2004,Castor seed,178.0
Karnataka,BELGAUM,2004,Cotton(lint),62440.0
Karnataka,BELGAUM,2004,Groundnut,39503.0
Karnataka,BELGAUM,2004,Horse-gram,3382.0
Karnataka,BELGAUM,2004,Jowar,82103.0
Karnataka,BELGAUM,2004,Maize,298137.0
Karnataka,BELGAUM,2004,Mesta,19.0
Karnataka,BELGAUM,2004,Moong(Green Gram),4112.0
Karnataka,BELGAUM,2004,Niger seed,173.0
Karnataka,BELGAUM,2004,Other Kharif pulses,2401.0
Karnataka,BELGAUM,2004,Ragi,2267.0
Karnataka,BELGAUM,2004,Rice,114984.77
Karnataka,BELGAUM,2004,Sesamum,317.0
Karnataka,BELGAUM,2004,Small millets,3490.0
Karnataka,BELGAUM,2004,Soyabean,59447.0
Karnataka,BELGAUM,2004,Sunflower,23695.0
Karnataka,BELGAUM,2004,Urad,748.0
Karnataka,BELGAUM,2004,Gram,20354.0
Karnataka,BELGAUM,2004,Groundnut,7981.0
Karnataka,BELGAUM,2004,Horse-gram,902.0
Karnataka,BELGAUM,2004,Jowar,113414.0
Karnataka,BELGAUM,2004,Linseed,318.0
Karnataka,BELGAUM,2004,Maize,79447.0
Karnataka,BELGAUM,2004,Moong(Green Gram),23.0
Karnataka,BELGAUM,2004,Other  Rabi pulses,139.0
Karnataka,BELGAUM,2004,Rapeseed &Mustard,35.0
Karnataka,BELGAUM,2004,Safflower,5472.0
Karnataka,BELGAUM,2004,Sunflower,8781.0
Karnataka,BELGAUM,2004,Wheat,59112.0
Karnataka,BELGAUM,2004,Jowar,60.0
Karnataka,BELGAUM,2004,Maize,6629.0
Karnataka,BELGAUM,2004,Rice,635.0
Karnataka,BELGAUM,2004,Sunflower,655.0
Karnataka,BELGAUM,2004,Arecanut,11.0
Karnataka,BELGAUM,2004,Banana,19154.0
Karnataka,BELGAUM,2004,Coconut ,26062.49
Karnataka,BELGAUM,2004,Coriander,42.0
Karnataka,BELGAUM,2004,Dry chillies,3690.0
Karnataka,BELGAUM,2004,Garlic,508.0
Karnataka,BELGAUM,2004,Onion,30687.0
Karnataka,BELGAUM,2004,Potato,44325.0
Karnataka,BELGAUM,2004,Sweet potato,20513.0
Karnataka,BELGAUM,2004,Tobacco,19731.0
Karnataka,BELGAUM,2004,Turmeric,5151.0
Karnataka,BELGAUM,2005,Arhar/Tur,1727.0
Karnataka,BELGAUM,2005,Bajra,10729.0
Karnataka,BELGAUM,2005,Castor seed,132.0
Karnataka,BELGAUM,2005,Dry chillies,1320.0
Karnataka,BELGAUM,2005,Groundnut,28617.0
Karnataka,BELGAUM,2005,Horse-gram,3817.0
Karnataka,BELGAUM,2005,Jowar,57808.0
Karnataka,BELGAUM,2005,Maize,331852.0
Karnataka,BELGAUM,2005,Moong(Green Gram),5197.0
Karnataka,BELGAUM,2005,Niger seed,250.0
Karnataka,BELGAUM,2005,Onion,30512.0
Karnataka,BELGAUM,2005,Other Kharif pulses,2085.0
Karnataka,BELGAUM,2005,Peas & beans (Pulses),267.0
Karnataka,BELGAUM,2005,Potato,10326.0
Karnataka,BELGAUM,2005,Ragi,756.0
Karnataka,BELGAUM,2005,Rice,145500.0
Karnataka,BELGAUM,2005,Sesamum,658.0
Karnataka,BELGAUM,2005,Small millets,4202.0
Karnataka,BELGAUM,2005,Soyabean,38279.0
Karnataka,BELGAUM,2005,Sunflower,12439.0
Karnataka,BELGAUM,2005,Urad,702.0
Karnataka,BELGAUM,2005,Dry chillies,399.0
Karnataka,BELGAUM,2005,Gram,24640.0
Karnataka,BELGAUM,2005,Groundnut,8510.0
Karnataka,BELGAUM,2005,Horse-gram,764.0
Karnataka,BELGAUM,2005,Jowar,105932.0
Karnataka,BELGAUM,2005,Linseed,444.0
Karnataka,BELGAUM,2005,Maize,145279.0
Karnataka,BELGAUM,2005,Moong(Green Gram),33.0
Karnataka,BELGAUM,2005,Onion,3680.0
Karnataka,BELGAUM,2005,Other  Rabi pulses,210.0
Karnataka,BELGAUM,2005,Peas & beans (Pulses),263.0
Karnataka,BELGAUM,2005,Potato,2893.0
Karnataka,BELGAUM,2005,Rapeseed &Mustard,33.0
Karnataka,BELGAUM,2005,Safflower,6991.0
Karnataka,BELGAUM,2005,Sunflower,6477.0
Karnataka,BELGAUM,2005,Wheat,65629.0
Karnataka,BELGAUM,2005,Dry chillies,1119.0
Karnataka,BELGAUM,2005,Jowar,213.0
Karnataka,BELGAUM,2005,Maize,9171.0
Karnataka,BELGAUM,2005,Onion,366.0
Karnataka,BELGAUM,2005,Peas & beans (Pulses),10.0
Karnataka,BELGAUM,2005,Potato,148.0
Karnataka,BELGAUM,2005,Rice,484.0
Karnataka,BELGAUM,2005,Sunflower,374.0
Karnataka,BELGAUM,2005,Arecanut,58.0
Karnataka,BELGAUM,2005,Banana,49684.0
Karnataka,BELGAUM,2005,Coconut ,2632.0
Karnataka,BELGAUM,2005,Coriander,62.0
Karnataka,BELGAUM,2005,Cotton(lint),41840.0
Karnataka,BELGAUM,2005,Garlic,609.0
Karnataka,BELGAUM,2005,Mesta,19.0
Karnataka,BELGAUM,2005,Sugarcane,8213988.0
Karnataka,BELGAUM,2005,Sweet potato,19205.0
Karnataka,BELGAUM,2005,Tobacco,21663.0
Karnataka,BELGAUM,2005,Turmeric,6271.0
Karnataka,BELGAUM,2006,Arhar/Tur,1666.0
Karnataka,BELGAUM,2006,Bajra,9567.0
Karnataka,BELGAUM,2006,Castor seed,216.0
Karnataka,BELGAUM,2006,Gram,723.0
Karnataka,BELGAUM,2006,Groundnut,29625.0
Karnataka,BELGAUM,2006,Horse-gram,4247.0
Karnataka,BELGAUM,2006,Jowar,50989.0
Karnataka,BELGAUM,2006,Maize,319154.0
Karnataka,BELGAUM,2006,Moong(Green Gram),2640.0
Karnataka,BELGAUM,2006,Niger seed,209.0
Karnataka,BELGAUM,2006,Other Kharif pulses,2334.0
Karnataka,BELGAUM,2006,Ragi,941.0
Karnataka,BELGAUM,2006,Rapeseed &Mustard,52.0
Karnataka,BELGAUM,2006,Rice,98851.0
Karnataka,BELGAUM,2006,Sesamum,332.0
Karnataka,BELGAUM,2006,Small millets,3588.0
Karnataka,BELGAUM,2006,Soyabean,58976.0
Karnataka,BELGAUM,2006,Sunflower,14799.0
Karnataka,BELGAUM,2006,Urad,723.0
Karnataka,BELGAUM,2006,Gram,23099.0
Karnataka,BELGAUM,2006,Groundnut,6865.0
Karnataka,BELGAUM,2006,Horse-gram,340.0
Karnataka,BELGAUM,2006,Jowar,102679.0
Karnataka,BELGAUM,2006,Linseed,630.0
Karnataka,BELGAUM,2006,Maize,97463.0
Karnataka,BELGAUM,2006,Moong(Green Gram),53.0
Karnataka,BELGAUM,2006,Other  Rabi pulses,205.0
Karnataka,BELGAUM,2006,Safflower,4665.0
Karnataka,BELGAUM,2006,Sunflower,9609.0
Karnataka,BELGAUM,2006,Wheat,89933.0
Karnataka,BELGAUM,2006,Jowar,315.0
Karnataka,BELGAUM,2006,Maize,11269.0
Karnataka,BELGAUM,2006,Rice,403.0
Karnataka,BELGAUM,2006,Sunflower,459.0
Karnataka,BELGAUM,2006,Arecanut,12.0
Karnataka,BELGAUM,2006,Banana,47233.0
Karnataka,BELGAUM,2006,Coconut ,2722.0
Karnataka,BELGAUM,2006,Coriander,43.0
Karnataka,BELGAUM,2006,Cotton(lint),50807.0
Karnataka,BELGAUM,2006,Dry chillies,3845.0
Karnataka,BELGAUM,2006,Garlic,556.0
Karnataka,BELGAUM,2006,Mesta,25.0
Karnataka,BELGAUM,2006,Onion,61455.0
Karnataka,BELGAUM,2006,Potato,26129.0
Karnataka,BELGAUM,2006,Sugarcane,8265777.0
Karnataka,BELGAUM,2006,Sweet potato,18731.0
Karnataka,BELGAUM,2006,Tobacco,11920.0
Karnataka,BELGAUM,2006,Turmeric,1669.0
Karnataka,BELGAUM,2007,Arhar/Tur,2346.0
Karnataka,BELGAUM,2007,Bajra,17343.0
Karnataka,BELGAUM,2007,Castor seed,132.0
Karnataka,BELGAUM,2007,Dry chillies,3493.0
Karnataka,BELGAUM,2007,Groundnut,37462.0
Karnataka,BELGAUM,2007,Horse-gram,1453.0
Karnataka,BELGAUM,2007,Jowar,76189.0
Karnataka,BELGAUM,2007,Maize,392785.0
Karnataka,BELGAUM,2007,Moong(Green Gram),6126.0
Karnataka,BELGAUM,2007,Niger seed,194.0
Karnataka,BELGAUM,2007,Onion,69205.0
Karnataka,BELGAUM,2007,Other Kharif pulses,3271.0
Karnataka,BELGAUM,2007,Potato,16660.0
Karnataka,BELGAUM,2007,Ragi,496.0
Karnataka,BELGAUM,2007,Rapeseed &Mustard,72.0
Karnataka,BELGAUM,2007,Rice,100026.0
Karnataka,BELGAUM,2007,Sesamum,239.0
Karnataka,BELGAUM,2007,Small millets,2055.0
Karnataka,BELGAUM,2007,Soyabean,55387.0
Karnataka,BELGAUM,2007,Sunflower,15859.0
Karnataka,BELGAUM,2007,Urad,1865.0
Karnataka,BELGAUM,2007,Dry chillies,382.0
Karnataka,BELGAUM,2007,Gram,25182.0
Karnataka,BELGAUM,2007,Groundnut,9324.0
Karnataka,BELGAUM,2007,Horse-gram,374.0
Karnataka,BELGAUM,2007,Jowar,97158.0
Karnataka,BELGAUM,2007,Linseed,506.0
Karnataka,BELGAUM,2007,Maize,96184.0
Karnataka,BELGAUM,2007,Moong(Green Gram),10.0
Karnataka,BELGAUM,2007,Onion,3388.0
Karnataka,BELGAUM,2007,Other  Rabi pulses,346.0
Karnataka,BELGAUM,2007,Potato,1600.0
Karnataka,BELGAUM,2007,Safflower,4305.0
Karnataka,BELGAUM,2007,Sunflower,10504.0
Karnataka,BELGAUM,2007,Wheat,78126.0
Karnataka,BELGAUM,2007,Dry chillies,2208.0
Karnataka,BELGAUM,2007,Jowar,761.0
Karnataka,BELGAUM,2007,Maize,9339.0
Karnataka,BELGAUM,2007,Onion,169.0
Karnataka,BELGAUM,2007,Rice,495.0
Karnataka,BELGAUM,2007,Sunflower,1269.0
Karnataka,BELGAUM,2007,Arecanut,45.0
Karnataka,BELGAUM,2007,Banana,89815.0
Karnataka,BELGAUM,2007,Coconut ,1619.0
Karnataka,BELGAUM,2007,Coriander,161.0
Karnataka,BELGAUM,2007,Cotton(lint),51444.0
Karnataka,BELGAUM,2007,Dry ginger,205.0
Karnataka,BELGAUM,2007,Garlic,897.0
Karnataka,BELGAUM,2007,Mesta,4.0
Karnataka,BELGAUM,2007,Sugarcane,9281761.0
Karnataka,BELGAUM,2007,Sweet potato,18304.0
Karnataka,BELGAUM,2007,Tobacco,12871.0
Karnataka,BELGAUM,2007,Turmeric,15300.0
Karnataka,BELGAUM,2008,Arhar/Tur,1715.0
Karnataka,BELGAUM,2008,Bajra,5753.0
Karnataka,BELGAUM,2008,Castor seed,124.0
Karnataka,BELGAUM,2008,Dry chillies,1740.0
Karnataka,BELGAUM,2008,Groundnut,26501.0
Karnataka,BELGAUM,2008,Horse-gram,1644.0
Karnataka,BELGAUM,2008,Jowar,48705.0
Karnataka,BELGAUM,2008,Maize,297062.0
Karnataka,BELGAUM,2008,Moong(Green Gram),2473.0
Karnataka,BELGAUM,2008,Niger seed,120.0
Karnataka,BELGAUM,2008,Onion,25941.0
Karnataka,BELGAUM,2008,Other Kharif pulses,2126.0
Karnataka,BELGAUM,2008,Potato,29651.0
Karnataka,BELGAUM,2008,Ragi,326.0
Karnataka,BELGAUM,2008,Rice,93184.57
Karnataka,BELGAUM,2008,Sesamum,109.0
Karnataka,BELGAUM,2008,Soyabean,47152.0
Karnataka,BELGAUM,2008,Sunflower,13176.0
Karnataka,BELGAUM,2008,Urad,512.0
Karnataka,BELGAUM,2008,Dry chillies,894.0
Karnataka,BELGAUM,2008,Gram,25892.0
Karnataka,BELGAUM,2008,Groundnut,3712.0
Karnataka,BELGAUM,2008,Horse-gram,755.0
Karnataka,BELGAUM,2008,Jowar,124846.0
Karnataka,BELGAUM,2008,Linseed,518.0
Karnataka,BELGAUM,2008,Maize,119848.0
Karnataka,BELGAUM,2008,Moong(Green Gram),27.0
Karnataka,BELGAUM,2008,Onion,1895.0
Karnataka,BELGAUM,2008,Other  Rabi pulses,539.0
Karnataka,BELGAUM,2008,Potato,2055.0
Karnataka,BELGAUM,2008,Rapeseed &Mustard,205.0
Karnataka,BELGAUM,2008,Safflower,5183.0
Karnataka,BELGAUM,2008,Sunflower,12082.0
Karnataka,BELGAUM,2008,Wheat,68846.0
Karnataka,BELGAUM,2008,Dry chillies,417.0
Karnataka,BELGAUM,2008,Jowar,624.0
Karnataka,BELGAUM,2008,Maize,9958.0
Karnataka,BELGAUM,2008,Onion,164.0
Karnataka,BELGAUM,2008,Rice,483.0
Karnataka,BELGAUM,2008,Sunflower,2902.0
Karnataka,BELGAUM,2008,Arecanut,45.0
Karnataka,BELGAUM,2008,Banana,76538.0
Karnataka,BELGAUM,2008,Cashewnut,389.78
Karnataka,BELGAUM,2008,Coconut ,2213.0
Karnataka,BELGAUM,2008,Coriander,330.0
Karnataka,BELGAUM,2008,Cotton(lint),38609.0
Karnataka,BELGAUM,2008,Dry ginger,159.0
Karnataka,BELGAUM,2008,Garlic,3319.0
Karnataka,BELGAUM,2008,Mesta,4.0
Karnataka,BELGAUM,2008,Sugarcane,9654004.0
Karnataka,BELGAUM,2008,Sweet potato,16574.0
Karnataka,BELGAUM,2008,Tobacco,24902.0
Karnataka,BELGAUM,2008,Turmeric,6502.0
Karnataka,BELGAUM,2009,Arhar/Tur,1424.0
Karnataka,BELGAUM,2009,Bajra,6290.0
Karnataka,BELGAUM,2009,Castor seed,83.0
Karnataka,BELGAUM,2009,Gram,1287.0
Karnataka,BELGAUM,2009,Groundnut,24052.0
Karnataka,BELGAUM,2009,Horse-gram,1287.0
Karnataka,BELGAUM,2009,Jowar,39544.0
Karnataka,BELGAUM,2009,Maize,231381.0
Karnataka,BELGAUM,2009,Moong(Green Gram),3342.0
Karnataka,BELGAUM,2009,Niger seed,189.0
Karnataka,BELGAUM,2009,Onion,35930.0
Karnataka,BELGAUM,2009,Other Kharif pulses,805.0
Karnataka,BELGAUM,2009,Potato,52784.0
Karnataka,BELGAUM,2009,Ragi,589.0
Karnataka,BELGAUM,2009,Rice,83816.51
Karnataka,BELGAUM,2009,Sesamum,23.0
Karnataka,BELGAUM,2009,Small millets,2139.0
Karnataka,BELGAUM,2009,Soyabean,49318.0
Karnataka,BELGAUM,2009,Sunflower,5592.0
Karnataka,BELGAUM,2009,Urad,574.0
Karnataka,BELGAUM,2009,Dry chillies,2639.0
Karnataka,BELGAUM,2009,Gram,326.0
Karnataka,BELGAUM,2009,Groundnut,7364.0
Karnataka,BELGAUM,2009,Horse-gram,326.0
Karnataka,BELGAUM,2009,Jowar,147978.0
Karnataka,BELGAUM,2009,Linseed,492.0
Karnataka,BELGAUM,2009,Maize,101513.0
Karnataka,BELGAUM,2009,Moong(Green Gram),41.0
Karnataka,BELGAUM,2009,Onion,2519.0
Karnataka,BELGAUM,2009,Other  Rabi pulses,458.0
Karnataka,BELGAUM,2009,Potato,2643.0
Karnataka,BELGAUM,2009,Rapeseed &Mustard,116.0
Karnataka,BELGAUM,2009,Safflower,3140.0
Karnataka,BELGAUM,2009,Sunflower,7676.0
Karnataka,BELGAUM,2009,Wheat,58995.0
Karnataka,BELGAUM,2009,Dry chillies,1527.0
Karnataka,BELGAUM,2009,Jowar,172.0
Karnataka,BELGAUM,2009,Maize,10684.0
Karnataka,BELGAUM,2009,Onion,176.0
Karnataka,BELGAUM,2009,Rice,483.0
Karnataka,BELGAUM,2009,Sunflower,1606.0
Karnataka,BELGAUM,2009,Arecanut,45.0
Karnataka,BELGAUM,2009,Banana,97158.0
Karnataka,BELGAUM,2009,Cashewnut,586.0
Karnataka,BELGAUM,2009,Coconut ,2446.0
Karnataka,BELGAUM,2009,Coriander,300.0
Karnataka,BELGAUM,2009,Cotton(lint),63454.0
Karnataka,BELGAUM,2009,Garlic,583.0
Karnataka,BELGAUM,2009,Mesta,52.0
Karnataka,BELGAUM,2009,Sugarcane,14972842.0
Karnataka,BELGAUM,2009,Sweet potato,9414.0
Karnataka,BELGAUM,2009,Tobacco,19062.0
Karnataka,BELGAUM,2009,Turmeric,5152.0
Karnataka,BELGAUM,2010,Arhar/Tur,1955.0
Karnataka,BELGAUM,2010,Bajra,11639.0
Karnataka,BELGAUM,2010,Castor seed,313.0
Karnataka,BELGAUM,2010,Cotton(lint),83178.0
Karnataka,BELGAUM,2010,Cowpea(Lobia),673.0
Karnataka,BELGAUM,2010,Dry chillies,5288.0
Karnataka,BELGAUM,2010,Groundnut,28233.0
Karnataka,BELGAUM,2010,Horse-gram,1541.0
Karnataka,BELGAUM,2010,Jowar,54739.0
Karnataka,BELGAUM,2010,Maize,429355.0
Karnataka,BELGAUM,2010,Moong(Green Gram),4853.0
Karnataka,BELGAUM,2010,Niger seed,148.0
Karnataka,BELGAUM,2010,Onion,52454.0
Karnataka,BELGAUM,2010,Other Kharif pulses,904.0
Karnataka,BELGAUM,2010,Peas & beans (Pulses),1291.0
Karnataka,BELGAUM,2010,Potato,48671.0
Karnataka,BELGAUM,2010,Ragi,867.0
Karnataka,BELGAUM,2010,Rice,139200.0
Karnataka,BELGAUM,2010,Sesamum,113.0
Karnataka,BELGAUM,2010,Small millets,1930.0
Karnataka,BELGAUM,2010,Soyabean,64715.0
Karnataka,BELGAUM,2010,Sunflower,7805.0
Karnataka,BELGAUM,2010,Urad,1166.0
Karnataka,BELGAUM,2010,Cotton(lint),1277.0
Karnataka,BELGAUM,2010,Cowpea(Lobia),151.0
Karnataka,BELGAUM,2010,Dry chillies,1386.0
Karnataka,BELGAUM,2010,Gram,43201.0
Karnataka,BELGAUM,2010,Groundnut,5607.0
Karnataka,BELGAUM,2010,Horse-gram,538.0
Karnataka,BELGAUM,2010,Jowar,115965.0
Karnataka,BELGAUM,2010,Linseed,770.0
Karnataka,BELGAUM,2010,Maize,103811.0
Karnataka,BELGAUM,2010,Moong(Green Gram),42.0
Karnataka,BELGAUM,2010,Onion,7333.0
Karnataka,BELGAUM,2010,Other  Rabi pulses,326.0
Karnataka,BELGAUM,2010,Peas & beans (Pulses),383.0
Karnataka,BELGAUM,2010,Potato,1932.0
Karnataka,BELGAUM,2010,Rapeseed &Mustard,186.0
Karnataka,BELGAUM,2010,Safflower,7796.0
Karnataka,BELGAUM,2010,Sunflower,8464.0
Karnataka,BELGAUM,2010,Wheat,76503.0
Karnataka,BELGAUM,2010,Dry chillies,1111.0
Karnataka,BELGAUM,2010,Jowar,255.0
Karnataka,BELGAUM,2010,Maize,11002.0
Karnataka,BELGAUM,2010,Onion,426.0
Karnataka,BELGAUM,2010,Peas & beans (Pulses),257.0
Karnataka,BELGAUM,2010,Potato,46.0
Karnataka,BELGAUM,2010,Rice,372.0
Karnataka,BELGAUM,2010,Sunflower,659.0
Karnataka,BELGAUM,2010,Arecanut,11.0
Karnataka,BELGAUM,2010,Banana,105423.0
Karnataka,BELGAUM,2010,Cashewnut,657.0
Karnataka,BELGAUM,2010,Coconut ,3212.0
Karnataka,BELGAUM,2010,Dry ginger,155.6
Karnataka,BELGAUM,2010,Garlic,2538.0
Karnataka,BELGAUM,2010,Mesta,5.0
Karnataka,BELGAUM,2010,Sugarcane,18027470.0
Karnataka,BELGAUM,2010,Sweet potato,9337.0
Karnataka,BELGAUM,2010,Tobacco,25664.0
Karnataka,BELGAUM,2010,Turmeric,6142.0
Karnataka,BELGAUM,2011,Arhar/Tur,1636.0
Karnataka,BELGAUM,2011,Bajra,6619.0
Karnataka,BELGAUM,2011,Castor seed,117.0
Karnataka,BELGAUM,2011,Cotton(lint),84884.0
Karnataka,BELGAUM,2011,Cowpea(Lobia),583.0
Karnataka,BELGAUM,2011,Dry chillies,4955.0
Karnataka,BELGAUM,2011,Groundnut,26661.0
Karnataka,BELGAUM,2011,Horse-gram,1567.0
Karnataka,BELGAUM,2011,Jowar,42078.0
Karnataka,BELGAUM,2011,Maize,386569.0
Karnataka,BELGAUM,2011,Moong(Green Gram),4123.0
Karnataka,BELGAUM,2011,Niger seed,121.0
Karnataka,BELGAUM,2011,Onion,48036.0
Karnataka,BELGAUM,2011,Other Kharif pulses,981.0
Karnataka,BELGAUM,2011,Peas & beans (Pulses),424.0
Karnataka,BELGAUM,2011,Potato,41907.0
Karnataka,BELGAUM,2011,Ragi,371.0
Karnataka,BELGAUM,2011,Rice,158758.0
Karnataka,BELGAUM,2011,Sesamum,65.0
Karnataka,BELGAUM,2011,Small millets,1203.0
Karnataka,BELGAUM,2011,Soyabean,78385.0
Karnataka,BELGAUM,2011,Sunflower,4284.0
Karnataka,BELGAUM,2011,Urad,761.0
Karnataka,BELGAUM,2011,Cotton(lint),744.0
Karnataka,BELGAUM,2011,Cowpea(Lobia),171.0
Karnataka,BELGAUM,2011,Dry chillies,1358.0
Karnataka,BELGAUM,2011,Gram,24054.0
Karnataka,BELGAUM,2011,Groundnut,5430.0
Karnataka,BELGAUM,2011,Horse-gram,499.0
Karnataka,BELGAUM,2011,Jowar,107719.0
Karnataka,BELGAUM,2011,Linseed,374.0
Karnataka,BELGAUM,2011,Maize,109475.0
Karnataka,BELGAUM,2011,Moong(Green Gram),31.0
Karnataka,BELGAUM,2011,Onion,2431.0
Karnataka,BELGAUM,2011,Other  Rabi pulses,410.0
Karnataka,BELGAUM,2011,Peas & beans (Pulses),165.0
Karnataka,BELGAUM,2011,Potato,2174.0
Karnataka,BELGAUM,2011,Rapeseed &Mustard,140.0
Karnataka,BELGAUM,2011,Safflower,2595.0
Karnataka,BELGAUM,2011,Sunflower,7760.0
Karnataka,BELGAUM,2011,Wheat,44456.0
Karnataka,BELGAUM,2011,Dry chillies,1685.0
Karnataka,BELGAUM,2011,Jowar,137.0
Karnataka,BELGAUM,2011,Maize,7997.0
Karnataka,BELGAUM,2011,Onion,197.0
Karnataka,BELGAUM,2011,Peas & beans (Pulses),163.0
Karnataka,BELGAUM,2011,Rice,313.0
Karnataka,BELGAUM,2011,Sunflower,518.0
Karnataka,BELGAUM,2011,Arecanut,32.0
Karnataka,BELGAUM,2011,Banana,103046.0
Karnataka,BELGAUM,2011,Cashewnut,638.0
Karnataka,BELGAUM,2011,Coconut ,3052.0
Karnataka,BELGAUM,2011,Garlic,2995.0
Karnataka,BELGAUM,2011,Mesta,1.0
Karnataka,BELGAUM,2011,Sugarcane,16264475.0
Karnataka,BELGAUM,2011,Sweet potato,17331.0
Karnataka,BELGAUM,2011,Tobacco,15578.0
Karnataka,BELGAUM,2011,Turmeric,7134.0
Karnataka,BELGAUM,2012,Arhar/Tur,1167.0
Karnataka,BELGAUM,2012,Bajra,2657.0
Karnataka,BELGAUM,2012,Castor seed,62.0
Karnataka,BELGAUM,2012,Cotton(lint),41389.0
Karnataka,BELGAUM,2012,Cowpea(Lobia),98.0
Karnataka,BELGAUM,2012,Dry chillies,5771.0
Karnataka,BELGAUM,2012,Groundnut,22972.0
Karnataka,BELGAUM,2012,Horse-gram,1333.0
Karnataka,BELGAUM,2012,Jowar,28363.0
Karnataka,BELGAUM,2012,Maize,231694.0
Karnataka,BELGAUM,2012,Moong(Green Gram),792.0
Karnataka,BELGAUM,2012,Niger seed,73.0
Karnataka,BELGAUM,2012,Onion,9755.0
Karnataka,BELGAUM,2012,Other Kharif pulses,670.0
Karnataka,BELGAUM,2012,Potato,57767.0
Karnataka,BELGAUM,2012,Ragi,672.0
Karnataka,BELGAUM,2012,Rapeseed &Mustard,
Karnataka,BELGAUM,2012,Rice,94818.0
Karnataka,BELGAUM,2012,Sesamum,26.0
Karnataka,BELGAUM,2012,Small millets,393.0
Karnataka,BELGAUM,2012,Soyabean,40378.0
Karnataka,BELGAUM,2012,Sunflower,2409.0
Karnataka,BELGAUM,2012,Urad,314.0
Karnataka,BELGAUM,2012,Cowpea(Lobia),64.0
Karnataka,BELGAUM,2012,Dry chillies,86.0
Karnataka,BELGAUM,2012,Gram,21385.0
Karnataka,BELGAUM,2012,Groundnut,5199.0
Karnataka,BELGAUM,2012,Horse-gram,179.0
Karnataka,BELGAUM,2012,Jowar,74839.0
Karnataka,BELGAUM,2012,Linseed,170.0
Karnataka,BELGAUM,2012,Maize,111601.0
Karnataka,BELGAUM,2012,Moong(Green Gram),13.0
Karnataka,BELGAUM,2012,Onion,5309.0
Karnataka,BELGAUM,2012,Other  Rabi pulses,45.0
Karnataka,BELGAUM,2012,Potato,9307.0
Karnataka,BELGAUM,2012,Safflower,1552.0
Karnataka,BELGAUM,2012,Sunflower,4751.0
Karnataka,BELGAUM,2012,Wheat,42590.0
Karnataka,BELGAUM,2012,Cotton(lint),449.0
Karnataka,BELGAUM,2012,Cowpea(Lobia),110.0
Karnataka,BELGAUM,2012,Dry chillies,2129.0
Karnataka,BELGAUM,2012,Groundnut,1457.0
Karnataka,BELGAUM,2012,Jowar,18.0
Karnataka,BELGAUM,2012,Maize,9536.0
Karnataka,BELGAUM,2012,Onion,335.0
Karnataka,BELGAUM,2012,Potato,1286.0
Karnataka,BELGAUM,2012,Rice,260.0
Karnataka,BELGAUM,2012,Sunflower,417.0
Karnataka,BELGAUM,2012,Black pepper,14.0
Karnataka,BELGAUM,2012,Cashewnut,1120.0
Karnataka,BELGAUM,2012,Coconut ,1300.0
Karnataka,BELGAUM,2012,Coriander,4.0
Karnataka,BELGAUM,2012,Dry ginger,191.0
Karnataka,BELGAUM,2012,Garlic,1790.0
Karnataka,BELGAUM,2012,Mesta,199.0
Karnataka,BELGAUM,2012,Sugarcane,13895779.0
Karnataka,BELGAUM,2012,Sweet potato,36803.0
Karnataka,BELGAUM,2012,Tapioca,21.0
Karnataka,BELGAUM,2012,Tobacco,16484.0
Karnataka,BELGAUM,2012,Turmeric,6980.0
Karnataka,BELGAUM,2013,Arhar/Tur,1650.0
Karnataka,BELGAUM,2013,Bajra,8204.0
Karnataka,BELGAUM,2013,Castor seed,475.0
Karnataka,BELGAUM,2013,Cotton(lint),83384.0
Karnataka,BELGAUM,2013,Cowpea(Lobia),365.0
Karnataka,BELGAUM,2013,Dry chillies,7359.0
Karnataka,BELGAUM,2013,Groundnut,34339.0
Karnataka,BELGAUM,2013,Horse-gram,1169.0
Karnataka,BELGAUM,2013,Jowar,33229.0
Karnataka,BELGAUM,2013,Maize,381092.0
Karnataka,BELGAUM,2013,Moong(Green Gram),3768.0
Karnataka,BELGAUM,2013,Niger seed,196.0
Karnataka,BELGAUM,2013,Onion,39267.0
Karnataka,BELGAUM,2013,Other Kharif pulses,945.0
Karnataka,BELGAUM,2013,Potato,58396.0
Karnataka,BELGAUM,2013,Ragi,1024.0
Karnataka,BELGAUM,2013,Rapeseed &Mustard,3.0
Karnataka,BELGAUM,2013,Rice,123581.0
Karnataka,BELGAUM,2013,Sesamum,73.0
Karnataka,BELGAUM,2013,Small millets,549.0
Karnataka,BELGAUM,2013,Soyabean,49159.0
Karnataka,BELGAUM,2013,Sunflower,1996.0
Karnataka,BELGAUM,2013,Urad,1112.0
Karnataka,BELGAUM,2013,Cotton(lint),2316.0
Karnataka,BELGAUM,2013,Cowpea(Lobia),62.0
Karnataka,BELGAUM,2013,Dry chillies,1448.0
Karnataka,BELGAUM,2013,Gram,31773.0
Karnataka,BELGAUM,2013,Horse-gram,250.0
Karnataka,BELGAUM,2013,Jowar,90042.0
Karnataka,BELGAUM,2013,Linseed,340.0
Karnataka,BELGAUM,2013,Maize,107026.0
Karnataka,BELGAUM,2013,Moong(Green Gram),17.0
Karnataka,BELGAUM,2013,Onion,2978.0
Karnataka,BELGAUM,2013,Other  Rabi pulses,461.0
Karnataka,BELGAUM,2013,Potato,14366.0
Karnataka,BELGAUM,2013,Ragi,90.0
Karnataka,BELGAUM,2013,Safflower,1348.0
Karnataka,BELGAUM,2013,Sunflower,4223.0
Karnataka,BELGAUM,2013,Urad,171.0
Karnataka,BELGAUM,2013,Wheat,37431.0
Karnataka,BELGAUM,2013,Cotton(lint),955.0
Karnataka,BELGAUM,2013,Cowpea(Lobia),50.0
Karnataka,BELGAUM,2013,Dry chillies,2195.0
Karnataka,BELGAUM,2013,Groundnut,4868.0
Karnataka,BELGAUM,2013,Jowar,255.0
Karnataka,BELGAUM,2013,Maize,8131.0
Karnataka,BELGAUM,2013,Onion,16.0
Karnataka,BELGAUM,2013,Potato,1517.0
Karnataka,BELGAUM,2013,Rice,260.0
Karnataka,BELGAUM,2013,Sunflower,867.0
Karnataka,BELGAUM,2013,Arecanut,22.0
Karnataka,BELGAUM,2013,Black pepper,12.0
Karnataka,BELGAUM,2013,Cashewnut,1377.0
Karnataka,BELGAUM,2013,Coconut ,841.0
Karnataka,BELGAUM,2013,Coriander,108.0
Karnataka,BELGAUM,2013,Dry ginger,332.0
Karnataka,BELGAUM,2013,Garlic,1309.0
Karnataka,BELGAUM,2013,Mesta,28.0
Karnataka,BELGAUM,2013,Sannhamp,53.0
Karnataka,BELGAUM,2013,Sugarcane,14389731.0
Karnataka,BELGAUM,2013,Sweet potato,31094.0
Karnataka,BELGAUM,2013,Tapioca,446.0
Karnataka,BELGAUM,2013,Tobacco,15609.0
Karnataka,BELGAUM,2013,Turmeric,8917.0
Karnataka,BELGAUM,2014,Arhar/Tur,2322.0
Karnataka,BELGAUM,2014,Bajra,6146.0
Karnataka,BELGAUM,2014,Castor seed,49.0
Karnataka,BELGAUM,2014,Cotton(lint),108785.0
Karnataka,BELGAUM,2014,Cowpea(Lobia),830.0
Karnataka,BELGAUM,2014,Dry chillies,7438.0
Karnataka,BELGAUM,2014,Groundnut,30904.0
Karnataka,BELGAUM,2014,Horse-gram,583.0
Karnataka,BELGAUM,2014,Jowar,27793.0
Karnataka,BELGAUM,2014,Maize,447468.0
Karnataka,BELGAUM,2014,Moong(Green Gram),4616.0
Karnataka,BELGAUM,2014,Niger seed,71.0
Karnataka,BELGAUM,2014,Onion,48132.0
Karnataka,BELGAUM,2014,Other Kharif pulses,706.0
Karnataka,BELGAUM,2014,Potato,34345.0
Karnataka,BELGAUM,2014,Ragi,1207.0
Karnataka,BELGAUM,2014,Rapeseed &Mustard,54.0
Karnataka,BELGAUM,2014,Rice,176688.0
Karnataka,BELGAUM,2014,Sesamum,138.0
Karnataka,BELGAUM,2014,Small millets,1009.0
Karnataka,BELGAUM,2014,Soyabean,67986.0
Karnataka,BELGAUM,2014,Sunflower,4295.0
Karnataka,BELGAUM,2014,Urad,601.0
Karnataka,BELGAUM,2014,Cotton(lint),749.0
Karnataka,BELGAUM,2014,Cowpea(Lobia),61.0
Karnataka,BELGAUM,2014,Dry chillies,1527.0
Karnataka,BELGAUM,2014,Gram,48934.0
Karnataka,BELGAUM,2014,Horse-gram,250.0
Karnataka,BELGAUM,2014,Jowar,114413.0
Karnataka,BELGAUM,2014,Linseed,193.0
Karnataka,BELGAUM,2014,Maize,115641.0
Karnataka,BELGAUM,2014,Moong(Green Gram),21.0
Karnataka,BELGAUM,2014,Onion,3873.0
Karnataka,BELGAUM,2014,Other  Rabi pulses,554.0
Karnataka,BELGAUM,2014,Potato,9435.0
Karnataka,BELGAUM,2014,Ragi,164.0
Karnataka,BELGAUM,2014,Safflower,2155.0
Karnataka,BELGAUM,2014,Sunflower,4963.0
Karnataka,BELGAUM,2014,Urad,1.0
Karnataka,BELGAUM,2014,Wheat,74085.0
Karnataka,BELGAUM,2014,Cotton(lint),55.0
Karnataka,BELGAUM,2014,Cowpea(Lobia),77.0
Karnataka,BELGAUM,2014,Dry chillies,2607.0
Karnataka,BELGAUM,2014,Groundnut,3690.0
Karnataka,BELGAUM,2014,Jowar,135.0
Karnataka,BELGAUM,2014,Maize,17427.0
Karnataka,BELGAUM,2014,Onion,770.0
Karnataka,BELGAUM,2014,Potato,1453.0
Karnataka,BELGAUM,2014,Sunflower,764.0
Karnataka,BELGAUM,2014,Arecanut,65.0
Karnataka,BELGAUM,2014,Cashewnut,3016.0
Karnataka,BELGAUM,2014,Coconut ,1169.0
Karnataka,BELGAUM,2014,Coriander,87.0
Karnataka,BELGAUM,2014,Dry ginger,639.0
Karnataka,BELGAUM,2014,Garlic,1652.0
Karnataka,BELGAUM,2014,Mesta,192.0
Karnataka,BELGAUM,2014,Sannhamp,19.0
Karnataka,BELGAUM,2014,Sugarcane,16296533.0
Karnataka,BELGAUM,2014,Sweet potato,38885.0
Karnataka,BELGAUM,2014,Tobacco,11685.0
Karnataka,BELGAUM,2014,Turmeric,4943.0
Karnataka,BELLARY,1997,Arhar/Tur,3324.0
Karnataka,BELLARY,1997,Bajra,7221.0
Karnataka,BELLARY,1997,Dry chillies,11640.0
Karnataka,BELLARY,1997,Groundnut,38353.0
Karnataka,BELLARY,1997,Horse-gram,2276.0
Karnataka,BELLARY,1997,Jowar,86921.0
Karnataka,BELLARY,1997,Maize,217603.0
Karnataka,BELLARY,1997,Paddy,145019.0
Karnataka,BELLARY,1997,Ragi,12676.0
Karnataka,BELLARY,1997,Rice,96733.0
Karnataka,BELLARY,1997,Dry chillies,635.0
Karnataka,BELLARY,1997,Groundnut,21666.0
Karnataka,BELLARY,1997,Horse-gram,437.0
Karnataka,BELLARY,1997,Jowar,40394.0
Karnataka,BELLARY,1997,Maize,1225.0
Karnataka,BELLARY,1997,Ragi,37.0
Karnataka,BELLARY,1997,Wheat,1893.0
Karnataka,BELLARY,1997,Bajra,662.0
Karnataka,BELLARY,1997,Jowar,1820.0
Karnataka,BELLARY,1997,Maize,578.0
Karnataka,BELLARY,1997,Paddy,98311.0
Karnataka,BELLARY,1997,Rice,65571.0
Karnataka,BELLARY,1997,Arecanut,92.0
Karnataka,BELLARY,1997,Coriander,2168.0
Karnataka,BELLARY,1997,Sugarcane,488234.0
Karnataka,BELLARY,1997,Turmeric,6.0
Karnataka,BELLARY,1998,Arhar/Tur,2234.0
Karnataka,BELLARY,1998,Bajra,24114.0
Karnataka,BELLARY,1998,Castor seed,433.0
Karnataka,BELLARY,1998,Cotton(lint),85696.0
Karnataka,BELLARY,1998,Groundnut,61555.0
Karnataka,BELLARY,1998,Horse-gram,4984.0
Karnataka,BELLARY,1998,Jowar,69654.0
Karnataka,BELLARY,1998,Maize,95976.0
Karnataka,BELLARY,1998,Moong(Green Gram),242.0
Karnataka,BELLARY,1998,Niger seed,427.0
Karnataka,BELLARY,1998,Onion,53886.0
Karnataka,BELLARY,1998,Ragi,5804.0
Karnataka,BELLARY,1998,Rapeseed &Mustard,6.0
Karnataka,BELLARY,1998,Rice,124945.0
Karnataka,BELLARY,1998,Sesamum,1089.0
Karnataka,BELLARY,1998,Sunflower,6895.0
Karnataka,BELLARY,1998,Bajra,536.0
Karnataka,BELLARY,1998,Gram,6070.0
Karnataka,BELLARY,1998,Groundnut,25244.0
Karnataka,BELLARY,1998,Horse-gram,1119.0
Karnataka,BELLARY,1998,Jowar,47827.0
Karnataka,BELLARY,1998,Linseed,37.0
Karnataka,BELLARY,1998,Maize,2472.0
Karnataka,BELLARY,1998,Moong(Green Gram),97.0
Karnataka,BELLARY,1998,Onion,917.0
Karnataka,BELLARY,1998,Safflower,3243.0
Karnataka,BELLARY,1998,Sunflower,9593.0
Karnataka,BELLARY,1998,Wheat,2193.0
Karnataka,BELLARY,1998,Bajra,498.0
Karnataka,BELLARY,1998,Jowar,2018.0
Karnataka,BELLARY,1998,Maize,1412.0
Karnataka,BELLARY,1998,Onion,12024.0
Karnataka,BELLARY,1998,Ragi,36.0
Karnataka,BELLARY,1998,Rice,99742.0
Karnataka,BELLARY,1998,Sunflower,3910.0
Karnataka,BELLARY,1998,Arecanut,40.0
Karnataka,BELLARY,1998,Coconut ,5606.0
Karnataka,BELLARY,1998,Coriander,2241.0
Karnataka,BELLARY,1998,Dry chillies,25136.0
Karnataka,BELLARY,1998,Garlic,5.0
Karnataka,BELLARY,1998,Turmeric,5.0
Karnataka,BELLARY,1999,Arhar/Tur,3396.0
Karnataka,BELLARY,1999,Bajra,13334.0
Karnataka,BELLARY,1999,Castor seed,471.0
Karnataka,BELLARY,1999,Cotton(lint),55883.0
Karnataka,BELLARY,1999,Groundnut,60202.0
Karnataka,BELLARY,1999,Horse-gram,1846.0
Karnataka,BELLARY,1999,Jowar,71222.0
Karnataka,BELLARY,1999,Maize,139783.0
Karnataka,BELLARY,1999,Moong(Green Gram),1229.0
Karnataka,BELLARY,1999,Niger seed,409.0
Karnataka,BELLARY,1999,Other Kharif pulses,626.0
Karnataka,BELLARY,1999,Ragi,4146.0
Karnataka,BELLARY,1999,Rice,162081.0
Karnataka,BELLARY,1999,Sesamum,2962.0
Karnataka,BELLARY,1999,Small millets,5466.0
Karnataka,BELLARY,1999,Sunflower,8535.0
Karnataka,BELLARY,1999,Urad,87.0
Karnataka,BELLARY,1999,Gram,3405.0
Karnataka,BELLARY,1999,Groundnut,15711.0
Karnataka,BELLARY,1999,Horse-gram,817.0
Karnataka,BELLARY,1999,Jowar,61544.0
Karnataka,BELLARY,1999,Linseed,66.0
Karnataka,BELLARY,1999,Maize,3647.0
Karnataka,BELLARY,1999,Moong(Green Gram),45.0
Karnataka,BELLARY,1999,Other  Rabi pulses,608.0
Karnataka,BELLARY,1999,Ragi,29.0
Karnataka,BELLARY,1999,Rapeseed &Mustard,8.0
Karnataka,BELLARY,1999,Safflower,6219.0
Karnataka,BELLARY,1999,Sunflower,8090.0
Karnataka,BELLARY,1999,Urad,40.0
Karnataka,BELLARY,1999,Wheat,1784.0
Karnataka,BELLARY,1999,Jowar,2902.0
Karnataka,BELLARY,1999,Maize,1080.0
Karnataka,BELLARY,1999,Ragi,16.0
Karnataka,BELLARY,1999,Rice,94717.0
Karnataka,BELLARY,1999,Sunflower,3348.0
Karnataka,BELLARY,1999,Banana,48344.0
Karnataka,BELLARY,1999,Coconut ,5601.0
Karnataka,BELLARY,1999,Coriander,1201.0
Karnataka,BELLARY,1999,Dry chillies,26749.0
Karnataka,BELLARY,1999,Garlic,5.0
Karnataka,BELLARY,1999,Onion,39556.0
Karnataka,BELLARY,1999,Sannhamp,9.0
Karnataka,BELLARY,1999,Sugarcane,655105.0
Karnataka,BELLARY,1999,Tobacco,364.0
Karnataka,BELLARY,1999,Turmeric,4.0
Karnataka,BELLARY,2000,Arhar/Tur,3958.0
Karnataka,BELLARY,2000,Bajra,21054.0
Karnataka,BELLARY,2000,Castor seed,1018.0
Karnataka,BELLARY,2000,Cotton(lint),68670.0
Karnataka,BELLARY,2000,Groundnut,54533.0
Karnataka,BELLARY,2000,Horse-gram,3307.0
Karnataka,BELLARY,2000,Jowar,93692.0
Karnataka,BELLARY,2000,Maize,161785.0
Karnataka,BELLARY,2000,Moong(Green Gram),1510.0
Karnataka,BELLARY,2000,Niger seed,444.0
Karnataka,BELLARY,2000,Other Kharif pulses,548.0
Karnataka,BELLARY,2000,Ragi,5730.0
Karnataka,BELLARY,2000,Rice,172729.0
Karnataka,BELLARY,2000,Sesamum,2714.0
Karnataka,BELLARY,2000,Small millets,11033.0
Karnataka,BELLARY,2000,Sunflower,11546.0
Karnataka,BELLARY,2000,Urad,57.0
Karnataka,BELLARY,2000,Bajra,129.0
Karnataka,BELLARY,2000,Gram,9257.0
Karnataka,BELLARY,2000,Groundnut,13472.0
Karnataka,BELLARY,2000,Horse-gram,467.0
Karnataka,BELLARY,2000,Jowar,49827.0
Karnataka,BELLARY,2000,Linseed,4.0
Karnataka,BELLARY,2000,Maize,1435.0
Karnataka,BELLARY,2000,Moong(Green Gram),37.0
Karnataka,BELLARY,2000,Other  Rabi pulses,442.0
Karnataka,BELLARY,2000,Rapeseed &Mustard,13.0
Karnataka,BELLARY,2000,Safflower,3237.0
Karnataka,BELLARY,2000,Sunflower,5980.0
Karnataka,BELLARY,2000,Urad,30.0
Karnataka,BELLARY,2000,Wheat,2658.0
Karnataka,BELLARY,2000,Bajra,989.0
Karnataka,BELLARY,2000,Jowar,1450.0
Karnataka,BELLARY,2000,Maize,1097.0
Karnataka,BELLARY,2000,Ragi,20.0
Karnataka,BELLARY,2000,Rice,100892.0
Karnataka,BELLARY,2000,Sunflower,2630.0
Karnataka,BELLARY,2000,Arecanut,27.0
Karnataka,BELLARY,2000,Banana,33816.0
Karnataka,BELLARY,2000,Coconut ,6050.0
Karnataka,BELLARY,2000,Coriander,838.0
Karnataka,BELLARY,2000,Dry chillies,14402.0
Karnataka,BELLARY,2000,Garlic,5.0
Karnataka,BELLARY,2000,Onion,29659.0
Karnataka,BELLARY,2000,Sannhamp,7.0
Karnataka,BELLARY,2000,Sugarcane,783760.0
Karnataka,BELLARY,2000,Tobacco,790.0
Karnataka,BELLARY,2000,Turmeric,4.0
Karnataka,BELLARY,2001,Arhar/Tur,2451.0
Karnataka,BELLARY,2001,Bajra,12464.0
Karnataka,BELLARY,2001,Castor seed,459.0
Karnataka,BELLARY,2001,Cotton(lint),69414.0
Karnataka,BELLARY,2001,Dry ginger,13.0
Karnataka,BELLARY,2001,Groundnut,57961.0
Karnataka,BELLARY,2001,Horse-gram,3731.0
Karnataka,BELLARY,2001,Jowar,60618.0
Karnataka,BELLARY,2001,Maize,140539.0
Karnataka,BELLARY,2001,Moong(Green Gram),409.0
Karnataka,BELLARY,2001,Niger seed,339.0
Karnataka,BELLARY,2001,Other Kharif pulses,442.0
Karnataka,BELLARY,2001,Ragi,8087.0
Karnataka,BELLARY,2001,Rice,175813.0
Karnataka,BELLARY,2001,Sesamum,1140.0
Karnataka,BELLARY,2001,Small millets,4729.0
Karnataka,BELLARY,2001,Sunflower,6648.0
Karnataka,BELLARY,2001,Urad,25.0
Karnataka,BELLARY,2001,Bajra,105.0
Karnataka,BELLARY,2001,Gram,17477.0
Karnataka,BELLARY,2001,Horse-gram,478.0
Karnataka,BELLARY,2001,Jowar,58233.0
Karnataka,BELLARY,2001,Linseed,6.0
Karnataka,BELLARY,2001,Maize,3077.0
Karnataka,BELLARY,2001,Moong(Green Gram),7.0
Karnataka,BELLARY,2001,Other  Rabi pulses,252.0
Karnataka,BELLARY,2001,Ragi,11.0
Karnataka,BELLARY,2001,Rapeseed &Mustard,14.0
Karnataka,BELLARY,2001,Safflower,2076.0
Karnataka,BELLARY,2001,Sunflower,12359.0
Karnataka,BELLARY,2001,Urad,69.0
Karnataka,BELLARY,2001,Wheat,2270.0
Karnataka,BELLARY,2001,Bajra,929.0
Karnataka,BELLARY,2001,Jowar,1656.0
Karnataka,BELLARY,2001,Maize,776.0
Karnataka,BELLARY,2001,Rice,78310.0
Karnataka,BELLARY,2001,Sunflower,2734.0
Karnataka,BELLARY,2001,Arecanut,37.0
Karnataka,BELLARY,2001,Coconut ,6035.0
Karnataka,BELLARY,2001,Coriander,1297.0
Karnataka,BELLARY,2001,Dry chillies,15620.0
Karnataka,BELLARY,2001,Onion,47730.0
Karnataka,BELLARY,2001,Sannhamp,5.0
Karnataka,BELLARY,2001,Sugarcane,750118.0
Karnataka,BELLARY,2001,Turmeric,88.0
Karnataka,BELLARY,2002,Arhar/Tur,2704.0
Karnataka,BELLARY,2002,Bajra,6488.0
Karnataka,BELLARY,2002,Castor seed,301.0
Karnataka,BELLARY,2002,Cotton(lint),38941.0
Karnataka,BELLARY,2002,Groundnut,30729.0
Karnataka,BELLARY,2002,Horse-gram,1440.0
Karnataka,BELLARY,2002,Jowar,41430.0
Karnataka,BELLARY,2002,Maize,128078.0
Karnataka,BELLARY,2002,Moong(Green Gram),386.0
Karnataka,BELLARY,2002,Niger seed,195.0
Karnataka,BELLARY,2002,Other Kharif pulses,251.0
Karnataka,BELLARY,2002,Ragi,2775.0
Karnataka,BELLARY,2002,Rice,215581.0
Karnataka,BELLARY,2002,Sesamum,2720.0
Karnataka,BELLARY,2002,Small millets,2338.0
Karnataka,BELLARY,2002,Sunflower,10031.0
Karnataka,BELLARY,2002,Urad,4.0
Karnataka,BELLARY,2002,Bajra,215.0
Karnataka,BELLARY,2002,Gram,12777.0
Karnataka,BELLARY,2002,Groundnut,6453.0
Karnataka,BELLARY,2002,Horse-gram,362.0
Karnataka,BELLARY,2002,Jowar,12096.0
Karnataka,BELLARY,2002,Linseed,4.0
Karnataka,BELLARY,2002,Maize,6539.0
Karnataka,BELLARY,2002,Other  Rabi pulses,233.0
Karnataka,BELLARY,2002,Ragi,16.0
Karnataka,BELLARY,2002,Rapeseed &Mustard,2.0
Karnataka,BELLARY,2002,Safflower,594.0
Karnataka,BELLARY,2002,Sunflower,9300.0
Karnataka,BELLARY,2002,Urad,12.0
Karnataka,BELLARY,2002,Wheat,843.0
Karnataka,BELLARY,2002,Bajra,322.0
Karnataka,BELLARY,2002,Jowar,2723.0
Karnataka,BELLARY,2002,Maize,1912.0
Karnataka,BELLARY,2002,Ragi,16.0
Karnataka,BELLARY,2002,Rice,17597.0
Karnataka,BELLARY,2002,Sunflower,2057.0
Karnataka,BELLARY,2002,Arcanut (Processed),43.0
Karnataka,BELLARY,2002,Atcanut (Raw),201.0
Karnataka,BELLARY,2002,Banana,51609.0
Karnataka,BELLARY,2002,Brinjal,2480.0
Karnataka,BELLARY,2002,Cashewnut Processed,1.0
Karnataka,BELLARY,2002,Cashewnut Raw,4.0
Karnataka,BELLARY,2002,Citrus Fruit,937.0
Karnataka,BELLARY,2002,Coconut ,7473.0
Karnataka,BELLARY,2002,Coriander,587.0
Karnataka,BELLARY,2002,Dry chillies,28953.0
Karnataka,BELLARY,2002,Garlic,11.0
Karnataka,BELLARY,2002,Grapes,357.0
Karnataka,BELLARY,2002,Mango,4248.0
Karnataka,BELLARY,2002,Onion,57874.0
Karnataka,BELLARY,2002,Other Fresh Fruits,2098.0
Karnataka,BELLARY,2002,Papaya,815.0
Karnataka,BELLARY,2002,Pome Fruit,337.0
Karnataka,BELLARY,2002,Sannhamp,6.0
Karnataka,BELLARY,2002,Sugarcane,384609.0
Karnataka,BELLARY,2002,Tobacco,48.0
Karnataka,BELLARY,2002,Tomato,13310.0
Karnataka,BELLARY,2002,Turmeric,22.0
Karnataka,BELLARY,2003,Arhar/Tur,1774.0
Karnataka,BELLARY,2003,Bajra,17480.0
Karnataka,BELLARY,2003,Castor seed,149.0
Karnataka,BELLARY,2003,Cotton(lint),21825.0
Karnataka,BELLARY,2003,Dry ginger,13.0
Karnataka,BELLARY,2003,Groundnut,32963.0
Karnataka,BELLARY,2003,Horse-gram,1833.0
Karnataka,BELLARY,2003,Jowar,28900.0
Karnataka,BELLARY,2003,Maize,159871.0
Karnataka,BELLARY,2003,Moong(Green Gram),59.0
Karnataka,BELLARY,2003,Niger seed,204.0
Karnataka,BELLARY,2003,Other Kharif pulses,195.0
Karnataka,BELLARY,2003,Ragi,8075.0
Karnataka,BELLARY,2003,Rice,190076.0
Karnataka,BELLARY,2003,Sesamum,311.0
Karnataka,BELLARY,2003,Small millets,6122.0
Karnataka,BELLARY,2003,Sunflower,13043.0
Karnataka,BELLARY,2003,Urad,7.0
Karnataka,BELLARY,2003,Bajra,105.0
Karnataka,BELLARY,2003,Gram,9108.0
Karnataka,BELLARY,2003,Groundnut,5895.0
Karnataka,BELLARY,2003,Horse-gram,41.0
Karnataka,BELLARY,2003,Jowar,41863.0
Karnataka,BELLARY,2003,Linseed,0.0
Karnataka,BELLARY,2003,Maize,5109.0
Karnataka,BELLARY,2003,Other  Rabi pulses,159.0
Karnataka,BELLARY,2003,Ragi,29.0
Karnataka,BELLARY,2003,Rapeseed &Mustard,1.0
Karnataka,BELLARY,2003,Safflower,1209.0
Karnataka,BELLARY,2003,Sunflower,14922.0
Karnataka,BELLARY,2003,Urad,18.0
Karnataka,BELLARY,2003,Wheat,707.0
Karnataka,BELLARY,2003,Bajra,250.0
Karnataka,BELLARY,2003,Jowar,2497.0
Karnataka,BELLARY,2003,Maize,1450.0
Karnataka,BELLARY,2003,Ragi,18.0
Karnataka,BELLARY,2003,Rice,27818.0
Karnataka,BELLARY,2003,Sunflower,2210.0
Karnataka,BELLARY,2003,Arecanut,43.0
Karnataka,BELLARY,2003,Banana,47400.0
Karnataka,BELLARY,2003,Brinjal,10842.0
Karnataka,BELLARY,2003,Citrus Fruit,901.0
Karnataka,BELLARY,2003,Coconut ,6264.0
Karnataka,BELLARY,2003,Coriander,707.0
Karnataka,BELLARY,2003,Dry chillies,2101.0
Karnataka,BELLARY,2003,Garlic,8.0
Karnataka,BELLARY,2003,Grapes,440.0
Karnataka,BELLARY,2003,Mango,1604.0
Karnataka,BELLARY,2003,Onion,42375.0
Karnataka,BELLARY,2003,Other Fresh Fruits,2246.0
Karnataka,BELLARY,2003,Pome Fruit,160.0
Karnataka,BELLARY,2003,Sugarcane,121762.0
Karnataka,BELLARY,2003,Tobacco,170.0
Karnataka,BELLARY,2003,Tomato,4963.0
Karnataka,BELLARY,2003,Turmeric,5.0
Karnataka,BELLARY,2004,Arhar/Tur,4982.0
Karnataka,BELLARY,2004,Bajra,12115.0
Karnataka,BELLARY,2004,Castor seed,181.0
Karnataka,BELLARY,2004,Cotton(lint),48777.0
Karnataka,BELLARY,2004,Dry ginger,13.0
Karnataka,BELLARY,2004,Groundnut,25628.0
Karnataka,BELLARY,2004,Horse-gram,2911.0
Karnataka,BELLARY,2004,Jowar,98268.0
Karnataka,BELLARY,2004,Maize,155182.0
Karnataka,BELLARY,2004,Moong(Green Gram),1822.0
Karnataka,BELLARY,2004,Niger seed,215.0
Karnataka,BELLARY,2004,Other Kharif pulses,251.68
Karnataka,BELLARY,2004,Ragi,4739.0
Karnataka,BELLARY,2004,Rice,178111.08
Karnataka,BELLARY,2004,Sesamum,2184.0
Karnataka,BELLARY,2004,Small millets,3725.0
Karnataka,BELLARY,2004,Sunflower,18559.0
Karnataka,BELLARY,2004,Urad,1.0
Karnataka,BELLARY,2004,Bajra,200.0
Karnataka,BELLARY,2004,Gram,4448.0
Karnataka,BELLARY,2004,Groundnut,5667.0
Karnataka,BELLARY,2004,Horse-gram,192.0
Karnataka,BELLARY,2004,Jowar,19541.0
Karnataka,BELLARY,2004,Linseed,2.0
Karnataka,BELLARY,2004,Maize,3956.0
Karnataka,BELLARY,2004,Moong(Green Gram),25.0
Karnataka,BELLARY,2004,Other  Rabi pulses,159.0
Karnataka,BELLARY,2004,Ragi,13.0
Karnataka,BELLARY,2004,Rapeseed &Mustard,1.0
Karnataka,BELLARY,2004,Rice,944.0
Karnataka,BELLARY,2004,Safflower,1977.0
Karnataka,BELLARY,2004,Sunflower,13615.0
Karnataka,BELLARY,2004,Urad,18.0
Karnataka,BELLARY,2004,Wheat,768.0
Karnataka,BELLARY,2004,Bajra,1072.0
Karnataka,BELLARY,2004,Jowar,2488.0
Karnataka,BELLARY,2004,Maize,2013.0
Karnataka,BELLARY,2004,Ragi,70.0
Karnataka,BELLARY,2004,Rice,68619.0
Karnataka,BELLARY,2004,Sunflower,4294.0
Karnataka,BELLARY,2004,Arecanut,46.0
Karnataka,BELLARY,2004,Banana,89106.0
Karnataka,BELLARY,2004,Coconut ,60721.57
Karnataka,BELLARY,2004,Coriander,874.0
Karnataka,BELLARY,2004,Dry chillies,10299.0
Karnataka,BELLARY,2004,Garlic,3.0
Karnataka,BELLARY,2004,Onion,38433.0
Karnataka,BELLARY,2004,Sannhamp,32.0
Karnataka,BELLARY,2004,Tobacco,413.0
Karnataka,BELLARY,2004,Turmeric,5.0
Karnataka,BELLARY,2005,Arhar/Tur,5628.0
Karnataka,BELLARY,2005,Bajra,16424.0
Karnataka,BELLARY,2005,Castor seed,234.0
Karnataka,BELLARY,2005,Dry chillies,15021.0
Karnataka,BELLARY,2005,Groundnut,27396.0
Karnataka,BELLARY,2005,Horse-gram,3687.0
Karnataka,BELLARY,2005,Jowar,86998.0
Karnataka,BELLARY,2005,Maize,223457.0
Karnataka,BELLARY,2005,Moong(Green Gram),412.0
Karnataka,BELLARY,2005,Niger seed,184.0
Karnataka,BELLARY,2005,Onion,25442.0
Karnataka,BELLARY,2005,Other Kharif pulses,377.0
Karnataka,BELLARY,2005,Ragi,5714.0
Karnataka,BELLARY,2005,Rice,188994.0
Karnataka,BELLARY,2005,Sesamum,2936.0
Karnataka,BELLARY,2005,Small millets,2822.0
Karnataka,BELLARY,2005,Sunflower,18516.0
Karnataka,BELLARY,2005,Urad,14.0
Karnataka,BELLARY,2005,Bajra,104.0
Karnataka,BELLARY,2005,Dry chillies,207.0
Karnataka,BELLARY,2005,Gram,11198.0
Karnataka,BELLARY,2005,Groundnut,5245.0
Karnataka,BELLARY,2005,Horse-gram,448.0
Karnataka,BELLARY,2005,Jowar,40278.0
Karnataka,BELLARY,2005,Linseed,9.0
Karnataka,BELLARY,2005,Maize,8307.0
Karnataka,BELLARY,2005,Moong(Green Gram),32.0
Karnataka,BELLARY,2005,Onion,2871.0
Karnataka,BELLARY,2005,Other  Rabi pulses,181.0
Karnataka,BELLARY,2005,Rapeseed &Mustard,23.0
Karnataka,BELLARY,2005,Rice,1871.0
Karnataka,BELLARY,2005,Safflower,1579.0
Karnataka,BELLARY,2005,Sunflower,17037.0
Karnataka,BELLARY,2005,Urad,38.0
Karnataka,BELLARY,2005,Wheat,1341.0
Karnataka,BELLARY,2005,Bajra,1084.0
Karnataka,BELLARY,2005,Dry chillies,166.0
Karnataka,BELLARY,2005,Jowar,2104.0
Karnataka,BELLARY,2005,Maize,1585.0
Karnataka,BELLARY,2005,Onion,13535.0
Karnataka,BELLARY,2005,Ragi,179.0
Karnataka,BELLARY,2005,Rice,138524.0
Karnataka,BELLARY,2005,Sunflower,4551.0
Karnataka,BELLARY,2005,Arecanut,389.0
Karnataka,BELLARY,2005,Banana,607.0
Karnataka,BELLARY,2005,Coconut ,5443.0
Karnataka,BELLARY,2005,Coriander,769.0
Karnataka,BELLARY,2005,Cotton(lint),35262.0
Karnataka,BELLARY,2005,Dry ginger,13.0
Karnataka,BELLARY,2005,Sugarcane,338799.0
Karnataka,BELLARY,2005,Tobacco,240.0
Karnataka,BELLARY,2006,Arhar/Tur,4363.0
Karnataka,BELLARY,2006,Bajra,7505.0
Karnataka,BELLARY,2006,Castor seed,148.0
Karnataka,BELLARY,2006,Gram,4.0
Karnataka,BELLARY,2006,Groundnut,13118.0
Karnataka,BELLARY,2006,Horse-gram,2632.0
Karnataka,BELLARY,2006,Jowar,42306.0
Karnataka,BELLARY,2006,Maize,179807.0
Karnataka,BELLARY,2006,Moong(Green Gram),420.0
Karnataka,BELLARY,2006,Niger seed,171.0
Karnataka,BELLARY,2006,Other Kharif pulses,675.0
Karnataka,BELLARY,2006,Ragi,1657.0
Karnataka,BELLARY,2006,Rapeseed &Mustard,6.0
Karnataka,BELLARY,2006,Rice,204553.0
Karnataka,BELLARY,2006,Sesamum,1537.0
Karnataka,BELLARY,2006,Small millets,726.0
Karnataka,BELLARY,2006,Sunflower,18060.0
Karnataka,BELLARY,2006,Urad,4.0
Karnataka,BELLARY,2006,Bajra,28.0
Karnataka,BELLARY,2006,Gram,17799.0
Karnataka,BELLARY,2006,Groundnut,8822.0
Karnataka,BELLARY,2006,Horse-gram,483.0
Karnataka,BELLARY,2006,Jowar,17696.0
Karnataka,BELLARY,2006,Linseed,41.0
Karnataka,BELLARY,2006,Maize,2274.0
Karnataka,BELLARY,2006,Moong(Green Gram),18.0
Karnataka,BELLARY,2006,Other  Rabi pulses,514.0
Karnataka,BELLARY,2006,Rice,14299.0
Karnataka,BELLARY,2006,Safflower,1628.0
Karnataka,BELLARY,2006,Sunflower,16144.0
Karnataka,BELLARY,2006,Urad,89.0
Karnataka,BELLARY,2006,Wheat,798.0
Karnataka,BELLARY,2006,Bajra,1385.0
Karnataka,BELLARY,2006,Jowar,2114.0
Karnataka,BELLARY,2006,Maize,3701.0
Karnataka,BELLARY,2006,Ragi,179.0
Karnataka,BELLARY,2006,Rice,129221.0
Karnataka,BELLARY,2006,Sunflower,7353.0
Karnataka,BELLARY,2006,Arecanut,89.0
Karnataka,BELLARY,2006,Banana,25435.0
Karnataka,BELLARY,2006,Coconut ,5973.0
Karnataka,BELLARY,2006,Coriander,525.0
Karnataka,BELLARY,2006,Cotton(lint),28963.0
Karnataka,BELLARY,2006,Dry chillies,19139.0
Karnataka,BELLARY,2006,Dry ginger,13.0
Karnataka,BELLARY,2006,Onion,23238.0
Karnataka,BELLARY,2006,Sugarcane,297193.0
Karnataka,BELLARY,2006,Tobacco,476.0
Karnataka,BELLARY,2007,Arhar/Tur,5398.0
Karnataka,BELLARY,2007,Bajra,13500.0
Karnataka,BELLARY,2007,Castor seed,123.0
Karnataka,BELLARY,2007,Dry chillies,23489.0
Karnataka,BELLARY,2007,Groundnut,43233.0
Karnataka,BELLARY,2007,Horse-gram,3071.0
Karnataka,BELLARY,2007,Jowar,63379.0
Karnataka,BELLARY,2007,Maize,260481.0
Karnataka,BELLARY,2007,Moong(Green Gram),439.0
Karnataka,BELLARY,2007,Niger seed,208.0
Karnataka,BELLARY,2007,Onion,20332.0
Karnataka,BELLARY,2007,Other Kharif pulses,659.0
Karnataka,BELLARY,2007,Ragi,2700.0
Karnataka,BELLARY,2007,Rice,283719.0
Karnataka,BELLARY,2007,Sesamum,2219.0
Karnataka,BELLARY,2007,Small millets,1261.0
Karnataka,BELLARY,2007,Sunflower,18862.0
Karnataka,BELLARY,2007,Urad,29.0
Karnataka,BELLARY,2007,Bajra,504.0
Karnataka,BELLARY,2007,Dry chillies,49.0
Karnataka,BELLARY,2007,Gram,18833.0
Karnataka,BELLARY,2007,Groundnut,9460.0
Karnataka,BELLARY,2007,Horse-gram,520.0
Karnataka,BELLARY,2007,Jowar,41002.0
Karnataka,BELLARY,2007,Linseed,14.0
Karnataka,BELLARY,2007,Maize,9162.0
Karnataka,BELLARY,2007,Moong(Green Gram),38.0
Karnataka,BELLARY,2007,Onion,1313.0
Karnataka,BELLARY,2007,Other  Rabi pulses,497.0
Karnataka,BELLARY,2007,Rice,1414.0
Karnataka,BELLARY,2007,Safflower,1972.0
Karnataka,BELLARY,2007,Sunflower,16935.0
Karnataka,BELLARY,2007,Urad,45.0
Karnataka,BELLARY,2007,Wheat,1226.0
Karnataka,BELLARY,2007,Bajra,1570.0
Karnataka,BELLARY,2007,Dry chillies,152.0
Karnataka,BELLARY,2007,Jowar,2303.0
Karnataka,BELLARY,2007,Maize,4001.0
Karnataka,BELLARY,2007,Onion,2170.0
Karnataka,BELLARY,2007,Ragi,131.0
Karnataka,BELLARY,2007,Rice,131492.0
Karnataka,BELLARY,2007,Sunflower,7472.0
Karnataka,BELLARY,2007,Arecanut,416.0
Karnataka,BELLARY,2007,Banana,21821.0
Karnataka,BELLARY,2007,Coconut ,6670.0
Karnataka,BELLARY,2007,Coriander,1241.0
Karnataka,BELLARY,2007,Cotton(lint),48546.0
Karnataka,BELLARY,2007,Dry ginger,21.0
Karnataka,BELLARY,2007,Sannhamp,20.0
Karnataka,BELLARY,2007,Sugarcane,203089.0
Karnataka,BELLARY,2007,Tobacco,104.0
Karnataka,BELLARY,2007,Turmeric,31.0
Karnataka,BELLARY,2008,Arhar/Tur,4854.0
Karnataka,BELLARY,2008,Bajra,7336.0
Karnataka,BELLARY,2008,Castor seed,112.0
Karnataka,BELLARY,2008,Dry chillies,15013.0
Karnataka,BELLARY,2008,Groundnut,16648.0
Karnataka,BELLARY,2008,Horse-gram,2855.0
Karnataka,BELLARY,2008,Jowar,32475.0
Karnataka,BELLARY,2008,Maize,221134.0
Karnataka,BELLARY,2008,Moong(Green Gram),88.0
Karnataka,BELLARY,2008,Niger seed,221.0
Karnataka,BELLARY,2008,Onion,16481.0
Karnataka,BELLARY,2008,Other Kharif pulses,631.0
Karnataka,BELLARY,2008,Ragi,1783.0
Karnataka,BELLARY,2008,Rice,283650.18
Karnataka,BELLARY,2008,Sesamum,581.0
Karnataka,BELLARY,2008,Sunflower,15316.0
Karnataka,BELLARY,2008,Urad,3.0
Karnataka,BELLARY,2008,Bajra,331.0
Karnataka,BELLARY,2008,Dry chillies,64.0
Karnataka,BELLARY,2008,Gram,25555.0
Karnataka,BELLARY,2008,Groundnut,7437.0
Karnataka,BELLARY,2008,Horse-gram,373.0
Karnataka,BELLARY,2008,Jowar,32753.0
Karnataka,BELLARY,2008,Linseed,6.0
Karnataka,BELLARY,2008,Maize,7487.0
Karnataka,BELLARY,2008,Moong(Green Gram),13.0
Karnataka,BELLARY,2008,Onion,815.0
Karnataka,BELLARY,2008,Other  Rabi pulses,440.0
Karnataka,BELLARY,2008,Ragi,79.0
Karnataka,BELLARY,2008,Rice,700.0
Karnataka,BELLARY,2008,Safflower,472.0
Karnataka,BELLARY,2008,Sunflower,17629.0
Karnataka,BELLARY,2008,Urad,55.0
Karnataka,BELLARY,2008,Wheat,1444.0
Karnataka,BELLARY,2008,Bajra,1180.0
Karnataka,BELLARY,2008,Dry chillies,112.0
Karnataka,BELLARY,2008,Jowar,2472.0
Karnataka,BELLARY,2008,Maize,6160.0
Karnataka,BELLARY,2008,Onion,3151.0
Karnataka,BELLARY,2008,Ragi,137.0
Karnataka,BELLARY,2008,Rice,157154.0
Karnataka,BELLARY,2008,Sunflower,3881.0
Karnataka,BELLARY,2008,Arecanut,416.0
Karnataka,BELLARY,2008,Banana,49871.0
Karnataka,BELLARY,2008,Coconut ,7399.0
Karnataka,BELLARY,2008,Coriander,2015.0
Karnataka,BELLARY,2008,Cotton(lint),36344.0
Karnataka,BELLARY,2008,Dry ginger,32.0
Karnataka,BELLARY,2008,Mesta,4.0
Karnataka,BELLARY,2008,Sugarcane,249614.0
Karnataka,BELLARY,2008,Tobacco,109.0
Karnataka,BELLARY,2009,Arhar/Tur,3303.0
Karnataka,BELLARY,2009,Bajra,8249.0
Karnataka,BELLARY,2009,Castor seed,79.0
Karnataka,BELLARY,2009,Gram,1926.0
Karnataka,BELLARY,2009,Groundnut,16191.0
Karnataka,BELLARY,2009,Horse-gram,1926.0
Karnataka,BELLARY,2009,Jowar,28300.0
Karnataka,BELLARY,2009,Maize,189500.0
Karnataka,BELLARY,2009,Moong(Green Gram),278.0
Karnataka,BELLARY,2009,Niger seed,158.0
Karnataka,BELLARY,2009,Onion,12217.0
Karnataka,BELLARY,2009,Other Kharif pulses,305.0
Karnataka,BELLARY,2009,Ragi,1082.0
Karnataka,BELLARY,2009,Rice,248380.11
Karnataka,BELLARY,2009,Sesamum,536.0
Karnataka,BELLARY,2009,Small millets,777.0
Karnataka,BELLARY,2009,Sunflower,8523.0
Karnataka,BELLARY,2009,Bajra,132.0
Karnataka,BELLARY,2009,Dry chillies,57.0
Karnataka,BELLARY,2009,Gram,894.0
Karnataka,BELLARY,2009,Groundnut,7233.0
Karnataka,BELLARY,2009,Horse-gram,894.0
Karnataka,BELLARY,2009,Jowar,26979.0
Karnataka,BELLARY,2009,Linseed,4.0
Karnataka,BELLARY,2009,Maize,4954.0
Karnataka,BELLARY,2009,Moong(Green Gram),4.0
Karnataka,BELLARY,2009,Onion,2713.0
Karnataka,BELLARY,2009,Other  Rabi pulses,458.0
Karnataka,BELLARY,2009,Ragi,35.0
Karnataka,BELLARY,2009,Rice,185.0
Karnataka,BELLARY,2009,Safflower,411.0
Karnataka,BELLARY,2009,Sunflower,14103.0
Karnataka,BELLARY,2009,Urad,30.0
Karnataka,BELLARY,2009,Wheat,1051.0
Karnataka,BELLARY,2009,Bajra,428.0
Karnataka,BELLARY,2009,Dry chillies,124.0
Karnataka,BELLARY,2009,Jowar,2210.0
Karnataka,BELLARY,2009,Maize,3688.0
Karnataka,BELLARY,2009,Onion,3705.0
Karnataka,BELLARY,2009,Ragi,128.0
Karnataka,BELLARY,2009,Rice,132661.0
Karnataka,BELLARY,2009,Sunflower,2625.0
Karnataka,BELLARY,2009,Arecanut,496.0
Karnataka,BELLARY,2009,Banana,56569.0
Karnataka,BELLARY,2009,Coconut ,7387.0
Karnataka,BELLARY,2009,Coriander,1551.0
Karnataka,BELLARY,2009,Cotton(lint),47008.0
Karnataka,BELLARY,2009,Dry ginger,31.0
Karnataka,BELLARY,2009,Sugarcane,238762.0
Karnataka,BELLARY,2009,Tobacco,359.0
Karnataka,BELLARY,2010,Arhar/Tur,4367.0
Karnataka,BELLARY,2010,Bajra,11295.0
Karnataka,BELLARY,2010,Castor seed,121.0
Karnataka,BELLARY,2010,Cotton(lint),100359.0
Karnataka,BELLARY,2010,Cowpea(Lobia),187.0
Karnataka,BELLARY,2010,Dry chillies,11259.0
Karnataka,BELLARY,2010,Groundnut,20851.0
Karnataka,BELLARY,2010,Horse-gram,2749.0
Karnataka,BELLARY,2010,Jowar,40568.0
Karnataka,BELLARY,2010,Maize,254848.0
Karnataka,BELLARY,2010,Moong(Green Gram),105.0
Karnataka,BELLARY,2010,Niger seed,143.0
Karnataka,BELLARY,2010,Onion,17961.0
Karnataka,BELLARY,2010,Other Kharif pulses,87.0
Karnataka,BELLARY,2010,Ragi,3606.0
Karnataka,BELLARY,2010,Rice,339376.0
Karnataka,BELLARY,2010,Sesamum,656.0
Karnataka,BELLARY,2010,Small millets,1197.0
Karnataka,BELLARY,2010,Sunflower,7750.0
Karnataka,BELLARY,2010,Urad,1.0
Karnataka,BELLARY,2010,Bajra,86.0
Karnataka,BELLARY,2010,Cotton(lint),20933.0
Karnataka,BELLARY,2010,Cowpea(Lobia),481.0
Karnataka,BELLARY,2010,Dry chillies,33.0
Karnataka,BELLARY,2010,Gram,42262.0
Karnataka,BELLARY,2010,Groundnut,6669.0
Karnataka,BELLARY,2010,Horse-gram,1067.0
Karnataka,BELLARY,2010,Jowar,29007.0
Karnataka,BELLARY,2010,Linseed,2.0
Karnataka,BELLARY,2010,Maize,5957.0
Karnataka,BELLARY,2010,Moong(Green Gram),7.0
Karnataka,BELLARY,2010,Onion,575.0
Karnataka,BELLARY,2010,Rice,602.0
Karnataka,BELLARY,2010,Safflower,305.0
Karnataka,BELLARY,2010,Sunflower,12560.0
Karnataka,BELLARY,2010,Urad,30.0
Karnataka,BELLARY,2010,Wheat,1658.0
Karnataka,BELLARY,2010,Bajra,395.0
Karnataka,BELLARY,2010,Dry chillies,158.0
Karnataka,BELLARY,2010,Jowar,1618.0
Karnataka,BELLARY,2010,Maize,6486.0
Karnataka,BELLARY,2010,Onion,3044.0
Karnataka,BELLARY,2010,Ragi,74.0
Karnataka,BELLARY,2010,Rice,145941.0
Karnataka,BELLARY,2010,Sunflower,1745.0
Karnataka,BELLARY,2010,Arecanut,1114.0
Karnataka,BELLARY,2010,Banana,62633.0
Karnataka,BELLARY,2010,Coconut ,9693.0
Karnataka,BELLARY,2010,Coriander,677.0
Karnataka,BELLARY,2010,Dry ginger,3.6
Karnataka,BELLARY,2010,Mesta,73.0
Karnataka,BELLARY,2010,Sugarcane,130780.0
Karnataka,BELLARY,2010,Tobacco,966.0
Karnataka,BELLARY,2011,Arhar/Tur,2989.0
Karnataka,BELLARY,2011,Bajra,9253.0
Karnataka,BELLARY,2011,Castor seed,222.0
Karnataka,BELLARY,2011,Cotton(lint),80774.0
Karnataka,BELLARY,2011,Cowpea(Lobia),274.0
Karnataka,BELLARY,2011,Dry chillies,14174.0
Karnataka,BELLARY,2011,Groundnut,26561.0
Karnataka,BELLARY,2011,Horse-gram,1029.0
Karnataka,BELLARY,2011,Jowar,31726.0
Karnataka,BELLARY,2011,Maize,207485.0
Karnataka,BELLARY,2011,Moong(Green Gram),51.0
Karnataka,BELLARY,2011,Niger seed,70.0
Karnataka,BELLARY,2011,Onion,23822.0
Karnataka,BELLARY,2011,Other Kharif pulses,41.0
Karnataka,BELLARY,2011,Ragi,2472.0
Karnataka,BELLARY,2011,Rice,288837.0
Karnataka,BELLARY,2011,Sesamum,143.0
Karnataka,BELLARY,2011,Small millets,685.0
Karnataka,BELLARY,2011,Sunflower,3482.0
Karnataka,BELLARY,2011,Bajra,680.0
Karnataka,BELLARY,2011,Cotton(lint),7285.0
Karnataka,BELLARY,2011,Cowpea(Lobia),333.0
Karnataka,BELLARY,2011,Dry chillies,2231.0
Karnataka,BELLARY,2011,Gram,35113.0
Karnataka,BELLARY,2011,Groundnut,8433.0
Karnataka,BELLARY,2011,Horse-gram,402.0
Karnataka,BELLARY,2011,Jowar,22252.0
Karnataka,BELLARY,2011,Maize,9830.0
Karnataka,BELLARY,2011,Moong(Green Gram),2.0
Karnataka,BELLARY,2011,Onion,2133.0
Karnataka,BELLARY,2011,Other  Rabi pulses,38.0
Karnataka,BELLARY,2011,Ragi,24.0
Karnataka,BELLARY,2011,Rapeseed &Mustard,11.0
Karnataka,BELLARY,2011,Safflower,16.0
Karnataka,BELLARY,2011,Sunflower,3976.0
Karnataka,BELLARY,2011,Urad,37.0
Karnataka,BELLARY,2011,Wheat,938.0
Karnataka,BELLARY,2011,Bajra,1937.0
Karnataka,BELLARY,2011,Dry chillies,1831.0
Karnataka,BELLARY,2011,Jowar,7456.0
Karnataka,BELLARY,2011,Maize,4591.0
Karnataka,BELLARY,2011,Onion,1836.0
Karnataka,BELLARY,2011,Ragi,287.0
Karnataka,BELLARY,2011,Rice,139548.0
Karnataka,BELLARY,2011,Sunflower,3277.0
Karnataka,BELLARY,2011,Arecanut,875.0
Karnataka,BELLARY,2011,Banana,67189.0
Karnataka,BELLARY,2011,Coconut ,9047.0
Karnataka,BELLARY,2011,Coriander,242.0
Karnataka,BELLARY,2011,Mesta,127.0
Karnataka,BELLARY,2011,Sugarcane,318182.0
Karnataka,BELLARY,2011,Tobacco,200.0
Karnataka,BELLARY,2011,Turmeric,10.0
Karnataka,BELLARY,2012,Arhar/Tur,1802.0
Karnataka,BELLARY,2012,Bajra,16954.0
Karnataka,BELLARY,2012,Castor seed,317.0
Karnataka,BELLARY,2012,Cotton(lint),171708.0
Karnataka,BELLARY,2012,Cowpea(Lobia),156.0
Karnataka,BELLARY,2012,Dry chillies,12130.0
Karnataka,BELLARY,2012,Groundnut,33595.0
Karnataka,BELLARY,2012,Horse-gram,980.0
Karnataka,BELLARY,2012,Jowar,17849.0
Karnataka,BELLARY,2012,Maize,241566.0
Karnataka,BELLARY,2012,Moong(Green Gram),35.0
Karnataka,BELLARY,2012,Niger seed,112.0
Karnataka,BELLARY,2012,Onion,14135.0
Karnataka,BELLARY,2012,Other Kharif pulses,27.0
Karnataka,BELLARY,2012,Ragi,2015.0
Karnataka,BELLARY,2012,Rice,289394.0
Karnataka,BELLARY,2012,Sesamum,27.0
Karnataka,BELLARY,2012,Small millets,597.0
Karnataka,BELLARY,2012,Soyabean,24.0
Karnataka,BELLARY,2012,Sunflower,7870.0
Karnataka,BELLARY,2012,Urad,8.0
Karnataka,BELLARY,2012,Cotton(lint),2026.0
Karnataka,BELLARY,2012,Cowpea(Lobia),205.0
Karnataka,BELLARY,2012,Dry chillies,1109.0
Karnataka,BELLARY,2012,Gram,50846.0
Karnataka,BELLARY,2012,Groundnut,2234.0
Karnataka,BELLARY,2012,Horse-gram,258.0
Karnataka,BELLARY,2012,Jowar,26584.0
Karnataka,BELLARY,2012,Maize,6385.0
Karnataka,BELLARY,2012,Moong(Green Gram),22.0
Karnataka,BELLARY,2012,Onion,2304.0
Karnataka,BELLARY,2012,Other  Rabi pulses,5.0
Karnataka,BELLARY,2012,Ragi,9.0
Karnataka,BELLARY,2012,Safflower,167.0
Karnataka,BELLARY,2012,Sunflower,10855.0
Karnataka,BELLARY,2012,Urad,1.0
Karnataka,BELLARY,2012,Wheat,401.0
Karnataka,BELLARY,2012,Cotton(lint),2555.0
Karnataka,BELLARY,2012,Cowpea(Lobia),181.0
Karnataka,BELLARY,2012,Dry chillies,108.0
Karnataka,BELLARY,2012,Groundnut,6820.0
Karnataka,BELLARY,2012,Jowar,3244.0
Karnataka,BELLARY,2012,Maize,6523.0
Karnataka,BELLARY,2012,Onion,1378.0
Karnataka,BELLARY,2012,Ragi,99.0
Karnataka,BELLARY,2012,Rice,98386.0
Karnataka,BELLARY,2012,Sunflower,2300.0
Karnataka,BELLARY,2012,Arecanut,1059.0
Karnataka,BELLARY,2012,Coconut ,6912.0
Karnataka,BELLARY,2012,Coriander,1118.0
Karnataka,BELLARY,2012,Mesta,67.0
Karnataka,BELLARY,2012,Sugarcane,483930.0
Karnataka,BELLARY,2012,Tobacco,9.0
Karnataka,BELLARY,2013,Arhar/Tur,1614.0
Karnataka,BELLARY,2013,Bajra,17201.0
Karnataka,BELLARY,2013,Castor seed,435.0
Karnataka,BELLARY,2013,Cotton(lint),184949.0
Karnataka,BELLARY,2013,Cowpea(Lobia),84.0
Karnataka,BELLARY,2013,Dry chillies,15457.0
Karnataka,BELLARY,2013,Groundnut,56364.0
Karnataka,BELLARY,2013,Horse-gram,1029.0
Karnataka,BELLARY,2013,Jowar,55672.0
Karnataka,BELLARY,2013,Maize,220977.0
Karnataka,BELLARY,2013,Moong(Green Gram),30.0
Karnataka,BELLARY,2013,Niger seed,30.0
Karnataka,BELLARY,2013,Onion,23743.0
Karnataka,BELLARY,2013,Other Kharif pulses,31.0
Karnataka,BELLARY,2013,Ragi,2548.0
Karnataka,BELLARY,2013,Rapeseed &Mustard,1.0
Karnataka,BELLARY,2013,Rice,290788.0
Karnataka,BELLARY,2013,Sesamum,241.0
Karnataka,BELLARY,2013,Small millets,955.0
Karnataka,BELLARY,2013,Sunflower,4890.0
Karnataka,BELLARY,2013,Cotton(lint),2021.0
Karnataka,BELLARY,2013,Cowpea(Lobia),104.0
Karnataka,BELLARY,2013,Dry chillies,150.0
Karnataka,BELLARY,2013,Gram,46223.0
Karnataka,BELLARY,2013,Horse-gram,343.0
Karnataka,BELLARY,2013,Jowar,21323.0
Karnataka,BELLARY,2013,Maize,7070.0
Karnataka,BELLARY,2013,Moong(Green Gram),2.0
Karnataka,BELLARY,2013,Onion,2473.0
Karnataka,BELLARY,2013,Other  Rabi pulses,40.0
Karnataka,BELLARY,2013,Ragi,217.0
Karnataka,BELLARY,2013,Safflower,202.0
Karnataka,BELLARY,2013,Sunflower,7444.0
Karnataka,BELLARY,2013,Urad,13.0
Karnataka,BELLARY,2013,Wheat,346.0
Karnataka,BELLARY,2013,Cotton(lint),3947.0
Karnataka,BELLARY,2013,Cowpea(Lobia),482.0
Karnataka,BELLARY,2013,Dry chillies,933.0
Karnataka,BELLARY,2013,Groundnut,8465.0
Karnataka,BELLARY,2013,Jowar,4107.0
Karnataka,BELLARY,2013,Maize,6085.0
Karnataka,BELLARY,2013,Onion,12048.0
Karnataka,BELLARY,2013,Potato,365.0
Karnataka,BELLARY,2013,Ragi,367.0
Karnataka,BELLARY,2013,Rice,127832.0
Karnataka,BELLARY,2013,Sunflower,2372.0
Karnataka,BELLARY,2013,Arecanut,111.0
Karnataka,BELLARY,2013,Coconut ,23016.0
Karnataka,BELLARY,2013,Coriander,260.0
Karnataka,BELLARY,2013,Mesta,56.0
Karnataka,BELLARY,2013,Sugarcane,484823.0
Karnataka,BELLARY,2013,Tobacco,7.0
Karnataka,BELLARY,2014,Arhar/Tur,1319.0
Karnataka,BELLARY,2014,Bajra,16700.0
Karnataka,BELLARY,2014,Castor seed,39.0
Karnataka,BELLARY,2014,Cotton(lint),242150.0
Karnataka,BELLARY,2014,Cowpea(Lobia),125.0
Karnataka,BELLARY,2014,Dry chillies,14678.0
Karnataka,BELLARY,2014,Groundnut,46513.0
Karnataka,BELLARY,2014,Horse-gram,609.0
Karnataka,BELLARY,2014,Jowar,40197.0
Karnataka,BELLARY,2014,Maize,249999.0
Karnataka,BELLARY,2014,Moong(Green Gram),12.0
Karnataka,BELLARY,2014,Niger seed,33.0
Karnataka,BELLARY,2014,Onion,44431.0
Karnataka,BELLARY,2014,Other Kharif pulses,79.0
Karnataka,BELLARY,2014,Potato,62.0
Karnataka,BELLARY,2014,Ragi,2042.0
Karnataka,BELLARY,2014,Rice,286690.0
Karnataka,BELLARY,2014,Sesamum,457.0
Karnataka,BELLARY,2014,Small millets,612.0
Karnataka,BELLARY,2014,Sunflower,6495.0
Karnataka,BELLARY,2014,Urad,35.0
Karnataka,BELLARY,2014,Cotton(lint),4369.0
Karnataka,BELLARY,2014,Cowpea(Lobia),341.0
Karnataka,BELLARY,2014,Dry chillies,1246.0
Karnataka,BELLARY,2014,Gram,50611.0
Karnataka,BELLARY,2014,Horse-gram,213.0
Karnataka,BELLARY,2014,Jowar,25588.0
Karnataka,BELLARY,2014,Maize,6468.0
Karnataka,BELLARY,2014,Moong(Green Gram),1.0
Karnataka,BELLARY,2014,Onion,3758.0
Karnataka,BELLARY,2014,Other  Rabi pulses,5.0
Karnataka,BELLARY,2014,Potato,354.0
Karnataka,BELLARY,2014,Ragi,109.0
Karnataka,BELLARY,2014,Rice,99.0
Karnataka,BELLARY,2014,Safflower,34.0
Karnataka,BELLARY,2014,Sunflower,8063.0
Karnataka,BELLARY,2014,Wheat,344.0
Karnataka,BELLARY,2014,Cotton(lint),1913.0
Karnataka,BELLARY,2014,Cowpea(Lobia),352.0
Karnataka,BELLARY,2014,Dry chillies,439.0
Karnataka,BELLARY,2014,Groundnut,6844.0
Karnataka,BELLARY,2014,Jowar,1604.0
Karnataka,BELLARY,2014,Maize,4812.0
Karnataka,BELLARY,2014,Onion,5157.0
Karnataka,BELLARY,2014,Ragi,337.0
Karnataka,BELLARY,2014,Rice,121344.0
Karnataka,BELLARY,2014,Sunflower,1255.0
Karnataka,BELLARY,2014,Arecanut,9.0
Karnataka,BELLARY,2014,Cashewnut,85.0
Karnataka,BELLARY,2014,Coconut ,4953.0
Karnataka,BELLARY,2014,Coriander,420.0
Karnataka,BELLARY,2014,Sannhamp,32.0
Karnataka,BELLARY,2014,Sugarcane,349456.0
Karnataka,BELLARY,2014,Tobacco,69.0
Karnataka,BANGALORE,1997,Arhar/Tur,4131.0
Karnataka,BANGALORE,1997,Black pepper,2.0
Karnataka,BANGALORE,1997,Dry chillies,1732.0
Karnataka,BANGALORE,1997,Dry ginger,42.0
Karnataka,BANGALORE,1997,Groundnut,19986.0
Karnataka,BANGALORE,1997,Horse-gram,4483.0
Karnataka,BANGALORE,1997,Maize,16426.0
Karnataka,BANGALORE,1997,Paddy,16540.0
Karnataka,BANGALORE,1997,Ragi,309672.0
Karnataka,BANGALORE,1997,Rice,11033.0
Karnataka,BANGALORE,1997,Dry chillies,304.0
Karnataka,BANGALORE,1997,Groundnut,624.0
Karnataka,BANGALORE,1997,Horse-gram,7442.0
Karnataka,BANGALORE,1997,Maize,694.0
Karnataka,BANGALORE,1997,Ragi,1303.0
Karnataka,BANGALORE,1997,Maize,953.0
Karnataka,BANGALORE,1997,Paddy,5232.0
Karnataka,BANGALORE,1997,Ragi,3777.0
Karnataka,BANGALORE,1997,Rice,3490.0
Karnataka,BANGALORE,1997,Arecanut,1066.0
Karnataka,BANGALORE,1997,Coriander,17.0
Karnataka,BANGALORE,1997,Garlic,24.0
Karnataka,BANGALORE,1997,Sugarcane,149070.0
Karnataka,BANGALORE,1997,Turmeric,181.0
Karnataka,BANGALORE,1998,Arhar/Tur,436.0
Karnataka,BANGALORE,1998,Castor seed,299.0
Karnataka,BANGALORE,1998,Dry ginger,93.0
Karnataka,BANGALORE,1998,Groundnut,709.0
Karnataka,BANGALORE,1998,Horse-gram,1246.0
Karnataka,BANGALORE,1998,Maize,3216.0
Karnataka,BANGALORE,1998,Moong(Green Gram),22.0
Karnataka,BANGALORE,1998,Niger seed,170.0
Karnataka,BANGALORE,1998,Onion,335.0
Karnataka,BANGALORE,1998,Peas & beans (Pulses),119.0
Karnataka,BANGALORE,1998,Potato,2219.0
Karnataka,BANGALORE,1998,Ragi,102625.0
Karnataka,BANGALORE,1998,Rapeseed &Mustard,241.0
Karnataka,BANGALORE,1998,Rice,14255.0
Karnataka,BANGALORE,1998,Sesamum,55.0
Karnataka,BANGALORE,1998,Sunflower,14.0
Karnataka,BANGALORE,1998,Groundnut,137.0
Karnataka,BANGALORE,1998,Horse-gram,1934.0
Karnataka,BANGALORE,1998,Maize,338.0
Karnataka,BANGALORE,1998,Peas & beans (Pulses),168.0
Karnataka,BANGALORE,1998,Ragi,404.0
Karnataka,BANGALORE,1998,Sunflower,6.0
Karnataka,BANGALORE,1998,Maize,621.0
Karnataka,BANGALORE,1998,Peas & beans (Pulses),213.0
Karnataka,BANGALORE,1998,Potato,407.0
Karnataka,BANGALORE,1998,Ragi,567.0
Karnataka,BANGALORE,1998,Rice,6847.0
Karnataka,BANGALORE,1998,Sunflower,3.0
Karnataka,BANGALORE,1998,Arecanut,546.0
Karnataka,BANGALORE,1998,Coconut ,15984.0
Karnataka,BANGALORE,1998,Coriander,2.0
Karnataka,BANGALORE,1998,Dry chillies,159.0
Karnataka,BANGALORE,1998,Potato,3910.0
Karnataka,BANGALORE,1999,Arhar/Tur,808.0
Karnataka,BANGALORE,1999,Castor seed,392.0
Karnataka,BANGALORE,1999,Dry ginger,117.0
Karnataka,BANGALORE,1999,Groundnut,473.0
Karnataka,BANGALORE,1999,Horse-gram,550.0
Karnataka,BANGALORE,1999,Maize,3806.0
Karnataka,BANGALORE,1999,Moong(Green Gram),53.0
Karnataka,BANGALORE,1999,Niger seed,128.0
Karnataka,BANGALORE,1999,Other Kharif pulses,709.0
Karnataka,BANGALORE,1999,Ragi,124107.0
Karnataka,BANGALORE,1999,Rice,10649.0
Karnataka,BANGALORE,1999,Sesamum,127.0
Karnataka,BANGALORE,1999,Small millets,52.0
Karnataka,BANGALORE,1999,Sunflower,16.0
Karnataka,BANGALORE,1999,Urad,38.0
Karnataka,BANGALORE,1999,Gram,60.0
Karnataka,BANGALORE,1999,Groundnut,56.0
Karnataka,BANGALORE,1999,Horse-gram,1675.0
Karnataka,BANGALORE,1999,Maize,56.0
Karnataka,BANGALORE,1999,Other  Rabi pulses,63.0
Karnataka,BANGALORE,1999,Ragi,424.0
Karnataka,BANGALORE,1999,Rapeseed &Mustard,274.0
Karnataka,BANGALORE,1999,Rice,26.0
Karnataka,BANGALORE,1999,Maize,4845.0
Karnataka,BANGALORE,1999,Ragi,816.0
Karnataka,BANGALORE,1999,Rice,7289.0
Karnataka,BANGALORE,1999,Sunflower,1.0
Karnataka,BANGALORE,1999,Banana,27946.0
Karnataka,BANGALORE,1999,Coconut ,20932.0
Karnataka,BANGALORE,1999,Coriander,3.0
Karnataka,BANGALORE,1999,Dry chillies,528.0
Karnataka,BANGALORE,1999,Onion,996.0
Karnataka,BANGALORE,1999,Potato,17390.0
Karnataka,BANGALORE,1999,Sugarcane,6646.0
Karnataka,BANGALORE,2000,Arhar/Tur,411.0
Karnataka,BANGALORE,2000,Castor seed,749.0
Karnataka,BANGALORE,2000,Dry ginger,47.0
Karnataka,BANGALORE,2000,Groundnut,383.0
Karnataka,BANGALORE,2000,Horse-gram,1462.0
Karnataka,BANGALORE,2000,Maize,3650.0
Karnataka,BANGALORE,2000,Moong(Green Gram),51.0
Karnataka,BANGALORE,2000,Niger seed,224.0
Karnataka,BANGALORE,2000,Other Kharif pulses,975.0
Karnataka,BANGALORE,2000,Ragi,110132.0
Karnataka,BANGALORE,2000,Rice,12073.0
Karnataka,BANGALORE,2000,Sesamum,87.0
Karnataka,BANGALORE,2000,Small millets,38.0
Karnataka,BANGALORE,2000,Sunflower,8.0
Karnataka,BANGALORE,2000,Urad,52.0
Karnataka,BANGALORE,2000,Groundnut,55.0
Karnataka,BANGALORE,2000,Horse-gram,1535.0
Karnataka,BANGALORE,2000,Maize,212.0
Karnataka,BANGALORE,2000,Other  Rabi pulses,14.0
Karnataka,BANGALORE,2000,Ragi,272.0
Karnataka,BANGALORE,2000,Rapeseed &Mustard,289.0
Karnataka,BANGALORE,2000,Maize,647.0
Karnataka,BANGALORE,2000,Ragi,718.0
Karnataka,BANGALORE,2000,Rice,6688.0
Karnataka,BANGALORE,2000,Arecanut,113.0
Karnataka,BANGALORE,2000,Banana,24982.0
Karnataka,BANGALORE,2000,Coconut ,13604.0
Karnataka,BANGALORE,2000,Coriander,4.0
Karnataka,BANGALORE,2000,Dry chillies,293.0
Karnataka,BANGALORE,2000,Onion,706.0
Karnataka,BANGALORE,2000,Potato,2963.0
Karnataka,BANGALORE,2000,Sugarcane,5951.0
Karnataka,BANGALORE,2001,Arhar/Tur,169.0
Karnataka,BANGALORE,2001,Castor seed,344.0
Karnataka,BANGALORE,2001,Groundnut,138.0
Karnataka,BANGALORE,2001,Horse-gram,574.0
Karnataka,BANGALORE,2001,Maize,2100.0
Karnataka,BANGALORE,2001,Moong(Green Gram),12.0
Karnataka,BANGALORE,2001,Niger seed,157.0
Karnataka,BANGALORE,2001,Other Kharif pulses,845.0
Karnataka,BANGALORE,2001,Ragi,111399.0
Karnataka,BANGALORE,2001,Rice,7313.0
Karnataka,BANGALORE,2001,Sesamum,21.0
Karnataka,BANGALORE,2001,Small millets,52.0
Karnataka,BANGALORE,2001,Sunflower,7.0
Karnataka,BANGALORE,2001,Urad,14.0
Karnataka,BANGALORE,2001,Horse-gram,1060.0
Karnataka,BANGALORE,2001,Maize,99.0
Karnataka,BANGALORE,2001,Other  Rabi pulses,22.0
Karnataka,BANGALORE,2001,Ragi,208.0
Karnataka,BANGALORE,2001,Rapeseed &Mustard,251.0
Karnataka,BANGALORE,2001,Maize,310.0
Karnataka,BANGALORE,2001,Ragi,274.0
Karnataka,BANGALORE,2001,Rice,3271.0
Karnataka,BANGALORE,2001,Arecanut,113.0
Karnataka,BANGALORE,2001,Coconut ,7017.0
Karnataka,BANGALORE,2001,Coriander,5.0
Karnataka,BANGALORE,2001,Dry chillies,766.0
Karnataka,BANGALORE,2001,Onion,1143.0
Karnataka,BANGALORE,2001,Peas & beans (Pulses),942.0
Karnataka,BANGALORE,2001,Potato,1149.0
Karnataka,BANGALORE,2001,Sugarcane,4038.0
Karnataka,BANGALORE,2002,Arhar/Tur,149.0
Karnataka,BANGALORE,2002,Castor seed,284.0
Karnataka,BANGALORE,2002,Groundnut,46.0
Karnataka,BANGALORE,2002,Horse-gram,1928.0
Karnataka,BANGALORE,2002,Maize,1278.0
Karnataka,BANGALORE,2002,Moong(Green Gram),1.0
Karnataka,BANGALORE,2002,Niger seed,89.0
Karnataka,BANGALORE,2002,Other Kharif pulses,389.0
Karnataka,BANGALORE,2002,Ragi,34515.0
Karnataka,BANGALORE,2002,Rice,4836.0
Karnataka,BANGALORE,2002,Sesamum,3.0
Karnataka,BANGALORE,2002,Small millets,71.0
Karnataka,BANGALORE,2002,Sunflower,5.0
Karnataka,BANGALORE,2002,Urad,2.0
Karnataka,BANGALORE,2002,Gram,4.0
Karnataka,BANGALORE,2002,Horse-gram,1266.0
Karnataka,BANGALORE,2002,Maize,320.0
Karnataka,BANGALORE,2002,Other  Rabi pulses,91.0
Karnataka,BANGALORE,2002,Ragi,548.0
Karnataka,BANGALORE,2002,Rapeseed &Mustard,140.0
Karnataka,BANGALORE,2002,Maize,222.0
Karnataka,BANGALORE,2002,Ragi,168.0
Karnataka,BANGALORE,2002,Rice,1278.0
Karnataka,BANGALORE,2002,Sunflower,1.0
Karnataka,BANGALORE,2002,Arcanut (Processed),69.0
Karnataka,BANGALORE,2002,Atcanut (Raw),330.0
Karnataka,BANGALORE,2002,Banana,7631.0
Karnataka,BANGALORE,2002,Beans & Mutter(Vegetable),5622.0
Karnataka,BANGALORE,2002,Brinjal,2765.0
Karnataka,BANGALORE,2002,Coconut ,7192.0
Karnataka,BANGALORE,2002,Coriander,4.0
Karnataka,BANGALORE,2002,Dry chillies,579.0
Karnataka,BANGALORE,2002,Garlic,6.0
Karnataka,BANGALORE,2002,Grapes,29187.0
Karnataka,BANGALORE,2002,Mango,4510.0
Karnataka,BANGALORE,2002,Onion,625.0
Karnataka,BANGALORE,2002,Other Fresh Fruits,2177.0
Karnataka,BANGALORE,2002,Papaya,169.0
Karnataka,BANGALORE,2002,Pome Fruit,2045.0
Karnataka,BANGALORE,2002,Potato,1973.0
Karnataka,BANGALORE,2002,Sugarcane,7694.0
Karnataka,BANGALORE,2002,Tomato,6914.0
Karnataka,BANGALORE,2003,Arhar/Tur,316.0
Karnataka,BANGALORE,2003,Castor seed,358.0
Karnataka,BANGALORE,2003,Groundnut,47.0
Karnataka,BANGALORE,2003,Horse-gram,697.0
Karnataka,BANGALORE,2003,Jowar,268.0
Karnataka,BANGALORE,2003,Maize,1832.0
Karnataka,BANGALORE,2003,Moong(Green Gram),2.0
Karnataka,BANGALORE,2003,Niger seed,159.0
Karnataka,BANGALORE,2003,Other Kharif pulses,754.0
Karnataka,BANGALORE,2003,Ragi,74079.0
Karnataka,BANGALORE,2003,Rice,4667.0
Karnataka,BANGALORE,2003,Small millets,21.0
Karnataka,BANGALORE,2003,Urad,5.0
Karnataka,BANGALORE,2003,Gram,6.0
Karnataka,BANGALORE,2003,Groundnut,5.0
Karnataka,BANGALORE,2003,Horse-gram,564.0
Karnataka,BANGALORE,2003,Maize,78.0
Karnataka,BANGALORE,2003,Other  Rabi pulses,8.0
Karnataka,BANGALORE,2003,Ragi,122.0
Karnataka,BANGALORE,2003,Rapeseed &Mustard,280.0
Karnataka,BANGALORE,2003,Rice,15.0
Karnataka,BANGALORE,2003,Sunflower,1.0
Karnataka,BANGALORE,2003,Maize,106.0
Karnataka,BANGALORE,2003,Ragi,93.0
Karnataka,BANGALORE,2003,Rice,2125.0
Karnataka,BANGALORE,2003,Arecanut,302.0
Karnataka,BANGALORE,2003,Banana,6121.0
Karnataka,BANGALORE,2003,Beans & Mutter(Vegetable),1435.0
Karnataka,BANGALORE,2003,Brinjal,3181.0
Karnataka,BANGALORE,2003,Coconut ,9187.0
Karnataka,BANGALORE,2003,Coriander,5.0
Karnataka,BANGALORE,2003,Dry chillies,493.0
Karnataka,BANGALORE,2003,Garlic,9.0
Karnataka,BANGALORE,2003,Grapes,6856.0
Karnataka,BANGALORE,2003,Mango,6109.0
Karnataka,BANGALORE,2003,Onion,419.0
Karnataka,BANGALORE,2003,Other Fresh Fruits,1236.0
Karnataka,BANGALORE,2003,Pome Fruit,938.0
Karnataka,BANGALORE,2003,Potato,2418.0
Karnataka,BANGALORE,2003,Sugarcane,328.0
Karnataka,BANGALORE,2003,Sweet potato,184.0
Karnataka,BANGALORE,2003,Tomato,9083.0
Karnataka,BANGALORE,2003,Turmeric,85.0
Karnataka,BANGALORE,2004,Arhar/Tur,522.0
Karnataka,BANGALORE,2004,Castor seed,396.0
Karnataka,BANGALORE,2004,Groundnut,122.0
Karnataka,BANGALORE,2004,Horse-gram,1595.0
Karnataka,BANGALORE,2004,Maize,2164.0
Karnataka,BANGALORE,2004,Moong(Green Gram),3.0
Karnataka,BANGALORE,2004,Niger seed,161.0
Karnataka,BANGALORE,2004,Other Kharif pulses,676.77
Karnataka,BANGALORE,2004,Ragi,111793.0
Karnataka,BANGALORE,2004,Rice,8577.08
Karnataka,BANGALORE,2004,Sesamum,67.0
Karnataka,BANGALORE,2004,Small millets,19.0
Karnataka,BANGALORE,2004,Sunflower,2.0
Karnataka,BANGALORE,2004,Urad,3.0
Karnataka,BANGALORE,2004,Gram,13.0
Karnataka,BANGALORE,2004,Groundnut,18.0
Karnataka,BANGALORE,2004,Horse-gram,286.0
Karnataka,BANGALORE,2004,Maize,18.0
Karnataka,BANGALORE,2004,Other  Rabi pulses,10.0
Karnataka,BANGALORE,2004,Ragi,71.0
Karnataka,BANGALORE,2004,Rapeseed &Mustard,209.0
Karnataka,BANGALORE,2004,Maize,214.0
Karnataka,BANGALORE,2004,Ragi,108.0
Karnataka,BANGALORE,2004,Rice,3243.0
Karnataka,BANGALORE,2004,Sunflower,5.0
Karnataka,BANGALORE,2004,Arecanut,326.0
Karnataka,BANGALORE,2004,Banana,23206.0
Karnataka,BANGALORE,2004,Coconut ,90377.64
Karnataka,BANGALORE,2004,Coriander,5.0
Karnataka,BANGALORE,2004,Dry chillies,185.0
Karnataka,BANGALORE,2004,Garlic,10.0
Karnataka,BANGALORE,2004,Onion,744.0
Karnataka,BANGALORE,2004,Potato,1978.0
Karnataka,BANGALORE,2004,Sweet potato,82.0
Karnataka,BANGALORE,2005,Arhar/Tur,577.0
Karnataka,BANGALORE,2005,Castor seed,533.0
Karnataka,BANGALORE,2005,Dry chillies,101.0
Karnataka,BANGALORE,2005,Groundnut,103.0
Karnataka,BANGALORE,2005,Horse-gram,714.0
Karnataka,BANGALORE,2005,Maize,3640.0
Karnataka,BANGALORE,2005,Moong(Green Gram),5.0
Karnataka,BANGALORE,2005,Niger seed,113.0
Karnataka,BANGALORE,2005,Onion,429.0
Karnataka,BANGALORE,2005,Other Kharif pulses,701.0
Karnataka,BANGALORE,2005,Peas & beans (Pulses),630.0
Karnataka,BANGALORE,2005,Potato,425.0
Karnataka,BANGALORE,2005,Ragi,87909.0
Karnataka,BANGALORE,2005,Rice,6528.0
Karnataka,BANGALORE,2005,Sesamum,46.0
Karnataka,BANGALORE,2005,Small millets,23.0
Karnataka,BANGALORE,2005,Sunflower,9.0
Karnataka,BANGALORE,2005,Urad,3.0
Karnataka,BANGALORE,2005,Dry chillies,34.0
Karnataka,BANGALORE,2005,Groundnut,25.0
Karnataka,BANGALORE,2005,Horse-gram,165.0
Karnataka,BANGALORE,2005,Maize,147.0
Karnataka,BANGALORE,2005,Other  Rabi pulses,11.0
Karnataka,BANGALORE,2005,Peas & beans (Pulses),329.0
Karnataka,BANGALORE,2005,Potato,1211.0
Karnataka,BANGALORE,2005,Ragi,157.0
Karnataka,BANGALORE,2005,Rapeseed &Mustard,193.0
Karnataka,BANGALORE,2005,Sunflower,1.0
Karnataka,BANGALORE,2005,Dry chillies,127.0
Karnataka,BANGALORE,2005,Maize,516.0
Karnataka,BANGALORE,2005,Peas & beans (Pulses),66.0
Karnataka,BANGALORE,2005,Ragi,306.0
Karnataka,BANGALORE,2005,Rice,3190.0
Karnataka,BANGALORE,2005,Sunflower,1.0
Karnataka,BANGALORE,2005,Arecanut,1845.0
Karnataka,BANGALORE,2005,Banana,5733.0
Karnataka,BANGALORE,2005,Coconut ,10283.0
Karnataka,BANGALORE,2005,Coriander,5.0
Karnataka,BANGALORE,2005,Garlic,12.0
Karnataka,BANGALORE,2006,Arhar/Tur,258.0
Karnataka,BANGALORE,2006,Castor seed,198.0
Karnataka,BANGALORE,2006,Gram,3.0
Karnataka,BANGALORE,2006,Groundnut,61.0
Karnataka,BANGALORE,2006,Horse-gram,41.0
Karnataka,BANGALORE,2006,Maize,2295.0
Karnataka,BANGALORE,2006,Moong(Green Gram),3.0
Karnataka,BANGALORE,2006,Niger seed,94.0
Karnataka,BANGALORE,2006,Other Kharif pulses,4722.0
Karnataka,BANGALORE,2006,Ragi,23258.0
Karnataka,BANGALORE,2006,Rapeseed &Mustard,136.0
Karnataka,BANGALORE,2006,Rice,3537.0
Karnataka,BANGALORE,2006,Sesamum,33.0
Karnataka,BANGALORE,2006,Small millets,6.0
Karnataka,BANGALORE,2006,Sunflower,7.0
Karnataka,BANGALORE,2006,Urad,3.0
Karnataka,BANGALORE,2006,Groundnut,5.0
Karnataka,BANGALORE,2006,Horse-gram,191.0
Karnataka,BANGALORE,2006,Maize,76.0
Karnataka,BANGALORE,2006,Other  Rabi pulses,44.0
Karnataka,BANGALORE,2006,Ragi,299.0
Karnataka,BANGALORE,2006,Maize,542.0
Karnataka,BANGALORE,2006,Ragi,523.0
Karnataka,BANGALORE,2006,Rice,1744.0
Karnataka,BANGALORE,2006,Sunflower,4.0
Karnataka,BANGALORE,2006,Arecanut,346.0
Karnataka,BANGALORE,2006,Banana,2808.0
Karnataka,BANGALORE,2006,Coconut ,8543.0
Karnataka,BANGALORE,2006,Coriander,4.0
Karnataka,BANGALORE,2006,Dry chillies,325.0
Karnataka,BANGALORE,2006,Garlic,11.0
Karnataka,BANGALORE,2006,Onion,178.0
Karnataka,BANGALORE,2006,Potato,6184.0
Karnataka,BANGALORE,2006,Sugarcane,1748.0
Karnataka,BANGALORE,2007,Arhar/Tur,417.0
Karnataka,BANGALORE,2007,Castor seed,186.0
Karnataka,BANGALORE,2007,Dry chillies,108.0
Karnataka,BANGALORE,2007,Groundnut,81.0
Karnataka,BANGALORE,2007,Horse-gram,227.0
Karnataka,BANGALORE,2007,Maize,2005.0
Karnataka,BANGALORE,2007,Moong(Green Gram),10.0
Karnataka,BANGALORE,2007,Niger seed,216.0
Karnataka,BANGALORE,2007,Onion,191.0
Karnataka,BANGALORE,2007,Other Kharif pulses,6387.0
Karnataka,BANGALORE,2007,Potato,218.0
Karnataka,BANGALORE,2007,Ragi,69342.0
Karnataka,BANGALORE,2007,Rapeseed &Mustard,194.0
Karnataka,BANGALORE,2007,Rice,4752.0
Karnataka,BANGALORE,2007,Sesamum,12.0
Karnataka,BANGALORE,2007,Small millets,27.0
Karnataka,BANGALORE,2007,Sunflower,7.0
Karnataka,BANGALORE,2007,Urad,14.0
Karnataka,BANGALORE,2007,Dry chillies,33.0
Karnataka,BANGALORE,2007,Groundnut,18.0
Karnataka,BANGALORE,2007,Horse-gram,409.0
Karnataka,BANGALORE,2007,Maize,475.0
Karnataka,BANGALORE,2007,Other  Rabi pulses,54.0
Karnataka,BANGALORE,2007,Potato,2092.0
Karnataka,BANGALORE,2007,Ragi,318.0
Karnataka,BANGALORE,2007,Dry chillies,88.0
Karnataka,BANGALORE,2007,Maize,336.0
Karnataka,BANGALORE,2007,Ragi,256.0
Karnataka,BANGALORE,2007,Rice,1642.0
Karnataka,BANGALORE,2007,Arecanut,2196.0
Karnataka,BANGALORE,2007,Banana,15375.0
Karnataka,BANGALORE,2007,Coconut ,11762.0
Karnataka,BANGALORE,2007,Coriander,7.0
Karnataka,BANGALORE,2007,Garlic,13.0
Karnataka,BANGALORE,2007,Sugarcane,1691.0
Karnataka,BANGALORE,2008,Arhar/Tur,376.0
Karnataka,BANGALORE,2008,Castor seed,273.0
Karnataka,BANGALORE,2008,Dry chillies,97.0
Karnataka,BANGALORE,2008,Groundnut,53.0
Karnataka,BANGALORE,2008,Horse-gram,221.0
Karnataka,BANGALORE,2008,Maize,1990.0
Karnataka,BANGALORE,2008,Moong(Green Gram),7.0
Karnataka,BANGALORE,2008,Niger seed,159.0
Karnataka,BANGALORE,2008,Onion,228.0
Karnataka,BANGALORE,2008,Other Kharif pulses,2318.0
Karnataka,BANGALORE,2008,Potato,178.0
Karnataka,BANGALORE,2008,Ragi,60948.0
Karnataka,BANGALORE,2008,Rice,5022.08
Karnataka,BANGALORE,2008,Sesamum,10.0
Karnataka,BANGALORE,2008,Sunflower,5.0
Karnataka,BANGALORE,2008,Urad,8.0
Karnataka,BANGALORE,2008,Dry chillies,39.0
Karnataka,BANGALORE,2008,Groundnut,14.0
Karnataka,BANGALORE,2008,Horse-gram,164.0
Karnataka,BANGALORE,2008,Maize,388.0
Karnataka,BANGALORE,2008,Other  Rabi pulses,91.0
Karnataka,BANGALORE,2008,Potato,1739.0
Karnataka,BANGALORE,2008,Ragi,297.0
Karnataka,BANGALORE,2008,Rapeseed &Mustard,170.0
Karnataka,BANGALORE,2008,Dry chillies,75.0
Karnataka,BANGALORE,2008,Maize,286.0
Karnataka,BANGALORE,2008,Ragi,193.0
Karnataka,BANGALORE,2008,Rice,1813.0
Karnataka,BANGALORE,2008,Arecanut,2122.0
Karnataka,BANGALORE,2008,Banana,16495.0
Karnataka,BANGALORE,2008,Coconut ,15846.0
Karnataka,BANGALORE,2008,Coriander,9.0
Karnataka,BANGALORE,2008,Garlic,42.0
Karnataka,BANGALORE,2009,Arhar/Tur,285.0
Karnataka,BANGALORE,2009,Castor seed,152.0
Karnataka,BANGALORE,2009,Gram,322.0
Karnataka,BANGALORE,2009,Groundnut,75.0
Karnataka,BANGALORE,2009,Horse-gram,322.0
Karnataka,BANGALORE,2009,Maize,1053.0
Karnataka,BANGALORE,2009,Moong(Green Gram),6.0
Karnataka,BANGALORE,2009,Niger seed,149.0
Karnataka,BANGALORE,2009,Onion,159.0
Karnataka,BANGALORE,2009,Other Kharif pulses,1913.0
Karnataka,BANGALORE,2009,Potato,408.0
Karnataka,BANGALORE,2009,Ragi,53746.0
Karnataka,BANGALORE,2009,Rice,4361.18
Karnataka,BANGALORE,2009,Sesamum,12.0
Karnataka,BANGALORE,2009,Sunflower,3.0
Karnataka,BANGALORE,2009,Urad,6.0
Karnataka,BANGALORE,2009,Dry chillies,54.0
Karnataka,BANGALORE,2009,Gram,146.0
Karnataka,BANGALORE,2009,Groundnut,9.0
Karnataka,BANGALORE,2009,Horse-gram,146.0
Karnataka,BANGALORE,2009,Maize,221.0
Karnataka,BANGALORE,2009,Other  Rabi pulses,34.0
Karnataka,BANGALORE,2009,Potato,1713.0
Karnataka,BANGALORE,2009,Ragi,204.0
Karnataka,BANGALORE,2009,Rapeseed &Mustard,109.0
Karnataka,BANGALORE,2009,Sunflower,3.0
Karnataka,BANGALORE,2009,Dry chillies,115.0
Karnataka,BANGALORE,2009,Maize,353.0
Karnataka,BANGALORE,2009,Ragi,154.0
Karnataka,BANGALORE,2009,Rice,1662.0
Karnataka,BANGALORE,2009,Arecanut,2586.0
Karnataka,BANGALORE,2009,Banana,13127.0
Karnataka,BANGALORE,2009,Black pepper,63.0
Karnataka,BANGALORE,2009,Coconut ,18238.0
Karnataka,BANGALORE,2009,Coriander,8.0
Karnataka,BANGALORE,2009,Garlic,27.0
Karnataka,BANGALORE,2010,Arhar/Tur,432.0
Karnataka,BANGALORE,2010,Castor seed,222.0
Karnataka,BANGALORE,2010,Cowpea(Lobia),236.0
Karnataka,BANGALORE,2010,Dry chillies,61.0
Karnataka,BANGALORE,2010,Groundnut,78.0
Karnataka,BANGALORE,2010,Horse-gram,330.0
Karnataka,BANGALORE,2010,Maize,1964.0
Karnataka,BANGALORE,2010,Moong(Green Gram),13.0
Karnataka,BANGALORE,2010,Niger seed,126.0
Karnataka,BANGALORE,2010,Onion,262.0
Karnataka,BANGALORE,2010,Other Kharif pulses,2107.0
Karnataka,BANGALORE,2010,Peas & beans (Pulses),374.0
Karnataka,BANGALORE,2010,Potato,448.0
Karnataka,BANGALORE,2010,Ragi,62049.0
Karnataka,BANGALORE,2010,Rice,4258.0
Karnataka,BANGALORE,2010,Sesamum,20.0
Karnataka,BANGALORE,2010,Sunflower,1.0
Karnataka,BANGALORE,2010,Urad,16.0
Karnataka,BANGALORE,2010,Cowpea(Lobia),11.0
Karnataka,BANGALORE,2010,Dry chillies,76.0
Karnataka,BANGALORE,2010,Gram,4.0
Karnataka,BANGALORE,2010,Groundnut,22.0
Karnataka,BANGALORE,2010,Horse-gram,140.0
Karnataka,BANGALORE,2010,Maize,177.0
Karnataka,BANGALORE,2010,Other  Rabi pulses,34.0
Karnataka,BANGALORE,2010,Peas & beans (Pulses),399.0
Karnataka,BANGALORE,2010,Potato,1315.0
Karnataka,BANGALORE,2010,Ragi,166.0
Karnataka,BANGALORE,2010,Rapeseed &Mustard,115.0
Karnataka,BANGALORE,2010,Dry chillies,91.0
Karnataka,BANGALORE,2010,Maize,463.0
Karnataka,BANGALORE,2010,Peas & beans (Pulses),487.0
Karnataka,BANGALORE,2010,Ragi,221.0
Karnataka,BANGALORE,2010,Rice,1293.0
Karnataka,BANGALORE,2010,Sunflower,22.0
Karnataka,BANGALORE,2010,Arecanut,4141.0
Karnataka,BANGALORE,2010,Banana,8548.0
Karnataka,BANGALORE,2010,Black pepper,9.7
Karnataka,BANGALORE,2010,Coconut ,22092.0
Karnataka,BANGALORE,2010,Coriander,6.0
Karnataka,BANGALORE,2010,Garlic,23.0
Karnataka,BANGALORE,2010,Sugarcane,291.0
Karnataka,BANGALORE,2011,Arhar/Tur,464.0
Karnataka,BANGALORE,2011,Castor seed,242.0
Karnataka,BANGALORE,2011,Cowpea(Lobia),314.0
Karnataka,BANGALORE,2011,Dry chillies,95.0
Karnataka,BANGALORE,2011,Groundnut,109.0
Karnataka,BANGALORE,2011,Horse-gram,214.0
Karnataka,BANGALORE,2011,Maize,1963.0
Karnataka,BANGALORE,2011,Moong(Green Gram),7.0
Karnataka,BANGALORE,2011,Niger seed,99.0
Karnataka,BANGALORE,2011,Onion,217.0
Karnataka,BANGALORE,2011,Other Kharif pulses,2422.0
Karnataka,BANGALORE,2011,Peas & beans (Pulses),491.0
Karnataka,BANGALORE,2011,Potato,504.0
Karnataka,BANGALORE,2011,Ragi,70059.0
Karnataka,BANGALORE,2011,Rice,4853.0
Karnataka,BANGALORE,2011,Sesamum,42.0
Karnataka,BANGALORE,2011,Urad,10.0
Karnataka,BANGALORE,2011,Cowpea(Lobia),26.0
Karnataka,BANGALORE,2011,Dry chillies,59.0
Karnataka,BANGALORE,2011,Gram,1.0
Karnataka,BANGALORE,2011,Groundnut,17.0
Karnataka,BANGALORE,2011,Horse-gram,151.0
Karnataka,BANGALORE,2011,Maize,236.0
Karnataka,BANGALORE,2011,Other  Rabi pulses,64.0
Karnataka,BANGALORE,2011,Peas & beans (Pulses),412.0
Karnataka,BANGALORE,2011,Potato,1251.0
Karnataka,BANGALORE,2011,Ragi,245.0
Karnataka,BANGALORE,2011,Rapeseed &Mustard,133.0
Karnataka,BANGALORE,2011,Dry chillies,109.0
Karnataka,BANGALORE,2011,Maize,426.0
Karnataka,BANGALORE,2011,Peas & beans (Pulses),727.0
Karnataka,BANGALORE,2011,Potato,144.0
Karnataka,BANGALORE,2011,Ragi,212.0
Karnataka,BANGALORE,2011,Rice,1400.0
Karnataka,BANGALORE,2011,Sunflower,6.0
Karnataka,BANGALORE,2011,Arecanut,3247.0
Karnataka,BANGALORE,2011,Banana,7021.0
Karnataka,BANGALORE,2011,Black pepper,4.2
Karnataka,BANGALORE,2011,Coconut ,22508.0
Karnataka,BANGALORE,2011,Coriander,7.0
Karnataka,BANGALORE,2011,Garlic,25.0
Karnataka,BANGALORE,2012,Arhar/Tur,452.0
Karnataka,BANGALORE,2012,Bajra,2.0
Karnataka,BANGALORE,2012,Castor seed,62.0
Karnataka,BANGALORE,2012,Cowpea(Lobia),75.0
Karnataka,BANGALORE,2012,Dry chillies,53.0
Karnataka,BANGALORE,2012,Groundnut,56.0
Karnataka,BANGALORE,2012,Horse-gram,281.0
Karnataka,BANGALORE,2012,Jowar,918.0
Karnataka,BANGALORE,2012,Maize,2072.0
Karnataka,BANGALORE,2012,Moong(Green Gram),4.0
Karnataka,BANGALORE,2012,Niger seed,32.0
Karnataka,BANGALORE,2012,Onion,138.0
Karnataka,BANGALORE,2012,Other Kharif pulses,1182.0
Karnataka,BANGALORE,2012,Potato,1315.0
Karnataka,BANGALORE,2012,Ragi,49517.0
Karnataka,BANGALORE,2012,Rapeseed &Mustard,79.0
Karnataka,BANGALORE,2012,Rice,3006.0
Karnataka,BANGALORE,2012,Sesamum,5.0
Karnataka,BANGALORE,2012,Small millets,6.0
Karnataka,BANGALORE,2012,Sunflower,1.0
Karnataka,BANGALORE,2012,Urad,13.0
Karnataka,BANGALORE,2012,Cowpea(Lobia),5.0
Karnataka,BANGALORE,2012,Dry chillies,16.0
Karnataka,BANGALORE,2012,Horse-gram,121.0
Karnataka,BANGALORE,2012,Jowar,1.0
Karnataka,BANGALORE,2012,Linseed,
Karnataka,BANGALORE,2012,Maize,206.0
Karnataka,BANGALORE,2012,Moong(Green Gram),
Karnataka,BANGALORE,2012,Onion,7.0
Karnataka,BANGALORE,2012,Other  Rabi pulses,44.0
Karnataka,BANGALORE,2012,Potato,119.0
Karnataka,BANGALORE,2012,Ragi,62.0
Karnataka,BANGALORE,2012,Rice,101.0
Karnataka,BANGALORE,2012,Cowpea(Lobia),12.0
Karnataka,BANGALORE,2012,Dry chillies,14.0
Karnataka,BANGALORE,2012,Jowar,23.0
Karnataka,BANGALORE,2012,Maize,347.0
Karnataka,BANGALORE,2012,Onion,79.0
Karnataka,BANGALORE,2012,Potato,371.0
Karnataka,BANGALORE,2012,Ragi,142.0
Karnataka,BANGALORE,2012,Rice,639.0
Karnataka,BANGALORE,2012,Arecanut,2777.0
Karnataka,BANGALORE,2012,Black pepper,6.0
Karnataka,BANGALORE,2012,Cashewnut,2.0
Karnataka,BANGALORE,2012,Coconut ,22763.0
Karnataka,BANGALORE,2012,Coriander,16.0
Karnataka,BANGALORE,2012,Dry ginger,159.0
Karnataka,BANGALORE,2012,Garlic,3.0
Karnataka,BANGALORE,2012,Sugarcane,1003.0
Karnataka,BANGALORE,2013,Arhar/Tur,929.0
Karnataka,BANGALORE,2013,Bajra,8.0
Karnataka,BANGALORE,2013,Castor seed,51.0
Karnataka,BANGALORE,2013,Cowpea(Lobia),100.0
Karnataka,BANGALORE,2013,Dry chillies,93.0
Karnataka,BANGALORE,2013,Groundnut,41.0
Karnataka,BANGALORE,2013,Horse-gram,223.0
Karnataka,BANGALORE,2013,Jowar,1212.0
Karnataka,BANGALORE,2013,Maize,2875.0
Karnataka,BANGALORE,2013,Moong(Green Gram),5.0
Karnataka,BANGALORE,2013,Niger seed,35.0
Karnataka,BANGALORE,2013,Onion,205.0
Karnataka,BANGALORE,2013,Other Kharif pulses,1776.0
Karnataka,BANGALORE,2013,Potato,520.0
Karnataka,BANGALORE,2013,Ragi,72993.0
Karnataka,BANGALORE,2013,Rapeseed &Mustard,78.0
Karnataka,BANGALORE,2013,Rice,3941.0
Karnataka,BANGALORE,2013,Sesamum,9.0
Karnataka,BANGALORE,2013,Small millets,1.0
Karnataka,BANGALORE,2013,Urad,4.0
Karnataka,BANGALORE,2013,Cowpea(Lobia),11.0
Karnataka,BANGALORE,2013,Dry chillies,19.0
Karnataka,BANGALORE,2013,Gram,2.0
Karnataka,BANGALORE,2013,Horse-gram,91.0
Karnataka,BANGALORE,2013,Jowar,23.0
Karnataka,BANGALORE,2013,Linseed,1.0
Karnataka,BANGALORE,2013,Maize,524.0
Karnataka,BANGALORE,2013,Moong(Green Gram),1.0
Karnataka,BANGALORE,2013,Onion,56.0
Karnataka,BANGALORE,2013,Other  Rabi pulses,33.0
Karnataka,BANGALORE,2013,Potato,502.0
Karnataka,BANGALORE,2013,Ragi,152.0
Karnataka,BANGALORE,2013,Rice,10.0
Karnataka,BANGALORE,2013,Cowpea(Lobia),9.0
Karnataka,BANGALORE,2013,Dry chillies,48.0
Karnataka,BANGALORE,2013,Groundnut,6.0
Karnataka,BANGALORE,2013,Jowar,20.0
Karnataka,BANGALORE,2013,Maize,519.0
Karnataka,BANGALORE,2013,Potato,56.0
Karnataka,BANGALORE,2013,Ragi,141.0
Karnataka,BANGALORE,2013,Rice,218.0
Karnataka,BANGALORE,2013,Arecanut,5168.0
Karnataka,BANGALORE,2013,Black pepper,5.0
Karnataka,BANGALORE,2013,Cashewnut,3.0
Karnataka,BANGALORE,2013,Coconut ,16788.0
Karnataka,BANGALORE,2013,Coriander,3.0
Karnataka,BANGALORE,2013,Dry ginger,111.0
Karnataka,BANGALORE,2013,Garlic,2.0
Karnataka,BANGALORE,2014,Arhar/Tur,1362.0
Karnataka,BANGALORE,2014,Castor seed,32.0
Karnataka,BANGALORE,2014,Cowpea(Lobia),76.0
Karnataka,BANGALORE,2014,Dry chillies,52.0
Karnataka,BANGALORE,2014,Groundnut,61.0
Karnataka,BANGALORE,2014,Horse-gram,188.0
Karnataka,BANGALORE,2014,Jowar,744.0
Karnataka,BANGALORE,2014,Maize,1985.0
Karnataka,BANGALORE,2014,Moong(Green Gram),3.0
Karnataka,BANGALORE,2014,Niger seed,23.0
Karnataka,BANGALORE,2014,Onion,41.0
Karnataka,BANGALORE,2014,Other Kharif pulses,1744.0
Karnataka,BANGALORE,2014,Potato,394.0
Karnataka,BANGALORE,2014,Ragi,66654.0
Karnataka,BANGALORE,2014,Rapeseed &Mustard,28.0
Karnataka,BANGALORE,2014,Rice,3374.0
Karnataka,BANGALORE,2014,Sesamum,7.0
Karnataka,BANGALORE,2014,Small millets,1.0
Karnataka,BANGALORE,2014,Sunflower,2.0
Karnataka,BANGALORE,2014,Urad,5.0
Karnataka,BANGALORE,2014,Cowpea(Lobia),11.0
Karnataka,BANGALORE,2014,Dry chillies,26.0
Karnataka,BANGALORE,2014,Gram,24.0
Karnataka,BANGALORE,2014,Horse-gram,135.0
Karnataka,BANGALORE,2014,Jowar,46.0
Karnataka,BANGALORE,2014,Maize,399.0
Karnataka,BANGALORE,2014,Other  Rabi pulses,29.0
Karnataka,BANGALORE,2014,Potato,216.0
Karnataka,BANGALORE,2014,Ragi,188.0
Karnataka,BANGALORE,2014,Cowpea(Lobia),
Karnataka,BANGALORE,2014,Dry chillies,40.0
Karnataka,BANGALORE,2014,Jowar,6.0
Karnataka,BANGALORE,2014,Maize,130.0
Karnataka,BANGALORE,2014,Potato,123.0
Karnataka,BANGALORE,2014,Ragi,61.0
Karnataka,BANGALORE,2014,Rice,87.0
Karnataka,BANGALORE,2014,Arecanut,2137.0
Karnataka,BANGALORE,2014,Black pepper,12.0
Karnataka,BANGALORE,2014,Coconut ,11431.0
Karnataka,BANGALORE,2014,Coriander,7.0
Karnataka,BANGALORE,2014,Dry ginger,320.0
Karnataka,BANGALORE,2014,Sugarcane,182.0
Karnataka,BANGALORE,2014,Tapioca,9.0
Karnataka,BIDAR,1997,Arhar/Tur,3499.0
Karnataka,BIDAR,1997,Bajra,9500.0
Karnataka,BIDAR,1997,Dry chillies,957.0
Karnataka,BIDAR,1997,Dry ginger,1484.0
Karnataka,BIDAR,1997,Groundnut,648.0
Karnataka,BIDAR,1997,Horse-gram,67.0
Karnataka,BIDAR,1997,Jowar,115225.0
Karnataka,BIDAR,1997,Maize,522.0
Karnataka,BIDAR,1997,Paddy,9155.0
Karnataka,BIDAR,1997,Rice,6109.0
Karnataka,BIDAR,1997,Dry chillies,86.0
Karnataka,BIDAR,1997,Groundnut,1255.0
Karnataka,BIDAR,1997,Jowar,5233.0
Karnataka,BIDAR,1997,Maize,68.0
Karnataka,BIDAR,1997,Paddy,5.0
Karnataka,BIDAR,1997,Rice,3.0
Karnataka,BIDAR,1997,Wheat,1585.0
Karnataka,BIDAR,1997,Jowar,5.0
Karnataka,BIDAR,1997,Maize,39.0
Karnataka,BIDAR,1997,Coriander,74.0
Karnataka,BIDAR,1997,Garlic,138.0
Karnataka,BIDAR,1997,Sugarcane,1543856.0
Karnataka,BIDAR,1997,Turmeric,109.0
Karnataka,BIDAR,1998,Arhar/Tur,41464.0
Karnataka,BIDAR,1998,Bajra,6398.0
Karnataka,BIDAR,1998,Cotton(lint),3439.0
Karnataka,BIDAR,1998,Dry ginger,13843.0
Karnataka,BIDAR,1998,Groundnut,681.0
Karnataka,BIDAR,1998,Horse-gram,52.0
Karnataka,BIDAR,1998,Jowar,105761.0
Karnataka,BIDAR,1998,Maize,585.0
Karnataka,BIDAR,1998,Moong(Green Gram),7657.0
Karnataka,BIDAR,1998,Niger seed,1001.0
Karnataka,BIDAR,1998,Onion,127.0
Karnataka,BIDAR,1998,Peas & beans (Pulses),18.0
Karnataka,BIDAR,1998,Potato,99.0
Karnataka,BIDAR,1998,Rapeseed &Mustard,2.0
Karnataka,BIDAR,1998,Rice,5825.0
Karnataka,BIDAR,1998,Sesamum,7148.0
Karnataka,BIDAR,1998,Soyabean,234.0
Karnataka,BIDAR,1998,Sunflower,1442.0
Karnataka,BIDAR,1998,Gram,18557.0
Karnataka,BIDAR,1998,Groundnut,1983.0
Karnataka,BIDAR,1998,Jowar,13646.0
Karnataka,BIDAR,1998,Linseed,163.0
Karnataka,BIDAR,1998,Maize,78.0
Karnataka,BIDAR,1998,Onion,2303.0
Karnataka,BIDAR,1998,Peas & beans (Pulses),20.0
Karnataka,BIDAR,1998,Potato,197.0
Karnataka,BIDAR,1998,Safflower,9140.0
Karnataka,BIDAR,1998,Sunflower,1787.0
Karnataka,BIDAR,1998,Wheat,7040.0
Karnataka,BIDAR,1998,Jowar,16.0
Karnataka,BIDAR,1998,Maize,52.0
Karnataka,BIDAR,1998,Sunflower,149.0
Karnataka,BIDAR,1998,Coconut ,10.0
Karnataka,BIDAR,1998,Coriander,83.0
Karnataka,BIDAR,1998,Dry chillies,682.0
Karnataka,BIDAR,1998,Garlic,202.0
Karnataka,BIDAR,1998,Turmeric,144.0
Karnataka,BIDAR,1999,Arhar/Tur,44847.0
Karnataka,BIDAR,1999,Bajra,6722.0
Karnataka,BIDAR,1999,Cotton(lint),3001.0
Karnataka,BIDAR,1999,Dry ginger,11784.0
Karnataka,BIDAR,1999,Groundnut,956.0
Karnataka,BIDAR,1999,Horse-gram,35.0
Karnataka,BIDAR,1999,Jowar,107468.0
Karnataka,BIDAR,1999,Maize,1152.0
Karnataka,BIDAR,1999,Mesta,1006.0
Karnataka,BIDAR,1999,Moong(Green Gram),7607.0
Karnataka,BIDAR,1999,Niger seed,1556.0
Karnataka,BIDAR,1999,Other Kharif pulses,89.0
Karnataka,BIDAR,1999,Rice,8373.0
Karnataka,BIDAR,1999,Sesamum,9091.0
Karnataka,BIDAR,1999,Small millets,481.0
Karnataka,BIDAR,1999,Soyabean,110.0
Karnataka,BIDAR,1999,Sunflower,1593.0
Karnataka,BIDAR,1999,Urad,18091.0
Karnataka,BIDAR,1999,Gram,15821.0
Karnataka,BIDAR,1999,Groundnut,1116.0
Karnataka,BIDAR,1999,Jowar,15692.0
Karnataka,BIDAR,1999,Linseed,159.0
Karnataka,BIDAR,1999,Maize,99.0
Karnataka,BIDAR,1999,Other  Rabi pulses,160.0
Karnataka,BIDAR,1999,Rapeseed &Mustard,2.0
Karnataka,BIDAR,1999,Safflower,9585.0
Karnataka,BIDAR,1999,Sunflower,1619.0
Karnataka,BIDAR,1999,Wheat,7407.0
Karnataka,BIDAR,1999,Jowar,32.0
Karnataka,BIDAR,1999,Maize,69.0
Karnataka,BIDAR,1999,Rice,7.0
Karnataka,BIDAR,1999,Sunflower,93.0
Karnataka,BIDAR,1999,Banana,9644.0
Karnataka,BIDAR,1999,Black pepper,10.0
Karnataka,BIDAR,1999,Coconut ,14.0
Karnataka,BIDAR,1999,Coriander,76.0
Karnataka,BIDAR,1999,Dry chillies,788.0
Karnataka,BIDAR,1999,Garlic,45.0
Karnataka,BIDAR,1999,Onion,6198.0
Karnataka,BIDAR,1999,Potato,520.0
Karnataka,BIDAR,1999,Sannhamp,64.0
Karnataka,BIDAR,1999,Sugarcane,2140715.0
Karnataka,BIDAR,1999,Turmeric,498.0
Karnataka,BIDAR,2000,Arhar/Tur,23757.0
Karnataka,BIDAR,2000,Bajra,7442.0
Karnataka,BIDAR,2000,Cotton(lint),1994.0
Karnataka,BIDAR,2000,Dry ginger,14084.0
Karnataka,BIDAR,2000,Groundnut,558.0
Karnataka,BIDAR,2000,Horse-gram,44.0
Karnataka,BIDAR,2000,Jowar,110862.0
Karnataka,BIDAR,2000,Maize,643.0
Karnataka,BIDAR,2000,Mesta,838.0
Karnataka,BIDAR,2000,Moong(Green Gram),11038.0
Karnataka,BIDAR,2000,Niger seed,766.0
Karnataka,BIDAR,2000,Other Kharif pulses,88.0
Karnataka,BIDAR,2000,Rice,10428.0
Karnataka,BIDAR,2000,Sesamum,4481.0
Karnataka,BIDAR,2000,Small millets,442.0
Karnataka,BIDAR,2000,Soyabean,138.0
Karnataka,BIDAR,2000,Sunflower,1167.0
Karnataka,BIDAR,2000,Urad,27727.0
Karnataka,BIDAR,2000,Gram,25227.0
Karnataka,BIDAR,2000,Groundnut,1287.0
Karnataka,BIDAR,2000,Jowar,13399.0
Karnataka,BIDAR,2000,Linseed,175.0
Karnataka,BIDAR,2000,Maize,107.0
Karnataka,BIDAR,2000,Other  Rabi pulses,148.0
Karnataka,BIDAR,2000,Rapeseed &Mustard,1.0
Karnataka,BIDAR,2000,Rice,49.0
Karnataka,BIDAR,2000,Safflower,10025.0
Karnataka,BIDAR,2000,Sunflower,1223.0
Karnataka,BIDAR,2000,Wheat,9376.0
Karnataka,BIDAR,2000,Jowar,24.0
Karnataka,BIDAR,2000,Maize,34.0
Karnataka,BIDAR,2000,Sunflower,72.0
Karnataka,BIDAR,2000,Banana,8622.0
Karnataka,BIDAR,2000,Coconut ,14.0
Karnataka,BIDAR,2000,Coriander,70.0
Karnataka,BIDAR,2000,Dry chillies,701.0
Karnataka,BIDAR,2000,Garlic,87.0
Karnataka,BIDAR,2000,Onion,2438.0
Karnataka,BIDAR,2000,Potato,321.0
Karnataka,BIDAR,2000,Sannhamp,67.0
Karnataka,BIDAR,2000,Sugarcane,2086161.0
Karnataka,BIDAR,2000,Turmeric,1218.0
Karnataka,BIDAR,2001,Arhar/Tur,24349.0
Karnataka,BIDAR,2001,Bajra,5038.0
Karnataka,BIDAR,2001,Cotton(lint),1668.0
Karnataka,BIDAR,2001,Dry ginger,13195.0
Karnataka,BIDAR,2001,Groundnut,1858.0
Karnataka,BIDAR,2001,Horse-gram,29.0
Karnataka,BIDAR,2001,Jowar,97825.0
Karnataka,BIDAR,2001,Maize,415.0
Karnataka,BIDAR,2001,Mesta,1039.0
Karnataka,BIDAR,2001,Moong(Green Gram),14222.0
Karnataka,BIDAR,2001,Niger seed,661.0
Karnataka,BIDAR,2001,Other Kharif pulses,80.0
Karnataka,BIDAR,2001,Rice,9048.0
Karnataka,BIDAR,2001,Sesamum,2215.0
Karnataka,BIDAR,2001,Small millets,375.0
Karnataka,BIDAR,2001,Soyabean,104.0
Karnataka,BIDAR,2001,Sunflower,1119.0
Karnataka,BIDAR,2001,Urad,35780.0
Karnataka,BIDAR,2001,Gram,27462.0
Karnataka,BIDAR,2001,Jowar,14347.0
Karnataka,BIDAR,2001,Linseed,204.0
Karnataka,BIDAR,2001,Maize,68.0
Karnataka,BIDAR,2001,Other  Rabi pulses,182.0
Karnataka,BIDAR,2001,Rapeseed &Mustard,1.0
Karnataka,BIDAR,2001,Rice,45.0
Karnataka,BIDAR,2001,Safflower,16272.0
Karnataka,BIDAR,2001,Sunflower,1817.0
Karnataka,BIDAR,2001,Wheat,8188.0
Karnataka,BIDAR,2001,Sunflower,165.0
Karnataka,BIDAR,2001,Coconut ,129.0
Karnataka,BIDAR,2001,Coriander,83.0
Karnataka,BIDAR,2001,Dry chillies,681.0
Karnataka,BIDAR,2001,Onion,6961.0
Karnataka,BIDAR,2001,Peas & beans (Pulses),151.0
Karnataka,BIDAR,2001,Potato,1122.0
Karnataka,BIDAR,2001,Sannhamp,82.0
Karnataka,BIDAR,2001,Sugarcane,1415951.0
Karnataka,BIDAR,2001,Turmeric,660.0
Karnataka,BIDAR,2002,Arhar/Tur,40990.0
Karnataka,BIDAR,2002,Bajra,6234.0
Karnataka,BIDAR,2002,Cotton(lint),2410.0
Karnataka,BIDAR,2002,Dry ginger,13309.0
Karnataka,BIDAR,2002,Groundnut,733.0
Karnataka,BIDAR,2002,Horse-gram,18.0
Karnataka,BIDAR,2002,Jowar,108598.0
Karnataka,BIDAR,2002,Maize,386.0
Karnataka,BIDAR,2002,Mesta,999.0
Karnataka,BIDAR,2002,Moong(Green Gram),5328.0
Karnataka,BIDAR,2002,Niger seed,686.0
Karnataka,BIDAR,2002,Other Kharif pulses,98.0
Karnataka,BIDAR,2002,Rice,5672.0
Karnataka,BIDAR,2002,Sesamum,5170.0
Karnataka,BIDAR,2002,Small millets,299.0
Karnataka,BIDAR,2002,Soyabean,317.0
Karnataka,BIDAR,2002,Sunflower,1551.0
Karnataka,BIDAR,2002,Urad,10207.0
Karnataka,BIDAR,2002,Gram,25780.0
Karnataka,BIDAR,2002,Groundnut,933.0
Karnataka,BIDAR,2002,Jowar,13638.0
Karnataka,BIDAR,2002,Linseed,200.0
Karnataka,BIDAR,2002,Maize,145.0
Karnataka,BIDAR,2002,Other  Rabi pulses,150.0
Karnataka,BIDAR,2002,Rapeseed &Mustard,2.0
Karnataka,BIDAR,2002,Rice,40.0
Karnataka,BIDAR,2002,Safflower,14173.0
Karnataka,BIDAR,2002,Sunflower,2482.0
Karnataka,BIDAR,2002,Wheat,5975.0
Karnataka,BIDAR,2002,Sunflower,50.0
Karnataka,BIDAR,2002,Banana,2846.0
Karnataka,BIDAR,2002,Beans & Mutter(Vegetable),215.0
Karnataka,BIDAR,2002,Brinjal,1596.0
Karnataka,BIDAR,2002,Cashewnut Processed,4.0
Karnataka,BIDAR,2002,Cashewnut Raw,17.0
Karnataka,BIDAR,2002,Citrus Fruit,1197.0
Karnataka,BIDAR,2002,Coconut ,110.0
Karnataka,BIDAR,2002,Coriander,77.0
Karnataka,BIDAR,2002,Dry chillies,399.0
Karnataka,BIDAR,2002,Garlic,197.0
Karnataka,BIDAR,2002,Grapes,1071.0
Karnataka,BIDAR,2002,Mango,940.0
Karnataka,BIDAR,2002,Onion,6454.0
Karnataka,BIDAR,2002,Other Fresh Fruits,88.0
Karnataka,BIDAR,2002,Papaya,408.0
Karnataka,BIDAR,2002,Pome Fruit,441.0
Karnataka,BIDAR,2002,Potato,707.0
Karnataka,BIDAR,2002,Sannhamp,84.0
Karnataka,BIDAR,2002,Sugarcane,2234085.0
Karnataka,BIDAR,2002,Sweet potato,15.0
Karnataka,BIDAR,2002,Tomato,519.0
Karnataka,BIDAR,2002,Turmeric,517.0
Karnataka,BIDAR,2003,Arhar/Tur,31967.0
Karnataka,BIDAR,2003,Bajra,9804.0
Karnataka,BIDAR,2003,Cotton(lint),1373.0
Karnataka,BIDAR,2003,Dry ginger,10017.0
Karnataka,BIDAR,2003,Groundnut,440.0
Karnataka,BIDAR,2003,Horse-gram,13.0
Karnataka,BIDAR,2003,Jowar,93270.0
Karnataka,BIDAR,2003,Maize,653.0
Karnataka,BIDAR,2003,Mesta,904.0
Karnataka,BIDAR,2003,Moong(Green Gram),11055.0
Karnataka,BIDAR,2003,Niger seed,715.0
Karnataka,BIDAR,2003,Other Kharif pulses,109.0
Karnataka,BIDAR,2003,Rice,3536.0
Karnataka,BIDAR,2003,Sesamum,5516.0
Karnataka,BIDAR,2003,Small millets,219.0
Karnataka,BIDAR,2003,Soyabean,5936.0
Karnataka,BIDAR,2003,Sunflower,2501.0
Karnataka,BIDAR,2003,Urad,16125.0
Karnataka,BIDAR,2003,Gram,22830.0
Karnataka,BIDAR,2003,Groundnut,596.0
Karnataka,BIDAR,2003,Jowar,8929.0
Karnataka,BIDAR,2003,Linseed,46.0
Karnataka,BIDAR,2003,Maize,112.0
Karnataka,BIDAR,2003,Other  Rabi pulses,128.0
Karnataka,BIDAR,2003,Rapeseed &Mustard,1.0
Karnataka,BIDAR,2003,Safflower,14511.0
Karnataka,BIDAR,2003,Sunflower,2838.0
Karnataka,BIDAR,2003,Wheat,4620.0
Karnataka,BIDAR,2003,Sunflower,21.0
Karnataka,BIDAR,2003,Banana,3500.0
Karnataka,BIDAR,2003,Beans & Mutter(Vegetable),1200.0
Karnataka,BIDAR,2003,Brinjal,1347.0
Karnataka,BIDAR,2003,Citrus Fruit,14.0
Karnataka,BIDAR,2003,Coconut ,110.0
Karnataka,BIDAR,2003,Coriander,73.0
Karnataka,BIDAR,2003,Dry chillies,820.0
Karnataka,BIDAR,2003,Garlic,138.0
Karnataka,BIDAR,2003,Grapes,1641.0
Karnataka,BIDAR,2003,Mango,148.0
Karnataka,BIDAR,2003,Onion,4272.0
Karnataka,BIDAR,2003,Other Fresh Fruits,51.0
Karnataka,BIDAR,2003,Pome Fruit,265.0
Karnataka,BIDAR,2003,Potato,550.0
Karnataka,BIDAR,2003,Sannhamp,106.0
Karnataka,BIDAR,2003,Sugarcane,1476489.0
Karnataka,BIDAR,2003,Sweet potato,8.0
Karnataka,BIDAR,2003,Tomato,13245.0
Karnataka,BIDAR,2003,Turmeric,99.0
Karnataka,BIDAR,2004,Arhar/Tur,44286.0
Karnataka,BIDAR,2004,Bajra,7744.0
Karnataka,BIDAR,2004,Cotton(lint),2194.0
Karnataka,BIDAR,2004,Dry ginger,9038.0
Karnataka,BIDAR,2004,Groundnut,344.0
Karnataka,BIDAR,2004,Horse-gram,20.0
Karnataka,BIDAR,2004,Jowar,78627.0
Karnataka,BIDAR,2004,Maize,450.0
Karnataka,BIDAR,2004,Mesta,762.0
Karnataka,BIDAR,2004,Moong(Green Gram),4025.0
Karnataka,BIDAR,2004,Niger seed,697.0
Karnataka,BIDAR,2004,Other Kharif pulses,86.6
Karnataka,BIDAR,2004,Rice,3495.56
Karnataka,BIDAR,2004,Sesamum,3745.0
Karnataka,BIDAR,2004,Small millets,234.0
Karnataka,BIDAR,2004,Soyabean,17639.0
Karnataka,BIDAR,2004,Sunflower,2201.0
Karnataka,BIDAR,2004,Urad,3964.0
Karnataka,BIDAR,2004,Gram,20938.0
Karnataka,BIDAR,2004,Groundnut,471.0
Karnataka,BIDAR,2004,Jowar,11721.0
Karnataka,BIDAR,2004,Linseed,113.0
Karnataka,BIDAR,2004,Maize,173.0
Karnataka,BIDAR,2004,Other  Rabi pulses,120.0
Karnataka,BIDAR,2004,Rapeseed &Mustard,1.0
Karnataka,BIDAR,2004,Safflower,9819.0
Karnataka,BIDAR,2004,Sunflower,3004.0
Karnataka,BIDAR,2004,Wheat,4546.0
Karnataka,BIDAR,2004,Sunflower,110.0
Karnataka,BIDAR,2004,Banana,2573.0
Karnataka,BIDAR,2004,Coconut ,1158.96
Karnataka,BIDAR,2004,Coriander,71.0
Karnataka,BIDAR,2004,Dry chillies,441.0
Karnataka,BIDAR,2004,Garlic,161.0
Karnataka,BIDAR,2004,Onion,3836.0
Karnataka,BIDAR,2004,Potato,727.0
Karnataka,BIDAR,2004,Turmeric,90.0
Karnataka,BIDAR,2005,Arhar/Tur,56522.0
Karnataka,BIDAR,2005,Bajra,6050.0
Karnataka,BIDAR,2005,Dry chillies,492.0
Karnataka,BIDAR,2005,Groundnut,265.0
Karnataka,BIDAR,2005,Horse-gram,22.0
Karnataka,BIDAR,2005,Jowar,68914.0
Karnataka,BIDAR,2005,Maize,499.0
Karnataka,BIDAR,2005,Moong(Green Gram),4644.0
Karnataka,BIDAR,2005,Niger seed,659.0
Karnataka,BIDAR,2005,Onion,507.0
Karnataka,BIDAR,2005,Other Kharif pulses,84.0
Karnataka,BIDAR,2005,Peas & beans (Pulses),43.0
Karnataka,BIDAR,2005,Potato,13.0
Karnataka,BIDAR,2005,Rice,4059.0
Karnataka,BIDAR,2005,Sesamum,2889.0
Karnataka,BIDAR,2005,Small millets,161.0
Karnataka,BIDAR,2005,Soyabean,21652.0
Karnataka,BIDAR,2005,Sunflower,3219.0
Karnataka,BIDAR,2005,Urad,5662.0
Karnataka,BIDAR,2005,Dry chillies,129.0
Karnataka,BIDAR,2005,Gram,20541.0
Karnataka,BIDAR,2005,Groundnut,383.0
Karnataka,BIDAR,2005,Jowar,10111.0
Karnataka,BIDAR,2005,Linseed,161.0
Karnataka,BIDAR,2005,Maize,220.0
Karnataka,BIDAR,2005,Onion,4302.0
Karnataka,BIDAR,2005,Other  Rabi pulses,127.0
Karnataka,BIDAR,2005,Peas & beans (Pulses),14.0
Karnataka,BIDAR,2005,Potato,705.0
Karnataka,BIDAR,2005,Rapeseed &Mustard,1.0
Karnataka,BIDAR,2005,Rice,180.0
Karnataka,BIDAR,2005,Safflower,15908.0
Karnataka,BIDAR,2005,Sunflower,3124.0
Karnataka,BIDAR,2005,Wheat,4710.0
Karnataka,BIDAR,2005,Dry chillies,8.0
Karnataka,BIDAR,2005,Onion,360.0
Karnataka,BIDAR,2005,Peas & beans (Pulses),5.0
Karnataka,BIDAR,2005,Sunflower,60.0
Karnataka,BIDAR,2005,Banana,2458.0
Karnataka,BIDAR,2005,Coconut ,120.0
Karnataka,BIDAR,2005,Coriander,56.0
Karnataka,BIDAR,2005,Cotton(lint),1279.0
Karnataka,BIDAR,2005,Dry ginger,12292.0
Karnataka,BIDAR,2005,Garlic,142.0
Karnataka,BIDAR,2005,Mesta,755.0
Karnataka,BIDAR,2005,Sugarcane,1531641.0
Karnataka,BIDAR,2005,Turmeric,272.0
Karnataka,BIDAR,2006,Arhar/Tur,34902.0
Karnataka,BIDAR,2006,Bajra,7831.0
Karnataka,BIDAR,2006,Gram,4416.0
Karnataka,BIDAR,2006,Groundnut,347.0
Karnataka,BIDAR,2006,Horse-gram,31.0
Karnataka,BIDAR,2006,Jowar,83774.0
Karnataka,BIDAR,2006,Maize,407.0
Karnataka,BIDAR,2006,Moong(Green Gram),3817.0
Karnataka,BIDAR,2006,Niger seed,565.0
Karnataka,BIDAR,2006,Other Kharif pulses,851.0
Karnataka,BIDAR,2006,Rapeseed &Mustard,2.0
Karnataka,BIDAR,2006,Rice,4449.0
Karnataka,BIDAR,2006,Sesamum,3877.0
Karnataka,BIDAR,2006,Small millets,112.0
Karnataka,BIDAR,2006,Soyabean,17460.0
Karnataka,BIDAR,2006,Sunflower,3717.0
Karnataka,BIDAR,2006,Urad,4416.0
Karnataka,BIDAR,2006,Gram,27433.0
Karnataka,BIDAR,2006,Groundnut,350.0
Karnataka,BIDAR,2006,Jowar,13172.0
Karnataka,BIDAR,2006,Linseed,114.0
Karnataka,BIDAR,2006,Maize,186.0
Karnataka,BIDAR,2006,Other  Rabi pulses,158.0
Karnataka,BIDAR,2006,Rice,110.0
Karnataka,BIDAR,2006,Safflower,16021.0
Karnataka,BIDAR,2006,Sunflower,2573.0
Karnataka,BIDAR,2006,Wheat,5444.0
Karnataka,BIDAR,2006,Sunflower,50.0
Karnataka,BIDAR,2006,Banana,3893.0
Karnataka,BIDAR,2006,Coconut ,124.0
Karnataka,BIDAR,2006,Coriander,35.0
Karnataka,BIDAR,2006,Cotton(lint),1151.0
Karnataka,BIDAR,2006,Dry chillies,869.0
Karnataka,BIDAR,2006,Dry ginger,17224.0
Karnataka,BIDAR,2006,Garlic,113.0
Karnataka,BIDAR,2006,Mesta,626.0
Karnataka,BIDAR,2006,Onion,2923.0
Karnataka,BIDAR,2006,Potato,1726.0
Karnataka,BIDAR,2006,Sugarcane,1885431.0
Karnataka,BIDAR,2006,Turmeric,288.0
Karnataka,BIDAR,2007,Arhar/Tur,48422.0
Karnataka,BIDAR,2007,Bajra,8456.0
Karnataka,BIDAR,2007,Dry chillies,494.0
Karnataka,BIDAR,2007,Groundnut,308.0
Karnataka,BIDAR,2007,Horse-gram,27.0
Karnataka,BIDAR,2007,Jowar,114717.0
Karnataka,BIDAR,2007,Maize,927.0
Karnataka,BIDAR,2007,Moong(Green Gram),19697.0
Karnataka,BIDAR,2007,Niger seed,1691.0
Karnataka,BIDAR,2007,Onion,542.0
Karnataka,BIDAR,2007,Other Kharif pulses,679.0
Karnataka,BIDAR,2007,Potato,119.0
Karnataka,BIDAR,2007,Rapeseed &Mustard,13.0
Karnataka,BIDAR,2007,Rice,4223.0
Karnataka,BIDAR,2007,Sesamum,3413.0
Karnataka,BIDAR,2007,Small millets,64.0
Karnataka,BIDAR,2007,Soyabean,15237.0
Karnataka,BIDAR,2007,Sunflower,3358.0
Karnataka,BIDAR,2007,Urad,25234.0
Karnataka,BIDAR,2007,Dry chillies,202.0
Karnataka,BIDAR,2007,Gram,17123.0
Karnataka,BIDAR,2007,Groundnut,443.0
Karnataka,BIDAR,2007,Jowar,11369.0
Karnataka,BIDAR,2007,Linseed,117.0
Karnataka,BIDAR,2007,Maize,216.0
Karnataka,BIDAR,2007,Onion,5448.0
Karnataka,BIDAR,2007,Other  Rabi pulses,141.0
Karnataka,BIDAR,2007,Potato,504.0
Karnataka,BIDAR,2007,Rice,45.0
Karnataka,BIDAR,2007,Safflower,14566.0
Karnataka,BIDAR,2007,Sunflower,2817.0
Karnataka,BIDAR,2007,Wheat,8333.0
Karnataka,BIDAR,2007,Dry chillies,54.0
Karnataka,BIDAR,2007,Onion,262.0
Karnataka,BIDAR,2007,Sunflower,96.0
Karnataka,BIDAR,2007,Banana,2016.0
Karnataka,BIDAR,2007,Coconut ,117.0
Karnataka,BIDAR,2007,Coriander,100.0
Karnataka,BIDAR,2007,Cotton(lint),1066.0
Karnataka,BIDAR,2007,Dry ginger,16767.0
Karnataka,BIDAR,2007,Garlic,76.0
Karnataka,BIDAR,2007,Mesta,646.0
Karnataka,BIDAR,2007,Sannhamp,76.0
Karnataka,BIDAR,2007,Sugarcane,1852682.0
Karnataka,BIDAR,2007,Turmeric,529.0
Karnataka,BIDAR,2008,Arhar/Tur,50782.0
Karnataka,BIDAR,2008,Bajra,7065.0
Karnataka,BIDAR,2008,Dry chillies,436.0
Karnataka,BIDAR,2008,Groundnut,169.0
Karnataka,BIDAR,2008,Jowar,88510.0
Karnataka,BIDAR,2008,Maize,1028.0
Karnataka,BIDAR,2008,Moong(Green Gram),4153.0
Karnataka,BIDAR,2008,Niger seed,976.0
Karnataka,BIDAR,2008,Onion,591.0
Karnataka,BIDAR,2008,Other Kharif pulses,1429.0
Karnataka,BIDAR,2008,Potato,68.0
Karnataka,BIDAR,2008,Rice,4077.72
Karnataka,BIDAR,2008,Sesamum,2205.0
Karnataka,BIDAR,2008,Soyabean,16091.0
Karnataka,BIDAR,2008,Sunflower,3056.0
Karnataka,BIDAR,2008,Urad,5444.0
Karnataka,BIDAR,2008,Dry chillies,232.0
Karnataka,BIDAR,2008,Gram,21799.0
Karnataka,BIDAR,2008,Groundnut,535.0
Karnataka,BIDAR,2008,Jowar,13398.0
Karnataka,BIDAR,2008,Linseed,99.0
Karnataka,BIDAR,2008,Maize,284.0
Karnataka,BIDAR,2008,Onion,1311.0
Karnataka,BIDAR,2008,Other  Rabi pulses,78.0
Karnataka,BIDAR,2008,Potato,920.0
Karnataka,BIDAR,2008,Rapeseed &Mustard,12.0
Karnataka,BIDAR,2008,Safflower,13394.0
Karnataka,BIDAR,2008,Sunflower,2586.0
Karnataka,BIDAR,2008,Wheat,8445.0
Karnataka,BIDAR,2008,Dry chillies,72.0
Karnataka,BIDAR,2008,Maize,69.0
Karnataka,BIDAR,2008,Onion,153.0
Karnataka,BIDAR,2008,Sunflower,180.0
Karnataka,BIDAR,2008,Banana,5647.0
Karnataka,BIDAR,2008,Black pepper,4.0
Karnataka,BIDAR,2008,Cashewnut,23.98
Karnataka,BIDAR,2008,Coconut ,164.0
Karnataka,BIDAR,2008,Coriander,147.0
Karnataka,BIDAR,2008,Cotton(lint),1270.0
Karnataka,BIDAR,2008,Dry ginger,37561.0
Karnataka,BIDAR,2008,Garlic,147.0
Karnataka,BIDAR,2008,Mesta,610.0
Karnataka,BIDAR,2008,Sannhamp,62.0
Karnataka,BIDAR,2008,Sugarcane,1426497.0
Karnataka,BIDAR,2008,Turmeric,390.0
Karnataka,BIDAR,2009,Arhar/Tur,49647.0
Karnataka,BIDAR,2009,Bajra,4377.0
Karnataka,BIDAR,2009,Groundnut,207.0
Karnataka,BIDAR,2009,Jowar,45436.0
Karnataka,BIDAR,2009,Maize,930.0
Karnataka,BIDAR,2009,Moong(Green Gram),283.0
Karnataka,BIDAR,2009,Niger seed,904.0
Karnataka,BIDAR,2009,Onion,328.0
Karnataka,BIDAR,2009,Other Kharif pulses,643.0
Karnataka,BIDAR,2009,Potato,192.0
Karnataka,BIDAR,2009,Rice,3877.51
Karnataka,BIDAR,2009,Sesamum,1012.0
Karnataka,BIDAR,2009,Small millets,53.0
Karnataka,BIDAR,2009,Soyabean,7894.0
Karnataka,BIDAR,2009,Sunflower,1805.0
Karnataka,BIDAR,2009,Urad,465.0
Karnataka,BIDAR,2009,Dry chillies,355.0
Karnataka,BIDAR,2009,Groundnut,471.0
Karnataka,BIDAR,2009,Jowar,13677.0
Karnataka,BIDAR,2009,Linseed,94.0
Karnataka,BIDAR,2009,Maize,409.0
Karnataka,BIDAR,2009,Onion,7057.0
Karnataka,BIDAR,2009,Other  Rabi pulses,220.0
Karnataka,BIDAR,2009,Potato,1255.0
Karnataka,BIDAR,2009,Rapeseed &Mustard,6.0
Karnataka,BIDAR,2009,Safflower,15408.0
Karnataka,BIDAR,2009,Sunflower,1621.0
Karnataka,BIDAR,2009,Wheat,8518.0
Karnataka,BIDAR,2009,Dry chillies,115.0
Karnataka,BIDAR,2009,Maize,67.0
Karnataka,BIDAR,2009,Onion,298.0
Karnataka,BIDAR,2009,Sunflower,164.0
Karnataka,BIDAR,2009,Banana,3859.0
Karnataka,BIDAR,2009,Cashewnut,27.0
Karnataka,BIDAR,2009,Coconut ,135.0
Karnataka,BIDAR,2009,Coriander,140.0
Karnataka,BIDAR,2009,Cotton(lint),1115.0
Karnataka,BIDAR,2009,Dry ginger,43301.0
Karnataka,BIDAR,2009,Garlic,150.0
Karnataka,BIDAR,2009,Mesta,1504.0
Karnataka,BIDAR,2009,Sannhamp,66.0
Karnataka,BIDAR,2009,Sugarcane,1805726.0
Karnataka,BIDAR,2009,Turmeric,177.0
Karnataka,BIDAR,2010,Arhar/Tur,65568.0
Karnataka,BIDAR,2010,Bajra,5117.0
Karnataka,BIDAR,2010,Cotton(lint),901.0
Karnataka,BIDAR,2010,Cowpea(Lobia),10.0
Karnataka,BIDAR,2010,Dry chillies,409.0
Karnataka,BIDAR,2010,Groundnut,110.0
Karnataka,BIDAR,2010,Jowar,77549.0
Karnataka,BIDAR,2010,Maize,1721.0
Karnataka,BIDAR,2010,Moong(Green Gram),13004.0
Karnataka,BIDAR,2010,Niger seed,642.0
Karnataka,BIDAR,2010,Onion,549.0
Karnataka,BIDAR,2010,Other Kharif pulses,593.0
Karnataka,BIDAR,2010,Peas & beans (Pulses),36.0
Karnataka,BIDAR,2010,Potato,198.0
Karnataka,BIDAR,2010,Rice,4816.0
Karnataka,BIDAR,2010,Sesamum,2224.0
Karnataka,BIDAR,2010,Small millets,23.0
Karnataka,BIDAR,2010,Soyabean,46009.0
Karnataka,BIDAR,2010,Sunflower,961.0
Karnataka,BIDAR,2010,Urad,14252.0
Karnataka,BIDAR,2010,Dry chillies,334.0
Karnataka,BIDAR,2010,Gram,28154.0
Karnataka,BIDAR,2010,Groundnut,516.0
Karnataka,BIDAR,2010,Jowar,8414.0
Karnataka,BIDAR,2010,Linseed,97.0
Karnataka,BIDAR,2010,Maize,668.0
Karnataka,BIDAR,2010,Onion,4006.0
Karnataka,BIDAR,2010,Other  Rabi pulses,296.0
Karnataka,BIDAR,2010,Peas & beans (Pulses),92.0
Karnataka,BIDAR,2010,Potato,710.0
Karnataka,BIDAR,2010,Rapeseed &Mustard,7.0
Karnataka,BIDAR,2010,Safflower,14548.0
Karnataka,BIDAR,2010,Sunflower,1327.0
Karnataka,BIDAR,2010,Wheat,10271.0
Karnataka,BIDAR,2010,Dry chillies,30.0
Karnataka,BIDAR,2010,Maize,295.0
Karnataka,BIDAR,2010,Onion,255.0
Karnataka,BIDAR,2010,Peas & beans (Pulses),34.0
Karnataka,BIDAR,2010,Potato,15.0
Karnataka,BIDAR,2010,Sunflower,239.0
Karnataka,BIDAR,2010,Banana,5144.0
Karnataka,BIDAR,2010,Cashewnut,48.0
Karnataka,BIDAR,2010,Coconut ,191.0
Karnataka,BIDAR,2010,Coriander,83.0
Karnataka,BIDAR,2010,Dry ginger,4410.9
Karnataka,BIDAR,2010,Garlic,174.0
Karnataka,BIDAR,2010,Mesta,1916.0
Karnataka,BIDAR,2010,Sannhamp,77.0
Karnataka,BIDAR,2010,Sugarcane,2200320.0
Karnataka,BIDAR,2010,Turmeric,284.0
Karnataka,BIDAR,2011,Arhar/Tur,44842.0
Karnataka,BIDAR,2011,Bajra,5837.0
Karnataka,BIDAR,2011,Cotton(lint),1286.0
Karnataka,BIDAR,2011,Cowpea(Lobia),16.0
Karnataka,BIDAR,2011,Dry chillies,394.0
Karnataka,BIDAR,2011,Groundnut,145.0
Karnataka,BIDAR,2011,Jowar,90870.0
Karnataka,BIDAR,2011,Maize,2107.0
Karnataka,BIDAR,2011,Moong(Green Gram),8057.0
Karnataka,BIDAR,2011,Niger seed,644.0
Karnataka,BIDAR,2011,Onion,1728.0
Karnataka,BIDAR,2011,Other Kharif pulses,879.0
Karnataka,BIDAR,2011,Peas & beans (Pulses),27.0
Karnataka,BIDAR,2011,Potato,496.0
Karnataka,BIDAR,2011,Rice,5830.0
Karnataka,BIDAR,2011,Sesamum,1336.0
Karnataka,BIDAR,2011,Small millets,21.0
Karnataka,BIDAR,2011,Soyabean,87640.0
Karnataka,BIDAR,2011,Sunflower,997.0
Karnataka,BIDAR,2011,Urad,9751.0
Karnataka,BIDAR,2011,Dry chillies,502.0
Karnataka,BIDAR,2011,Gram,19274.0
Karnataka,BIDAR,2011,Groundnut,494.0
Karnataka,BIDAR,2011,Jowar,15414.0
Karnataka,BIDAR,2011,Linseed,39.0
Karnataka,BIDAR,2011,Maize,1036.0
Karnataka,BIDAR,2011,Onion,12143.0
Karnataka,BIDAR,2011,Other  Rabi pulses,347.0
Karnataka,BIDAR,2011,Peas & beans (Pulses),66.0
Karnataka,BIDAR,2011,Potato,1409.0
Karnataka,BIDAR,2011,Rapeseed &Mustard,19.0
Karnataka,BIDAR,2011,Safflower,11637.0
Karnataka,BIDAR,2011,Sunflower,1043.0
Karnataka,BIDAR,2011,Wheat,7810.0
Karnataka,BIDAR,2011,Dry chillies,95.0
Karnataka,BIDAR,2011,Maize,385.0
Karnataka,BIDAR,2011,Onion,172.0
Karnataka,BIDAR,2011,Potato,58.0
Karnataka,BIDAR,2011,Sunflower,205.0
Karnataka,BIDAR,2011,Banana,2299.0
Karnataka,BIDAR,2011,Cashewnut,63.0
Karnataka,BIDAR,2011,Coconut ,199.0
Karnataka,BIDAR,2011,Coriander,73.0
Karnataka,BIDAR,2011,Dry ginger,4397.3
Karnataka,BIDAR,2011,Garlic,227.0
Karnataka,BIDAR,2011,Mesta,449.0
Karnataka,BIDAR,2011,Sannhamp,8.0
Karnataka,BIDAR,2011,Sugarcane,1744679.0
Karnataka,BIDAR,2011,Turmeric,638.0
Karnataka,BIDAR,2012,Arhar/Tur,82666.0
Karnataka,BIDAR,2012,Bajra,5772.0
Karnataka,BIDAR,2012,Cotton(lint),1261.0
Karnataka,BIDAR,2012,Cowpea(Lobia),34.0
Karnataka,BIDAR,2012,Dry chillies,175.0
Karnataka,BIDAR,2012,Groundnut,198.0
Karnataka,BIDAR,2012,Jowar,82532.0
Karnataka,BIDAR,2012,Maize,4967.0
Karnataka,BIDAR,2012,Moong(Green Gram),26387.0
Karnataka,BIDAR,2012,Niger seed,478.0
Karnataka,BIDAR,2012,Onion,1534.0
Karnataka,BIDAR,2012,Other Kharif pulses,1270.0
Karnataka,BIDAR,2012,Potato,421.0
Karnataka,BIDAR,2012,Rice,4880.0
Karnataka,BIDAR,2012,Sesamum,1686.0
Karnataka,BIDAR,2012,Small millets,10.0
Karnataka,BIDAR,2012,Soyabean,115271.0
Karnataka,BIDAR,2012,Sunflower,1364.0
Karnataka,BIDAR,2012,Urad,28489.0
Karnataka,BIDAR,2012,Dry chillies,77.0
Karnataka,BIDAR,2012,Gram,37464.0
Karnataka,BIDAR,2012,Groundnut,556.0
Karnataka,BIDAR,2012,Jowar,16838.0
Karnataka,BIDAR,2012,Linseed,92.0
Karnataka,BIDAR,2012,Maize,1344.0
Karnataka,BIDAR,2012,Onion,4148.0
Karnataka,BIDAR,2012,Other  Rabi pulses,53.0
Karnataka,BIDAR,2012,Potato,1562.0
Karnataka,BIDAR,2012,Safflower,11162.0
Karnataka,BIDAR,2012,Sunflower,1004.0
Karnataka,BIDAR,2012,Wheat,9422.0
Karnataka,BIDAR,2012,Dry chillies,14.0
Karnataka,BIDAR,2012,Groundnut,311.0
Karnataka,BIDAR,2012,Jowar,72.0
Karnataka,BIDAR,2012,Maize,1158.0
Karnataka,BIDAR,2012,Onion,113.0
Karnataka,BIDAR,2012,Potato,87.0
Karnataka,BIDAR,2012,Sunflower,294.0
Karnataka,BIDAR,2012,Cashewnut,49.0
Karnataka,BIDAR,2012,Coconut ,207.0
Karnataka,BIDAR,2012,Coriander,17.0
Karnataka,BIDAR,2012,Dry ginger,40938.0
Karnataka,BIDAR,2012,Garlic,167.0
Karnataka,BIDAR,2012,Mesta,366.0
Karnataka,BIDAR,2012,Sannhamp,24.0
Karnataka,BIDAR,2012,Sugarcane,2186051.0
Karnataka,BIDAR,2012,Turmeric,610.0
Karnataka,BIDAR,2013,Arhar/Tur,59305.0
Karnataka,BIDAR,2013,Bajra,3356.0
Karnataka,BIDAR,2013,Castor seed,7.0
Karnataka,BIDAR,2013,Cotton(lint),945.0
Karnataka,BIDAR,2013,Cowpea(Lobia),76.0
Karnataka,BIDAR,2013,Dry chillies,1904.0
Karnataka,BIDAR,2013,Groundnut,172.0
Karnataka,BIDAR,2013,Horse-gram,8.0
Karnataka,BIDAR,2013,Jowar,53352.0
Karnataka,BIDAR,2013,Maize,8359.0
Karnataka,BIDAR,2013,Moong(Green Gram),15295.0
Karnataka,BIDAR,2013,Niger seed,281.0
Karnataka,BIDAR,2013,Onion,2269.0
Karnataka,BIDAR,2013,Other Kharif pulses,859.0
Karnataka,BIDAR,2013,Potato,322.0
Karnataka,BIDAR,2013,Rapeseed &Mustard,45.0
Karnataka,BIDAR,2013,Rice,5541.0
Karnataka,BIDAR,2013,Sesamum,1171.0
Karnataka,BIDAR,2013,Small millets,11.0
Karnataka,BIDAR,2013,Soyabean,174900.0
Karnataka,BIDAR,2013,Sunflower,834.0
Karnataka,BIDAR,2013,Urad,16266.0
Karnataka,BIDAR,2013,Dry chillies,59.0
Karnataka,BIDAR,2013,Gram,39733.0
Karnataka,BIDAR,2013,Jowar,20072.0
Karnataka,BIDAR,2013,Linseed,131.0
Karnataka,BIDAR,2013,Maize,1381.0
Karnataka,BIDAR,2013,Onion,5443.0
Karnataka,BIDAR,2013,Other  Rabi pulses,156.0
Karnataka,BIDAR,2013,Potato,1978.0
Karnataka,BIDAR,2013,Safflower,11725.0
Karnataka,BIDAR,2013,Sunflower,810.0
Karnataka,BIDAR,2013,Wheat,8498.0
Karnataka,BIDAR,2013,Dry chillies,80.0
Karnataka,BIDAR,2013,Groundnut,511.0
Karnataka,BIDAR,2013,Maize,552.0
Karnataka,BIDAR,2013,Onion,966.0
Karnataka,BIDAR,2013,Potato,365.0
Karnataka,BIDAR,2013,Sunflower,246.0
Karnataka,BIDAR,2013,Cashewnut,55.0
Karnataka,BIDAR,2013,Coconut ,230.0
Karnataka,BIDAR,2013,Coriander,17.0
Karnataka,BIDAR,2013,Dry ginger,12683.0
Karnataka,BIDAR,2013,Garlic,98.0
Karnataka,BIDAR,2013,Mesta,226.0
Karnataka,BIDAR,2013,Sannhamp,30.0
Karnataka,BIDAR,2013,Sugarcane,1937744.0
Karnataka,BIDAR,2013,Turmeric,185.0
Karnataka,BIDAR,2014,Arhar/Tur,44243.0
Karnataka,BIDAR,2014,Bajra,3743.0
Karnataka,BIDAR,2014,Castor seed,7.0
Karnataka,BIDAR,2014,Cotton(lint),794.0
Karnataka,BIDAR,2014,Cowpea(Lobia),24.0
Karnataka,BIDAR,2014,Dry chillies,321.0
Karnataka,BIDAR,2014,Groundnut,62.0
Karnataka,BIDAR,2014,Jowar,29948.0
Karnataka,BIDAR,2014,Maize,1329.0
Karnataka,BIDAR,2014,Moong(Green Gram),5990.0
Karnataka,BIDAR,2014,Niger seed,357.0
Karnataka,BIDAR,2014,Onion,873.0
Karnataka,BIDAR,2014,Other Kharif pulses,341.0
Karnataka,BIDAR,2014,Potato,406.0
Karnataka,BIDAR,2014,Rapeseed &Mustard,11.0
Karnataka,BIDAR,2014,Rice,1989.0
Karnataka,BIDAR,2014,Sesamum,507.0
Karnataka,BIDAR,2014,Small millets,7.0
Karnataka,BIDAR,2014,Soyabean,68525.0
Karnataka,BIDAR,2014,Sunflower,412.0
Karnataka,BIDAR,2014,Urad,5250.0
Karnataka,BIDAR,2014,Dry chillies,60.0
Karnataka,BIDAR,2014,Gram,14138.0
Karnataka,BIDAR,2014,Jowar,10346.0
Karnataka,BIDAR,2014,Linseed,47.0
Karnataka,BIDAR,2014,Maize,1337.0
Karnataka,BIDAR,2014,Onion,4510.0
Karnataka,BIDAR,2014,Other  Rabi pulses,72.0
Karnataka,BIDAR,2014,Potato,816.0
Karnataka,BIDAR,2014,Safflower,6886.0
Karnataka,BIDAR,2014,Sunflower,378.0
Karnataka,BIDAR,2014,Wheat,5385.0
Karnataka,BIDAR,2014,Dry chillies,21.0
Karnataka,BIDAR,2014,Groundnut,87.0
Karnataka,BIDAR,2014,Maize,72.0
Karnataka,BIDAR,2014,Onion,211.0
Karnataka,BIDAR,2014,Potato,27.0
Karnataka,BIDAR,2014,Sunflower,9.0
Karnataka,BIDAR,2014,Cashewnut,72.0
Karnataka,BIDAR,2014,Coconut ,170.0
Karnataka,BIDAR,2014,Coriander,26.0
Karnataka,BIDAR,2014,Dry ginger,14279.0
Karnataka,BIDAR,2014,Garlic,55.0
Karnataka,BIDAR,2014,Mesta,47.0
Karnataka,BIDAR,2014,Sannhamp,6.0
Karnataka,BIDAR,2014,Sugarcane,1892232.0
Karnataka,BIDAR,2014,Turmeric,114.0
Karnataka,BIJAPUR,1997,Arhar/Tur,2428.0
Karnataka,BIJAPUR,1997,Bajra,40777.0
Karnataka,BIJAPUR,1997,Dry chillies,2996.0
Karnataka,BIJAPUR,1997,Groundnut,18424.0
Karnataka,BIJAPUR,1997,Horse-gram,3473.0
Karnataka,BIJAPUR,1997,Jowar,16812.0
Karnataka,BIJAPUR,1997,Maize,132035.0
Karnataka,BIJAPUR,1997,Paddy,952.0
Karnataka,BIJAPUR,1997,Rice,635.0
Karnataka,BIJAPUR,1997,Dry chillies,1364.0
Karnataka,BIJAPUR,1997,Groundnut,15322.0
Karnataka,BIJAPUR,1997,Horse-gram,3143.0
Karnataka,BIJAPUR,1997,Jowar,263237.0
Karnataka,BIJAPUR,1997,Maize,35590.0
Karnataka,BIJAPUR,1997,Wheat,29117.0
Karnataka,BIJAPUR,1997,Jowar,72.0
Karnataka,BIJAPUR,1997,Maize,6624.0
Karnataka,BIJAPUR,1997,Coriander,38.0
Karnataka,BIJAPUR,1997,Garlic,126.0
Karnataka,BIJAPUR,1997,Sugarcane,5795258.0
Karnataka,BIJAPUR,1997,Turmeric,2468.0
Karnataka,BIJAPUR,1998,Arhar/Tur,5191.0
Karnataka,BIJAPUR,1998,Bajra,64614.0
Karnataka,BIJAPUR,1998,Castor seed,134.0
Karnataka,BIJAPUR,1998,Cotton(lint),12667.0
Karnataka,BIJAPUR,1998,Groundnut,14096.0
Karnataka,BIJAPUR,1998,Horse-gram,8874.0
Karnataka,BIJAPUR,1998,Jowar,2583.0
Karnataka,BIJAPUR,1998,Maize,21373.0
Karnataka,BIJAPUR,1998,Moong(Green Gram),1696.0
Karnataka,BIJAPUR,1998,Niger seed,68.0
Karnataka,BIJAPUR,1998,Onion,13886.0
Karnataka,BIJAPUR,1998,Peas & beans (Pulses),257.0
Karnataka,BIJAPUR,1998,Rice,541.0
Karnataka,BIJAPUR,1998,Sesamum,575.0
Karnataka,BIJAPUR,1998,Soyabean,142.0
Karnataka,BIJAPUR,1998,Sunflower,15600.0
Karnataka,BIJAPUR,1998,Gram,29390.0
Karnataka,BIJAPUR,1998,Groundnut,10716.0
Karnataka,BIJAPUR,1998,Horse-gram,696.0
Karnataka,BIJAPUR,1998,Jowar,201599.0
Karnataka,BIJAPUR,1998,Linseed,2284.0
Karnataka,BIJAPUR,1998,Maize,9629.0
Karnataka,BIJAPUR,1998,Moong(Green Gram),2.0
Karnataka,BIJAPUR,1998,Onion,19819.0
Karnataka,BIJAPUR,1998,Safflower,6266.0
Karnataka,BIJAPUR,1998,Sunflower,24446.0
Karnataka,BIJAPUR,1998,Wheat,45667.0
Karnataka,BIJAPUR,1998,Jowar,504.0
Karnataka,BIJAPUR,1998,Maize,4918.0
Karnataka,BIJAPUR,1998,Onion,1918.0
Karnataka,BIJAPUR,1998,Sunflower,1452.0
Karnataka,BIJAPUR,1998,Coconut ,717.0
Karnataka,BIJAPUR,1998,Coriander,36.0
Karnataka,BIJAPUR,1998,Dry chillies,1637.0
Karnataka,BIJAPUR,1998,Garlic,113.0
Karnataka,BIJAPUR,1998,Turmeric,375.0
Karnataka,BIJAPUR,1999,Arhar/Tur,11197.0
Karnataka,BIJAPUR,1999,Bajra,73692.0
Karnataka,BIJAPUR,1999,Castor seed,25.0
Karnataka,BIJAPUR,1999,Cotton(lint),12749.0
Karnataka,BIJAPUR,1999,Groundnut,23332.0
Karnataka,BIJAPUR,1999,Horse-gram,5209.0
Karnataka,BIJAPUR,1999,Jowar,3298.0
Karnataka,BIJAPUR,1999,Maize,25550.0
Karnataka,BIJAPUR,1999,Moong(Green Gram),13337.0
Karnataka,BIJAPUR,1999,Niger seed,112.0
Karnataka,BIJAPUR,1999,Other Kharif pulses,4195.0
Karnataka,BIJAPUR,1999,Rice,506.0
Karnataka,BIJAPUR,1999,Sesamum,796.0
Karnataka,BIJAPUR,1999,Small millets,92.0
Karnataka,BIJAPUR,1999,Sunflower,12648.0
Karnataka,BIJAPUR,1999,Gram,31992.0
Karnataka,BIJAPUR,1999,Groundnut,4545.0
Karnataka,BIJAPUR,1999,Horse-gram,335.0
Karnataka,BIJAPUR,1999,Jowar,248024.0
Karnataka,BIJAPUR,1999,Linseed,2910.0
Karnataka,BIJAPUR,1999,Maize,14709.0
Karnataka,BIJAPUR,1999,Moong(Green Gram),1.0
Karnataka,BIJAPUR,1999,Other  Rabi pulses,29.0
Karnataka,BIJAPUR,1999,Safflower,8049.0
Karnataka,BIJAPUR,1999,Sunflower,18278.0
Karnataka,BIJAPUR,1999,Urad,46.0
Karnataka,BIJAPUR,1999,Wheat,44261.0
Karnataka,BIJAPUR,1999,Jowar,246.0
Karnataka,BIJAPUR,1999,Maize,2345.0
Karnataka,BIJAPUR,1999,Sunflower,1330.0
Karnataka,BIJAPUR,1999,Banana,25517.0
Karnataka,BIJAPUR,1999,Coconut ,774.0
Karnataka,BIJAPUR,1999,Coriander,34.0
Karnataka,BIJAPUR,1999,Dry chillies,2158.0
Karnataka,BIJAPUR,1999,Garlic,151.0
Karnataka,BIJAPUR,1999,Onion,78353.0
Karnataka,BIJAPUR,1999,Sugarcane,1787520.0
Karnataka,BIJAPUR,1999,Sweet potato,719.0
Karnataka,BIJAPUR,1999,Turmeric,296.0
Karnataka,BIJAPUR,2000,Arhar/Tur,18013.0
Karnataka,BIJAPUR,2000,Bajra,89582.0
Karnataka,BIJAPUR,2000,Castor seed,58.0
Karnataka,BIJAPUR,2000,Cotton(lint),27539.0
Karnataka,BIJAPUR,2000,Groundnut,22311.0
Karnataka,BIJAPUR,2000,Horse-gram,6906.0
Karnataka,BIJAPUR,2000,Jowar,2564.0
Karnataka,BIJAPUR,2000,Maize,29016.0
Karnataka,BIJAPUR,2000,Moong(Green Gram),10699.0
Karnataka,BIJAPUR,2000,Niger seed,136.0
Karnataka,BIJAPUR,2000,Other Kharif pulses,4622.0
Karnataka,BIJAPUR,2000,Rice,529.0
Karnataka,BIJAPUR,2000,Sesamum,852.0
Karnataka,BIJAPUR,2000,Small millets,463.0
Karnataka,BIJAPUR,2000,Soyabean,33.0
Karnataka,BIJAPUR,2000,Sunflower,14149.0
Karnataka,BIJAPUR,2000,Gram,21932.0
Karnataka,BIJAPUR,2000,Groundnut,4215.0
Karnataka,BIJAPUR,2000,Horse-gram,623.0
Karnataka,BIJAPUR,2000,Jowar,212993.0
Karnataka,BIJAPUR,2000,Linseed,2484.0
Karnataka,BIJAPUR,2000,Maize,15652.0
Karnataka,BIJAPUR,2000,Other  Rabi pulses,1.0
Karnataka,BIJAPUR,2000,Safflower,7121.0
Karnataka,BIJAPUR,2000,Sunflower,26988.0
Karnataka,BIJAPUR,2000,Wheat,48031.0
Karnataka,BIJAPUR,2000,Jowar,45.0
Karnataka,BIJAPUR,2000,Maize,2503.0
Karnataka,BIJAPUR,2000,Sunflower,611.0
Karnataka,BIJAPUR,2000,Banana,29889.0
Karnataka,BIJAPUR,2000,Coconut ,755.0
Karnataka,BIJAPUR,2000,Coriander,48.0
Karnataka,BIJAPUR,2000,Dry chillies,2447.0
Karnataka,BIJAPUR,2000,Garlic,321.0
Karnataka,BIJAPUR,2000,Onion,34109.0
Karnataka,BIJAPUR,2000,Sugarcane,1727018.0
Karnataka,BIJAPUR,2000,Sweet potato,871.0
Karnataka,BIJAPUR,2000,Turmeric,296.0
Karnataka,BIJAPUR,2001,Arhar/Tur,4339.0
Karnataka,BIJAPUR,2001,Bajra,5437.0
Karnataka,BIJAPUR,2001,Cotton(lint),14634.0
Karnataka,BIJAPUR,2001,Groundnut,23060.0
Karnataka,BIJAPUR,2001,Horse-gram,1742.0
Karnataka,BIJAPUR,2001,Jowar,339.0
Karnataka,BIJAPUR,2001,Maize,6986.0
Karnataka,BIJAPUR,2001,Moong(Green Gram),245.0
Karnataka,BIJAPUR,2001,Niger seed,33.0
Karnataka,BIJAPUR,2001,Other Kharif pulses,1454.0
Karnataka,BIJAPUR,2001,Rice,6.0
Karnataka,BIJAPUR,2001,Sesamum,65.0
Karnataka,BIJAPUR,2001,Small millets,64.0
Karnataka,BIJAPUR,2001,Sunflower,6112.0
Karnataka,BIJAPUR,2001,Gram,35884.0
Karnataka,BIJAPUR,2001,Horse-gram,1580.0
Karnataka,BIJAPUR,2001,Jowar,237752.0
Karnataka,BIJAPUR,2001,Linseed,1829.0
Karnataka,BIJAPUR,2001,Maize,12641.0
Karnataka,BIJAPUR,2001,Moong(Green Gram),1.0
Karnataka,BIJAPUR,2001,Other  Rabi pulses,1.0
Karnataka,BIJAPUR,2001,Safflower,6481.0
Karnataka,BIJAPUR,2001,Sunflower,55310.0
Karnataka,BIJAPUR,2001,Wheat,53458.0
Karnataka,BIJAPUR,2001,Jowar,204.0
Karnataka,BIJAPUR,2001,Maize,3314.0
Karnataka,BIJAPUR,2001,Sunflower,942.0
Karnataka,BIJAPUR,2001,Coconut ,1973.0
Karnataka,BIJAPUR,2001,Coriander,12.0
Karnataka,BIJAPUR,2001,Dry chillies,2641.0
Karnataka,BIJAPUR,2001,Onion,133258.0
Karnataka,BIJAPUR,2001,Peas & beans (Pulses),170.0
Karnataka,BIJAPUR,2001,Sugarcane,1069035.0
Karnataka,BIJAPUR,2001,Turmeric,550.0
Karnataka,BIJAPUR,2002,Arhar/Tur,6037.0
Karnataka,BIJAPUR,2002,Bajra,22679.0
Karnataka,BIJAPUR,2002,Castor seed,22.0
Karnataka,BIJAPUR,2002,Cotton(lint),3673.0
Karnataka,BIJAPUR,2002,Groundnut,14866.0
Karnataka,BIJAPUR,2002,Horse-gram,2242.0
Karnataka,BIJAPUR,2002,Jowar,457.0
Karnataka,BIJAPUR,2002,Maize,13395.0
Karnataka,BIJAPUR,2002,Moong(Green Gram),1485.0
Karnataka,BIJAPUR,2002,Niger seed,64.0
Karnataka,BIJAPUR,2002,Other Kharif pulses,2629.0
Karnataka,BIJAPUR,2002,Rice,16.0
Karnataka,BIJAPUR,2002,Sesamum,268.0
Karnataka,BIJAPUR,2002,Small millets,75.0
Karnataka,BIJAPUR,2002,Sunflower,16724.0
Karnataka,BIJAPUR,2002,Gram,35391.0
Karnataka,BIJAPUR,2002,Groundnut,10342.0
Karnataka,BIJAPUR,2002,Horse-gram,2452.0
Karnataka,BIJAPUR,2002,Jowar,230764.0
Karnataka,BIJAPUR,2002,Linseed,1831.0
Karnataka,BIJAPUR,2002,Maize,13495.0
Karnataka,BIJAPUR,2002,Other  Rabi pulses,8.0
Karnataka,BIJAPUR,2002,Safflower,4931.0
Karnataka,BIJAPUR,2002,Sunflower,64332.0
Karnataka,BIJAPUR,2002,Wheat,38109.0
Karnataka,BIJAPUR,2002,Jowar,3.0
Karnataka,BIJAPUR,2002,Maize,2855.0
Karnataka,BIJAPUR,2002,Sunflower,1295.0
Karnataka,BIJAPUR,2002,Banana,28318.0
Karnataka,BIJAPUR,2002,Brinjal,5405.0
Karnataka,BIJAPUR,2002,Citrus Fruit,115909.0
Karnataka,BIJAPUR,2002,Coconut ,836.0
Karnataka,BIJAPUR,2002,Coriander,31.0
Karnataka,BIJAPUR,2002,Dry chillies,927.0
Karnataka,BIJAPUR,2002,Garlic,482.0
Karnataka,BIJAPUR,2002,Grapes,158127.0
Karnataka,BIJAPUR,2002,Mango,4372.0
Karnataka,BIJAPUR,2002,Onion,100995.0
Karnataka,BIJAPUR,2002,Other Fresh Fruits,848.0
Karnataka,BIJAPUR,2002,Papaya,182.0
Karnataka,BIJAPUR,2002,Pome Fruit,1707.0
Karnataka,BIJAPUR,2002,Sugarcane,1355982.0
Karnataka,BIJAPUR,2002,Sweet potato,25.0
Karnataka,BIJAPUR,2002,Tomato,3160.0
Karnataka,BIJAPUR,2002,Turmeric,195.0
Karnataka,BIJAPUR,2003,Arhar/Tur,5418.0
Karnataka,BIJAPUR,2003,Bajra,21145.0
Karnataka,BIJAPUR,2003,Castor seed,5.0
Karnataka,BIJAPUR,2003,Cotton(lint),1753.0
Karnataka,BIJAPUR,2003,Groundnut,9002.0
Karnataka,BIJAPUR,2003,Horse-gram,1056.0
Karnataka,BIJAPUR,2003,Jowar,183.0
Karnataka,BIJAPUR,2003,Maize,11570.0
Karnataka,BIJAPUR,2003,Moong(Green Gram),709.0
Karnataka,BIJAPUR,2003,Niger seed,20.0
Karnataka,BIJAPUR,2003,Other Kharif pulses,1903.0
Karnataka,BIJAPUR,2003,Rice,31.0
Karnataka,BIJAPUR,2003,Sesamum,50.0
Karnataka,BIJAPUR,2003,Small millets,43.0
Karnataka,BIJAPUR,2003,Sunflower,23928.0
Karnataka,BIJAPUR,2003,Gram,14071.0
Karnataka,BIJAPUR,2003,Groundnut,8195.0
Karnataka,BIJAPUR,2003,Horse-gram,100.0
Karnataka,BIJAPUR,2003,Jowar,105257.0
Karnataka,BIJAPUR,2003,Linseed,38.0
Karnataka,BIJAPUR,2003,Maize,8706.0
Karnataka,BIJAPUR,2003,Safflower,1656.0
Karnataka,BIJAPUR,2003,Sunflower,30700.0
Karnataka,BIJAPUR,2003,Wheat,17796.0
Karnataka,BIJAPUR,2003,Jowar,43.0
Karnataka,BIJAPUR,2003,Maize,1880.0
Karnataka,BIJAPUR,2003,Sunflower,1432.0
Karnataka,BIJAPUR,2003,Banana,30768.0
Karnataka,BIJAPUR,2003,Beans & Mutter(Vegetable),28.0
Karnataka,BIJAPUR,2003,Brinjal,3623.0
Karnataka,BIJAPUR,2003,Citrus Fruit,107171.0
Karnataka,BIJAPUR,2003,Coconut ,984.0
Karnataka,BIJAPUR,2003,Coriander,2.0
Karnataka,BIJAPUR,2003,Dry chillies,483.0
Karnataka,BIJAPUR,2003,Garlic,166.0
Karnataka,BIJAPUR,2003,Grapes,109212.0
Karnataka,BIJAPUR,2003,Mango,2090.0
Karnataka,BIJAPUR,2003,Onion,23241.0
Karnataka,BIJAPUR,2003,Other Fresh Fruits,723.0
Karnataka,BIJAPUR,2003,Pome Fruit,152.0
Karnataka,BIJAPUR,2003,Sugarcane,505864.0
Karnataka,BIJAPUR,2003,Sweet potato,10.0
Karnataka,BIJAPUR,2003,Tomato,38364.0
Karnataka,BIJAPUR,2003,Turmeric,0.0
Karnataka,BIJAPUR,2004,Arhar/Tur,7055.0
Karnataka,BIJAPUR,2004,Bajra,64623.0
Karnataka,BIJAPUR,2004,Cotton(lint),7663.0
Karnataka,BIJAPUR,2004,Groundnut,18306.0
Karnataka,BIJAPUR,2004,Horse-gram,10174.0
Karnataka,BIJAPUR,2004,Jowar,495.0
Karnataka,BIJAPUR,2004,Maize,38971.0
Karnataka,BIJAPUR,2004,Moong(Green Gram),5943.0
Karnataka,BIJAPUR,2004,Niger seed,127.0
Karnataka,BIJAPUR,2004,Other Kharif pulses,5874.52
Karnataka,BIJAPUR,2004,Rice,47.11
Karnataka,BIJAPUR,2004,Sesamum,491.0
Karnataka,BIJAPUR,2004,Small millets,141.0
Karnataka,BIJAPUR,2004,Soyabean,25.0
Karnataka,BIJAPUR,2004,Sunflower,41441.0
Karnataka,BIJAPUR,2004,Gram,25453.0
Karnataka,BIJAPUR,2004,Groundnut,12723.0
Karnataka,BIJAPUR,2004,Horse-gram,528.0
Karnataka,BIJAPUR,2004,Jowar,146124.0
Karnataka,BIJAPUR,2004,Linseed,1039.0
Karnataka,BIJAPUR,2004,Maize,6547.0
Karnataka,BIJAPUR,2004,Other  Rabi pulses,12.0
Karnataka,BIJAPUR,2004,Rice,2.0
Karnataka,BIJAPUR,2004,Safflower,3217.0
Karnataka,BIJAPUR,2004,Sunflower,53765.0
Karnataka,BIJAPUR,2004,Wheat,44599.0
Karnataka,BIJAPUR,2004,Maize,1902.0
Karnataka,BIJAPUR,2004,Sunflower,862.0
Karnataka,BIJAPUR,2004,Banana,10514.0
Karnataka,BIJAPUR,2004,Coconut ,8590.28
Karnataka,BIJAPUR,2004,Coriander,12.0
Karnataka,BIJAPUR,2004,Dry chillies,1467.0
Karnataka,BIJAPUR,2004,Garlic,173.0
Karnataka,BIJAPUR,2004,Onion,52131.0
Karnataka,BIJAPUR,2004,Sweet potato,16.0
Karnataka,BIJAPUR,2004,Turmeric,1.0
Karnataka,BIJAPUR,2005,Arhar/Tur,15404.0
Karnataka,BIJAPUR,2005,Bajra,52471.0
Karnataka,BIJAPUR,2005,Castor seed,8.0
Karnataka,BIJAPUR,2005,Dry chillies,681.0
Karnataka,BIJAPUR,2005,Groundnut,26248.0
Karnataka,BIJAPUR,2005,Horse-gram,6078.0
Karnataka,BIJAPUR,2005,Jowar,264.0
Karnataka,BIJAPUR,2005,Maize,53467.0
Karnataka,BIJAPUR,2005,Moong(Green Gram),840.0
Karnataka,BIJAPUR,2005,Niger seed,38.0
Karnataka,BIJAPUR,2005,Onion,35460.0
Karnataka,BIJAPUR,2005,Other Kharif pulses,4384.0
Karnataka,BIJAPUR,2005,Peas & beans (Pulses),122.0
Karnataka,BIJAPUR,2005,Rice,137.0
Karnataka,BIJAPUR,2005,Sesamum,456.0
Karnataka,BIJAPUR,2005,Soyabean,5.0
Karnataka,BIJAPUR,2005,Sunflower,37382.0
Karnataka,BIJAPUR,2005,Dry chillies,300.0
Karnataka,BIJAPUR,2005,Gram,21590.0
Karnataka,BIJAPUR,2005,Groundnut,11532.0
Karnataka,BIJAPUR,2005,Horse-gram,706.0
Karnataka,BIJAPUR,2005,Jowar,201726.0
Karnataka,BIJAPUR,2005,Linseed,1622.0
Karnataka,BIJAPUR,2005,Maize,13600.0
Karnataka,BIJAPUR,2005,Onion,11197.0
Karnataka,BIJAPUR,2005,Other  Rabi pulses,21.0
Karnataka,BIJAPUR,2005,Rice,23.0
Karnataka,BIJAPUR,2005,Safflower,1568.0
Karnataka,BIJAPUR,2005,Sunflower,98845.0
Karnataka,BIJAPUR,2005,Wheat,42121.0
Karnataka,BIJAPUR,2005,Dry chillies,319.0
Karnataka,BIJAPUR,2005,Maize,2076.0
Karnataka,BIJAPUR,2005,Onion,13347.0
Karnataka,BIJAPUR,2005,Sunflower,786.0
Karnataka,BIJAPUR,2005,Banana,6559.0
Karnataka,BIJAPUR,2005,Coconut ,850.0
Karnataka,BIJAPUR,2005,Coriander,7.0
Karnataka,BIJAPUR,2005,Cotton(lint),5568.0
Karnataka,BIJAPUR,2005,Garlic,201.0
Karnataka,BIJAPUR,2005,Sugarcane,863664.0
Karnataka,BIJAPUR,2005,Sweet potato,16.0
Karnataka,BIJAPUR,2005,Turmeric,32.0
Karnataka,BIJAPUR,2006,Arhar/Tur,20818.0
Karnataka,BIJAPUR,2006,Bajra,44250.0
Karnataka,BIJAPUR,2006,Castor seed,62.0
Karnataka,BIJAPUR,2006,Groundnut,17762.0
Karnataka,BIJAPUR,2006,Horse-gram,4055.0
Karnataka,BIJAPUR,2006,Jowar,134.0
Karnataka,BIJAPUR,2006,Maize,45226.0
Karnataka,BIJAPUR,2006,Moong(Green Gram),1402.0
Karnataka,BIJAPUR,2006,Niger seed,159.0
Karnataka,BIJAPUR,2006,Other Kharif pulses,4411.0
Karnataka,BIJAPUR,2006,Rice,73.0
Karnataka,BIJAPUR,2006,Sesamum,556.0
Karnataka,BIJAPUR,2006,Soyabean,7.0
Karnataka,BIJAPUR,2006,Sunflower,20809.0
Karnataka,BIJAPUR,2006,Gram,54110.0
Karnataka,BIJAPUR,2006,Groundnut,8489.0
Karnataka,BIJAPUR,2006,Horse-gram,947.0
Karnataka,BIJAPUR,2006,Jowar,193348.0
Karnataka,BIJAPUR,2006,Linseed,1659.0
Karnataka,BIJAPUR,2006,Maize,17519.0
Karnataka,BIJAPUR,2006,Other  Rabi pulses,2.0
Karnataka,BIJAPUR,2006,Rice,17.0
Karnataka,BIJAPUR,2006,Safflower,3442.0
Karnataka,BIJAPUR,2006,Sunflower,30931.0
Karnataka,BIJAPUR,2006,Wheat,38539.0
Karnataka,BIJAPUR,2006,Maize,5158.0
Karnataka,BIJAPUR,2006,Sunflower,1930.0
Karnataka,BIJAPUR,2006,Banana,38697.0
Karnataka,BIJAPUR,2006,Coconut ,903.0
Karnataka,BIJAPUR,2006,Coriander,8.0
Karnataka,BIJAPUR,2006,Cotton(lint),3317.0
Karnataka,BIJAPUR,2006,Dry chillies,2179.0
Karnataka,BIJAPUR,2006,Garlic,262.0
Karnataka,BIJAPUR,2006,Onion,52655.0
Karnataka,BIJAPUR,2006,Sugarcane,1447019.0
Karnataka,BIJAPUR,2006,Sweet potato,22.0
Karnataka,BIJAPUR,2006,Turmeric,30.0
Karnataka,BIJAPUR,2007,Arhar/Tur,34394.0
Karnataka,BIJAPUR,2007,Bajra,74324.0
Karnataka,BIJAPUR,2007,Castor seed,70.0
Karnataka,BIJAPUR,2007,Dry chillies,1130.0
Karnataka,BIJAPUR,2007,Groundnut,25628.0
Karnataka,BIJAPUR,2007,Horse-gram,5415.0
Karnataka,BIJAPUR,2007,Jowar,995.0
Karnataka,BIJAPUR,2007,Maize,134598.0
Karnataka,BIJAPUR,2007,Moong(Green Gram),7900.0
Karnataka,BIJAPUR,2007,Niger seed,236.0
Karnataka,BIJAPUR,2007,Onion,65716.0
Karnataka,BIJAPUR,2007,Other Kharif pulses,4074.0
Karnataka,BIJAPUR,2007,Rice,45.0
Karnataka,BIJAPUR,2007,Sesamum,737.0
Karnataka,BIJAPUR,2007,Small millets,12.0
Karnataka,BIJAPUR,2007,Soyabean,8.0
Karnataka,BIJAPUR,2007,Sunflower,22743.0
Karnataka,BIJAPUR,2007,Urad,193.0
Karnataka,BIJAPUR,2007,Dry chillies,735.0
Karnataka,BIJAPUR,2007,Gram,67976.0
Karnataka,BIJAPUR,2007,Groundnut,17103.0
Karnataka,BIJAPUR,2007,Horse-gram,166.0
Karnataka,BIJAPUR,2007,Jowar,259424.0
Karnataka,BIJAPUR,2007,Linseed,1727.0
Karnataka,BIJAPUR,2007,Maize,21787.0
Karnataka,BIJAPUR,2007,Onion,23742.0
Karnataka,BIJAPUR,2007,Other  Rabi pulses,34.0
Karnataka,BIJAPUR,2007,Safflower,1975.0
Karnataka,BIJAPUR,2007,Sunflower,30627.0
Karnataka,BIJAPUR,2007,Wheat,71114.0
Karnataka,BIJAPUR,2007,Dry chillies,1185.0
Karnataka,BIJAPUR,2007,Maize,9506.0
Karnataka,BIJAPUR,2007,Onion,18204.0
Karnataka,BIJAPUR,2007,Sunflower,2993.0
Karnataka,BIJAPUR,2007,Banana,38201.0
Karnataka,BIJAPUR,2007,Coconut ,978.0
Karnataka,BIJAPUR,2007,Coriander,28.0
Karnataka,BIJAPUR,2007,Cotton(lint),10326.0
Karnataka,BIJAPUR,2007,Garlic,1392.0
Karnataka,BIJAPUR,2007,Sugarcane,1608424.0
Karnataka,BIJAPUR,2007,Sweet potato,60.0
Karnataka,BIJAPUR,2007,Turmeric,62.0
Karnataka,BIJAPUR,2008,Arhar/Tur,19287.0
Karnataka,BIJAPUR,2008,Bajra,18521.0
Karnataka,BIJAPUR,2008,Castor seed,99.0
Karnataka,BIJAPUR,2008,Dry chillies,1013.0
Karnataka,BIJAPUR,2008,Groundnut,13304.0
Karnataka,BIJAPUR,2008,Horse-gram,932.0
Karnataka,BIJAPUR,2008,Jowar,715.0
Karnataka,BIJAPUR,2008,Maize,77229.0
Karnataka,BIJAPUR,2008,Moong(Green Gram),34.0
Karnataka,BIJAPUR,2008,Niger seed,26.0
Karnataka,BIJAPUR,2008,Onion,16193.0
Karnataka,BIJAPUR,2008,Other Kharif pulses,884.0
Karnataka,BIJAPUR,2008,Rice,37.05
Karnataka,BIJAPUR,2008,Sesamum,98.0
Karnataka,BIJAPUR,2008,Sunflower,16658.0
Karnataka,BIJAPUR,2008,Urad,6.0
Karnataka,BIJAPUR,2008,Dry chillies,686.0
Karnataka,BIJAPUR,2008,Gram,79653.0
Karnataka,BIJAPUR,2008,Groundnut,13971.0
Karnataka,BIJAPUR,2008,Horse-gram,197.0
Karnataka,BIJAPUR,2008,Jowar,234211.0
Karnataka,BIJAPUR,2008,Linseed,1967.0
Karnataka,BIJAPUR,2008,Maize,29871.0
Karnataka,BIJAPUR,2008,Onion,22907.0
Karnataka,BIJAPUR,2008,Other  Rabi pulses,347.0
Karnataka,BIJAPUR,2008,Safflower,4983.0
Karnataka,BIJAPUR,2008,Sunflower,22056.0
Karnataka,BIJAPUR,2008,Wheat,52919.0
Karnataka,BIJAPUR,2008,Dry chillies,528.0
Karnataka,BIJAPUR,2008,Maize,8020.0
Karnataka,BIJAPUR,2008,Onion,3443.0
Karnataka,BIJAPUR,2008,Sunflower,2635.0
Karnataka,BIJAPUR,2008,Banana,41037.0
Karnataka,BIJAPUR,2008,Coconut ,1459.0
Karnataka,BIJAPUR,2008,Coriander,40.0
Karnataka,BIJAPUR,2008,Cotton(lint),12932.0
Karnataka,BIJAPUR,2008,Garlic,1021.0
Karnataka,BIJAPUR,2008,Sugarcane,1096133.0
Karnataka,BIJAPUR,2008,Sweet potato,40.0
Karnataka,BIJAPUR,2008,Turmeric,19.0
Karnataka,BIJAPUR,2009,Arhar/Tur,31050.0
Karnataka,BIJAPUR,2009,Bajra,28246.0
Karnataka,BIJAPUR,2009,Castor seed,16.0
Karnataka,BIJAPUR,2009,Gram,1207.0
Karnataka,BIJAPUR,2009,Groundnut,14284.0
Karnataka,BIJAPUR,2009,Horse-gram,1207.0
Karnataka,BIJAPUR,2009,Jowar,45.0
Karnataka,BIJAPUR,2009,Maize,63432.0
Karnataka,BIJAPUR,2009,Moong(Green Gram),1328.0
Karnataka,BIJAPUR,2009,Niger seed,215.0
Karnataka,BIJAPUR,2009,Onion,18140.0
Karnataka,BIJAPUR,2009,Other Kharif pulses,2151.0
Karnataka,BIJAPUR,2009,Rice,76.95
Karnataka,BIJAPUR,2009,Sesamum,459.0
Karnataka,BIJAPUR,2009,Soyabean,2.0
Karnataka,BIJAPUR,2009,Sunflower,12729.0
Karnataka,BIJAPUR,2009,Urad,13.0
Karnataka,BIJAPUR,2009,Dry chillies,975.0
Karnataka,BIJAPUR,2009,Gram,403.0
Karnataka,BIJAPUR,2009,Groundnut,23107.0
Karnataka,BIJAPUR,2009,Horse-gram,403.0
Karnataka,BIJAPUR,2009,Jowar,162018.0
Karnataka,BIJAPUR,2009,Linseed,1196.0
Karnataka,BIJAPUR,2009,Maize,19237.0
Karnataka,BIJAPUR,2009,Onion,18020.0
Karnataka,BIJAPUR,2009,Other  Rabi pulses,71.0
Karnataka,BIJAPUR,2009,Safflower,3393.0
Karnataka,BIJAPUR,2009,Sunflower,12075.0
Karnataka,BIJAPUR,2009,Wheat,77309.0
Karnataka,BIJAPUR,2009,Dry chillies,958.0
Karnataka,BIJAPUR,2009,Maize,13573.0
Karnataka,BIJAPUR,2009,Onion,7231.0
Karnataka,BIJAPUR,2009,Sunflower,1710.0
Karnataka,BIJAPUR,2009,Banana,64878.0
Karnataka,BIJAPUR,2009,Coconut ,1906.0
Karnataka,BIJAPUR,2009,Coriander,98.0
Karnataka,BIJAPUR,2009,Cotton(lint),7636.0
Karnataka,BIJAPUR,2009,Garlic,1604.0
Karnataka,BIJAPUR,2009,Sugarcane,1892149.0
Karnataka,BIJAPUR,2009,Sweet potato,33.0
Karnataka,BIJAPUR,2009,Turmeric,327.0
Karnataka,BIJAPUR,2010,Arhar/Tur,107215.0
Karnataka,BIJAPUR,2010,Bajra,45773.0
Karnataka,BIJAPUR,2010,Castor seed,2.0
Karnataka,BIJAPUR,2010,Cotton(lint),26525.0
Karnataka,BIJAPUR,2010,Cowpea(Lobia),275.0
Karnataka,BIJAPUR,2010,Dry chillies,2159.0
Karnataka,BIJAPUR,2010,Groundnut,13183.0
Karnataka,BIJAPUR,2010,Horse-gram,2481.0
Karnataka,BIJAPUR,2010,Maize,161639.0
Karnataka,BIJAPUR,2010,Moong(Green Gram),2994.0
Karnataka,BIJAPUR,2010,Niger seed,338.0
Karnataka,BIJAPUR,2010,Onion,34925.0
Karnataka,BIJAPUR,2010,Other Kharif pulses,1726.0
Karnataka,BIJAPUR,2010,Peas & beans (Pulses),303.0
Karnataka,BIJAPUR,2010,Rice,228.0
Karnataka,BIJAPUR,2010,Sesamum,216.0
Karnataka,BIJAPUR,2010,Sunflower,7156.0
Karnataka,BIJAPUR,2010,Urad,37.0
Karnataka,BIJAPUR,2010,Cotton(lint),1882.0
Karnataka,BIJAPUR,2010,Cowpea(Lobia),88.0
Karnataka,BIJAPUR,2010,Dry chillies,1066.0
Karnataka,BIJAPUR,2010,Gram,106149.0
Karnataka,BIJAPUR,2010,Groundnut,24433.0
Karnataka,BIJAPUR,2010,Horse-gram,223.0
Karnataka,BIJAPUR,2010,Jowar,190910.0
Karnataka,BIJAPUR,2010,Linseed,1326.0
Karnataka,BIJAPUR,2010,Maize,30069.0
Karnataka,BIJAPUR,2010,Onion,32382.0
Karnataka,BIJAPUR,2010,Other  Rabi pulses,7.0
Karnataka,BIJAPUR,2010,Safflower,2581.0
Karnataka,BIJAPUR,2010,Sunflower,12115.0
Karnataka,BIJAPUR,2010,Wheat,68354.0
Karnataka,BIJAPUR,2010,Dry chillies,703.0
Karnataka,BIJAPUR,2010,Maize,13847.0
Karnataka,BIJAPUR,2010,Onion,11187.0
Karnataka,BIJAPUR,2010,Sunflower,1820.0
Karnataka,BIJAPUR,2010,Banana,64912.0
Karnataka,BIJAPUR,2010,Coconut ,2686.0
Karnataka,BIJAPUR,2010,Coriander,82.0
Karnataka,BIJAPUR,2010,Garlic,797.0
Karnataka,BIJAPUR,2010,Sugarcane,3459117.0
Karnataka,BIJAPUR,2010,Sweet potato,58.0
Karnataka,BIJAPUR,2010,Turmeric,5.0
Karnataka,BIJAPUR,2011,Arhar/Tur,38601.0
Karnataka,BIJAPUR,2011,Bajra,45322.0
Karnataka,BIJAPUR,2011,Castor seed,4.0
Karnataka,BIJAPUR,2011,Cotton(lint),29346.0
Karnataka,BIJAPUR,2011,Cowpea(Lobia),156.0
Karnataka,BIJAPUR,2011,Dry chillies,1212.0
Karnataka,BIJAPUR,2011,Groundnut,6184.0
Karnataka,BIJAPUR,2011,Horse-gram,1211.0
Karnataka,BIJAPUR,2011,Maize,239977.0
Karnataka,BIJAPUR,2011,Moong(Green Gram),1247.0
Karnataka,BIJAPUR,2011,Niger seed,68.0
Karnataka,BIJAPUR,2011,Onion,50455.0
Karnataka,BIJAPUR,2011,Other Kharif pulses,830.0
Karnataka,BIJAPUR,2011,Peas & beans (Pulses),250.0
Karnataka,BIJAPUR,2011,Rice,283.0
Karnataka,BIJAPUR,2011,Sesamum,132.0
Karnataka,BIJAPUR,2011,Sunflower,7778.0
Karnataka,BIJAPUR,2011,Urad,51.0
Karnataka,BIJAPUR,2011,Cotton(lint),672.0
Karnataka,BIJAPUR,2011,Cowpea(Lobia),69.0
Karnataka,BIJAPUR,2011,Dry chillies,315.0
Karnataka,BIJAPUR,2011,Gram,34199.0
Karnataka,BIJAPUR,2011,Groundnut,10922.0
Karnataka,BIJAPUR,2011,Horse-gram,48.0
Karnataka,BIJAPUR,2011,Jowar,100039.0
Karnataka,BIJAPUR,2011,Linseed,508.0
Karnataka,BIJAPUR,2011,Maize,38458.0
Karnataka,BIJAPUR,2011,Onion,25373.0
Karnataka,BIJAPUR,2011,Safflower,1387.0
Karnataka,BIJAPUR,2011,Sunflower,6549.0
Karnataka,BIJAPUR,2011,Wheat,33346.0
Karnataka,BIJAPUR,2011,Dry chillies,508.0
Karnataka,BIJAPUR,2011,Maize,9046.0
Karnataka,BIJAPUR,2011,Onion,7486.0
Karnataka,BIJAPUR,2011,Sunflower,703.0
Karnataka,BIJAPUR,2011,Banana,64548.0
Karnataka,BIJAPUR,2011,Coconut ,2863.0
Karnataka,BIJAPUR,2011,Coriander,27.0
Karnataka,BIJAPUR,2011,Garlic,1181.0
Karnataka,BIJAPUR,2011,Sugarcane,3233815.0
Karnataka,BIJAPUR,2011,Turmeric,137.0
Karnataka,BIJAPUR,2012,Arhar/Tur,50689.0
Karnataka,BIJAPUR,2012,Bajra,51981.0
Karnataka,BIJAPUR,2012,Cotton(lint),25893.0
Karnataka,BIJAPUR,2012,Cowpea(Lobia),76.0
Karnataka,BIJAPUR,2012,Dry chillies,646.0
Karnataka,BIJAPUR,2012,Groundnut,8814.0
Karnataka,BIJAPUR,2012,Horse-gram,499.0
Karnataka,BIJAPUR,2012,Maize,166214.0
Karnataka,BIJAPUR,2012,Moong(Green Gram),75.0
Karnataka,BIJAPUR,2012,Niger seed,28.0
Karnataka,BIJAPUR,2012,Onion,50472.0
Karnataka,BIJAPUR,2012,Other Kharif pulses,294.0
Karnataka,BIJAPUR,2012,Rice,247.0
Karnataka,BIJAPUR,2012,Sesamum,25.0
Karnataka,BIJAPUR,2012,Sunflower,11090.0
Karnataka,BIJAPUR,2012,Cotton(lint),1843.0
Karnataka,BIJAPUR,2012,Cowpea(Lobia),69.0
Karnataka,BIJAPUR,2012,Dry chillies,465.0
Karnataka,BIJAPUR,2012,Gram,112515.0
Karnataka,BIJAPUR,2012,Horse-gram,9.0
Karnataka,BIJAPUR,2012,Jowar,255747.0
Karnataka,BIJAPUR,2012,Linseed,236.0
Karnataka,BIJAPUR,2012,Maize,48392.0
Karnataka,BIJAPUR,2012,Onion,23586.0
Karnataka,BIJAPUR,2012,Safflower,1121.0
Karnataka,BIJAPUR,2012,Sunflower,20065.0
Karnataka,BIJAPUR,2012,Wheat,44375.0
Karnataka,BIJAPUR,2012,Cotton(lint),577.0
Karnataka,BIJAPUR,2012,Cowpea(Lobia),55.0
Karnataka,BIJAPUR,2012,Dry chillies,370.0
Karnataka,BIJAPUR,2012,Groundnut,18002.0
Karnataka,BIJAPUR,2012,Maize,13720.0
Karnataka,BIJAPUR,2012,Onion,9047.0
Karnataka,BIJAPUR,2012,Sunflower,838.0
Karnataka,BIJAPUR,2012,Coconut ,2796.0
Karnataka,BIJAPUR,2012,Coriander,26.0
Karnataka,BIJAPUR,2012,Garlic,1969.0
Karnataka,BIJAPUR,2012,Sugarcane,2770006.0
Karnataka,BIJAPUR,2012,Turmeric,113.0
Karnataka,BIJAPUR,2013,Arhar/Tur,170564.0
Karnataka,BIJAPUR,2013,Bajra,75694.0
Karnataka,BIJAPUR,2013,Cotton(lint),23301.0
Karnataka,BIJAPUR,2013,Cowpea(Lobia),58.0
Karnataka,BIJAPUR,2013,Dry chillies,723.0
Karnataka,BIJAPUR,2013,Groundnut,12763.0
Karnataka,BIJAPUR,2013,Horse-gram,1081.0
Karnataka,BIJAPUR,2013,Maize,249891.0
Karnataka,BIJAPUR,2013,Moong(Green Gram),1061.0
Karnataka,BIJAPUR,2013,Niger seed,70.0
Karnataka,BIJAPUR,2013,Onion,75002.0
Karnataka,BIJAPUR,2013,Other Kharif pulses,684.0
Karnataka,BIJAPUR,2013,Rice,154.0
Karnataka,BIJAPUR,2013,Sesamum,67.0
Karnataka,BIJAPUR,2013,Sunflower,12390.0
Karnataka,BIJAPUR,2013,Urad,92.0
Karnataka,BIJAPUR,2013,Cotton(lint),1201.0
Karnataka,BIJAPUR,2013,Cowpea(Lobia),6.0
Karnataka,BIJAPUR,2013,Dry chillies,454.0
Karnataka,BIJAPUR,2013,Gram,104701.0
Karnataka,BIJAPUR,2013,Horse-gram,7.0
Karnataka,BIJAPUR,2013,Jowar,198542.0
Karnataka,BIJAPUR,2013,Linseed,367.0
Karnataka,BIJAPUR,2013,Maize,27921.0
Karnataka,BIJAPUR,2013,Onion,27989.0
Karnataka,BIJAPUR,2013,Other  Rabi pulses,9.0
Karnataka,BIJAPUR,2013,Safflower,959.0
Karnataka,BIJAPUR,2013,Sunflower,17749.0
Karnataka,BIJAPUR,2013,Wheat,55182.0
Karnataka,BIJAPUR,2013,Cotton(lint),332.0
Karnataka,BIJAPUR,2013,Cowpea(Lobia),71.0
Karnataka,BIJAPUR,2013,Dry chillies,1026.0
Karnataka,BIJAPUR,2013,Groundnut,12431.0
Karnataka,BIJAPUR,2013,Maize,13848.0
Karnataka,BIJAPUR,2013,Onion,14433.0
Karnataka,BIJAPUR,2013,Sunflower,966.0
Karnataka,BIJAPUR,2013,Coconut ,2325.0
Karnataka,BIJAPUR,2013,Coriander,18.0
Karnataka,BIJAPUR,2013,Garlic,1481.0
Karnataka,BIJAPUR,2013,Sugarcane,3456132.0
Karnataka,BIJAPUR,2013,Turmeric,210.0
Karnataka,BIJAPUR,2014,Arhar/Tur,114783.0
Karnataka,BIJAPUR,2014,Bajra,37281.0
Karnataka,BIJAPUR,2014,Cotton(lint),32450.0
Karnataka,BIJAPUR,2014,Cowpea(Lobia),32.0
Karnataka,BIJAPUR,2014,Dry chillies,899.0
Karnataka,BIJAPUR,2014,Groundnut,12633.0
Karnataka,BIJAPUR,2014,Horse-gram,587.0
Karnataka,BIJAPUR,2014,Maize,175215.0
Karnataka,BIJAPUR,2014,Moong(Green Gram),523.0
Karnataka,BIJAPUR,2014,Niger seed,47.0
Karnataka,BIJAPUR,2014,Onion,46298.0
Karnataka,BIJAPUR,2014,Other Kharif pulses,482.0
Karnataka,BIJAPUR,2014,Rice,153.0
Karnataka,BIJAPUR,2014,Sesamum,32.0
Karnataka,BIJAPUR,2014,Sunflower,15132.0
Karnataka,BIJAPUR,2014,Urad,85.0
Karnataka,BIJAPUR,2014,Cotton(lint),357.0
Karnataka,BIJAPUR,2014,Dry chillies,517.0
Karnataka,BIJAPUR,2014,Gram,115021.0
Karnataka,BIJAPUR,2014,Jowar,134137.0
Karnataka,BIJAPUR,2014,Linseed,177.0
Karnataka,BIJAPUR,2014,Maize,22824.0
Karnataka,BIJAPUR,2014,Onion,23781.0
Karnataka,BIJAPUR,2014,Potato,31.0
Karnataka,BIJAPUR,2014,Safflower,980.0
Karnataka,BIJAPUR,2014,Sunflower,11240.0
Karnataka,BIJAPUR,2014,Wheat,55207.0
Karnataka,BIJAPUR,2014,Cotton(lint),70.0
Karnataka,BIJAPUR,2014,Cowpea(Lobia),56.0
Karnataka,BIJAPUR,2014,Dry chillies,805.0
Karnataka,BIJAPUR,2014,Groundnut,15168.0
Karnataka,BIJAPUR,2014,Maize,10358.0
Karnataka,BIJAPUR,2014,Onion,9918.0
Karnataka,BIJAPUR,2014,Potato,302.0
Karnataka,BIJAPUR,2014,Sunflower,691.0
Karnataka,BIJAPUR,2014,Coconut ,2641.0
Karnataka,BIJAPUR,2014,Coriander,38.0
Karnataka,BIJAPUR,2014,Garlic,1379.0
Karnataka,BIJAPUR,2014,Sugarcane,3914190.0
Karnataka,BIJAPUR,2014,Turmeric,377.0
Karnataka,CHAMRAJNAGAR,1998,Arhar/Tur,572.0
Karnataka,CHAMRAJNAGAR,1998,Bajra,548.0
Karnataka,CHAMRAJNAGAR,1998,Castor seed,429.0
Karnataka,CHAMRAJNAGAR,1998,Cotton(lint),32303.0
Karnataka,CHAMRAJNAGAR,1998,Groundnut,22861.0
Karnataka,CHAMRAJNAGAR,1998,Horse-gram,534.0
Karnataka,CHAMRAJNAGAR,1998,Jowar,14344.0
Karnataka,CHAMRAJNAGAR,1998,Maize,30038.0
Karnataka,CHAMRAJNAGAR,1998,Moong(Green Gram),83.0
Karnataka,CHAMRAJNAGAR,1998,Niger seed,175.0
Karnataka,CHAMRAJNAGAR,1998,Onion,8324.0
Karnataka,CHAMRAJNAGAR,1998,Peas & beans (Pulses),1339.0
Karnataka,CHAMRAJNAGAR,1998,Ragi,29866.0
Karnataka,CHAMRAJNAGAR,1998,Rice,52488.0
Karnataka,CHAMRAJNAGAR,1998,Sesamum,410.0
Karnataka,CHAMRAJNAGAR,1998,Soyabean,31.0
Karnataka,CHAMRAJNAGAR,1998,Sunflower,4888.0
Karnataka,CHAMRAJNAGAR,1998,Gram,201.0
Karnataka,CHAMRAJNAGAR,1998,Groundnut,658.0
Karnataka,CHAMRAJNAGAR,1998,Horse-gram,7076.0
Karnataka,CHAMRAJNAGAR,1998,Jowar,83.0
Karnataka,CHAMRAJNAGAR,1998,Maize,3093.0
Karnataka,CHAMRAJNAGAR,1998,Moong(Green Gram),97.0
Karnataka,CHAMRAJNAGAR,1998,Onion,3536.0
Karnataka,CHAMRAJNAGAR,1998,Peas & beans (Pulses),29.0
Karnataka,CHAMRAJNAGAR,1998,Ragi,1416.0
Karnataka,CHAMRAJNAGAR,1998,Rice,153.0
Karnataka,CHAMRAJNAGAR,1998,Sunflower,58.0
Karnataka,CHAMRAJNAGAR,1998,Wheat,14.0
Karnataka,CHAMRAJNAGAR,1998,Jowar,639.0
Karnataka,CHAMRAJNAGAR,1998,Maize,1100.0
Karnataka,CHAMRAJNAGAR,1998,Onion,6053.0
Karnataka,CHAMRAJNAGAR,1998,Peas & beans (Pulses),41.0
Karnataka,CHAMRAJNAGAR,1998,Ragi,4056.0
Karnataka,CHAMRAJNAGAR,1998,Rice,6709.0
Karnataka,CHAMRAJNAGAR,1998,Sunflower,61.0
Karnataka,CHAMRAJNAGAR,1998,Arecanut,610.0
Karnataka,CHAMRAJNAGAR,1998,Cardamom,1.0
Karnataka,CHAMRAJNAGAR,1998,Coconut ,24995.0
Karnataka,CHAMRAJNAGAR,1998,Coriander,16.0
Karnataka,CHAMRAJNAGAR,1998,Dry chillies,491.0
Karnataka,CHAMRAJNAGAR,1998,Garlic,232.0
Karnataka,CHAMRAJNAGAR,1998,Turmeric,13325.0
Karnataka,CHAMRAJNAGAR,1999,Arhar/Tur,511.0
Karnataka,CHAMRAJNAGAR,1999,Bajra,400.0
Karnataka,CHAMRAJNAGAR,1999,Castor seed,447.0
Karnataka,CHAMRAJNAGAR,1999,Cotton(lint),16746.0
Karnataka,CHAMRAJNAGAR,1999,Groundnut,13685.0
Karnataka,CHAMRAJNAGAR,1999,Horse-gram,209.0
Karnataka,CHAMRAJNAGAR,1999,Jowar,14071.0
Karnataka,CHAMRAJNAGAR,1999,Maize,18623.0
Karnataka,CHAMRAJNAGAR,1999,Moong(Green Gram),179.0
Karnataka,CHAMRAJNAGAR,1999,Niger seed,137.0
Karnataka,CHAMRAJNAGAR,1999,Other Kharif pulses,1114.0
Karnataka,CHAMRAJNAGAR,1999,Ragi,16180.0
Karnataka,CHAMRAJNAGAR,1999,Rice,41532.0
Karnataka,CHAMRAJNAGAR,1999,Sesamum,571.0
Karnataka,CHAMRAJNAGAR,1999,Small millets,36.0
Karnataka,CHAMRAJNAGAR,1999,Soyabean,1.0
Karnataka,CHAMRAJNAGAR,1999,Sunflower,1602.0
Karnataka,CHAMRAJNAGAR,1999,Urad,116.0
Karnataka,CHAMRAJNAGAR,1999,Gram,575.0
Karnataka,CHAMRAJNAGAR,1999,Groundnut,467.0
Karnataka,CHAMRAJNAGAR,1999,Horse-gram,5172.0
Karnataka,CHAMRAJNAGAR,1999,Jowar,41.0
Karnataka,CHAMRAJNAGAR,1999,Maize,7175.0
Karnataka,CHAMRAJNAGAR,1999,Moong(Green Gram),99.0
Karnataka,CHAMRAJNAGAR,1999,Other  Rabi pulses,314.0
Karnataka,CHAMRAJNAGAR,1999,Ragi,1657.0
Karnataka,CHAMRAJNAGAR,1999,Rice,26.0
Karnataka,CHAMRAJNAGAR,1999,Sunflower,47.0
Karnataka,CHAMRAJNAGAR,1999,Urad,84.0
Karnataka,CHAMRAJNAGAR,1999,Wheat,8.0
Karnataka,CHAMRAJNAGAR,1999,Jowar,402.0
Karnataka,CHAMRAJNAGAR,1999,Maize,600.0
Karnataka,CHAMRAJNAGAR,1999,Ragi,2894.0
Karnataka,CHAMRAJNAGAR,1999,Rice,4451.0
Karnataka,CHAMRAJNAGAR,1999,Sunflower,100.0
Karnataka,CHAMRAJNAGAR,1999,Banana,3513.0
Karnataka,CHAMRAJNAGAR,1999,Cardamom,1.0
Karnataka,CHAMRAJNAGAR,1999,Coconut ,25095.0
Karnataka,CHAMRAJNAGAR,1999,Coriander,14.0
Karnataka,CHAMRAJNAGAR,1999,Dry chillies,527.0
Karnataka,CHAMRAJNAGAR,1999,Garlic,162.0
Karnataka,CHAMRAJNAGAR,1999,Onion,22282.0
Karnataka,CHAMRAJNAGAR,1999,Sugarcane,2301881.0
Karnataka,CHAMRAJNAGAR,1999,Tobacco,50.0
Karnataka,CHAMRAJNAGAR,1999,Turmeric,15257.0
Karnataka,CHAMRAJNAGAR,2000,Arhar/Tur,592.0
Karnataka,CHAMRAJNAGAR,2000,Bajra,510.0
Karnataka,CHAMRAJNAGAR,2000,Castor seed,547.0
Karnataka,CHAMRAJNAGAR,2000,Cotton(lint),7944.0
Karnataka,CHAMRAJNAGAR,2000,Groundnut,8058.0
Karnataka,CHAMRAJNAGAR,2000,Horse-gram,166.0
Karnataka,CHAMRAJNAGAR,2000,Jowar,17461.0
Karnataka,CHAMRAJNAGAR,2000,Maize,53980.0
Karnataka,CHAMRAJNAGAR,2000,Moong(Green Gram),348.0
Karnataka,CHAMRAJNAGAR,2000,Niger seed,144.0
Karnataka,CHAMRAJNAGAR,2000,Other Kharif pulses,2319.0
Karnataka,CHAMRAJNAGAR,2000,Ragi,34312.0
Karnataka,CHAMRAJNAGAR,2000,Rice,42295.0
Karnataka,CHAMRAJNAGAR,2000,Sesamum,392.0
Karnataka,CHAMRAJNAGAR,2000,Small millets,44.0
Karnataka,CHAMRAJNAGAR,2000,Soyabean,4.0
Karnataka,CHAMRAJNAGAR,2000,Sunflower,1186.0
Karnataka,CHAMRAJNAGAR,2000,Urad,407.0
Karnataka,CHAMRAJNAGAR,2000,Gram,714.0
Karnataka,CHAMRAJNAGAR,2000,Groundnut,591.0
Karnataka,CHAMRAJNAGAR,2000,Horse-gram,6313.0
Karnataka,CHAMRAJNAGAR,2000,Maize,474.0
Karnataka,CHAMRAJNAGAR,2000,Moong(Green Gram),184.0
Karnataka,CHAMRAJNAGAR,2000,Other  Rabi pulses,200.0
Karnataka,CHAMRAJNAGAR,2000,Ragi,163.0
Karnataka,CHAMRAJNAGAR,2000,Rice,182.0
Karnataka,CHAMRAJNAGAR,2000,Sunflower,6.0
Karnataka,CHAMRAJNAGAR,2000,Urad,18.0
Karnataka,CHAMRAJNAGAR,2000,Wheat,9.0
Karnataka,CHAMRAJNAGAR,2000,Jowar,203.0
Karnataka,CHAMRAJNAGAR,2000,Maize,756.0
Karnataka,CHAMRAJNAGAR,2000,Ragi,1375.0
Karnataka,CHAMRAJNAGAR,2000,Rice,6296.0
Karnataka,CHAMRAJNAGAR,2000,Sunflower,110.0
Karnataka,CHAMRAJNAGAR,2000,Arecanut,234.0
Karnataka,CHAMRAJNAGAR,2000,Banana,24597.0
Karnataka,CHAMRAJNAGAR,2000,Cardamom,1.0
Karnataka,CHAMRAJNAGAR,2000,Coconut ,26177.0
Karnataka,CHAMRAJNAGAR,2000,Coriander,12.0
Karnataka,CHAMRAJNAGAR,2000,Dry chillies,465.0
Karnataka,CHAMRAJNAGAR,2000,Garlic,180.0
Karnataka,CHAMRAJNAGAR,2000,Onion,17041.0
Karnataka,CHAMRAJNAGAR,2000,Potato,84.0
Karnataka,CHAMRAJNAGAR,2000,Sugarcane,1857648.0
Karnataka,CHAMRAJNAGAR,2000,Tobacco,48.0
Karnataka,CHAMRAJNAGAR,2000,Turmeric,15606.0
Karnataka,CHAMRAJNAGAR,2001,Arhar/Tur,466.0
Karnataka,CHAMRAJNAGAR,2001,Bajra,160.0
Karnataka,CHAMRAJNAGAR,2001,Castor seed,576.0
Karnataka,CHAMRAJNAGAR,2001,Cotton(lint),7085.0
Karnataka,CHAMRAJNAGAR,2001,Groundnut,20834.0
Karnataka,CHAMRAJNAGAR,2001,Horse-gram,1353.0
Karnataka,CHAMRAJNAGAR,2001,Jowar,10912.0
Karnataka,CHAMRAJNAGAR,2001,Maize,33852.0
Karnataka,CHAMRAJNAGAR,2001,Moong(Green Gram),221.0
Karnataka,CHAMRAJNAGAR,2001,Niger seed,140.0
Karnataka,CHAMRAJNAGAR,2001,Other Kharif pulses,1886.0
Karnataka,CHAMRAJNAGAR,2001,Ragi,38708.0
Karnataka,CHAMRAJNAGAR,2001,Rice,49259.0
Karnataka,CHAMRAJNAGAR,2001,Sesamum,98.0
Karnataka,CHAMRAJNAGAR,2001,Small millets,24.0
Karnataka,CHAMRAJNAGAR,2001,Sunflower,641.0
Karnataka,CHAMRAJNAGAR,2001,Urad,636.0
Karnataka,CHAMRAJNAGAR,2001,Gram,630.0
Karnataka,CHAMRAJNAGAR,2001,Horse-gram,5180.0
Karnataka,CHAMRAJNAGAR,2001,Maize,5560.0
Karnataka,CHAMRAJNAGAR,2001,Moong(Green Gram),41.0
Karnataka,CHAMRAJNAGAR,2001,Other  Rabi pulses,299.0
Karnataka,CHAMRAJNAGAR,2001,Ragi,3325.0
Karnataka,CHAMRAJNAGAR,2001,Rice,1150.0
Karnataka,CHAMRAJNAGAR,2001,Sunflower,1.0
Karnataka,CHAMRAJNAGAR,2001,Urad,49.0
Karnataka,CHAMRAJNAGAR,2001,Jowar,522.0
Karnataka,CHAMRAJNAGAR,2001,Maize,1073.0
Karnataka,CHAMRAJNAGAR,2001,Ragi,1587.0
Karnataka,CHAMRAJNAGAR,2001,Rice,5191.0
Karnataka,CHAMRAJNAGAR,2001,Sunflower,184.0
Karnataka,CHAMRAJNAGAR,2001,Arecanut,198.0
Karnataka,CHAMRAJNAGAR,2001,Coconut ,19683.0
Karnataka,CHAMRAJNAGAR,2001,Coriander,2.0
Karnataka,CHAMRAJNAGAR,2001,Dry chillies,392.0
Karnataka,CHAMRAJNAGAR,2001,Onion,19783.0
Karnataka,CHAMRAJNAGAR,2001,Peas & beans (Pulses),2169.0
Karnataka,CHAMRAJNAGAR,2001,Potato,90.0
Karnataka,CHAMRAJNAGAR,2001,Sugarcane,1729595.0
Karnataka,CHAMRAJNAGAR,2001,Turmeric,18825.0
Karnataka,CHAMRAJNAGAR,2002,Arhar/Tur,246.0
Karnataka,CHAMRAJNAGAR,2002,Bajra,377.0
Karnataka,CHAMRAJNAGAR,2002,Castor seed,772.0
Karnataka,CHAMRAJNAGAR,2002,Cotton(lint),928.0
Karnataka,CHAMRAJNAGAR,2002,Groundnut,12669.0
Karnataka,CHAMRAJNAGAR,2002,Horse-gram,980.0
Karnataka,CHAMRAJNAGAR,2002,Jowar,4007.0
Karnataka,CHAMRAJNAGAR,2002,Maize,36349.0
Karnataka,CHAMRAJNAGAR,2002,Moong(Green Gram),92.0
Karnataka,CHAMRAJNAGAR,2002,Niger seed,263.0
Karnataka,CHAMRAJNAGAR,2002,Other Kharif pulses,2712.0
Karnataka,CHAMRAJNAGAR,2002,Ragi,28460.0
Karnataka,CHAMRAJNAGAR,2002,Rice,34458.0
Karnataka,CHAMRAJNAGAR,2002,Sesamum,361.0
Karnataka,CHAMRAJNAGAR,2002,Small millets,22.0
Karnataka,CHAMRAJNAGAR,2002,Sunflower,1380.0
Karnataka,CHAMRAJNAGAR,2002,Urad,293.0
Karnataka,CHAMRAJNAGAR,2002,Gram,900.0
Karnataka,CHAMRAJNAGAR,2002,Groundnut,458.0
Karnataka,CHAMRAJNAGAR,2002,Horse-gram,5263.0
Karnataka,CHAMRAJNAGAR,2002,Jowar,85.0
Karnataka,CHAMRAJNAGAR,2002,Maize,4120.0
Karnataka,CHAMRAJNAGAR,2002,Moong(Green Gram),71.0
Karnataka,CHAMRAJNAGAR,2002,Other  Rabi pulses,498.0
Karnataka,CHAMRAJNAGAR,2002,Ragi,1833.0
Karnataka,CHAMRAJNAGAR,2002,Rice,1879.0
Karnataka,CHAMRAJNAGAR,2002,Sunflower,8.0
Karnataka,CHAMRAJNAGAR,2002,Urad,36.0
Karnataka,CHAMRAJNAGAR,2002,Jowar,615.0
Karnataka,CHAMRAJNAGAR,2002,Maize,2556.0
Karnataka,CHAMRAJNAGAR,2002,Ragi,994.0
Karnataka,CHAMRAJNAGAR,2002,Rice,1135.0
Karnataka,CHAMRAJNAGAR,2002,Sunflower,44.0
Karnataka,CHAMRAJNAGAR,2002,Arcanut (Processed),198.0
Karnataka,CHAMRAJNAGAR,2002,Atcanut (Raw),979.0
Karnataka,CHAMRAJNAGAR,2002,Banana,38490.0
Karnataka,CHAMRAJNAGAR,2002,Beans & Mutter(Vegetable),686.0
Karnataka,CHAMRAJNAGAR,2002,Brinjal,831.0
Karnataka,CHAMRAJNAGAR,2002,Cardamom,1.0
Karnataka,CHAMRAJNAGAR,2002,Cashewnut Processed,12.0
Karnataka,CHAMRAJNAGAR,2002,Cashewnut Raw,47.0
Karnataka,CHAMRAJNAGAR,2002,Citrus Fruit,174.0
Karnataka,CHAMRAJNAGAR,2002,Coconut ,20297.0
Karnataka,CHAMRAJNAGAR,2002,Coriander,3.0
Karnataka,CHAMRAJNAGAR,2002,Dry chillies,421.0
Karnataka,CHAMRAJNAGAR,2002,Garlic,236.0
Karnataka,CHAMRAJNAGAR,2002,Mango,1121.0
Karnataka,CHAMRAJNAGAR,2002,Onion,15993.0
Karnataka,CHAMRAJNAGAR,2002,Other Fresh Fruits,430.0
Karnataka,CHAMRAJNAGAR,2002,Pome Fruit,288.0
Karnataka,CHAMRAJNAGAR,2002,Potato,10.0
Karnataka,CHAMRAJNAGAR,2002,Sugarcane,1687228.0
Karnataka,CHAMRAJNAGAR,2002,Tobacco,78.0
Karnataka,CHAMRAJNAGAR,2002,Tomato,988.0
Karnataka,CHAMRAJNAGAR,2002,Turmeric,17763.0
Karnataka,CHAMRAJNAGAR,2003,Arhar/Tur,79.0
Karnataka,CHAMRAJNAGAR,2003,Bajra,160.0
Karnataka,CHAMRAJNAGAR,2003,Castor seed,484.0
Karnataka,CHAMRAJNAGAR,2003,Cotton(lint),1143.0
Karnataka,CHAMRAJNAGAR,2003,Groundnut,8805.0
Karnataka,CHAMRAJNAGAR,2003,Horse-gram,365.0
Karnataka,CHAMRAJNAGAR,2003,Jowar,2109.0
Karnataka,CHAMRAJNAGAR,2003,Maize,25387.0
Karnataka,CHAMRAJNAGAR,2003,Moong(Green Gram),194.0
Karnataka,CHAMRAJNAGAR,2003,Niger seed,228.0
Karnataka,CHAMRAJNAGAR,2003,Other Kharif pulses,2051.0
Karnataka,CHAMRAJNAGAR,2003,Ragi,15275.0
Karnataka,CHAMRAJNAGAR,2003,Rice,26018.0
Karnataka,CHAMRAJNAGAR,2003,Sesamum,263.0
Karnataka,CHAMRAJNAGAR,2003,Small millets,14.0
Karnataka,CHAMRAJNAGAR,2003,Sunflower,502.0
Karnataka,CHAMRAJNAGAR,2003,Urad,33.0
Karnataka,CHAMRAJNAGAR,2003,Gram,723.0
Karnataka,CHAMRAJNAGAR,2003,Groundnut,87.0
Karnataka,CHAMRAJNAGAR,2003,Horse-gram,3000.0
Karnataka,CHAMRAJNAGAR,2003,Jowar,121.0
Karnataka,CHAMRAJNAGAR,2003,Maize,3948.0
Karnataka,CHAMRAJNAGAR,2003,Moong(Green Gram),86.0
Karnataka,CHAMRAJNAGAR,2003,Other  Rabi pulses,338.0
Karnataka,CHAMRAJNAGAR,2003,Ragi,1509.0
Karnataka,CHAMRAJNAGAR,2003,Rice,2448.0
Karnataka,CHAMRAJNAGAR,2003,Sunflower,317.0
Karnataka,CHAMRAJNAGAR,2003,Urad,289.0
Karnataka,CHAMRAJNAGAR,2003,Jowar,745.0
Karnataka,CHAMRAJNAGAR,2003,Maize,1279.0
Karnataka,CHAMRAJNAGAR,2003,Ragi,1217.0
Karnataka,CHAMRAJNAGAR,2003,Rice,3302.0
Karnataka,CHAMRAJNAGAR,2003,Sunflower,221.0
Karnataka,CHAMRAJNAGAR,2003,Arecanut,219.0
Karnataka,CHAMRAJNAGAR,2003,Banana,37818.0
Karnataka,CHAMRAJNAGAR,2003,Beans & Mutter(Vegetable),405.0
Karnataka,CHAMRAJNAGAR,2003,Brinjal,5290.0
Karnataka,CHAMRAJNAGAR,2003,Cardamom,1.0
Karnataka,CHAMRAJNAGAR,2003,Citrus Fruit,380.0
Karnataka,CHAMRAJNAGAR,2003,Coconut ,20334.0
Karnataka,CHAMRAJNAGAR,2003,Coriander,14.0
Karnataka,CHAMRAJNAGAR,2003,Dry chillies,311.0
Karnataka,CHAMRAJNAGAR,2003,Garlic,170.0
Karnataka,CHAMRAJNAGAR,2003,Grapes,645.0
Karnataka,CHAMRAJNAGAR,2003,Mango,945.0
Karnataka,CHAMRAJNAGAR,2003,Onion,23520.0
Karnataka,CHAMRAJNAGAR,2003,Other Fresh Fruits,229.0
Karnataka,CHAMRAJNAGAR,2003,Pome Fruit,215.0
Karnataka,CHAMRAJNAGAR,2003,Potato,10.0
Karnataka,CHAMRAJNAGAR,2003,Sugarcane,626570.0
Karnataka,CHAMRAJNAGAR,2003,Tobacco,55.0
Karnataka,CHAMRAJNAGAR,2003,Tomato,1718.0
Karnataka,CHAMRAJNAGAR,2003,Turmeric,16091.0
Karnataka,CHAMRAJNAGAR,2004,Arhar/Tur,1067.0
Karnataka,CHAMRAJNAGAR,2004,Bajra,499.0
Karnataka,CHAMRAJNAGAR,2004,Castor seed,546.0
Karnataka,CHAMRAJNAGAR,2004,Cotton(lint),3485.0
Karnataka,CHAMRAJNAGAR,2004,Groundnut,21120.0
Karnataka,CHAMRAJNAGAR,2004,Horse-gram,131.0
Karnataka,CHAMRAJNAGAR,2004,Jowar,32609.0
Karnataka,CHAMRAJNAGAR,2004,Maize,48481.0
Karnataka,CHAMRAJNAGAR,2004,Moong(Green Gram),910.0
Karnataka,CHAMRAJNAGAR,2004,Niger seed,150.0
Karnataka,CHAMRAJNAGAR,2004,Other Kharif pulses,2156.85
Karnataka,CHAMRAJNAGAR,2004,Ragi,30615.0
Karnataka,CHAMRAJNAGAR,2004,Rice,48511.28
Karnataka,CHAMRAJNAGAR,2004,Sesamum,863.0
Karnataka,CHAMRAJNAGAR,2004,Small millets,29.0
Karnataka,CHAMRAJNAGAR,2004,Sunflower,2913.0
Karnataka,CHAMRAJNAGAR,2004,Urad,783.0
Karnataka,CHAMRAJNAGAR,2004,Gram,2028.0
Karnataka,CHAMRAJNAGAR,2004,Groundnut,400.0
Karnataka,CHAMRAJNAGAR,2004,Horse-gram,9185.0
Karnataka,CHAMRAJNAGAR,2004,Maize,4334.0
Karnataka,CHAMRAJNAGAR,2004,Moong(Green Gram),63.0
Karnataka,CHAMRAJNAGAR,2004,Other  Rabi pulses,317.0
Karnataka,CHAMRAJNAGAR,2004,Ragi,914.0
Karnataka,CHAMRAJNAGAR,2004,Rice,1349.0
Karnataka,CHAMRAJNAGAR,2004,Sunflower,224.0
Karnataka,CHAMRAJNAGAR,2004,Urad,25.0
Karnataka,CHAMRAJNAGAR,2004,Jowar,228.0
Karnataka,CHAMRAJNAGAR,2004,Maize,1407.0
Karnataka,CHAMRAJNAGAR,2004,Ragi,804.0
Karnataka,CHAMRAJNAGAR,2004,Rice,5391.0
Karnataka,CHAMRAJNAGAR,2004,Sunflower,123.0
Karnataka,CHAMRAJNAGAR,2004,Arecanut,219.0
Karnataka,CHAMRAJNAGAR,2004,Banana,26037.0
Karnataka,CHAMRAJNAGAR,2004,Cardamom,1.0
Karnataka,CHAMRAJNAGAR,2004,Coconut ,328103.78
Karnataka,CHAMRAJNAGAR,2004,Coriander,12.0
Karnataka,CHAMRAJNAGAR,2004,Dry chillies,666.0
Karnataka,CHAMRAJNAGAR,2004,Garlic,70.0
Karnataka,CHAMRAJNAGAR,2004,Onion,28985.0
Karnataka,CHAMRAJNAGAR,2004,Potato,80.0
Karnataka,CHAMRAJNAGAR,2004,Tobacco,74.0
Karnataka,CHAMRAJNAGAR,2004,Turmeric,6316.0
Karnataka,CHAMRAJNAGAR,2005,Arhar/Tur,1019.0
Karnataka,CHAMRAJNAGAR,2005,Bajra,903.0
Karnataka,CHAMRAJNAGAR,2005,Castor seed,888.0
Karnataka,CHAMRAJNAGAR,2005,Dry chillies,548.0
Karnataka,CHAMRAJNAGAR,2005,Groundnut,19310.0
Karnataka,CHAMRAJNAGAR,2005,Horse-gram,46.0
Karnataka,CHAMRAJNAGAR,2005,Jowar,13875.0
Karnataka,CHAMRAJNAGAR,2005,Maize,60392.0
Karnataka,CHAMRAJNAGAR,2005,Moong(Green Gram),710.0
Karnataka,CHAMRAJNAGAR,2005,Niger seed,244.0
Karnataka,CHAMRAJNAGAR,2005,Onion,17598.0
Karnataka,CHAMRAJNAGAR,2005,Other Kharif pulses,2631.0
Karnataka,CHAMRAJNAGAR,2005,Peas & beans (Pulses),635.0
Karnataka,CHAMRAJNAGAR,2005,Ragi,29367.0
Karnataka,CHAMRAJNAGAR,2005,Rice,44252.0
Karnataka,CHAMRAJNAGAR,2005,Sesamum,1575.0
Karnataka,CHAMRAJNAGAR,2005,Small millets,13.0
Karnataka,CHAMRAJNAGAR,2005,Sunflower,2331.0
Karnataka,CHAMRAJNAGAR,2005,Urad,653.0
Karnataka,CHAMRAJNAGAR,2005,Dry chillies,52.0
Karnataka,CHAMRAJNAGAR,2005,Gram,1401.0
Karnataka,CHAMRAJNAGAR,2005,Groundnut,92.0
Karnataka,CHAMRAJNAGAR,2005,Horse-gram,8549.0
Karnataka,CHAMRAJNAGAR,2005,Jowar,61.0
Karnataka,CHAMRAJNAGAR,2005,Maize,3780.0
Karnataka,CHAMRAJNAGAR,2005,Moong(Green Gram),46.0
Karnataka,CHAMRAJNAGAR,2005,Onion,8532.0
Karnataka,CHAMRAJNAGAR,2005,Other  Rabi pulses,244.0
Karnataka,CHAMRAJNAGAR,2005,Peas & beans (Pulses),124.0
Karnataka,CHAMRAJNAGAR,2005,Ragi,1417.0
Karnataka,CHAMRAJNAGAR,2005,Rice,1202.0
Karnataka,CHAMRAJNAGAR,2005,Sunflower,152.0
Karnataka,CHAMRAJNAGAR,2005,Urad,21.0
Karnataka,CHAMRAJNAGAR,2005,Dry chillies,1214.0
Karnataka,CHAMRAJNAGAR,2005,Jowar,218.0
Karnataka,CHAMRAJNAGAR,2005,Maize,2097.0
Karnataka,CHAMRAJNAGAR,2005,Onion,3389.0
Karnataka,CHAMRAJNAGAR,2005,Peas & beans (Pulses),172.0
Karnataka,CHAMRAJNAGAR,2005,Ragi,1030.0
Karnataka,CHAMRAJNAGAR,2005,Rice,4679.0
Karnataka,CHAMRAJNAGAR,2005,Sunflower,173.0
Karnataka,CHAMRAJNAGAR,2005,Arecanut,1091.0
Karnataka,CHAMRAJNAGAR,2005,Banana,45599.0
Karnataka,CHAMRAJNAGAR,2005,Cardamom,1.0
Karnataka,CHAMRAJNAGAR,2005,Coconut ,32565.0
Karnataka,CHAMRAJNAGAR,2005,Coriander,58.0
Karnataka,CHAMRAJNAGAR,2005,Cotton(lint),3169.0
Karnataka,CHAMRAJNAGAR,2005,Dry ginger,26.0
Karnataka,CHAMRAJNAGAR,2005,Garlic,57.0
Karnataka,CHAMRAJNAGAR,2005,Sugarcane,586535.0
Karnataka,CHAMRAJNAGAR,2005,Tobacco,114.0
Karnataka,CHAMRAJNAGAR,2005,Turmeric,16761.0
Karnataka,CHAMRAJNAGAR,2006,Arhar/Tur,865.0
Karnataka,CHAMRAJNAGAR,2006,Bajra,244.0
Karnataka,CHAMRAJNAGAR,2006,Castor seed,934.0
Karnataka,CHAMRAJNAGAR,2006,Gram,964.0
Karnataka,CHAMRAJNAGAR,2006,Groundnut,7233.0
Karnataka,CHAMRAJNAGAR,2006,Jowar,13678.0
Karnataka,CHAMRAJNAGAR,2006,Maize,68266.0
Karnataka,CHAMRAJNAGAR,2006,Moong(Green Gram),610.0
Karnataka,CHAMRAJNAGAR,2006,Niger seed,314.0
Karnataka,CHAMRAJNAGAR,2006,Other Kharif pulses,1788.0
Karnataka,CHAMRAJNAGAR,2006,Ragi,21483.0
Karnataka,CHAMRAJNAGAR,2006,Rice,43419.0
Karnataka,CHAMRAJNAGAR,2006,Sesamum,371.0
Karnataka,CHAMRAJNAGAR,2006,Small millets,17.0
Karnataka,CHAMRAJNAGAR,2006,Sunflower,8045.0
Karnataka,CHAMRAJNAGAR,2006,Urad,964.0
Karnataka,CHAMRAJNAGAR,2006,Gram,1216.0
Karnataka,CHAMRAJNAGAR,2006,Groundnut,70.0
Karnataka,CHAMRAJNAGAR,2006,Horse-gram,6563.0
Karnataka,CHAMRAJNAGAR,2006,Maize,1971.0
Karnataka,CHAMRAJNAGAR,2006,Moong(Green Gram),15.0
Karnataka,CHAMRAJNAGAR,2006,Other  Rabi pulses,374.0
Karnataka,CHAMRAJNAGAR,2006,Ragi,336.0
Karnataka,CHAMRAJNAGAR,2006,Rice,355.0
Karnataka,CHAMRAJNAGAR,2006,Sunflower,61.0
Karnataka,CHAMRAJNAGAR,2006,Urad,35.0
Karnataka,CHAMRAJNAGAR,2006,Jowar,154.0
Karnataka,CHAMRAJNAGAR,2006,Maize,2456.0
Karnataka,CHAMRAJNAGAR,2006,Ragi,569.0
Karnataka,CHAMRAJNAGAR,2006,Rice,2305.0
Karnataka,CHAMRAJNAGAR,2006,Sunflower,313.0
Karnataka,CHAMRAJNAGAR,2006,Arecanut,221.0
Karnataka,CHAMRAJNAGAR,2006,Banana,27514.0
Karnataka,CHAMRAJNAGAR,2006,Cardamom,1.0
Karnataka,CHAMRAJNAGAR,2006,Coconut ,30068.0
Karnataka,CHAMRAJNAGAR,2006,Coriander,20.0
Karnataka,CHAMRAJNAGAR,2006,Cotton(lint),731.0
Karnataka,CHAMRAJNAGAR,2006,Dry chillies,1147.0
Karnataka,CHAMRAJNAGAR,2006,Dry ginger,78.0
Karnataka,CHAMRAJNAGAR,2006,Garlic,29.0
Karnataka,CHAMRAJNAGAR,2006,Onion,21722.0
Karnataka,CHAMRAJNAGAR,2006,Potato,90.0
Karnataka,CHAMRAJNAGAR,2006,Sugarcane,702609.0
Karnataka,CHAMRAJNAGAR,2006,Tobacco,58.0
Karnataka,CHAMRAJNAGAR,2006,Turmeric,25861.0
Karnataka,CHAMRAJNAGAR,2007,Arhar/Tur,1103.0
Karnataka,CHAMRAJNAGAR,2007,Bajra,967.0
Karnataka,CHAMRAJNAGAR,2007,Castor seed,135.0
Karnataka,CHAMRAJNAGAR,2007,Dry chillies,1072.0
Karnataka,CHAMRAJNAGAR,2007,Groundnut,7091.0
Karnataka,CHAMRAJNAGAR,2007,Horse-gram,103.0
Karnataka,CHAMRAJNAGAR,2007,Jowar,13987.0
Karnataka,CHAMRAJNAGAR,2007,Maize,75660.0
Karnataka,CHAMRAJNAGAR,2007,Moong(Green Gram),431.0
Karnataka,CHAMRAJNAGAR,2007,Niger seed,189.0
Karnataka,CHAMRAJNAGAR,2007,Onion,34511.0
Karnataka,CHAMRAJNAGAR,2007,Other Kharif pulses,2545.0
Karnataka,CHAMRAJNAGAR,2007,Potato,49.0
Karnataka,CHAMRAJNAGAR,2007,Ragi,15532.0
Karnataka,CHAMRAJNAGAR,2007,Rice,43550.0
Karnataka,CHAMRAJNAGAR,2007,Sesamum,753.0
Karnataka,CHAMRAJNAGAR,2007,Small millets,12.0
Karnataka,CHAMRAJNAGAR,2007,Sunflower,4904.0
Karnataka,CHAMRAJNAGAR,2007,Urad,571.0
Karnataka,CHAMRAJNAGAR,2007,Dry chillies,75.0
Karnataka,CHAMRAJNAGAR,2007,Gram,1206.0
Karnataka,CHAMRAJNAGAR,2007,Groundnut,108.0
Karnataka,CHAMRAJNAGAR,2007,Horse-gram,11981.0
Karnataka,CHAMRAJNAGAR,2007,Jowar,51.0
Karnataka,CHAMRAJNAGAR,2007,Maize,3075.0
Karnataka,CHAMRAJNAGAR,2007,Moong(Green Gram),38.0
Karnataka,CHAMRAJNAGAR,2007,Onion,4268.0
Karnataka,CHAMRAJNAGAR,2007,Other  Rabi pulses,515.0
Karnataka,CHAMRAJNAGAR,2007,Ragi,1102.0
Karnataka,CHAMRAJNAGAR,2007,Rice,330.0
Karnataka,CHAMRAJNAGAR,2007,Sunflower,305.0
Karnataka,CHAMRAJNAGAR,2007,Urad,64.0
Karnataka,CHAMRAJNAGAR,2007,Wheat,1.0
Karnataka,CHAMRAJNAGAR,2007,Dry chillies,58.0
Karnataka,CHAMRAJNAGAR,2007,Jowar,269.0
Karnataka,CHAMRAJNAGAR,2007,Maize,14173.0
Karnataka,CHAMRAJNAGAR,2007,Onion,1791.0
Karnataka,CHAMRAJNAGAR,2007,Ragi,603.0
Karnataka,CHAMRAJNAGAR,2007,Rice,7475.0
Karnataka,CHAMRAJNAGAR,2007,Sunflower,890.0
Karnataka,CHAMRAJNAGAR,2007,Arecanut,1112.0
Karnataka,CHAMRAJNAGAR,2007,Banana,125334.0
Karnataka,CHAMRAJNAGAR,2007,Black pepper,6.0
Karnataka,CHAMRAJNAGAR,2007,Cardamom,
Karnataka,CHAMRAJNAGAR,2007,Coconut ,57665.0
Karnataka,CHAMRAJNAGAR,2007,Coriander,50.0
Karnataka,CHAMRAJNAGAR,2007,Cotton(lint),1772.0
Karnataka,CHAMRAJNAGAR,2007,Dry ginger,21.0
Karnataka,CHAMRAJNAGAR,2007,Garlic,75.0
Karnataka,CHAMRAJNAGAR,2007,Sugarcane,804175.0
Karnataka,CHAMRAJNAGAR,2007,Tobacco,52.0
Karnataka,CHAMRAJNAGAR,2007,Turmeric,63965.0
Karnataka,CHAMRAJNAGAR,2008,Arhar/Tur,1196.0
Karnataka,CHAMRAJNAGAR,2008,Bajra,341.0
Karnataka,CHAMRAJNAGAR,2008,Castor seed,2756.0
Karnataka,CHAMRAJNAGAR,2008,Dry chillies,597.0
Karnataka,CHAMRAJNAGAR,2008,Groundnut,9578.0
Karnataka,CHAMRAJNAGAR,2008,Horse-gram,725.0
Karnataka,CHAMRAJNAGAR,2008,Jowar,9579.0
Karnataka,CHAMRAJNAGAR,2008,Maize,91273.0
Karnataka,CHAMRAJNAGAR,2008,Moong(Green Gram),495.0
Karnataka,CHAMRAJNAGAR,2008,Niger seed,349.0
Karnataka,CHAMRAJNAGAR,2008,Onion,21830.0
Karnataka,CHAMRAJNAGAR,2008,Other Kharif pulses,3672.0
Karnataka,CHAMRAJNAGAR,2008,Potato,85.0
Karnataka,CHAMRAJNAGAR,2008,Ragi,21709.0
Karnataka,CHAMRAJNAGAR,2008,Rice,44789.0
Karnataka,CHAMRAJNAGAR,2008,Sesamum,817.0
Karnataka,CHAMRAJNAGAR,2008,Soyabean,1.0
Karnataka,CHAMRAJNAGAR,2008,Sunflower,10840.0
Karnataka,CHAMRAJNAGAR,2008,Urad,767.0
Karnataka,CHAMRAJNAGAR,2008,Dry chillies,137.0
Karnataka,CHAMRAJNAGAR,2008,Gram,2055.0
Karnataka,CHAMRAJNAGAR,2008,Groundnut,34.0
Karnataka,CHAMRAJNAGAR,2008,Horse-gram,7225.0
Karnataka,CHAMRAJNAGAR,2008,Jowar,62.0
Karnataka,CHAMRAJNAGAR,2008,Maize,5325.0
Karnataka,CHAMRAJNAGAR,2008,Moong(Green Gram),18.0
Karnataka,CHAMRAJNAGAR,2008,Onion,6424.0
Karnataka,CHAMRAJNAGAR,2008,Other  Rabi pulses,178.0
Karnataka,CHAMRAJNAGAR,2008,Ragi,823.0
Karnataka,CHAMRAJNAGAR,2008,Rice,398.0
Karnataka,CHAMRAJNAGAR,2008,Sunflower,155.0
Karnataka,CHAMRAJNAGAR,2008,Urad,23.0
Karnataka,CHAMRAJNAGAR,2008,Dry chillies,72.0
Karnataka,CHAMRAJNAGAR,2008,Jowar,394.0
Karnataka,CHAMRAJNAGAR,2008,Maize,17061.0
Karnataka,CHAMRAJNAGAR,2008,Onion,1805.0
Karnataka,CHAMRAJNAGAR,2008,Ragi,1398.0
Karnataka,CHAMRAJNAGAR,2008,Rice,10372.0
Karnataka,CHAMRAJNAGAR,2008,Sunflower,159.0
Karnataka,CHAMRAJNAGAR,2008,Arecanut,1112.0
Karnataka,CHAMRAJNAGAR,2008,Banana,197277.0
Karnataka,CHAMRAJNAGAR,2008,Black pepper,34.0
Karnataka,CHAMRAJNAGAR,2008,Cardamom,
Karnataka,CHAMRAJNAGAR,2008,Cashewnut,34.43
Karnataka,CHAMRAJNAGAR,2008,Coconut ,67242.0
Karnataka,CHAMRAJNAGAR,2008,Coriander,128.0
Karnataka,CHAMRAJNAGAR,2008,Cotton(lint),423.0
Karnataka,CHAMRAJNAGAR,2008,Dry ginger,1179.0
Karnataka,CHAMRAJNAGAR,2008,Garlic,1145.0
Karnataka,CHAMRAJNAGAR,2008,Sugarcane,716162.0
Karnataka,CHAMRAJNAGAR,2008,Tobacco,82.0
Karnataka,CHAMRAJNAGAR,2008,Turmeric,35594.0
Karnataka,CHAMRAJNAGAR,2009,Arhar/Tur,1494.0
Karnataka,CHAMRAJNAGAR,2009,Bajra,302.0
Karnataka,CHAMRAJNAGAR,2009,Castor seed,461.0
Karnataka,CHAMRAJNAGAR,2009,Gram,534.0
Karnataka,CHAMRAJNAGAR,2009,Groundnut,9341.0
Karnataka,CHAMRAJNAGAR,2009,Horse-gram,534.0
Karnataka,CHAMRAJNAGAR,2009,Jowar,9771.0
Karnataka,CHAMRAJNAGAR,2009,Maize,77685.0
Karnataka,CHAMRAJNAGAR,2009,Moong(Green Gram),1397.0
Karnataka,CHAMRAJNAGAR,2009,Niger seed,361.0
Karnataka,CHAMRAJNAGAR,2009,Onion,19903.0
Karnataka,CHAMRAJNAGAR,2009,Other Kharif pulses,4410.0
Karnataka,CHAMRAJNAGAR,2009,Potato,130.0
Karnataka,CHAMRAJNAGAR,2009,Ragi,22129.0
Karnataka,CHAMRAJNAGAR,2009,Rice,43523.68
Karnataka,CHAMRAJNAGAR,2009,Sesamum,624.0
Karnataka,CHAMRAJNAGAR,2009,Small millets,82.0
Karnataka,CHAMRAJNAGAR,2009,Sunflower,3346.0
Karnataka,CHAMRAJNAGAR,2009,Urad,2244.0
Karnataka,CHAMRAJNAGAR,2009,Dry chillies,247.0
Karnataka,CHAMRAJNAGAR,2009,Gram,10822.0
Karnataka,CHAMRAJNAGAR,2009,Groundnut,14.0
Karnataka,CHAMRAJNAGAR,2009,Horse-gram,10822.0
Karnataka,CHAMRAJNAGAR,2009,Jowar,65.0
Karnataka,CHAMRAJNAGAR,2009,Maize,2916.0
Karnataka,CHAMRAJNAGAR,2009,Moong(Green Gram),11.0
Karnataka,CHAMRAJNAGAR,2009,Onion,7743.0
Karnataka,CHAMRAJNAGAR,2009,Other  Rabi pulses,344.0
Karnataka,CHAMRAJNAGAR,2009,Ragi,972.0
Karnataka,CHAMRAJNAGAR,2009,Rice,392.0
Karnataka,CHAMRAJNAGAR,2009,Sunflower,49.0
Karnataka,CHAMRAJNAGAR,2009,Urad,25.0
Karnataka,CHAMRAJNAGAR,2009,Dry chillies,258.0
Karnataka,CHAMRAJNAGAR,2009,Jowar,236.0
Karnataka,CHAMRAJNAGAR,2009,Maize,2331.0
Karnataka,CHAMRAJNAGAR,2009,Onion,3089.0
Karnataka,CHAMRAJNAGAR,2009,Ragi,356.0
Karnataka,CHAMRAJNAGAR,2009,Rice,1754.0
Karnataka,CHAMRAJNAGAR,2009,Sunflower,20.0
Karnataka,CHAMRAJNAGAR,2009,Arecanut,1161.0
Karnataka,CHAMRAJNAGAR,2009,Banana,267108.0
Karnataka,CHAMRAJNAGAR,2009,Black pepper,89.0
Karnataka,CHAMRAJNAGAR,2009,Cashewnut,42.0
Karnataka,CHAMRAJNAGAR,2009,Coconut ,80807.0
Karnataka,CHAMRAJNAGAR,2009,Coriander,161.0
Karnataka,CHAMRAJNAGAR,2009,Cotton(lint),683.0
Karnataka,CHAMRAJNAGAR,2009,Dry ginger,1827.0
Karnataka,CHAMRAJNAGAR,2009,Garlic,518.0
Karnataka,CHAMRAJNAGAR,2009,Sugarcane,719605.0
Karnataka,CHAMRAJNAGAR,2009,Tapioca,19.0
Karnataka,CHAMRAJNAGAR,2009,Tobacco,119.0
Karnataka,CHAMRAJNAGAR,2009,Turmeric,46730.0
Karnataka,CHAMRAJNAGAR,2010,Arhar/Tur,676.0
Karnataka,CHAMRAJNAGAR,2010,Bajra,299.0
Karnataka,CHAMRAJNAGAR,2010,Castor seed,280.0
Karnataka,CHAMRAJNAGAR,2010,Cotton(lint),2531.0
Karnataka,CHAMRAJNAGAR,2010,Cowpea(Lobia),966.0
Karnataka,CHAMRAJNAGAR,2010,Dry chillies,552.0
Karnataka,CHAMRAJNAGAR,2010,Groundnut,8291.0
Karnataka,CHAMRAJNAGAR,2010,Horse-gram,160.0
Karnataka,CHAMRAJNAGAR,2010,Jowar,16831.0
Karnataka,CHAMRAJNAGAR,2010,Maize,94393.0
Karnataka,CHAMRAJNAGAR,2010,Moong(Green Gram),941.0
Karnataka,CHAMRAJNAGAR,2010,Niger seed,306.0
Karnataka,CHAMRAJNAGAR,2010,Onion,27903.0
Karnataka,CHAMRAJNAGAR,2010,Other Kharif pulses,3132.0
Karnataka,CHAMRAJNAGAR,2010,Peas & beans (Pulses),5628.0
Karnataka,CHAMRAJNAGAR,2010,Potato,8508.0
Karnataka,CHAMRAJNAGAR,2010,Ragi,22259.0
Karnataka,CHAMRAJNAGAR,2010,Rice,46851.0
Karnataka,CHAMRAJNAGAR,2010,Sesamum,899.0
Karnataka,CHAMRAJNAGAR,2010,Small millets,54.0
Karnataka,CHAMRAJNAGAR,2010,Sunflower,5234.0
Karnataka,CHAMRAJNAGAR,2010,Urad,2279.0
Karnataka,CHAMRAJNAGAR,2010,Cotton(lint),98.0
Karnataka,CHAMRAJNAGAR,2010,Cowpea(Lobia),103.0
Karnataka,CHAMRAJNAGAR,2010,Dry chillies,95.0
Karnataka,CHAMRAJNAGAR,2010,Gram,1711.0
Karnataka,CHAMRAJNAGAR,2010,Groundnut,31.0
Karnataka,CHAMRAJNAGAR,2010,Horse-gram,15565.0
Karnataka,CHAMRAJNAGAR,2010,Maize,3640.0
Karnataka,CHAMRAJNAGAR,2010,Moong(Green Gram),25.0
Karnataka,CHAMRAJNAGAR,2010,Onion,6398.0
Karnataka,CHAMRAJNAGAR,2010,Other  Rabi pulses,369.0
Karnataka,CHAMRAJNAGAR,2010,Peas & beans (Pulses),1790.0
Karnataka,CHAMRAJNAGAR,2010,Ragi,213.0
Karnataka,CHAMRAJNAGAR,2010,Rice,206.0
Karnataka,CHAMRAJNAGAR,2010,Sunflower,24.0
Karnataka,CHAMRAJNAGAR,2010,Urad,98.0
Karnataka,CHAMRAJNAGAR,2010,Dry chillies,76.0
Karnataka,CHAMRAJNAGAR,2010,Maize,4537.0
Karnataka,CHAMRAJNAGAR,2010,Onion,2362.0
Karnataka,CHAMRAJNAGAR,2010,Peas & beans (Pulses),976.0
Karnataka,CHAMRAJNAGAR,2010,Ragi,731.0
Karnataka,CHAMRAJNAGAR,2010,Rice,6635.0
Karnataka,CHAMRAJNAGAR,2010,Sunflower,76.0
Karnataka,CHAMRAJNAGAR,2010,Arecanut,3590.0
Karnataka,CHAMRAJNAGAR,2010,Banana,298831.0
Karnataka,CHAMRAJNAGAR,2010,Black pepper,13.9
Karnataka,CHAMRAJNAGAR,2010,Cardamom,
Karnataka,CHAMRAJNAGAR,2010,Cashewnut,41.0
Karnataka,CHAMRAJNAGAR,2010,Coconut ,108409.0
Karnataka,CHAMRAJNAGAR,2010,Coriander,93.0
Karnataka,CHAMRAJNAGAR,2010,Dry ginger,155.6
Karnataka,CHAMRAJNAGAR,2010,Garlic,93.0
Karnataka,CHAMRAJNAGAR,2010,Sugarcane,671099.0
Karnataka,CHAMRAJNAGAR,2010,Tobacco,168.0
Karnataka,CHAMRAJNAGAR,2010,Turmeric,34506.0
Karnataka,CHAMRAJNAGAR,2011,Arhar/Tur,598.0
Karnataka,CHAMRAJNAGAR,2011,Bajra,214.0
Karnataka,CHAMRAJNAGAR,2011,Castor seed,160.0
Karnataka,CHAMRAJNAGAR,2011,Cotton(lint),10277.0
Karnataka,CHAMRAJNAGAR,2011,Cowpea(Lobia),1058.0
Karnataka,CHAMRAJNAGAR,2011,Dry chillies,443.0
Karnataka,CHAMRAJNAGAR,2011,Groundnut,10496.0
Karnataka,CHAMRAJNAGAR,2011,Horse-gram,48.0
Karnataka,CHAMRAJNAGAR,2011,Jowar,10829.0
Karnataka,CHAMRAJNAGAR,2011,Maize,77499.0
Karnataka,CHAMRAJNAGAR,2011,Moong(Green Gram),831.0
Karnataka,CHAMRAJNAGAR,2011,Niger seed,357.0
Karnataka,CHAMRAJNAGAR,2011,Onion,19640.0
Karnataka,CHAMRAJNAGAR,2011,Other Kharif pulses,5254.0
Karnataka,CHAMRAJNAGAR,2011,Peas & beans (Pulses),2878.0
Karnataka,CHAMRAJNAGAR,2011,Potato,791.0
Karnataka,CHAMRAJNAGAR,2011,Ragi,19499.0
Karnataka,CHAMRAJNAGAR,2011,Rice,43509.0
Karnataka,CHAMRAJNAGAR,2011,Sesamum,895.0
Karnataka,CHAMRAJNAGAR,2011,Sunflower,4488.0
Karnataka,CHAMRAJNAGAR,2011,Urad,2058.0
Karnataka,CHAMRAJNAGAR,2011,Cotton(lint),113.0
Karnataka,CHAMRAJNAGAR,2011,Cowpea(Lobia),98.0
Karnataka,CHAMRAJNAGAR,2011,Dry chillies,75.0
Karnataka,CHAMRAJNAGAR,2011,Gram,1719.0
Karnataka,CHAMRAJNAGAR,2011,Groundnut,13.0
Karnataka,CHAMRAJNAGAR,2011,Horse-gram,9205.0
Karnataka,CHAMRAJNAGAR,2011,Maize,3737.0
Karnataka,CHAMRAJNAGAR,2011,Moong(Green Gram),27.0
Karnataka,CHAMRAJNAGAR,2011,Onion,7459.0
Karnataka,CHAMRAJNAGAR,2011,Other  Rabi pulses,156.0
Karnataka,CHAMRAJNAGAR,2011,Peas & beans (Pulses),509.0
Karnataka,CHAMRAJNAGAR,2011,Potato,24.0
Karnataka,CHAMRAJNAGAR,2011,Ragi,717.0
Karnataka,CHAMRAJNAGAR,2011,Rapeseed &Mustard,2.0
Karnataka,CHAMRAJNAGAR,2011,Rice,1693.0
Karnataka,CHAMRAJNAGAR,2011,Sunflower,11.0
Karnataka,CHAMRAJNAGAR,2011,Urad,51.0
Karnataka,CHAMRAJNAGAR,2011,Dry chillies,81.0
Karnataka,CHAMRAJNAGAR,2011,Maize,10307.0
Karnataka,CHAMRAJNAGAR,2011,Onion,671.0
Karnataka,CHAMRAJNAGAR,2011,Peas & beans (Pulses),792.0
Karnataka,CHAMRAJNAGAR,2011,Ragi,412.0
Karnataka,CHAMRAJNAGAR,2011,Rice,1565.0
Karnataka,CHAMRAJNAGAR,2011,Sunflower,39.0
Karnataka,CHAMRAJNAGAR,2011,Arecanut,2689.0
Karnataka,CHAMRAJNAGAR,2011,Banana,373090.0
Karnataka,CHAMRAJNAGAR,2011,Black pepper,7.9
Karnataka,CHAMRAJNAGAR,2011,Cashewnut,45.0
Karnataka,CHAMRAJNAGAR,2011,Coconut ,89180.0
Karnataka,CHAMRAJNAGAR,2011,Coriander,194.0
Karnataka,CHAMRAJNAGAR,2011,Dry ginger,175.0
Karnataka,CHAMRAJNAGAR,2011,Garlic,100.0
Karnataka,CHAMRAJNAGAR,2011,Sugarcane,1067530.0
Karnataka,CHAMRAJNAGAR,2011,Tobacco,86.0
Karnataka,CHAMRAJNAGAR,2011,Turmeric,61160.0
Karnataka,CHAMRAJNAGAR,2012,Arhar/Tur,883.0
Karnataka,CHAMRAJNAGAR,2012,Bajra,1260.0
Karnataka,CHAMRAJNAGAR,2012,Castor seed,79.0
Karnataka,CHAMRAJNAGAR,2012,Cotton(lint),6298.0
Karnataka,CHAMRAJNAGAR,2012,Cowpea(Lobia),323.0
Karnataka,CHAMRAJNAGAR,2012,Dry chillies,310.0
Karnataka,CHAMRAJNAGAR,2012,Groundnut,3419.0
Karnataka,CHAMRAJNAGAR,2012,Horse-gram,20.0
Karnataka,CHAMRAJNAGAR,2012,Jowar,8742.0
Karnataka,CHAMRAJNAGAR,2012,Maize,79436.0
Karnataka,CHAMRAJNAGAR,2012,Moong(Green Gram),945.0
Karnataka,CHAMRAJNAGAR,2012,Niger seed,21.0
Karnataka,CHAMRAJNAGAR,2012,Onion,18450.0
Karnataka,CHAMRAJNAGAR,2012,Other Kharif pulses,573.0
Karnataka,CHAMRAJNAGAR,2012,Potato,2806.0
Karnataka,CHAMRAJNAGAR,2012,Ragi,10395.0
Karnataka,CHAMRAJNAGAR,2012,Rice,23401.0
Karnataka,CHAMRAJNAGAR,2012,Sesamum,523.0
Karnataka,CHAMRAJNAGAR,2012,Sunflower,1061.0
Karnataka,CHAMRAJNAGAR,2012,Urad,1517.0
Karnataka,CHAMRAJNAGAR,2012,Cowpea(Lobia),310.0
Karnataka,CHAMRAJNAGAR,2012,Dry chillies,142.0
Karnataka,CHAMRAJNAGAR,2012,Gram,2750.0
Karnataka,CHAMRAJNAGAR,2012,Horse-gram,18825.0
Karnataka,CHAMRAJNAGAR,2012,Maize,32212.0
Karnataka,CHAMRAJNAGAR,2012,Moong(Green Gram),14.0
Karnataka,CHAMRAJNAGAR,2012,Onion,7180.0
Karnataka,CHAMRAJNAGAR,2012,Other  Rabi pulses,655.0
Karnataka,CHAMRAJNAGAR,2012,Potato,594.0
Karnataka,CHAMRAJNAGAR,2012,Ragi,9707.0
Karnataka,CHAMRAJNAGAR,2012,Rice,20646.0
Karnataka,CHAMRAJNAGAR,2012,Sunflower,297.0
Karnataka,CHAMRAJNAGAR,2012,Urad,25.0
Karnataka,CHAMRAJNAGAR,2012,Cotton(lint),152.0
Karnataka,CHAMRAJNAGAR,2012,Dry chillies,57.0
Karnataka,CHAMRAJNAGAR,2012,Groundnut,12.0
Karnataka,CHAMRAJNAGAR,2012,Maize,6173.0
Karnataka,CHAMRAJNAGAR,2012,Onion,556.0
Karnataka,CHAMRAJNAGAR,2012,Ragi,689.0
Karnataka,CHAMRAJNAGAR,2012,Rice,1220.0
Karnataka,CHAMRAJNAGAR,2012,Sunflower,66.0
Karnataka,CHAMRAJNAGAR,2012,Arecanut,2665.0
Karnataka,CHAMRAJNAGAR,2012,Black pepper,79.0
Karnataka,CHAMRAJNAGAR,2012,Cashewnut,45.0
Karnataka,CHAMRAJNAGAR,2012,Coconut ,89180.0
Karnataka,CHAMRAJNAGAR,2012,Coriander,53.0
Karnataka,CHAMRAJNAGAR,2012,Dry ginger,2708.0
Karnataka,CHAMRAJNAGAR,2012,Garlic,104.0
Karnataka,CHAMRAJNAGAR,2012,Sannhamp,24.0
Karnataka,CHAMRAJNAGAR,2012,Sugarcane,559307.0
Karnataka,CHAMRAJNAGAR,2012,Tobacco,6.0
Karnataka,CHAMRAJNAGAR,2012,Turmeric,49004.0
Karnataka,CHAMRAJNAGAR,2013,Arhar/Tur,366.0
Karnataka,CHAMRAJNAGAR,2013,Bajra,1409.0
Karnataka,CHAMRAJNAGAR,2013,Castor seed,132.0
Karnataka,CHAMRAJNAGAR,2013,Cotton(lint),30108.0
Karnataka,CHAMRAJNAGAR,2013,Cowpea(Lobia),1063.0
Karnataka,CHAMRAJNAGAR,2013,Dry chillies,412.0
Karnataka,CHAMRAJNAGAR,2013,Groundnut,13821.0
Karnataka,CHAMRAJNAGAR,2013,Horse-gram,210.0
Karnataka,CHAMRAJNAGAR,2013,Jowar,10716.0
Karnataka,CHAMRAJNAGAR,2013,Maize,133030.0
Karnataka,CHAMRAJNAGAR,2013,Moong(Green Gram),1079.0
Karnataka,CHAMRAJNAGAR,2013,Niger seed,94.0
Karnataka,CHAMRAJNAGAR,2013,Onion,11133.0
Karnataka,CHAMRAJNAGAR,2013,Other Kharif pulses,1948.0
Karnataka,CHAMRAJNAGAR,2013,Potato,1783.0
Karnataka,CHAMRAJNAGAR,2013,Ragi,22997.0
Karnataka,CHAMRAJNAGAR,2013,Rice,55778.0
Karnataka,CHAMRAJNAGAR,2013,Sesamum,737.0
Karnataka,CHAMRAJNAGAR,2013,Small millets,22.0
Karnataka,CHAMRAJNAGAR,2013,Sunflower,3960.0
Karnataka,CHAMRAJNAGAR,2013,Urad,1878.0
Karnataka,CHAMRAJNAGAR,2013,Cowpea(Lobia),49.0
Karnataka,CHAMRAJNAGAR,2013,Dry chillies,193.0
Karnataka,CHAMRAJNAGAR,2013,Gram,1911.0
Karnataka,CHAMRAJNAGAR,2013,Horse-gram,10344.0
Karnataka,CHAMRAJNAGAR,2013,Maize,4165.0
Karnataka,CHAMRAJNAGAR,2013,Moong(Green Gram),2.0
Karnataka,CHAMRAJNAGAR,2013,Onion,10661.0
Karnataka,CHAMRAJNAGAR,2013,Other  Rabi pulses,189.0
Karnataka,CHAMRAJNAGAR,2013,Potato,928.0
Karnataka,CHAMRAJNAGAR,2013,Ragi,530.0
Karnataka,CHAMRAJNAGAR,2013,Rice,65.0
Karnataka,CHAMRAJNAGAR,2013,Sunflower,33.0
Karnataka,CHAMRAJNAGAR,2013,Urad,32.0
Karnataka,CHAMRAJNAGAR,2013,Dry chillies,141.0
Karnataka,CHAMRAJNAGAR,2013,Maize,1790.0
Karnataka,CHAMRAJNAGAR,2013,Onion,4051.0
Karnataka,CHAMRAJNAGAR,2013,Potato,169.0
Karnataka,CHAMRAJNAGAR,2013,Ragi,881.0
Karnataka,CHAMRAJNAGAR,2013,Rice,1226.0
Karnataka,CHAMRAJNAGAR,2013,Sunflower,70.0
Karnataka,CHAMRAJNAGAR,2013,Arecanut,3308.0
Karnataka,CHAMRAJNAGAR,2013,Black pepper,124.0
Karnataka,CHAMRAJNAGAR,2013,Cardamom,1.0
Karnataka,CHAMRAJNAGAR,2013,Cashewnut,34.0
Karnataka,CHAMRAJNAGAR,2013,Coconut ,58513.0
Karnataka,CHAMRAJNAGAR,2013,Coriander,160.0
Karnataka,CHAMRAJNAGAR,2013,Dry ginger,829.0
Karnataka,CHAMRAJNAGAR,2013,Garlic,62.0
Karnataka,CHAMRAJNAGAR,2013,Sugarcane,289750.0
Karnataka,CHAMRAJNAGAR,2013,Tobacco,212.0
Karnataka,CHAMRAJNAGAR,2013,Turmeric,17886.0
Karnataka,CHAMRAJNAGAR,2014,Arhar/Tur,473.0
Karnataka,CHAMRAJNAGAR,2014,Bajra,458.0
Karnataka,CHAMRAJNAGAR,2014,Castor seed,128.0
Karnataka,CHAMRAJNAGAR,2014,Cotton(lint),17592.0
Karnataka,CHAMRAJNAGAR,2014,Cowpea(Lobia),870.0
Karnataka,CHAMRAJNAGAR,2014,Dry chillies,401.0
Karnataka,CHAMRAJNAGAR,2014,Groundnut,9333.0
Karnataka,CHAMRAJNAGAR,2014,Horse-gram,153.0
Karnataka,CHAMRAJNAGAR,2014,Jowar,6033.0
Karnataka,CHAMRAJNAGAR,2014,Maize,140127.0
Karnataka,CHAMRAJNAGAR,2014,Moong(Green Gram),990.0
Karnataka,CHAMRAJNAGAR,2014,Niger seed,33.0
Karnataka,CHAMRAJNAGAR,2014,Onion,9948.0
Karnataka,CHAMRAJNAGAR,2014,Other Kharif pulses,1009.0
Karnataka,CHAMRAJNAGAR,2014,Potato,905.0
Karnataka,CHAMRAJNAGAR,2014,Ragi,23812.0
Karnataka,CHAMRAJNAGAR,2014,Rice,44455.0
Karnataka,CHAMRAJNAGAR,2014,Sesamum,204.0
Karnataka,CHAMRAJNAGAR,2014,Small millets,24.0
Karnataka,CHAMRAJNAGAR,2014,Sunflower,2223.0
Karnataka,CHAMRAJNAGAR,2014,Urad,920.0
Karnataka,CHAMRAJNAGAR,2014,Dry chillies,124.0
Karnataka,CHAMRAJNAGAR,2014,Gram,1656.0
Karnataka,CHAMRAJNAGAR,2014,Horse-gram,6705.0
Karnataka,CHAMRAJNAGAR,2014,Linseed,1.0
Karnataka,CHAMRAJNAGAR,2014,Maize,2616.0
Karnataka,CHAMRAJNAGAR,2014,Onion,8059.0
Karnataka,CHAMRAJNAGAR,2014,Other  Rabi pulses,23.0
Karnataka,CHAMRAJNAGAR,2014,Potato,354.0
Karnataka,CHAMRAJNAGAR,2014,Ragi,208.0
Karnataka,CHAMRAJNAGAR,2014,Rice,57.0
Karnataka,CHAMRAJNAGAR,2014,Sunflower,1.0
Karnataka,CHAMRAJNAGAR,2014,Dry chillies,158.0
Karnataka,CHAMRAJNAGAR,2014,Maize,4775.0
Karnataka,CHAMRAJNAGAR,2014,Onion,3326.0
Karnataka,CHAMRAJNAGAR,2014,Potato,41.0
Karnataka,CHAMRAJNAGAR,2014,Ragi,76.0
Karnataka,CHAMRAJNAGAR,2014,Rice,209.0
Karnataka,CHAMRAJNAGAR,2014,Arecanut,2776.0
Karnataka,CHAMRAJNAGAR,2014,Black pepper,217.0
Karnataka,CHAMRAJNAGAR,2014,Cardamom,1.0
Karnataka,CHAMRAJNAGAR,2014,Cashewnut,23.0
Karnataka,CHAMRAJNAGAR,2014,Coconut ,81403.0
Karnataka,CHAMRAJNAGAR,2014,Coriander,146.0
Karnataka,CHAMRAJNAGAR,2014,Dry ginger,988.0
Karnataka,CHAMRAJNAGAR,2014,Garlic,109.0
Karnataka,CHAMRAJNAGAR,2014,Sugarcane,298703.0
Karnataka,CHAMRAJNAGAR,2014,Tapioca,135.0
Karnataka,CHAMRAJNAGAR,2014,Tobacco,63.0
Karnataka,CHAMRAJNAGAR,2014,Turmeric,31448.0
Karnataka,CHIKBALLAPURA,2007,Arhar/Tur,3001.0
Karnataka,CHIKBALLAPURA,2007,Castor seed,390.0
Karnataka,CHIKBALLAPURA,2007,Dry chillies,407.0
Karnataka,CHIKBALLAPURA,2007,Groundnut,37352.0
Karnataka,CHIKBALLAPURA,2007,Horse-gram,163.0
Karnataka,CHIKBALLAPURA,2007,Maize,57155.0
Karnataka,CHIKBALLAPURA,2007,Niger seed,229.0
Karnataka,CHIKBALLAPURA,2007,Onion,1651.0
Karnataka,CHIKBALLAPURA,2007,Other Kharif pulses,2901.0
Karnataka,CHIKBALLAPURA,2007,Potato,1148.0
Karnataka,CHIKBALLAPURA,2007,Ragi,52440.0
Karnataka,CHIKBALLAPURA,2007,Rapeseed &Mustard,155.0
Karnataka,CHIKBALLAPURA,2007,Rice,10646.0
Karnataka,CHIKBALLAPURA,2007,Sunflower,163.0
Karnataka,CHIKBALLAPURA,2007,Dry chillies,70.0
Karnataka,CHIKBALLAPURA,2007,Groundnut,2549.0
Karnataka,CHIKBALLAPURA,2007,Horse-gram,76.0
Karnataka,CHIKBALLAPURA,2007,Maize,837.0
Karnataka,CHIKBALLAPURA,2007,Onion,1313.0
Karnataka,CHIKBALLAPURA,2007,Potato,7772.0
Karnataka,CHIKBALLAPURA,2007,Ragi,95.0
Karnataka,CHIKBALLAPURA,2007,Rice,239.0
Karnataka,CHIKBALLAPURA,2007,Sunflower,510.0
Karnataka,CHIKBALLAPURA,2007,Dry chillies,430.0
Karnataka,CHIKBALLAPURA,2007,Maize,1534.0
Karnataka,CHIKBALLAPURA,2007,Onion,1343.0
Karnataka,CHIKBALLAPURA,2007,Potato,1244.0
Karnataka,CHIKBALLAPURA,2007,Ragi,494.0
Karnataka,CHIKBALLAPURA,2007,Rice,5443.0
Karnataka,CHIKBALLAPURA,2007,Sunflower,1580.0
Karnataka,CHIKBALLAPURA,2007,Banana,7490.0
Karnataka,CHIKBALLAPURA,2007,Coconut ,3208.0
Karnataka,CHIKBALLAPURA,2007,Coriander,13.0
Karnataka,CHIKBALLAPURA,2008,Arhar/Tur,4309.0
Karnataka,CHIKBALLAPURA,2008,Castor seed,692.0
Karnataka,CHIKBALLAPURA,2008,Dry chillies,373.0
Karnataka,CHIKBALLAPURA,2008,Groundnut,29488.0
Karnataka,CHIKBALLAPURA,2008,Horse-gram,854.0
Karnataka,CHIKBALLAPURA,2008,Maize,114091.0
Karnataka,CHIKBALLAPURA,2008,Niger seed,157.0
Karnataka,CHIKBALLAPURA,2008,Onion,1535.0
Karnataka,CHIKBALLAPURA,2008,Other Kharif pulses,5117.0
Karnataka,CHIKBALLAPURA,2008,Potato,662.0
Karnataka,CHIKBALLAPURA,2008,Ragi,72005.0
Karnataka,CHIKBALLAPURA,2008,Rice,15014.0
Karnataka,CHIKBALLAPURA,2008,Sunflower,392.0
Karnataka,CHIKBALLAPURA,2008,Gram,115.0
Karnataka,CHIKBALLAPURA,2008,Groundnut,753.0
Karnataka,CHIKBALLAPURA,2008,Horse-gram,299.0
Karnataka,CHIKBALLAPURA,2008,Maize,4575.0
Karnataka,CHIKBALLAPURA,2008,Onion,1796.0
Karnataka,CHIKBALLAPURA,2008,Potato,15192.0
Karnataka,CHIKBALLAPURA,2008,Ragi,123.0
Karnataka,CHIKBALLAPURA,2008,Sunflower,1064.0
Karnataka,CHIKBALLAPURA,2008,Dry chillies,13.0
Karnataka,CHIKBALLAPURA,2008,Maize,2971.0
Karnataka,CHIKBALLAPURA,2008,Onion,240.0
Karnataka,CHIKBALLAPURA,2008,Potato,241.0
Karnataka,CHIKBALLAPURA,2008,Ragi,286.0
Karnataka,CHIKBALLAPURA,2008,Rice,9590.0
Karnataka,CHIKBALLAPURA,2008,Sunflower,1800.0
Karnataka,CHIKBALLAPURA,2008,Banana,42377.0
Karnataka,CHIKBALLAPURA,2008,Cashewnut,718.56
Karnataka,CHIKBALLAPURA,2008,Coconut ,4789.0
Karnataka,CHIKBALLAPURA,2008,Coriander,6.0
Karnataka,CHIKBALLAPURA,2009,Arhar/Tur,1539.0
Karnataka,CHIKBALLAPURA,2009,Castor seed,159.0
Karnataka,CHIKBALLAPURA,2009,Gram,2038.0
Karnataka,CHIKBALLAPURA,2009,Groundnut,9752.0
Karnataka,CHIKBALLAPURA,2009,Horse-gram,2038.0
Karnataka,CHIKBALLAPURA,2009,Maize,114248.0
Karnataka,CHIKBALLAPURA,2009,Niger seed,24.0
Karnataka,CHIKBALLAPURA,2009,Onion,1296.0
Karnataka,CHIKBALLAPURA,2009,Other Kharif pulses,4000.0
Karnataka,CHIKBALLAPURA,2009,Potato,2691.0
Karnataka,CHIKBALLAPURA,2009,Ragi,49654.0
Karnataka,CHIKBALLAPURA,2009,Rice,6742.0
Karnataka,CHIKBALLAPURA,2009,Small millets,18.0
Karnataka,CHIKBALLAPURA,2009,Sunflower,202.0
Karnataka,CHIKBALLAPURA,2009,Dry chillies,66.0
Karnataka,CHIKBALLAPURA,2009,Gram,1192.0
Karnataka,CHIKBALLAPURA,2009,Groundnut,668.0
Karnataka,CHIKBALLAPURA,2009,Horse-gram,1192.0
Karnataka,CHIKBALLAPURA,2009,Maize,1182.0
Karnataka,CHIKBALLAPURA,2009,Onion,2212.0
Karnataka,CHIKBALLAPURA,2009,Other  Rabi pulses,11.0
Karnataka,CHIKBALLAPURA,2009,Potato,13463.0
Karnataka,CHIKBALLAPURA,2009,Ragi,131.0
Karnataka,CHIKBALLAPURA,2009,Rapeseed &Mustard,122.0
Karnataka,CHIKBALLAPURA,2009,Rice,209.0
Karnataka,CHIKBALLAPURA,2009,Sunflower,415.0
Karnataka,CHIKBALLAPURA,2009,Maize,3211.0
Karnataka,CHIKBALLAPURA,2009,Onion,252.0
Karnataka,CHIKBALLAPURA,2009,Potato,480.0
Karnataka,CHIKBALLAPURA,2009,Ragi,154.0
Karnataka,CHIKBALLAPURA,2009,Rice,1552.0
Karnataka,CHIKBALLAPURA,2009,Sunflower,1731.0
Karnataka,CHIKBALLAPURA,2009,Banana,41284.0
Karnataka,CHIKBALLAPURA,2009,Cashewnut,2971.0
Karnataka,CHIKBALLAPURA,2009,Coconut ,5837.0
Karnataka,CHIKBALLAPURA,2009,Coriander,7.0
Karnataka,CHIKBALLAPURA,2009,Sugarcane,3934.0
Karnataka,CHIKBALLAPURA,2010,Arhar/Tur,9260.0
Karnataka,CHIKBALLAPURA,2010,Bajra,42.0
Karnataka,CHIKBALLAPURA,2010,Castor seed,276.0
Karnataka,CHIKBALLAPURA,2010,Cotton(lint),244.0
Karnataka,CHIKBALLAPURA,2010,Cowpea(Lobia),1012.0
Karnataka,CHIKBALLAPURA,2010,Dry chillies,2946.0
Karnataka,CHIKBALLAPURA,2010,Groundnut,36728.0
Karnataka,CHIKBALLAPURA,2010,Horse-gram,1817.0
Karnataka,CHIKBALLAPURA,2010,Jowar,3711.0
Karnataka,CHIKBALLAPURA,2010,Maize,125131.0
Karnataka,CHIKBALLAPURA,2010,Niger seed,65.0
Karnataka,CHIKBALLAPURA,2010,Onion,4026.0
Karnataka,CHIKBALLAPURA,2010,Other Kharif pulses,4099.0
Karnataka,CHIKBALLAPURA,2010,Peas & beans (Pulses),6545.0
Karnataka,CHIKBALLAPURA,2010,Potato,10891.0
Karnataka,CHIKBALLAPURA,2010,Ragi,83787.0
Karnataka,CHIKBALLAPURA,2010,Rice,21666.0
Karnataka,CHIKBALLAPURA,2010,Small millets,22.0
Karnataka,CHIKBALLAPURA,2010,Sunflower,79.0
Karnataka,CHIKBALLAPURA,2010,Cotton(lint),291.0
Karnataka,CHIKBALLAPURA,2010,Cowpea(Lobia),2.0
Karnataka,CHIKBALLAPURA,2010,Dry chillies,209.0
Karnataka,CHIKBALLAPURA,2010,Gram,14.0
Karnataka,CHIKBALLAPURA,2010,Groundnut,641.0
Karnataka,CHIKBALLAPURA,2010,Horse-gram,254.0
Karnataka,CHIKBALLAPURA,2010,Maize,4627.0
Karnataka,CHIKBALLAPURA,2010,Onion,4143.0
Karnataka,CHIKBALLAPURA,2010,Peas & beans (Pulses),2887.0
Karnataka,CHIKBALLAPURA,2010,Potato,15194.0
Karnataka,CHIKBALLAPURA,2010,Ragi,468.0
Karnataka,CHIKBALLAPURA,2010,Rapeseed &Mustard,51.0
Karnataka,CHIKBALLAPURA,2010,Rice,2748.0
Karnataka,CHIKBALLAPURA,2010,Sunflower,811.0
Karnataka,CHIKBALLAPURA,2010,Maize,2132.0
Karnataka,CHIKBALLAPURA,2010,Onion,160.0
Karnataka,CHIKBALLAPURA,2010,Peas & beans (Pulses),664.0
Karnataka,CHIKBALLAPURA,2010,Potato,261.0
Karnataka,CHIKBALLAPURA,2010,Ragi,112.0
Karnataka,CHIKBALLAPURA,2010,Rice,5108.0
Karnataka,CHIKBALLAPURA,2010,Sunflower,738.0
Karnataka,CHIKBALLAPURA,2010,Arecanut,3201.0
Karnataka,CHIKBALLAPURA,2010,Banana,50586.0
Karnataka,CHIKBALLAPURA,2010,Cashewnut,1446.0
Karnataka,CHIKBALLAPURA,2010,Coconut ,11500.0
Karnataka,CHIKBALLAPURA,2010,Coriander,5.0
Karnataka,CHIKBALLAPURA,2010,Dry ginger,25.3
Karnataka,CHIKBALLAPURA,2010,Garlic,1.0
Karnataka,CHIKBALLAPURA,2010,Sugarcane,25872.0
Karnataka,CHIKBALLAPURA,2010,Sweet potato,8.0
Karnataka,CHIKBALLAPURA,2011,Arhar/Tur,4951.0
Karnataka,CHIKBALLAPURA,2011,Bajra,1001.0
Karnataka,CHIKBALLAPURA,2011,Castor seed,99.0
Karnataka,CHIKBALLAPURA,2011,Cotton(lint),416.0
Karnataka,CHIKBALLAPURA,2011,Cowpea(Lobia),691.0
Karnataka,CHIKBALLAPURA,2011,Dry chillies,490.0
Karnataka,CHIKBALLAPURA,2011,Groundnut,17639.0
Karnataka,CHIKBALLAPURA,2011,Horse-gram,210.0
Karnataka,CHIKBALLAPURA,2011,Maize,157526.0
Karnataka,CHIKBALLAPURA,2011,Niger seed,95.0
Karnataka,CHIKBALLAPURA,2011,Onion,2483.0
Karnataka,CHIKBALLAPURA,2011,Other Kharif pulses,3200.0
Karnataka,CHIKBALLAPURA,2011,Peas & beans (Pulses),5295.0
Karnataka,CHIKBALLAPURA,2011,Potato,3340.0
Karnataka,CHIKBALLAPURA,2011,Ragi,72066.0
Karnataka,CHIKBALLAPURA,2011,Rice,15249.0
Karnataka,CHIKBALLAPURA,2011,Small millets,40.0
Karnataka,CHIKBALLAPURA,2011,Sunflower,60.0
Karnataka,CHIKBALLAPURA,2011,Cotton(lint),113.0
Karnataka,CHIKBALLAPURA,2011,Cowpea(Lobia),8.0
Karnataka,CHIKBALLAPURA,2011,Dry chillies,130.0
Karnataka,CHIKBALLAPURA,2011,Gram,47.0
Karnataka,CHIKBALLAPURA,2011,Groundnut,262.0
Karnataka,CHIKBALLAPURA,2011,Horse-gram,95.0
Karnataka,CHIKBALLAPURA,2011,Maize,1507.0
Karnataka,CHIKBALLAPURA,2011,Onion,3406.0
Karnataka,CHIKBALLAPURA,2011,Peas & beans (Pulses),1657.0
Karnataka,CHIKBALLAPURA,2011,Potato,19679.0
Karnataka,CHIKBALLAPURA,2011,Ragi,44.0
Karnataka,CHIKBALLAPURA,2011,Rapeseed &Mustard,172.0
Karnataka,CHIKBALLAPURA,2011,Sunflower,267.0
Karnataka,CHIKBALLAPURA,2011,Dry chillies,81.0
Karnataka,CHIKBALLAPURA,2011,Maize,4357.0
Karnataka,CHIKBALLAPURA,2011,Onion,462.0
Karnataka,CHIKBALLAPURA,2011,Peas & beans (Pulses),980.0
Karnataka,CHIKBALLAPURA,2011,Potato,289.0
Karnataka,CHIKBALLAPURA,2011,Ragi,401.0
Karnataka,CHIKBALLAPURA,2011,Rice,1594.0
Karnataka,CHIKBALLAPURA,2011,Sunflower,1279.0
Karnataka,CHIKBALLAPURA,2011,Arecanut,1288.0
Karnataka,CHIKBALLAPURA,2011,Banana,76734.0
Karnataka,CHIKBALLAPURA,2011,Cashewnut,3212.0
Karnataka,CHIKBALLAPURA,2011,Coconut ,31734.0
Karnataka,CHIKBALLAPURA,2011,Dry ginger,50.9
Karnataka,CHIKBALLAPURA,2011,Garlic,37.0
Karnataka,CHIKBALLAPURA,2011,Sugarcane,18422.0
Karnataka,CHIKBALLAPURA,2011,Sweet potato,146.0
Karnataka,CHIKBALLAPURA,2011,Turmeric,30.0
Karnataka,CHIKBALLAPURA,2012,Arhar/Tur,2210.0
Karnataka,CHIKBALLAPURA,2012,Castor seed,33.0
Karnataka,CHIKBALLAPURA,2012,Cotton(lint),276.0
Karnataka,CHIKBALLAPURA,2012,Cowpea(Lobia),1807.0
Karnataka,CHIKBALLAPURA,2012,Dry chillies,496.0
Karnataka,CHIKBALLAPURA,2012,Groundnut,10139.0
Karnataka,CHIKBALLAPURA,2012,Horse-gram,266.0
Karnataka,CHIKBALLAPURA,2012,Jowar,3396.0
Karnataka,CHIKBALLAPURA,2012,Maize,165143.0
Karnataka,CHIKBALLAPURA,2012,Niger seed,41.0
Karnataka,CHIKBALLAPURA,2012,Onion,2463.0
Karnataka,CHIKBALLAPURA,2012,Other Kharif pulses,6347.0
Karnataka,CHIKBALLAPURA,2012,Potato,2997.0
Karnataka,CHIKBALLAPURA,2012,Ragi,94558.0
Karnataka,CHIKBALLAPURA,2012,Rapeseed &Mustard,96.0
Karnataka,CHIKBALLAPURA,2012,Rice,8623.0
Karnataka,CHIKBALLAPURA,2012,Sunflower,21.0
Karnataka,CHIKBALLAPURA,2012,Cowpea(Lobia),7.0
Karnataka,CHIKBALLAPURA,2012,Dry chillies,169.0
Karnataka,CHIKBALLAPURA,2012,Gram,32.0
Karnataka,CHIKBALLAPURA,2012,Horse-gram,81.0
Karnataka,CHIKBALLAPURA,2012,Maize,2345.0
Karnataka,CHIKBALLAPURA,2012,Onion,8334.0
Karnataka,CHIKBALLAPURA,2012,Potato,26186.0
Karnataka,CHIKBALLAPURA,2012,Ragi,202.0
Karnataka,CHIKBALLAPURA,2012,Sunflower,408.0
Karnataka,CHIKBALLAPURA,2012,Cotton(lint),97.0
Karnataka,CHIKBALLAPURA,2012,Cowpea(Lobia),2.0
Karnataka,CHIKBALLAPURA,2012,Dry chillies,54.0
Karnataka,CHIKBALLAPURA,2012,Groundnut,299.0
Karnataka,CHIKBALLAPURA,2012,Maize,2373.0
Karnataka,CHIKBALLAPURA,2012,Onion,340.0
Karnataka,CHIKBALLAPURA,2012,Potato,371.0
Karnataka,CHIKBALLAPURA,2012,Ragi,208.0
Karnataka,CHIKBALLAPURA,2012,Rice,422.0
Karnataka,CHIKBALLAPURA,2012,Sunflower,757.0
Karnataka,CHIKBALLAPURA,2012,Arecanut,1276.0
Karnataka,CHIKBALLAPURA,2012,Cashewnut,3250.0
Karnataka,CHIKBALLAPURA,2012,Coconut ,30433.0
Karnataka,CHIKBALLAPURA,2012,Coriander,56.0
Karnataka,CHIKBALLAPURA,2012,Dry ginger,478.0
Karnataka,CHIKBALLAPURA,2012,Garlic,43.0
Karnataka,CHIKBALLAPURA,2012,Sugarcane,17723.0
Karnataka,CHIKBALLAPURA,2012,Sweet potato,155.0
Karnataka,CHIKBALLAPURA,2012,Turmeric,28.0
Karnataka,CHIKBALLAPURA,2013,Arhar/Tur,4033.0
Karnataka,CHIKBALLAPURA,2013,Bajra,2.0
Karnataka,CHIKBALLAPURA,2013,Castor seed,50.0
Karnataka,CHIKBALLAPURA,2013,Cotton(lint),474.0
Karnataka,CHIKBALLAPURA,2013,Cowpea(Lobia),338.0
Karnataka,CHIKBALLAPURA,2013,Dry chillies,21.0
Karnataka,CHIKBALLAPURA,2013,Groundnut,16665.0
Karnataka,CHIKBALLAPURA,2013,Horse-gram,640.0
Karnataka,CHIKBALLAPURA,2013,Jowar,8721.0
Karnataka,CHIKBALLAPURA,2013,Maize,210102.0
Karnataka,CHIKBALLAPURA,2013,Niger seed,17.0
Karnataka,CHIKBALLAPURA,2013,Onion,2732.0
Karnataka,CHIKBALLAPURA,2013,Other Kharif pulses,3279.0
Karnataka,CHIKBALLAPURA,2013,Potato,3034.0
Karnataka,CHIKBALLAPURA,2013,Ragi,105218.0
Karnataka,CHIKBALLAPURA,2013,Rapeseed &Mustard,94.0
Karnataka,CHIKBALLAPURA,2013,Rice,5983.0
Karnataka,CHIKBALLAPURA,2013,Small millets,90.0
Karnataka,CHIKBALLAPURA,2013,Sunflower,6.0
Karnataka,CHIKBALLAPURA,2013,Dry chillies,121.0
Karnataka,CHIKBALLAPURA,2013,Gram,159.0
Karnataka,CHIKBALLAPURA,2013,Horse-gram,298.0
Karnataka,CHIKBALLAPURA,2013,Maize,1367.0
Karnataka,CHIKBALLAPURA,2013,Onion,1433.0
Karnataka,CHIKBALLAPURA,2013,Potato,27675.0
Karnataka,CHIKBALLAPURA,2013,Ragi,69.0
Karnataka,CHIKBALLAPURA,2013,Sunflower,107.0
Karnataka,CHIKBALLAPURA,2013,Dry chillies,56.0
Karnataka,CHIKBALLAPURA,2013,Groundnut,97.0
Karnataka,CHIKBALLAPURA,2013,Maize,265.0
Karnataka,CHIKBALLAPURA,2013,Onion,440.0
Karnataka,CHIKBALLAPURA,2013,Potato,211.0
Karnataka,CHIKBALLAPURA,2013,Ragi,20.0
Karnataka,CHIKBALLAPURA,2013,Rice,26.0
Karnataka,CHIKBALLAPURA,2013,Sunflower,121.0
Karnataka,CHIKBALLAPURA,2013,Arecanut,1771.0
Karnataka,CHIKBALLAPURA,2013,Cashewnut,2444.0
Karnataka,CHIKBALLAPURA,2013,Coconut ,24524.0
Karnataka,CHIKBALLAPURA,2013,Dry ginger,359.0
Karnataka,CHIKBALLAPURA,2013,Garlic,24.0
Karnataka,CHIKBALLAPURA,2013,Sweet potato,88.0
Karnataka,CHIKBALLAPURA,2013,Turmeric,29.0
Karnataka,CHIKBALLAPURA,2014,Arhar/Tur,1834.0
Karnataka,CHIKBALLAPURA,2014,Castor seed,44.0
Karnataka,CHIKBALLAPURA,2014,Cotton(lint),183.0
Karnataka,CHIKBALLAPURA,2014,Cowpea(Lobia),910.0
Karnataka,CHIKBALLAPURA,2014,Dry chillies,427.0
Karnataka,CHIKBALLAPURA,2014,Groundnut,9405.0
Karnataka,CHIKBALLAPURA,2014,Horse-gram,747.0
Karnataka,CHIKBALLAPURA,2014,Jowar,1152.0
Karnataka,CHIKBALLAPURA,2014,Maize,129627.0
Karnataka,CHIKBALLAPURA,2014,Niger seed,2.0
Karnataka,CHIKBALLAPURA,2014,Onion,2891.0
Karnataka,CHIKBALLAPURA,2014,Other Kharif pulses,2570.0
Karnataka,CHIKBALLAPURA,2014,Potato,2659.0
Karnataka,CHIKBALLAPURA,2014,Ragi,69310.0
Karnataka,CHIKBALLAPURA,2014,Rapeseed &Mustard,47.0
Karnataka,CHIKBALLAPURA,2014,Rice,1900.0
Karnataka,CHIKBALLAPURA,2014,Small millets,35.0
Karnataka,CHIKBALLAPURA,2014,Sunflower,3.0
Karnataka,CHIKBALLAPURA,2014,Dry chillies,574.0
Karnataka,CHIKBALLAPURA,2014,Gram,47.0
Karnataka,CHIKBALLAPURA,2014,Horse-gram,62.0
Karnataka,CHIKBALLAPURA,2014,Maize,946.0
Karnataka,CHIKBALLAPURA,2014,Onion,4697.0
Karnataka,CHIKBALLAPURA,2014,Potato,29905.0
Karnataka,CHIKBALLAPURA,2014,Ragi,86.0
Karnataka,CHIKBALLAPURA,2014,Sunflower,36.0
Karnataka,CHIKBALLAPURA,2014,Dry chillies,37.0
Karnataka,CHIKBALLAPURA,2014,Groundnut,89.0
Karnataka,CHIKBALLAPURA,2014,Maize,1344.0
Karnataka,CHIKBALLAPURA,2014,Onion,231.0
Karnataka,CHIKBALLAPURA,2014,Potato,192.0
Karnataka,CHIKBALLAPURA,2014,Ragi,230.0
Karnataka,CHIKBALLAPURA,2014,Rice,27.0
Karnataka,CHIKBALLAPURA,2014,Sunflower,62.0
Karnataka,CHIKBALLAPURA,2014,Arecanut,1295.0
Karnataka,CHIKBALLAPURA,2014,Cashewnut,3004.0
Karnataka,CHIKBALLAPURA,2014,Coconut ,18624.0
Karnataka,CHIKBALLAPURA,2014,Coriander,46.0
Karnataka,CHIKBALLAPURA,2014,Dry ginger,290.0
Karnataka,CHIKBALLAPURA,2014,Garlic,85.0
Karnataka,CHIKBALLAPURA,2014,Sugarcane,5290.0
Karnataka,CHIKBALLAPURA,2014,Sweet potato,153.0
Karnataka,CHIKMAGALUR,1997,Arhar/Tur,217.0
Karnataka,CHIKMAGALUR,1997,Black pepper,42.0
Karnataka,CHIKMAGALUR,1997,Dry chillies,3097.0
Karnataka,CHIKMAGALUR,1997,Dry ginger,86.0
Karnataka,CHIKMAGALUR,1997,Groundnut,6189.0
Karnataka,CHIKMAGALUR,1997,Horse-gram,3581.0
Karnataka,CHIKMAGALUR,1997,Jowar,10074.0
Karnataka,CHIKMAGALUR,1997,Maize,742.0
Karnataka,CHIKMAGALUR,1997,Paddy,169273.0
Karnataka,CHIKMAGALUR,1997,Ragi,60319.0
Karnataka,CHIKMAGALUR,1997,Rice,112905.0
Karnataka,CHIKMAGALUR,1997,Groundnut,3964.0
Karnataka,CHIKMAGALUR,1997,Horse-gram,5574.0
Karnataka,CHIKMAGALUR,1997,Jowar,6417.0
Karnataka,CHIKMAGALUR,1997,Wheat,39.0
Karnataka,CHIKMAGALUR,1997,Paddy,18051.0
Karnataka,CHIKMAGALUR,1997,Rice,12040.0
Karnataka,CHIKMAGALUR,1997,Arecanut,14293.0
Karnataka,CHIKMAGALUR,1997,Cardamom,190.0
Karnataka,CHIKMAGALUR,1997,Coriander,120.0
Karnataka,CHIKMAGALUR,1997,Garlic,19.0
Karnataka,CHIKMAGALUR,1997,Sugarcane,163978.0
Karnataka,CHIKMAGALUR,1997,Turmeric,15.0
Karnataka,CHIKMAGALUR,1998,Arhar/Tur,482.0
Karnataka,CHIKMAGALUR,1998,Castor seed,1230.0
Karnataka,CHIKMAGALUR,1998,Cotton(lint),4898.0
Karnataka,CHIKMAGALUR,1998,Dry ginger,880.0
Karnataka,CHIKMAGALUR,1998,Groundnut,7173.0
Karnataka,CHIKMAGALUR,1998,Horse-gram,3479.0
Karnataka,CHIKMAGALUR,1998,Jowar,5047.0
Karnataka,CHIKMAGALUR,1998,Maize,1567.0
Karnataka,CHIKMAGALUR,1998,Moong(Green Gram),287.0
Karnataka,CHIKMAGALUR,1998,Niger seed,453.0
Karnataka,CHIKMAGALUR,1998,Onion,22574.0
Karnataka,CHIKMAGALUR,1998,Peas & beans (Pulses),571.0
Karnataka,CHIKMAGALUR,1998,Potato,14083.0
Karnataka,CHIKMAGALUR,1998,Ragi,104235.0
Karnataka,CHIKMAGALUR,1998,Rapeseed &Mustard,139.0
Karnataka,CHIKMAGALUR,1998,Rice,108109.0
Karnataka,CHIKMAGALUR,1998,Sesamum,2386.0
Karnataka,CHIKMAGALUR,1998,Soyabean,124.0
Karnataka,CHIKMAGALUR,1998,Sunflower,11206.0
Karnataka,CHIKMAGALUR,1998,Gram,3476.0
Karnataka,CHIKMAGALUR,1998,Groundnut,2847.0
Karnataka,CHIKMAGALUR,1998,Horse-gram,5050.0
Karnataka,CHIKMAGALUR,1998,Jowar,7054.0
Karnataka,CHIKMAGALUR,1998,Moong(Green Gram),39.0
Karnataka,CHIKMAGALUR,1998,Onion,103.0
Karnataka,CHIKMAGALUR,1998,Peas & beans (Pulses),73.0
Karnataka,CHIKMAGALUR,1998,Safflower,125.0
Karnataka,CHIKMAGALUR,1998,Sunflower,49.0
Karnataka,CHIKMAGALUR,1998,Wheat,58.0
Karnataka,CHIKMAGALUR,1998,Peas & beans (Pulses),225.0
Karnataka,CHIKMAGALUR,1998,Rice,10704.0
Karnataka,CHIKMAGALUR,1998,Sunflower,1.0
Karnataka,CHIKMAGALUR,1998,Arecanut,76737.0
Karnataka,CHIKMAGALUR,1998,Black pepper,711.0
Karnataka,CHIKMAGALUR,1998,Cardamom,158.0
Karnataka,CHIKMAGALUR,1998,Coconut ,75720.0
Karnataka,CHIKMAGALUR,1998,Coriander,142.0
Karnataka,CHIKMAGALUR,1998,Dry chillies,809.0
Karnataka,CHIKMAGALUR,1998,Garlic,19.0
Karnataka,CHIKMAGALUR,1998,Turmeric,96.0
Karnataka,CHIKMAGALUR,1999,Arhar/Tur,679.0
Karnataka,CHIKMAGALUR,1999,Castor seed,690.0
Karnataka,CHIKMAGALUR,1999,Cotton(lint),2489.0
Karnataka,CHIKMAGALUR,1999,Dry ginger,868.0
Karnataka,CHIKMAGALUR,1999,Groundnut,3099.0
Karnataka,CHIKMAGALUR,1999,Horse-gram,1842.0
Karnataka,CHIKMAGALUR,1999,Jowar,3393.0
Karnataka,CHIKMAGALUR,1999,Maize,489.0
Karnataka,CHIKMAGALUR,1999,Moong(Green Gram),801.0
Karnataka,CHIKMAGALUR,1999,Niger seed,255.0
Karnataka,CHIKMAGALUR,1999,Other Kharif pulses,1321.0
Karnataka,CHIKMAGALUR,1999,Ragi,89066.0
Karnataka,CHIKMAGALUR,1999,Rice,114524.0
Karnataka,CHIKMAGALUR,1999,Sesamum,5010.0
Karnataka,CHIKMAGALUR,1999,Small millets,296.0
Karnataka,CHIKMAGALUR,1999,Soyabean,91.0
Karnataka,CHIKMAGALUR,1999,Sunflower,3005.0
Karnataka,CHIKMAGALUR,1999,Urad,386.0
Karnataka,CHIKMAGALUR,1999,Gram,1547.0
Karnataka,CHIKMAGALUR,1999,Groundnut,2785.0
Karnataka,CHIKMAGALUR,1999,Horse-gram,5712.0
Karnataka,CHIKMAGALUR,1999,Jowar,5938.0
Karnataka,CHIKMAGALUR,1999,Moong(Green Gram),8.0
Karnataka,CHIKMAGALUR,1999,Other  Rabi pulses,13.0
Karnataka,CHIKMAGALUR,1999,Rapeseed &Mustard,98.0
Karnataka,CHIKMAGALUR,1999,Safflower,188.0
Karnataka,CHIKMAGALUR,1999,Sunflower,16.0
Karnataka,CHIKMAGALUR,1999,Urad,17.0
Karnataka,CHIKMAGALUR,1999,Wheat,27.0
Karnataka,CHIKMAGALUR,1999,Rice,14836.0
Karnataka,CHIKMAGALUR,1999,Sunflower,1.0
Karnataka,CHIKMAGALUR,1999,Banana,26822.0
Karnataka,CHIKMAGALUR,1999,Black pepper,1056.0
Karnataka,CHIKMAGALUR,1999,Cardamom,160.0
Karnataka,CHIKMAGALUR,1999,Coconut ,76022.0
Karnataka,CHIKMAGALUR,1999,Coriander,130.0
Karnataka,CHIKMAGALUR,1999,Dry chillies,1641.0
Karnataka,CHIKMAGALUR,1999,Garlic,19.0
Karnataka,CHIKMAGALUR,1999,Onion,30946.0
Karnataka,CHIKMAGALUR,1999,Potato,16070.0
Karnataka,CHIKMAGALUR,1999,Sugarcane,140790.0
Karnataka,CHIKMAGALUR,1999,Sweet potato,198.0
Karnataka,CHIKMAGALUR,1999,Tapioca,217.0
Karnataka,CHIKMAGALUR,1999,Tobacco,53.0
Karnataka,CHIKMAGALUR,1999,Turmeric,87.0
Karnataka,CHIKMAGALUR,2000,Arhar/Tur,146.0
Karnataka,CHIKMAGALUR,2000,Castor seed,1127.0
Karnataka,CHIKMAGALUR,2000,Cotton(lint),2906.0
Karnataka,CHIKMAGALUR,2000,Dry ginger,6382.0
Karnataka,CHIKMAGALUR,2000,Groundnut,3393.0
Karnataka,CHIKMAGALUR,2000,Horse-gram,1328.0
Karnataka,CHIKMAGALUR,2000,Jowar,3958.0
Karnataka,CHIKMAGALUR,2000,Maize,1237.0
Karnataka,CHIKMAGALUR,2000,Moong(Green Gram),544.0
Karnataka,CHIKMAGALUR,2000,Niger seed,206.0
Karnataka,CHIKMAGALUR,2000,Other Kharif pulses,1831.0
Karnataka,CHIKMAGALUR,2000,Ragi,116628.0
Karnataka,CHIKMAGALUR,2000,Rice,114036.0
Karnataka,CHIKMAGALUR,2000,Sesamum,2925.0
Karnataka,CHIKMAGALUR,2000,Small millets,379.0
Karnataka,CHIKMAGALUR,2000,Soyabean,132.0
Karnataka,CHIKMAGALUR,2000,Sunflower,5013.0
Karnataka,CHIKMAGALUR,2000,Urad,263.0
Karnataka,CHIKMAGALUR,2000,Gram,1388.0
Karnataka,CHIKMAGALUR,2000,Groundnut,1530.0
Karnataka,CHIKMAGALUR,2000,Horse-gram,3932.0
Karnataka,CHIKMAGALUR,2000,Jowar,3488.0
Karnataka,CHIKMAGALUR,2000,Moong(Green Gram),10.0
Karnataka,CHIKMAGALUR,2000,Other  Rabi pulses,13.0
Karnataka,CHIKMAGALUR,2000,Rapeseed &Mustard,106.0
Karnataka,CHIKMAGALUR,2000,Safflower,222.0
Karnataka,CHIKMAGALUR,2000,Sunflower,8.0
Karnataka,CHIKMAGALUR,2000,Urad,7.0
Karnataka,CHIKMAGALUR,2000,Wheat,10.0
Karnataka,CHIKMAGALUR,2000,Rice,7102.0
Karnataka,CHIKMAGALUR,2000,Arecanut,16249.0
Karnataka,CHIKMAGALUR,2000,Banana,23136.0
Karnataka,CHIKMAGALUR,2000,Black pepper,1018.0
Karnataka,CHIKMAGALUR,2000,Cardamom,161.0
Karnataka,CHIKMAGALUR,2000,Coconut ,76022.0
Karnataka,CHIKMAGALUR,2000,Coriander,123.0
Karnataka,CHIKMAGALUR,2000,Dry chillies,2441.0
Karnataka,CHIKMAGALUR,2000,Garlic,24.0
Karnataka,CHIKMAGALUR,2000,Onion,22825.0
Karnataka,CHIKMAGALUR,2000,Potato,8305.0
Karnataka,CHIKMAGALUR,2000,Sugarcane,158682.0
Karnataka,CHIKMAGALUR,2000,Sweet potato,229.0
Karnataka,CHIKMAGALUR,2000,Tapioca,239.0
Karnataka,CHIKMAGALUR,2000,Tobacco,85.0
Karnataka,CHIKMAGALUR,2000,Turmeric,129.0
Karnataka,CHIKMAGALUR,2001,Arhar/Tur,150.0
Karnataka,CHIKMAGALUR,2001,Castor seed,496.0
Karnataka,CHIKMAGALUR,2001,Cotton(lint),1271.0
Karnataka,CHIKMAGALUR,2001,Dry ginger,3864.0
Karnataka,CHIKMAGALUR,2001,Groundnut,4745.0
Karnataka,CHIKMAGALUR,2001,Horse-gram,1083.0
Karnataka,CHIKMAGALUR,2001,Jowar,3576.0
Karnataka,CHIKMAGALUR,2001,Maize,1200.0
Karnataka,CHIKMAGALUR,2001,Moong(Green Gram),459.0
Karnataka,CHIKMAGALUR,2001,Niger seed,237.0
Karnataka,CHIKMAGALUR,2001,Other Kharif pulses,1693.0
Karnataka,CHIKMAGALUR,2001,Ragi,87219.0
Karnataka,CHIKMAGALUR,2001,Rice,102979.0
Karnataka,CHIKMAGALUR,2001,Sesamum,1397.0
Karnataka,CHIKMAGALUR,2001,Small millets,1364.0
Karnataka,CHIKMAGALUR,2001,Sunflower,1645.0
Karnataka,CHIKMAGALUR,2001,Urad,234.0
Karnataka,CHIKMAGALUR,2001,Gram,847.0
Karnataka,CHIKMAGALUR,2001,Horse-gram,3000.0
Karnataka,CHIKMAGALUR,2001,Jowar,4395.0
Karnataka,CHIKMAGALUR,2001,Moong(Green Gram),6.0
Karnataka,CHIKMAGALUR,2001,Other  Rabi pulses,9.0
Karnataka,CHIKMAGALUR,2001,Ragi,227.0
Karnataka,CHIKMAGALUR,2001,Rapeseed &Mustard,78.0
Karnataka,CHIKMAGALUR,2001,Safflower,62.0
Karnataka,CHIKMAGALUR,2001,Sunflower,100.0
Karnataka,CHIKMAGALUR,2001,Urad,9.0
Karnataka,CHIKMAGALUR,2001,Wheat,16.0
Karnataka,CHIKMAGALUR,2001,Rice,8904.0
Karnataka,CHIKMAGALUR,2001,Arecanut,18093.0
Karnataka,CHIKMAGALUR,2001,Black pepper,1725.0
Karnataka,CHIKMAGALUR,2001,Coconut ,58750.0
Karnataka,CHIKMAGALUR,2001,Coriander,163.0
Karnataka,CHIKMAGALUR,2001,Dry chillies,3031.0
Karnataka,CHIKMAGALUR,2001,Onion,15600.0
Karnataka,CHIKMAGALUR,2001,Peas & beans (Pulses),1034.0
Karnataka,CHIKMAGALUR,2001,Potato,23524.0
Karnataka,CHIKMAGALUR,2001,Sugarcane,150760.0
Karnataka,CHIKMAGALUR,2001,Turmeric,222.0
Karnataka,CHIKMAGALUR,2002,Arhar/Tur,430.0
Karnataka,CHIKMAGALUR,2002,Castor seed,641.0
Karnataka,CHIKMAGALUR,2002,Cotton(lint),1950.0
Karnataka,CHIKMAGALUR,2002,Dry ginger,1467.0
Karnataka,CHIKMAGALUR,2002,Groundnut,3027.0
Karnataka,CHIKMAGALUR,2002,Horse-gram,741.0
Karnataka,CHIKMAGALUR,2002,Jowar,3964.0
Karnataka,CHIKMAGALUR,2002,Maize,1397.0
Karnataka,CHIKMAGALUR,2002,Moong(Green Gram),113.0
Karnataka,CHIKMAGALUR,2002,Niger seed,192.0
Karnataka,CHIKMAGALUR,2002,Other Kharif pulses,1421.0
Karnataka,CHIKMAGALUR,2002,Ragi,63813.0
Karnataka,CHIKMAGALUR,2002,Rice,84557.0
Karnataka,CHIKMAGALUR,2002,Sesamum,1335.0
Karnataka,CHIKMAGALUR,2002,Small millets,558.0
Karnataka,CHIKMAGALUR,2002,Sunflower,2091.0
Karnataka,CHIKMAGALUR,2002,Urad,111.0
Karnataka,CHIKMAGALUR,2002,Gram,885.0
Karnataka,CHIKMAGALUR,2002,Groundnut,471.0
Karnataka,CHIKMAGALUR,2002,Horse-gram,4185.0
Karnataka,CHIKMAGALUR,2002,Jowar,3019.0
Karnataka,CHIKMAGALUR,2002,Moong(Green Gram),7.0
Karnataka,CHIKMAGALUR,2002,Other  Rabi pulses,42.0
Karnataka,CHIKMAGALUR,2002,Ragi,497.0
Karnataka,CHIKMAGALUR,2002,Rapeseed &Mustard,52.0
Karnataka,CHIKMAGALUR,2002,Safflower,19.0
Karnataka,CHIKMAGALUR,2002,Sunflower,4.0
Karnataka,CHIKMAGALUR,2002,Urad,13.0
Karnataka,CHIKMAGALUR,2002,Wheat,1.0
Karnataka,CHIKMAGALUR,2002,Rice,2871.0
Karnataka,CHIKMAGALUR,2002,Arcanut (Processed),18224.0
Karnataka,CHIKMAGALUR,2002,Atcanut (Raw),96726.0
Karnataka,CHIKMAGALUR,2002,Banana,25337.0
Karnataka,CHIKMAGALUR,2002,Beans & Mutter(Vegetable),1006.0
Karnataka,CHIKMAGALUR,2002,Black pepper,1829.0
Karnataka,CHIKMAGALUR,2002,Brinjal,1326.0
Karnataka,CHIKMAGALUR,2002,Cardamom,176.0
Karnataka,CHIKMAGALUR,2002,Cashewnut Processed,34.0
Karnataka,CHIKMAGALUR,2002,Cashewnut Raw,136.0
Karnataka,CHIKMAGALUR,2002,Citrus Fruit,562.0
Karnataka,CHIKMAGALUR,2002,Coconut ,58833.0
Karnataka,CHIKMAGALUR,2002,Coriander,133.0
Karnataka,CHIKMAGALUR,2002,Dry chillies,3194.0
Karnataka,CHIKMAGALUR,2002,Grapes,565.0
Karnataka,CHIKMAGALUR,2002,Mango,22753.0
Karnataka,CHIKMAGALUR,2002,Onion,21476.0
Karnataka,CHIKMAGALUR,2002,Other Fresh Fruits,298.0
Karnataka,CHIKMAGALUR,2002,Pome Fruit,110.0
Karnataka,CHIKMAGALUR,2002,Potato,2868.0
Karnataka,CHIKMAGALUR,2002,Sugarcane,175152.0
Karnataka,CHIKMAGALUR,2002,Sweet potato,499.0
Karnataka,CHIKMAGALUR,2002,Tapioca,348.0
Karnataka,CHIKMAGALUR,2002,Tobacco,99.0
Karnataka,CHIKMAGALUR,2002,Tomato,10417.0
Karnataka,CHIKMAGALUR,2002,Turmeric,182.0
Karnataka,CHIKMAGALUR,2003,Arhar/Tur,183.0
Karnataka,CHIKMAGALUR,2003,Castor seed,666.0
Karnataka,CHIKMAGALUR,2003,Cotton(lint),407.0
Karnataka,CHIKMAGALUR,2003,Dry ginger,1956.0
Karnataka,CHIKMAGALUR,2003,Groundnut,1783.0
Karnataka,CHIKMAGALUR,2003,Horse-gram,1411.0
Karnataka,CHIKMAGALUR,2003,Jowar,1676.0
Karnataka,CHIKMAGALUR,2003,Maize,946.0
Karnataka,CHIKMAGALUR,2003,Moong(Green Gram),24.0
Karnataka,CHIKMAGALUR,2003,Niger seed,165.0
Karnataka,CHIKMAGALUR,2003,Other Kharif pulses,1174.0
Karnataka,CHIKMAGALUR,2003,Ragi,45376.0
Karnataka,CHIKMAGALUR,2003,Rice,76842.0
Karnataka,CHIKMAGALUR,2003,Sesamum,449.0
Karnataka,CHIKMAGALUR,2003,Small millets,676.0
Karnataka,CHIKMAGALUR,2003,Sunflower,1854.0
Karnataka,CHIKMAGALUR,2003,Urad,121.0
Karnataka,CHIKMAGALUR,2003,Gram,753.0
Karnataka,CHIKMAGALUR,2003,Groundnut,400.0
Karnataka,CHIKMAGALUR,2003,Horse-gram,1890.0
Karnataka,CHIKMAGALUR,2003,Jowar,4308.0
Karnataka,CHIKMAGALUR,2003,Moong(Green Gram),51.0
Karnataka,CHIKMAGALUR,2003,Other  Rabi pulses,89.0
Karnataka,CHIKMAGALUR,2003,Ragi,3.0
Karnataka,CHIKMAGALUR,2003,Rapeseed &Mustard,56.0
Karnataka,CHIKMAGALUR,2003,Safflower,2.0
Karnataka,CHIKMAGALUR,2003,Sunflower,31.0
Karnataka,CHIKMAGALUR,2003,Urad,35.0
Karnataka,CHIKMAGALUR,2003,Wheat,1.0
Karnataka,CHIKMAGALUR,2003,Rice,3103.0
Karnataka,CHIKMAGALUR,2003,Sunflower,3.0
Karnataka,CHIKMAGALUR,2003,Arecanut,18724.0
Karnataka,CHIKMAGALUR,2003,Banana,5951.0
Karnataka,CHIKMAGALUR,2003,Beans & Mutter(Vegetable),15472.0
Karnataka,CHIKMAGALUR,2003,Black pepper,1935.0
Karnataka,CHIKMAGALUR,2003,Brinjal,512.0
Karnataka,CHIKMAGALUR,2003,Cardamom,179.0
Karnataka,CHIKMAGALUR,2003,Citrus Fruit,117.0
Karnataka,CHIKMAGALUR,2003,Coconut ,58953.0
Karnataka,CHIKMAGALUR,2003,Coriander,136.0
Karnataka,CHIKMAGALUR,2003,Dry chillies,2896.0
Karnataka,CHIKMAGALUR,2003,Mango,9816.0
Karnataka,CHIKMAGALUR,2003,Onion,14091.0
Karnataka,CHIKMAGALUR,2003,Other Fresh Fruits,247.0
Karnataka,CHIKMAGALUR,2003,Pome Fruit,72.0
Karnataka,CHIKMAGALUR,2003,Potato,20360.0
Karnataka,CHIKMAGALUR,2003,Sugarcane,108927.0
Karnataka,CHIKMAGALUR,2003,Sweet potato,715.0
Karnataka,CHIKMAGALUR,2003,Tapioca,424.0
Karnataka,CHIKMAGALUR,2003,Tobacco,48.0
Karnataka,CHIKMAGALUR,2003,Tomato,5264.0
Karnataka,CHIKMAGALUR,2003,Turmeric,141.0
Karnataka,CHIKMAGALUR,2004,Arhar/Tur,461.0
Karnataka,CHIKMAGALUR,2004,Castor seed,466.0
Karnataka,CHIKMAGALUR,2004,Cotton(lint),2504.0
Karnataka,CHIKMAGALUR,2004,Dry ginger,11346.0
Karnataka,CHIKMAGALUR,2004,Groundnut,2935.0
Karnataka,CHIKMAGALUR,2004,Horse-gram,2852.0
Karnataka,CHIKMAGALUR,2004,Jowar,4833.0
Karnataka,CHIKMAGALUR,2004,Maize,3938.0
Karnataka,CHIKMAGALUR,2004,Moong(Green Gram),634.0
Karnataka,CHIKMAGALUR,2004,Niger seed,289.0
Karnataka,CHIKMAGALUR,2004,Other Kharif pulses,1045.35
Karnataka,CHIKMAGALUR,2004,Ragi,102283.0
Karnataka,CHIKMAGALUR,2004,Rice,105085.2
Karnataka,CHIKMAGALUR,2004,Sesamum,3665.0
Karnataka,CHIKMAGALUR,2004,Small millets,844.0
Karnataka,CHIKMAGALUR,2004,Sunflower,8589.0
Karnataka,CHIKMAGALUR,2004,Urad,101.0
Karnataka,CHIKMAGALUR,2004,Gram,1319.0
Karnataka,CHIKMAGALUR,2004,Groundnut,267.0
Karnataka,CHIKMAGALUR,2004,Horse-gram,2711.0
Karnataka,CHIKMAGALUR,2004,Jowar,4853.0
Karnataka,CHIKMAGALUR,2004,Moong(Green Gram),4.0
Karnataka,CHIKMAGALUR,2004,Other  Rabi pulses,9.0
Karnataka,CHIKMAGALUR,2004,Ragi,66.0
Karnataka,CHIKMAGALUR,2004,Rapeseed &Mustard,62.0
Karnataka,CHIKMAGALUR,2004,Safflower,5.0
Karnataka,CHIKMAGALUR,2004,Sunflower,211.0
Karnataka,CHIKMAGALUR,2004,Urad,8.0
Karnataka,CHIKMAGALUR,2004,Wheat,9.0
Karnataka,CHIKMAGALUR,2004,Rice,16816.0
Karnataka,CHIKMAGALUR,2004,Sunflower,26.0
Karnataka,CHIKMAGALUR,2004,Arecanut,19032.0
Karnataka,CHIKMAGALUR,2004,Banana,4465.0
Karnataka,CHIKMAGALUR,2004,Black pepper,2131.0
Karnataka,CHIKMAGALUR,2004,Cardamom,167.0
Karnataka,CHIKMAGALUR,2004,Coconut ,594430.2
Karnataka,CHIKMAGALUR,2004,Coriander,149.0
Karnataka,CHIKMAGALUR,2004,Dry chillies,5275.0
Karnataka,CHIKMAGALUR,2004,Onion,37927.0
Karnataka,CHIKMAGALUR,2004,Potato,32815.0
Karnataka,CHIKMAGALUR,2004,Sweet potato,1162.0
Karnataka,CHIKMAGALUR,2004,Tapioca,391.0
Karnataka,CHIKMAGALUR,2004,Tobacco,100.0
Karnataka,CHIKMAGALUR,2004,Turmeric,143.0
Karnataka,CHIKMAGALUR,2005,Arhar/Tur,443.0
Karnataka,CHIKMAGALUR,2005,Castor seed,885.0
Karnataka,CHIKMAGALUR,2005,Dry chillies,6055.0
Karnataka,CHIKMAGALUR,2005,Groundnut,4047.0
Karnataka,CHIKMAGALUR,2005,Horse-gram,2131.0
Karnataka,CHIKMAGALUR,2005,Jowar,4360.0
Karnataka,CHIKMAGALUR,2005,Maize,8086.0
Karnataka,CHIKMAGALUR,2005,Moong(Green Gram),213.0
Karnataka,CHIKMAGALUR,2005,Niger seed,136.0
Karnataka,CHIKMAGALUR,2005,Onion,49740.0
Karnataka,CHIKMAGALUR,2005,Other Kharif pulses,999.0
Karnataka,CHIKMAGALUR,2005,Peas & beans (Pulses),3175.0
Karnataka,CHIKMAGALUR,2005,Potato,20864.0
Karnataka,CHIKMAGALUR,2005,Ragi,105403.0
Karnataka,CHIKMAGALUR,2005,Rice,97398.0
Karnataka,CHIKMAGALUR,2005,Sesamum,9971.0
Karnataka,CHIKMAGALUR,2005,Small millets,2386.0
Karnataka,CHIKMAGALUR,2005,Sunflower,9281.0
Karnataka,CHIKMAGALUR,2005,Urad,61.0
Karnataka,CHIKMAGALUR,2005,Dry chillies,11.0
Karnataka,CHIKMAGALUR,2005,Gram,1240.0
Karnataka,CHIKMAGALUR,2005,Groundnut,363.0
Karnataka,CHIKMAGALUR,2005,Horse-gram,3671.0
Karnataka,CHIKMAGALUR,2005,Jowar,6434.0
Karnataka,CHIKMAGALUR,2005,Moong(Green Gram),4.0
Karnataka,CHIKMAGALUR,2005,Onion,93.0
Karnataka,CHIKMAGALUR,2005,Other  Rabi pulses,9.0
Karnataka,CHIKMAGALUR,2005,Peas & beans (Pulses),21.0
Karnataka,CHIKMAGALUR,2005,Potato,398.0
Karnataka,CHIKMAGALUR,2005,Ragi,110.0
Karnataka,CHIKMAGALUR,2005,Rapeseed &Mustard,53.0
Karnataka,CHIKMAGALUR,2005,Safflower,33.0
Karnataka,CHIKMAGALUR,2005,Sunflower,187.0
Karnataka,CHIKMAGALUR,2005,Urad,3.0
Karnataka,CHIKMAGALUR,2005,Wheat,8.0
Karnataka,CHIKMAGALUR,2005,Dry chillies,87.0
Karnataka,CHIKMAGALUR,2005,Onion,33.0
Karnataka,CHIKMAGALUR,2005,Peas & beans (Pulses),76.0
Karnataka,CHIKMAGALUR,2005,Rice,10458.0
Karnataka,CHIKMAGALUR,2005,Arecanut,110600.0
Karnataka,CHIKMAGALUR,2005,Banana,7797.0
Karnataka,CHIKMAGALUR,2005,Black pepper,2295.0
Karnataka,CHIKMAGALUR,2005,Cardamom,155.0
Karnataka,CHIKMAGALUR,2005,Coconut ,71417.0
Karnataka,CHIKMAGALUR,2005,Coriander,126.0
Karnataka,CHIKMAGALUR,2005,Cotton(lint),1796.0
Karnataka,CHIKMAGALUR,2005,Dry ginger,16261.0
Karnataka,CHIKMAGALUR,2005,Sugarcane,132878.0
Karnataka,CHIKMAGALUR,2005,Sweet potato,1136.0
Karnataka,CHIKMAGALUR,2005,Tapioca,217.0
Karnataka,CHIKMAGALUR,2005,Tobacco,86.0
Karnataka,CHIKMAGALUR,2005,Turmeric,278.0
Karnataka,CHIKMAGALUR,2006,Arhar/Tur,314.0
Karnataka,CHIKMAGALUR,2006,Castor seed,558.0
Karnataka,CHIKMAGALUR,2006,Gram,145.0
Karnataka,CHIKMAGALUR,2006,Groundnut,2246.0
Karnataka,CHIKMAGALUR,2006,Horse-gram,965.0
Karnataka,CHIKMAGALUR,2006,Jowar,2054.0
Karnataka,CHIKMAGALUR,2006,Maize,8768.0
Karnataka,CHIKMAGALUR,2006,Moong(Green Gram),308.0
Karnataka,CHIKMAGALUR,2006,Niger seed,262.0
Karnataka,CHIKMAGALUR,2006,Other Kharif pulses,3769.0
Karnataka,CHIKMAGALUR,2006,Ragi,64535.0
Karnataka,CHIKMAGALUR,2006,Rapeseed &Mustard,31.0
Karnataka,CHIKMAGALUR,2006,Rice,102630.0
Karnataka,CHIKMAGALUR,2006,Sesamum,4092.0
Karnataka,CHIKMAGALUR,2006,Small millets,1282.0
Karnataka,CHIKMAGALUR,2006,Sunflower,6627.0
Karnataka,CHIKMAGALUR,2006,Urad,145.0
Karnataka,CHIKMAGALUR,2006,Gram,927.0
Karnataka,CHIKMAGALUR,2006,Groundnut,141.0
Karnataka,CHIKMAGALUR,2006,Horse-gram,3982.0
Karnataka,CHIKMAGALUR,2006,Jowar,4832.0
Karnataka,CHIKMAGALUR,2006,Moong(Green Gram),5.0
Karnataka,CHIKMAGALUR,2006,Other  Rabi pulses,7.0
Karnataka,CHIKMAGALUR,2006,Ragi,68.0
Karnataka,CHIKMAGALUR,2006,Safflower,78.0
Karnataka,CHIKMAGALUR,2006,Sunflower,51.0
Karnataka,CHIKMAGALUR,2006,Urad,9.0
Karnataka,CHIKMAGALUR,2006,Wheat,6.0
Karnataka,CHIKMAGALUR,2006,Rice,9610.0
Karnataka,CHIKMAGALUR,2006,Arecanut,21816.0
Karnataka,CHIKMAGALUR,2006,Banana,6373.0
Karnataka,CHIKMAGALUR,2006,Black pepper,2429.0
Karnataka,CHIKMAGALUR,2006,Cardamom,162.0
Karnataka,CHIKMAGALUR,2006,Coconut ,71705.0
Karnataka,CHIKMAGALUR,2006,Coriander,80.0
Karnataka,CHIKMAGALUR,2006,Cotton(lint),2227.0
Karnataka,CHIKMAGALUR,2006,Dry chillies,1769.0
Karnataka,CHIKMAGALUR,2006,Dry ginger,9781.0
Karnataka,CHIKMAGALUR,2006,Onion,25486.0
Karnataka,CHIKMAGALUR,2006,Potato,37548.0
Karnataka,CHIKMAGALUR,2006,Sugarcane,207533.0
Karnataka,CHIKMAGALUR,2006,Sweet potato,184.0
Karnataka,CHIKMAGALUR,2006,Tapioca,217.0
Karnataka,CHIKMAGALUR,2006,Tobacco,35.0
Karnataka,CHIKMAGALUR,2006,Turmeric,278.0
Karnataka,CHIKMAGALUR,2007,Arhar/Tur,537.0
Karnataka,CHIKMAGALUR,2007,Castor seed,657.0
Karnataka,CHIKMAGALUR,2007,Dry chillies,2449.0
Karnataka,CHIKMAGALUR,2007,Groundnut,3122.0
Karnataka,CHIKMAGALUR,2007,Horse-gram,1446.0
Karnataka,CHIKMAGALUR,2007,Jowar,4081.0
Karnataka,CHIKMAGALUR,2007,Maize,12300.0
Karnataka,CHIKMAGALUR,2007,Moong(Green Gram),723.0
Karnataka,CHIKMAGALUR,2007,Niger seed,480.0
Karnataka,CHIKMAGALUR,2007,Onion,22496.0
Karnataka,CHIKMAGALUR,2007,Other Kharif pulses,3671.0
Karnataka,CHIKMAGALUR,2007,Potato,25268.0
Karnataka,CHIKMAGALUR,2007,Ragi,77935.0
Karnataka,CHIKMAGALUR,2007,Rapeseed &Mustard,51.0
Karnataka,CHIKMAGALUR,2007,Rice,102482.0
Karnataka,CHIKMAGALUR,2007,Sesamum,4499.0
Karnataka,CHIKMAGALUR,2007,Small millets,406.0
Karnataka,CHIKMAGALUR,2007,Sunflower,11493.0
Karnataka,CHIKMAGALUR,2007,Urad,246.0
Karnataka,CHIKMAGALUR,2007,Dry chillies,16.0
Karnataka,CHIKMAGALUR,2007,Gram,2751.0
Karnataka,CHIKMAGALUR,2007,Groundnut,159.0
Karnataka,CHIKMAGALUR,2007,Horse-gram,3923.0
Karnataka,CHIKMAGALUR,2007,Jowar,7062.0
Karnataka,CHIKMAGALUR,2007,Moong(Green Gram),8.0
Karnataka,CHIKMAGALUR,2007,Onion,177.0
Karnataka,CHIKMAGALUR,2007,Other  Rabi pulses,9.0
Karnataka,CHIKMAGALUR,2007,Potato,394.0
Karnataka,CHIKMAGALUR,2007,Ragi,48.0
Karnataka,CHIKMAGALUR,2007,Safflower,44.0
Karnataka,CHIKMAGALUR,2007,Sunflower,37.0
Karnataka,CHIKMAGALUR,2007,Urad,10.0
Karnataka,CHIKMAGALUR,2007,Wheat,15.0
Karnataka,CHIKMAGALUR,2007,Onion,17.0
Karnataka,CHIKMAGALUR,2007,Rice,8510.0
Karnataka,CHIKMAGALUR,2007,Arecanut,118266.0
Karnataka,CHIKMAGALUR,2007,Banana,3109.0
Karnataka,CHIKMAGALUR,2007,Black pepper,7035.0
Karnataka,CHIKMAGALUR,2007,Cardamom,143.0
Karnataka,CHIKMAGALUR,2007,Coconut ,140787.0
Karnataka,CHIKMAGALUR,2007,Coriander,174.0
Karnataka,CHIKMAGALUR,2007,Cotton(lint),3372.0
Karnataka,CHIKMAGALUR,2007,Dry ginger,13093.0
Karnataka,CHIKMAGALUR,2007,Sugarcane,64423.0
Karnataka,CHIKMAGALUR,2007,Sweet potato,203.0
Karnataka,CHIKMAGALUR,2007,Tapioca,196.0
Karnataka,CHIKMAGALUR,2007,Tobacco,22.0
Karnataka,CHIKMAGALUR,2007,Turmeric,381.0
Karnataka,CHIKMAGALUR,2008,Arhar/Tur,314.0
Karnataka,CHIKMAGALUR,2008,Castor seed,540.0
Karnataka,CHIKMAGALUR,2008,Dry chillies,985.0
Karnataka,CHIKMAGALUR,2008,Groundnut,3329.0
Karnataka,CHIKMAGALUR,2008,Horse-gram,1534.0
Karnataka,CHIKMAGALUR,2008,Jowar,2377.0
Karnataka,CHIKMAGALUR,2008,Maize,11375.0
Karnataka,CHIKMAGALUR,2008,Moong(Green Gram),164.0
Karnataka,CHIKMAGALUR,2008,Niger seed,477.0
Karnataka,CHIKMAGALUR,2008,Onion,20812.0
Karnataka,CHIKMAGALUR,2008,Other Kharif pulses,4129.0
Karnataka,CHIKMAGALUR,2008,Potato,13892.0
Karnataka,CHIKMAGALUR,2008,Ragi,97399.0
Karnataka,CHIKMAGALUR,2008,Rice,100583.4
Karnataka,CHIKMAGALUR,2008,Sesamum,4105.0
Karnataka,CHIKMAGALUR,2008,Sunflower,5920.0
Karnataka,CHIKMAGALUR,2008,Urad,47.0
Karnataka,CHIKMAGALUR,2008,Dry chillies,17.0
Karnataka,CHIKMAGALUR,2008,Gram,3618.0
Karnataka,CHIKMAGALUR,2008,Groundnut,168.0
Karnataka,CHIKMAGALUR,2008,Horse-gram,4308.0
Karnataka,CHIKMAGALUR,2008,Jowar,4981.0
Karnataka,CHIKMAGALUR,2008,Moong(Green Gram),4.0
Karnataka,CHIKMAGALUR,2008,Onion,100.0
Karnataka,CHIKMAGALUR,2008,Other  Rabi pulses,8.0
Karnataka,CHIKMAGALUR,2008,Potato,259.0
Karnataka,CHIKMAGALUR,2008,Ragi,11.0
Karnataka,CHIKMAGALUR,2008,Rapeseed &Mustard,59.0
Karnataka,CHIKMAGALUR,2008,Safflower,44.0
Karnataka,CHIKMAGALUR,2008,Sunflower,36.0
Karnataka,CHIKMAGALUR,2008,Urad,10.0
Karnataka,CHIKMAGALUR,2008,Wheat,10.0
Karnataka,CHIKMAGALUR,2008,Onion,11.0
Karnataka,CHIKMAGALUR,2008,Rice,7704.0
Karnataka,CHIKMAGALUR,2008,Arecanut,120078.0
Karnataka,CHIKMAGALUR,2008,Banana,9216.0
Karnataka,CHIKMAGALUR,2008,Black pepper,9635.0
Karnataka,CHIKMAGALUR,2008,Cardamom,162.0
Karnataka,CHIKMAGALUR,2008,Cashewnut,216.28
Karnataka,CHIKMAGALUR,2008,Coconut ,184478.0
Karnataka,CHIKMAGALUR,2008,Coriander,180.0
Karnataka,CHIKMAGALUR,2008,Cotton(lint),1364.0
Karnataka,CHIKMAGALUR,2008,Dry ginger,8538.0
Karnataka,CHIKMAGALUR,2008,Sugarcane,39216.0
Karnataka,CHIKMAGALUR,2008,Sweet potato,283.0
Karnataka,CHIKMAGALUR,2008,Tapioca,175.0
Karnataka,CHIKMAGALUR,2008,Tobacco,19.0
Karnataka,CHIKMAGALUR,2008,Turmeric,6.0
Karnataka,CHIKMAGALUR,2009,Arhar/Tur,332.0
Karnataka,CHIKMAGALUR,2009,Castor seed,431.0
Karnataka,CHIKMAGALUR,2009,Gram,1350.0
Karnataka,CHIKMAGALUR,2009,Groundnut,4472.0
Karnataka,CHIKMAGALUR,2009,Horse-gram,1350.0
Karnataka,CHIKMAGALUR,2009,Jowar,2412.0
Karnataka,CHIKMAGALUR,2009,Maize,29449.0
Karnataka,CHIKMAGALUR,2009,Moong(Green Gram),902.0
Karnataka,CHIKMAGALUR,2009,Niger seed,338.0
Karnataka,CHIKMAGALUR,2009,Onion,24699.0
Karnataka,CHIKMAGALUR,2009,Other Kharif pulses,2825.0
Karnataka,CHIKMAGALUR,2009,Potato,31909.0
Karnataka,CHIKMAGALUR,2009,Ragi,89380.0
Karnataka,CHIKMAGALUR,2009,Rice,100102.4
Karnataka,CHIKMAGALUR,2009,Sesamum,4508.0
Karnataka,CHIKMAGALUR,2009,Small millets,698.0
Karnataka,CHIKMAGALUR,2009,Sunflower,6199.0
Karnataka,CHIKMAGALUR,2009,Urad,212.0
Karnataka,CHIKMAGALUR,2009,Dry chillies,27.0
Karnataka,CHIKMAGALUR,2009,Gram,4321.0
Karnataka,CHIKMAGALUR,2009,Groundnut,363.0
Karnataka,CHIKMAGALUR,2009,Horse-gram,4321.0
Karnataka,CHIKMAGALUR,2009,Jowar,4920.0
Karnataka,CHIKMAGALUR,2009,Moong(Green Gram),7.0
Karnataka,CHIKMAGALUR,2009,Other  Rabi pulses,12.0
Karnataka,CHIKMAGALUR,2009,Potato,413.0
Karnataka,CHIKMAGALUR,2009,Rapeseed &Mustard,44.0
Karnataka,CHIKMAGALUR,2009,Safflower,23.0
Karnataka,CHIKMAGALUR,2009,Sunflower,43.0
Karnataka,CHIKMAGALUR,2009,Urad,13.0
Karnataka,CHIKMAGALUR,2009,Wheat,7.0
Karnataka,CHIKMAGALUR,2009,Onion,15.0
Karnataka,CHIKMAGALUR,2009,Rice,8166.0
Karnataka,CHIKMAGALUR,2009,Arecanut,125015.0
Karnataka,CHIKMAGALUR,2009,Banana,16262.0
Karnataka,CHIKMAGALUR,2009,Black pepper,12978.0
Karnataka,CHIKMAGALUR,2009,Cardamom,158.0
Karnataka,CHIKMAGALUR,2009,Cashewnut,298.0
Karnataka,CHIKMAGALUR,2009,Coconut ,203239.0
Karnataka,CHIKMAGALUR,2009,Coriander,144.0
Karnataka,CHIKMAGALUR,2009,Cotton(lint),1425.0
Karnataka,CHIKMAGALUR,2009,Dry ginger,11117.0
Karnataka,CHIKMAGALUR,2009,Sugarcane,48887.0
Karnataka,CHIKMAGALUR,2009,Sweet potato,256.0
Karnataka,CHIKMAGALUR,2009,Tapioca,185.0
Karnataka,CHIKMAGALUR,2009,Tobacco,27.0
Karnataka,CHIKMAGALUR,2010,Arhar/Tur,432.0
Karnataka,CHIKMAGALUR,2010,Castor seed,491.0
Karnataka,CHIKMAGALUR,2010,Cotton(lint),2044.0
Karnataka,CHIKMAGALUR,2010,Cowpea(Lobia),220.0
Karnataka,CHIKMAGALUR,2010,Dry chillies,957.0
Karnataka,CHIKMAGALUR,2010,Groundnut,3783.0
Karnataka,CHIKMAGALUR,2010,Horse-gram,1318.0
Karnataka,CHIKMAGALUR,2010,Jowar,2949.0
Karnataka,CHIKMAGALUR,2010,Maize,53496.0
Karnataka,CHIKMAGALUR,2010,Moong(Green Gram),902.0
Karnataka,CHIKMAGALUR,2010,Niger seed,329.0
Karnataka,CHIKMAGALUR,2010,Onion,24733.0
Karnataka,CHIKMAGALUR,2010,Other Kharif pulses,3864.0
Karnataka,CHIKMAGALUR,2010,Peas & beans (Pulses),962.0
Karnataka,CHIKMAGALUR,2010,Potato,29954.0
Karnataka,CHIKMAGALUR,2010,Ragi,93115.0
Karnataka,CHIKMAGALUR,2010,Rice,111308.0
Karnataka,CHIKMAGALUR,2010,Sesamum,6564.0
Karnataka,CHIKMAGALUR,2010,Small millets,1044.0
Karnataka,CHIKMAGALUR,2010,Sunflower,2905.0
Karnataka,CHIKMAGALUR,2010,Urad,179.0
Karnataka,CHIKMAGALUR,2010,Cowpea(Lobia),14.0
Karnataka,CHIKMAGALUR,2010,Dry chillies,43.0
Karnataka,CHIKMAGALUR,2010,Gram,5727.0
Karnataka,CHIKMAGALUR,2010,Groundnut,256.0
Karnataka,CHIKMAGALUR,2010,Horse-gram,4476.0
Karnataka,CHIKMAGALUR,2010,Jowar,5355.0
Karnataka,CHIKMAGALUR,2010,Moong(Green Gram),4.0
Karnataka,CHIKMAGALUR,2010,Peas & beans (Pulses),99.0
Karnataka,CHIKMAGALUR,2010,Potato,244.0
Karnataka,CHIKMAGALUR,2010,Rapeseed &Mustard,45.0
Karnataka,CHIKMAGALUR,2010,Safflower,28.0
Karnataka,CHIKMAGALUR,2010,Sunflower,17.0
Karnataka,CHIKMAGALUR,2010,Urad,14.0
Karnataka,CHIKMAGALUR,2010,Wheat,1.0
Karnataka,CHIKMAGALUR,2010,Onion,32.0
Karnataka,CHIKMAGALUR,2010,Peas & beans (Pulses),206.0
Karnataka,CHIKMAGALUR,2010,Rice,7751.0
Karnataka,CHIKMAGALUR,2010,Arecanut,232659.0
Karnataka,CHIKMAGALUR,2010,Banana,17780.0
Karnataka,CHIKMAGALUR,2010,Black pepper,3488.3
Karnataka,CHIKMAGALUR,2010,Cardamom,197.0
Karnataka,CHIKMAGALUR,2010,Cashewnut,257.0
Karnataka,CHIKMAGALUR,2010,Coconut ,211177.0
Karnataka,CHIKMAGALUR,2010,Coriander,155.0
Karnataka,CHIKMAGALUR,2010,Dry ginger,1481.9
Karnataka,CHIKMAGALUR,2010,Sugarcane,64420.0
Karnataka,CHIKMAGALUR,2010,Sweet potato,346.0
Karnataka,CHIKMAGALUR,2010,Tapioca,166.0
Karnataka,CHIKMAGALUR,2010,Tobacco,42.0
Karnataka,CHIKMAGALUR,2010,Turmeric,12.0
Karnataka,CHIKMAGALUR,2011,Arhar/Tur,272.0
Karnataka,CHIKMAGALUR,2011,Castor seed,530.0
Karnataka,CHIKMAGALUR,2011,Cotton(lint),1181.0
Karnataka,CHIKMAGALUR,2011,Cowpea(Lobia),229.0
Karnataka,CHIKMAGALUR,2011,Dry chillies,881.0
Karnataka,CHIKMAGALUR,2011,Groundnut,4270.0
Karnataka,CHIKMAGALUR,2011,Horse-gram,496.0
Karnataka,CHIKMAGALUR,2011,Jowar,635.0
Karnataka,CHIKMAGALUR,2011,Maize,63622.0
Karnataka,CHIKMAGALUR,2011,Moong(Green Gram),355.0
Karnataka,CHIKMAGALUR,2011,Niger seed,165.0
Karnataka,CHIKMAGALUR,2011,Onion,16394.0
Karnataka,CHIKMAGALUR,2011,Other Kharif pulses,1771.0
Karnataka,CHIKMAGALUR,2011,Peas & beans (Pulses),1737.0
Karnataka,CHIKMAGALUR,2011,Potato,41031.0
Karnataka,CHIKMAGALUR,2011,Ragi,48505.0
Karnataka,CHIKMAGALUR,2011,Rice,113629.0
Karnataka,CHIKMAGALUR,2011,Sesamum,2500.0
Karnataka,CHIKMAGALUR,2011,Small millets,675.0
Karnataka,CHIKMAGALUR,2011,Sunflower,1314.0
Karnataka,CHIKMAGALUR,2011,Urad,105.0
Karnataka,CHIKMAGALUR,2011,Cowpea(Lobia),7.0
Karnataka,CHIKMAGALUR,2011,Dry chillies,42.0
Karnataka,CHIKMAGALUR,2011,Gram,4167.0
Karnataka,CHIKMAGALUR,2011,Groundnut,391.0
Karnataka,CHIKMAGALUR,2011,Horse-gram,3741.0
Karnataka,CHIKMAGALUR,2011,Jowar,5089.0
Karnataka,CHIKMAGALUR,2011,Moong(Green Gram),7.0
Karnataka,CHIKMAGALUR,2011,Other  Rabi pulses,15.0
Karnataka,CHIKMAGALUR,2011,Peas & beans (Pulses),175.0
Karnataka,CHIKMAGALUR,2011,Potato,207.0
Karnataka,CHIKMAGALUR,2011,Rapeseed &Mustard,31.0
Karnataka,CHIKMAGALUR,2011,Safflower,26.0
Karnataka,CHIKMAGALUR,2011,Sunflower,14.0
Karnataka,CHIKMAGALUR,2011,Urad,5.0
Karnataka,CHIKMAGALUR,2011,Onion,31.0
Karnataka,CHIKMAGALUR,2011,Peas & beans (Pulses),190.0
Karnataka,CHIKMAGALUR,2011,Rice,8971.0
Karnataka,CHIKMAGALUR,2011,Arecanut,120327.0
Karnataka,CHIKMAGALUR,2011,Banana,19180.0
Karnataka,CHIKMAGALUR,2011,Black pepper,1015.1
Karnataka,CHIKMAGALUR,2011,Cardamom,324.0
Karnataka,CHIKMAGALUR,2011,Cashewnut,229.0
Karnataka,CHIKMAGALUR,2011,Coconut ,207827.0
Karnataka,CHIKMAGALUR,2011,Coriander,166.0
Karnataka,CHIKMAGALUR,2011,Dry ginger,1852.2
Karnataka,CHIKMAGALUR,2011,Sugarcane,68793.0
Karnataka,CHIKMAGALUR,2011,Sweet potato,525.0
Karnataka,CHIKMAGALUR,2011,Tapioca,158.0
Karnataka,CHIKMAGALUR,2011,Tobacco,37.0
Karnataka,CHIKMAGALUR,2011,Turmeric,15.0
Karnataka,CHIKMAGALUR,2012,Arhar/Tur,351.0
Karnataka,CHIKMAGALUR,2012,Bajra,5.0
Karnataka,CHIKMAGALUR,2012,Castor seed,153.0
Karnataka,CHIKMAGALUR,2012,Cotton(lint),952.0
Karnataka,CHIKMAGALUR,2012,Cowpea(Lobia),63.0
Karnataka,CHIKMAGALUR,2012,Dry chillies,745.0
Karnataka,CHIKMAGALUR,2012,Groundnut,2531.0
Karnataka,CHIKMAGALUR,2012,Horse-gram,1165.0
Karnataka,CHIKMAGALUR,2012,Jowar,1081.0
Karnataka,CHIKMAGALUR,2012,Maize,36120.0
Karnataka,CHIKMAGALUR,2012,Moong(Green Gram),242.0
Karnataka,CHIKMAGALUR,2012,Niger seed,35.0
Karnataka,CHIKMAGALUR,2012,Onion,35480.0
Karnataka,CHIKMAGALUR,2012,Other Kharif pulses,1680.0
Karnataka,CHIKMAGALUR,2012,Potato,19462.0
Karnataka,CHIKMAGALUR,2012,Ragi,37723.0
Karnataka,CHIKMAGALUR,2012,Rapeseed &Mustard,6.0
Karnataka,CHIKMAGALUR,2012,Rice,80175.0
Karnataka,CHIKMAGALUR,2012,Sesamum,1994.0
Karnataka,CHIKMAGALUR,2012,Small millets,830.0
Karnataka,CHIKMAGALUR,2012,Soyabean,5.0
Karnataka,CHIKMAGALUR,2012,Sunflower,1097.0
Karnataka,CHIKMAGALUR,2012,Urad,29.0
Karnataka,CHIKMAGALUR,2012,Dry chillies,63.0
Karnataka,CHIKMAGALUR,2012,Gram,5191.0
Karnataka,CHIKMAGALUR,2012,Horse-gram,3186.0
Karnataka,CHIKMAGALUR,2012,Jowar,3913.0
Karnataka,CHIKMAGALUR,2012,Other  Rabi pulses,5.0
Karnataka,CHIKMAGALUR,2012,Potato,204.0
Karnataka,CHIKMAGALUR,2012,Sunflower,6.0
Karnataka,CHIKMAGALUR,2012,Cowpea(Lobia),1.0
Karnataka,CHIKMAGALUR,2012,Groundnut,88.0
Karnataka,CHIKMAGALUR,2012,Maize,14.0
Karnataka,CHIKMAGALUR,2012,Onion,40.0
Karnataka,CHIKMAGALUR,2012,Rice,7298.0
Karnataka,CHIKMAGALUR,2012,Arecanut,137971.0
Karnataka,CHIKMAGALUR,2012,Black pepper,21657.0
Karnataka,CHIKMAGALUR,2012,Cardamom,301.0
Karnataka,CHIKMAGALUR,2012,Cashewnut,171.0
Karnataka,CHIKMAGALUR,2012,Coconut ,230446.0
Karnataka,CHIKMAGALUR,2012,Coriander,156.0
Karnataka,CHIKMAGALUR,2012,Dry ginger,13884.0
Karnataka,CHIKMAGALUR,2012,Sugarcane,85869.0
Karnataka,CHIKMAGALUR,2012,Sweet potato,1985.0
Karnataka,CHIKMAGALUR,2012,Tapioca,148.0
Karnataka,CHIKMAGALUR,2012,Tobacco,10.0
Karnataka,CHIKMAGALUR,2012,Turmeric,61.0
Karnataka,CHIKMAGALUR,2013,Arhar/Tur,431.0
Karnataka,CHIKMAGALUR,2013,Bajra,1.0
Karnataka,CHIKMAGALUR,2013,Castor seed,169.0
Karnataka,CHIKMAGALUR,2013,Cotton(lint),1386.0
Karnataka,CHIKMAGALUR,2013,Cowpea(Lobia),87.0
Karnataka,CHIKMAGALUR,2013,Dry chillies,1389.0
Karnataka,CHIKMAGALUR,2013,Groundnut,4651.0
Karnataka,CHIKMAGALUR,2013,Horse-gram,1443.0
Karnataka,CHIKMAGALUR,2013,Jowar,1146.0
Karnataka,CHIKMAGALUR,2013,Maize,72759.0
Karnataka,CHIKMAGALUR,2013,Moong(Green Gram),830.0
Karnataka,CHIKMAGALUR,2013,Niger seed,28.0
Karnataka,CHIKMAGALUR,2013,Onion,34538.0
Karnataka,CHIKMAGALUR,2013,Other Kharif pulses,1916.0
Karnataka,CHIKMAGALUR,2013,Potato,26389.0
Karnataka,CHIKMAGALUR,2013,Ragi,41820.0
Karnataka,CHIKMAGALUR,2013,Rapeseed &Mustard,2.0
Karnataka,CHIKMAGALUR,2013,Rice,105672.0
Karnataka,CHIKMAGALUR,2013,Sesamum,3122.0
Karnataka,CHIKMAGALUR,2013,Small millets,2328.0
Karnataka,CHIKMAGALUR,2013,Sunflower,1747.0
Karnataka,CHIKMAGALUR,2013,Urad,161.0
Karnataka,CHIKMAGALUR,2013,Dry chillies,57.0
Karnataka,CHIKMAGALUR,2013,Gram,6462.0
Karnataka,CHIKMAGALUR,2013,Horse-gram,3842.0
Karnataka,CHIKMAGALUR,2013,Jowar,4900.0
Karnataka,CHIKMAGALUR,2013,Linseed,1.0
Karnataka,CHIKMAGALUR,2013,Other  Rabi pulses,6.0
Karnataka,CHIKMAGALUR,2013,Potato,137.0
Karnataka,CHIKMAGALUR,2013,Sunflower,4.0
Karnataka,CHIKMAGALUR,2013,Cowpea(Lobia),51.0
Karnataka,CHIKMAGALUR,2013,Groundnut,106.0
Karnataka,CHIKMAGALUR,2013,Onion,86.0
Karnataka,CHIKMAGALUR,2013,Rice,6430.0
Karnataka,CHIKMAGALUR,2013,Arecanut,298667.0
Karnataka,CHIKMAGALUR,2013,Black pepper,19248.0
Karnataka,CHIKMAGALUR,2013,Cardamom,122.0
Karnataka,CHIKMAGALUR,2013,Cashewnut,182.0
Karnataka,CHIKMAGALUR,2013,Coconut ,239553.0
Karnataka,CHIKMAGALUR,2013,Coriander,103.0
Karnataka,CHIKMAGALUR,2013,Dry ginger,15424.0
Karnataka,CHIKMAGALUR,2013,Sugarcane,88122.0
Karnataka,CHIKMAGALUR,2013,Sweet potato,1299.0
Karnataka,CHIKMAGALUR,2013,Tobacco,12.0
Karnataka,CHIKMAGALUR,2013,Turmeric,14.0
Karnataka,CHIKMAGALUR,2014,Arhar/Tur,355.0
Karnataka,CHIKMAGALUR,2014,Castor seed,145.0
Karnataka,CHIKMAGALUR,2014,Cotton(lint),3018.0
Karnataka,CHIKMAGALUR,2014,Cowpea(Lobia),175.0
Karnataka,CHIKMAGALUR,2014,Dry chillies,1774.0
Karnataka,CHIKMAGALUR,2014,Groundnut,3791.0
Karnataka,CHIKMAGALUR,2014,Horse-gram,2427.0
Karnataka,CHIKMAGALUR,2014,Jowar,1789.0
Karnataka,CHIKMAGALUR,2014,Maize,60797.0
Karnataka,CHIKMAGALUR,2014,Moong(Green Gram),616.0
Karnataka,CHIKMAGALUR,2014,Niger seed,92.0
Karnataka,CHIKMAGALUR,2014,Onion,38374.0
Karnataka,CHIKMAGALUR,2014,Other Kharif pulses,1191.0
Karnataka,CHIKMAGALUR,2014,Potato,30006.0
Karnataka,CHIKMAGALUR,2014,Ragi,52437.0
Karnataka,CHIKMAGALUR,2014,Rapeseed &Mustard,4.0
Karnataka,CHIKMAGALUR,2014,Rice,97056.0
Karnataka,CHIKMAGALUR,2014,Sesamum,2967.0
Karnataka,CHIKMAGALUR,2014,Small millets,1950.0
Karnataka,CHIKMAGALUR,2014,Sunflower,1468.0
Karnataka,CHIKMAGALUR,2014,Urad,30.0
Karnataka,CHIKMAGALUR,2014,Dry chillies,73.0
Karnataka,CHIKMAGALUR,2014,Gram,8535.0
Karnataka,CHIKMAGALUR,2014,Horse-gram,4962.0
Karnataka,CHIKMAGALUR,2014,Jowar,7289.0
Karnataka,CHIKMAGALUR,2014,Linseed,1.0
Karnataka,CHIKMAGALUR,2014,Moong(Green Gram),3.0
Karnataka,CHIKMAGALUR,2014,Other  Rabi pulses,5.0
Karnataka,CHIKMAGALUR,2014,Potato,92.0
Karnataka,CHIKMAGALUR,2014,Sunflower,4.0
Karnataka,CHIKMAGALUR,2014,Groundnut,121.0
Karnataka,CHIKMAGALUR,2014,Onion,69.0
Karnataka,CHIKMAGALUR,2014,Rice,8244.0
Karnataka,CHIKMAGALUR,2014,Arecanut,147882.0
Karnataka,CHIKMAGALUR,2014,Black pepper,77795.0
Karnataka,CHIKMAGALUR,2014,Cardamom,129.0
Karnataka,CHIKMAGALUR,2014,Cashewnut,218.0
Karnataka,CHIKMAGALUR,2014,Coconut ,238089.0
Karnataka,CHIKMAGALUR,2014,Coriander,87.0
Karnataka,CHIKMAGALUR,2014,Dry ginger,20478.0
Karnataka,CHIKMAGALUR,2014,Sugarcane,132145.0
Karnataka,CHIKMAGALUR,2014,Sweet potato,1290.0
Karnataka,CHIKMAGALUR,2014,Tobacco,13.0
Karnataka,CHIKMAGALUR,2014,Turmeric,30.0
Karnataka,CHITRADURGA,1997,Arhar/Tur,4225.0
Karnataka,CHITRADURGA,1997,Bajra,1816.0
Karnataka,CHITRADURGA,1997,Dry chillies,5614.0
Karnataka,CHITRADURGA,1997,Groundnut,88231.0
Karnataka,CHITRADURGA,1997,Horse-gram,8754.0
Karnataka,CHITRADURGA,1997,Jowar,43938.0
Karnataka,CHITRADURGA,1997,Maize,261359.0
Karnataka,CHITRADURGA,1997,Paddy,204602.0
Karnataka,CHITRADURGA,1997,Ragi,53619.0
Karnataka,CHITRADURGA,1997,Rice,136465.0
Karnataka,CHITRADURGA,1997,Dry chillies,187.0
Karnataka,CHITRADURGA,1997,Groundnut,9644.0
Karnataka,CHITRADURGA,1997,Horse-gram,4055.0
Karnataka,CHITRADURGA,1997,Jowar,13681.0
Karnataka,CHITRADURGA,1997,Maize,1010.0
Karnataka,CHITRADURGA,1997,Paddy,1133.0
Karnataka,CHITRADURGA,1997,Ragi,60.0
Karnataka,CHITRADURGA,1997,Rice,756.0
Karnataka,CHITRADURGA,1997,Wheat,381.0
Karnataka,CHITRADURGA,1997,Jowar,3924.0
Karnataka,CHITRADURGA,1997,Maize,97.0
Karnataka,CHITRADURGA,1997,Paddy,166203.0
Karnataka,CHITRADURGA,1997,Ragi,2072.0
Karnataka,CHITRADURGA,1997,Rice,110865.0
Karnataka,CHITRADURGA,1997,Arecanut,7248.0
Karnataka,CHITRADURGA,1997,Coriander,79.0
Karnataka,CHITRADURGA,1997,Garlic,30.0
Karnataka,CHITRADURGA,1997,Sugarcane,827746.0
Karnataka,CHITRADURGA,1997,Turmeric,17.0
Karnataka,CHITRADURGA,1998,Arhar/Tur,3393.0
Karnataka,CHITRADURGA,1998,Bajra,6113.0
Karnataka,CHITRADURGA,1998,Castor seed,1308.0
Karnataka,CHITRADURGA,1998,Cotton(lint),30271.0
Karnataka,CHITRADURGA,1998,Groundnut,191503.0
Karnataka,CHITRADURGA,1998,Horse-gram,9724.0
Karnataka,CHITRADURGA,1998,Jowar,34346.0
Karnataka,CHITRADURGA,1998,Maize,103976.0
Karnataka,CHITRADURGA,1998,Moong(Green Gram),202.0
Karnataka,CHITRADURGA,1998,Niger seed,163.0
Karnataka,CHITRADURGA,1998,Onion,83672.0
Karnataka,CHITRADURGA,1998,Peas & beans (Pulses),147.0
Karnataka,CHITRADURGA,1998,Ragi,95832.0
Karnataka,CHITRADURGA,1998,Rapeseed &Mustard,50.0
Karnataka,CHITRADURGA,1998,Rice,9914.0
Karnataka,CHITRADURGA,1998,Sesamum,1819.0
Karnataka,CHITRADURGA,1998,Sunflower,10045.0
Karnataka,CHITRADURGA,1998,Gram,1627.0
Karnataka,CHITRADURGA,1998,Groundnut,6938.0
Karnataka,CHITRADURGA,1998,Horse-gram,1758.0
Karnataka,CHITRADURGA,1998,Jowar,11307.0
Karnataka,CHITRADURGA,1998,Maize,767.0
Karnataka,CHITRADURGA,1998,Onion,2006.0
Karnataka,CHITRADURGA,1998,Peas & beans (Pulses),30.0
Karnataka,CHITRADURGA,1998,Ragi,74.0
Karnataka,CHITRADURGA,1998,Rice,1518.0
Karnataka,CHITRADURGA,1998,Safflower,549.0
Karnataka,CHITRADURGA,1998,Sunflower,6017.0
Karnataka,CHITRADURGA,1998,Wheat,546.0
Karnataka,CHITRADURGA,1998,Jowar,1395.0
Karnataka,CHITRADURGA,1998,Maize,409.0
Karnataka,CHITRADURGA,1998,Onion,2620.0
Karnataka,CHITRADURGA,1998,Ragi,2263.0
Karnataka,CHITRADURGA,1998,Rice,16109.0
Karnataka,CHITRADURGA,1998,Sunflower,787.0
Karnataka,CHITRADURGA,1998,Arecanut,28613.0
Karnataka,CHITRADURGA,1998,Coconut ,214268.0
Karnataka,CHITRADURGA,1998,Coriander,70.0
Karnataka,CHITRADURGA,1998,Dry chillies,2120.0
Karnataka,CHITRADURGA,1998,Garlic,5.0
Karnataka,CHITRADURGA,1998,Turmeric,15.0
Karnataka,CHITRADURGA,1999,Arhar/Tur,3139.0
Karnataka,CHITRADURGA,1999,Bajra,2259.0
Karnataka,CHITRADURGA,1999,Castor seed,1388.0
Karnataka,CHITRADURGA,1999,Cotton(lint),15166.0
Karnataka,CHITRADURGA,1999,Dry ginger,53.0
Karnataka,CHITRADURGA,1999,Groundnut,107080.0
Karnataka,CHITRADURGA,1999,Horse-gram,3897.0
Karnataka,CHITRADURGA,1999,Jowar,21288.0
Karnataka,CHITRADURGA,1999,Maize,98319.0
Karnataka,CHITRADURGA,1999,Moong(Green Gram),1197.0
Karnataka,CHITRADURGA,1999,Niger seed,137.0
Karnataka,CHITRADURGA,1999,Other Kharif pulses,2008.0
Karnataka,CHITRADURGA,1999,Ragi,79814.0
Karnataka,CHITRADURGA,1999,Rice,14509.0
Karnataka,CHITRADURGA,1999,Sesamum,3697.0
Karnataka,CHITRADURGA,1999,Small millets,4200.0
Karnataka,CHITRADURGA,1999,Soyabean,20.0
Karnataka,CHITRADURGA,1999,Sunflower,7833.0
Karnataka,CHITRADURGA,1999,Urad,27.0
Karnataka,CHITRADURGA,1999,Gram,1252.0
Karnataka,CHITRADURGA,1999,Groundnut,3644.0
Karnataka,CHITRADURGA,1999,Horse-gram,1944.0
Karnataka,CHITRADURGA,1999,Jowar,15741.0
Karnataka,CHITRADURGA,1999,Maize,1622.0
Karnataka,CHITRADURGA,1999,Other  Rabi pulses,26.0
Karnataka,CHITRADURGA,1999,Ragi,35.0
Karnataka,CHITRADURGA,1999,Rapeseed &Mustard,42.0
Karnataka,CHITRADURGA,1999,Rice,1539.0
Karnataka,CHITRADURGA,1999,Safflower,1800.0
Karnataka,CHITRADURGA,1999,Sunflower,6155.0
Karnataka,CHITRADURGA,1999,Wheat,1328.0
Karnataka,CHITRADURGA,1999,Jowar,1183.0
Karnataka,CHITRADURGA,1999,Maize,490.0
Karnataka,CHITRADURGA,1999,Ragi,1894.0
Karnataka,CHITRADURGA,1999,Rice,16774.0
Karnataka,CHITRADURGA,1999,Sunflower,531.0
Karnataka,CHITRADURGA,1999,Banana,11806.0
Karnataka,CHITRADURGA,1999,Coconut ,217756.0
Karnataka,CHITRADURGA,1999,Coriander,39.0
Karnataka,CHITRADURGA,1999,Dry chillies,2239.0
Karnataka,CHITRADURGA,1999,Garlic,1.0
Karnataka,CHITRADURGA,1999,Onion,136619.0
Karnataka,CHITRADURGA,1999,Sugarcane,132320.0
Karnataka,CHITRADURGA,1999,Tobacco,320.0
Karnataka,CHITRADURGA,1999,Turmeric,234.0
Karnataka,CHITRADURGA,2000,Arhar/Tur,4921.0
Karnataka,CHITRADURGA,2000,Bajra,3919.0
Karnataka,CHITRADURGA,2000,Castor seed,5759.0
Karnataka,CHITRADURGA,2000,Cotton(lint),27965.0
Karnataka,CHITRADURGA,2000,Dry ginger,158.0
Karnataka,CHITRADURGA,2000,Groundnut,176342.0
Karnataka,CHITRADURGA,2000,Horse-gram,7096.0
Karnataka,CHITRADURGA,2000,Jowar,25050.0
Karnataka,CHITRADURGA,2000,Maize,135867.0
Karnataka,CHITRADURGA,2000,Moong(Green Gram),1048.0
Karnataka,CHITRADURGA,2000,Niger seed,159.0
Karnataka,CHITRADURGA,2000,Other Kharif pulses,2035.0
Karnataka,CHITRADURGA,2000,Ragi,124206.0
Karnataka,CHITRADURGA,2000,Rice,19961.0
Karnataka,CHITRADURGA,2000,Sesamum,1708.0
Karnataka,CHITRADURGA,2000,Small millets,7268.0
Karnataka,CHITRADURGA,2000,Sunflower,8901.0
Karnataka,CHITRADURGA,2000,Urad,31.0
Karnataka,CHITRADURGA,2000,Gram,2441.0
Karnataka,CHITRADURGA,2000,Groundnut,5469.0
Karnataka,CHITRADURGA,2000,Horse-gram,489.0
Karnataka,CHITRADURGA,2000,Jowar,6713.0
Karnataka,CHITRADURGA,2000,Maize,2293.0
Karnataka,CHITRADURGA,2000,Other  Rabi pulses,18.0
Karnataka,CHITRADURGA,2000,Ragi,197.0
Karnataka,CHITRADURGA,2000,Rapeseed &Mustard,72.0
Karnataka,CHITRADURGA,2000,Rice,2566.0
Karnataka,CHITRADURGA,2000,Safflower,567.0
Karnataka,CHITRADURGA,2000,Sunflower,6939.0
Karnataka,CHITRADURGA,2000,Wheat,1095.0
Karnataka,CHITRADURGA,2000,Jowar,1910.0
Karnataka,CHITRADURGA,2000,Maize,711.0
Karnataka,CHITRADURGA,2000,Ragi,2151.0
Karnataka,CHITRADURGA,2000,Rice,16598.0
Karnataka,CHITRADURGA,2000,Sunflower,539.0
Karnataka,CHITRADURGA,2000,Arecanut,9466.0
Karnataka,CHITRADURGA,2000,Banana,9305.0
Karnataka,CHITRADURGA,2000,Coconut ,223358.0
Karnataka,CHITRADURGA,2000,Coriander,39.0
Karnataka,CHITRADURGA,2000,Dry chillies,3258.0
Karnataka,CHITRADURGA,2000,Onion,139200.0
Karnataka,CHITRADURGA,2000,Sugarcane,214947.0
Karnataka,CHITRADURGA,2000,Tobacco,492.0
Karnataka,CHITRADURGA,2000,Turmeric,111.0
Karnataka,CHITRADURGA,2001,Arhar/Tur,3642.0
Karnataka,CHITRADURGA,2001,Bajra,1583.0
Karnataka,CHITRADURGA,2001,Castor seed,1234.0
Karnataka,CHITRADURGA,2001,Cotton(lint),16460.0
Karnataka,CHITRADURGA,2001,Groundnut,107955.0
Karnataka,CHITRADURGA,2001,Horse-gram,4436.0
Karnataka,CHITRADURGA,2001,Jowar,18512.0
Karnataka,CHITRADURGA,2001,Maize,129870.0
Karnataka,CHITRADURGA,2001,Moong(Green Gram),1036.0
Karnataka,CHITRADURGA,2001,Niger seed,194.0
Karnataka,CHITRADURGA,2001,Other Kharif pulses,2098.0
Karnataka,CHITRADURGA,2001,Ragi,99239.0
Karnataka,CHITRADURGA,2001,Rice,14053.0
Karnataka,CHITRADURGA,2001,Sesamum,2023.0
Karnataka,CHITRADURGA,2001,Small millets,6519.0
Karnataka,CHITRADURGA,2001,Sunflower,5409.0
Karnataka,CHITRADURGA,2001,Urad,15.0
Karnataka,CHITRADURGA,2001,Gram,3574.0
Karnataka,CHITRADURGA,2001,Horse-gram,991.0
Karnataka,CHITRADURGA,2001,Jowar,5856.0
Karnataka,CHITRADURGA,2001,Maize,3119.0
Karnataka,CHITRADURGA,2001,Other  Rabi pulses,5.0
Karnataka,CHITRADURGA,2001,Ragi,650.0
Karnataka,CHITRADURGA,2001,Rapeseed &Mustard,72.0
Karnataka,CHITRADURGA,2001,Rice,2575.0
Karnataka,CHITRADURGA,2001,Safflower,535.0
Karnataka,CHITRADURGA,2001,Sunflower,6531.0
Karnataka,CHITRADURGA,2001,Wheat,1838.0
Karnataka,CHITRADURGA,2001,Jowar,2362.0
Karnataka,CHITRADURGA,2001,Maize,297.0
Karnataka,CHITRADURGA,2001,Ragi,2470.0
Karnataka,CHITRADURGA,2001,Rice,9838.0
Karnataka,CHITRADURGA,2001,Sunflower,1153.0
Karnataka,CHITRADURGA,2001,Arecanut,11707.0
Karnataka,CHITRADURGA,2001,Coconut ,172562.0
Karnataka,CHITRADURGA,2001,Coriander,13.0
Karnataka,CHITRADURGA,2001,Dry chillies,1780.0
Karnataka,CHITRADURGA,2001,Onion,87444.0
Karnataka,CHITRADURGA,2001,Peas & beans (Pulses),217.0
Karnataka,CHITRADURGA,2001,Sugarcane,180153.0
Karnataka,CHITRADURGA,2001,Turmeric,5.0
Karnataka,CHITRADURGA,2002,Arhar/Tur,4124.0
Karnataka,CHITRADURGA,2002,Bajra,2254.0
Karnataka,CHITRADURGA,2002,Castor seed,2334.0
Karnataka,CHITRADURGA,2002,Cotton(lint),9979.0
Karnataka,CHITRADURGA,2002,Groundnut,108358.0
Karnataka,CHITRADURGA,2002,Horse-gram,4059.0
Karnataka,CHITRADURGA,2002,Jowar,14703.0
Karnataka,CHITRADURGA,2002,Maize,73874.0
Karnataka,CHITRADURGA,2002,Moong(Green Gram),188.0
Karnataka,CHITRADURGA,2002,Niger seed,89.0
Karnataka,CHITRADURGA,2002,Other Kharif pulses,1815.0
Karnataka,CHITRADURGA,2002,Ragi,62857.0
Karnataka,CHITRADURGA,2002,Rice,10097.0
Karnataka,CHITRADURGA,2002,Sesamum,1424.0
Karnataka,CHITRADURGA,2002,Small millets,3256.0
Karnataka,CHITRADURGA,2002,Sunflower,8681.0
Karnataka,CHITRADURGA,2002,Urad,4.0
Karnataka,CHITRADURGA,2002,Gram,2566.0
Karnataka,CHITRADURGA,2002,Groundnut,2029.0
Karnataka,CHITRADURGA,2002,Horse-gram,2085.0
Karnataka,CHITRADURGA,2002,Jowar,9888.0
Karnataka,CHITRADURGA,2002,Maize,4522.0
Karnataka,CHITRADURGA,2002,Other  Rabi pulses,6.0
Karnataka,CHITRADURGA,2002,Ragi,1602.0
Karnataka,CHITRADURGA,2002,Rapeseed &Mustard,31.0
Karnataka,CHITRADURGA,2002,Rice,2867.0
Karnataka,CHITRADURGA,2002,Safflower,1760.0
Karnataka,CHITRADURGA,2002,Sunflower,11752.0
Karnataka,CHITRADURGA,2002,Wheat,843.0
Karnataka,CHITRADURGA,2002,Jowar,1575.0
Karnataka,CHITRADURGA,2002,Maize,396.0
Karnataka,CHITRADURGA,2002,Ragi,1347.0
Karnataka,CHITRADURGA,2002,Rice,3515.0
Karnataka,CHITRADURGA,2002,Sunflower,1195.0
Karnataka,CHITRADURGA,2002,Arcanut (Processed),12958.0
Karnataka,CHITRADURGA,2002,Atcanut (Raw),62965.0
Karnataka,CHITRADURGA,2002,Banana,49719.0
Karnataka,CHITRADURGA,2002,Beans & Mutter(Vegetable),157.0
Karnataka,CHITRADURGA,2002,Brinjal,2376.0
Karnataka,CHITRADURGA,2002,Cashewnut Processed,1.0
Karnataka,CHITRADURGA,2002,Cashewnut Raw,4.0
Karnataka,CHITRADURGA,2002,Citrus Fruit,590.0
Karnataka,CHITRADURGA,2002,Coconut ,173910.0
Karnataka,CHITRADURGA,2002,Coriander,27.0
Karnataka,CHITRADURGA,2002,Dry chillies,3580.0
Karnataka,CHITRADURGA,2002,Garlic,3.0
Karnataka,CHITRADURGA,2002,Grapes,416.0
Karnataka,CHITRADURGA,2002,Mango,15486.0
Karnataka,CHITRADURGA,2002,Onion,77697.0
Karnataka,CHITRADURGA,2002,Other Fresh Fruits,2919.0
Karnataka,CHITRADURGA,2002,Papaya,464.0
Karnataka,CHITRADURGA,2002,Pome Fruit,190.0
Karnataka,CHITRADURGA,2002,Sugarcane,114470.0
Karnataka,CHITRADURGA,2002,Tobacco,512.0
Karnataka,CHITRADURGA,2002,Tomato,2640.0
Karnataka,CHITRADURGA,2002,Turmeric,9.0
Karnataka,CHITRADURGA,2003,Arhar/Tur,1768.0
Karnataka,CHITRADURGA,2003,Bajra,1212.0
Karnataka,CHITRADURGA,2003,Castor seed,1068.0
Karnataka,CHITRADURGA,2003,Cotton(lint),4300.0
Karnataka,CHITRADURGA,2003,Groundnut,51038.0
Karnataka,CHITRADURGA,2003,Horse-gram,4553.0
Karnataka,CHITRADURGA,2003,Jowar,10694.0
Karnataka,CHITRADURGA,2003,Maize,24500.0
Karnataka,CHITRADURGA,2003,Moong(Green Gram),35.0
Karnataka,CHITRADURGA,2003,Niger seed,124.0
Karnataka,CHITRADURGA,2003,Other Kharif pulses,2065.0
Karnataka,CHITRADURGA,2003,Ragi,60243.0
Karnataka,CHITRADURGA,2003,Rice,6921.0
Karnataka,CHITRADURGA,2003,Sesamum,71.0
Karnataka,CHITRADURGA,2003,Small millets,4227.0
Karnataka,CHITRADURGA,2003,Sunflower,6163.0
Karnataka,CHITRADURGA,2003,Urad,21.0
Karnataka,CHITRADURGA,2003,Gram,2260.0
Karnataka,CHITRADURGA,2003,Groundnut,1425.0
Karnataka,CHITRADURGA,2003,Horse-gram,986.0
Karnataka,CHITRADURGA,2003,Jowar,7150.0
Karnataka,CHITRADURGA,2003,Maize,6671.0
Karnataka,CHITRADURGA,2003,Other  Rabi pulses,12.0
Karnataka,CHITRADURGA,2003,Ragi,346.0
Karnataka,CHITRADURGA,2003,Rapeseed &Mustard,37.0
Karnataka,CHITRADURGA,2003,Rice,2665.0
Karnataka,CHITRADURGA,2003,Safflower,1984.0
Karnataka,CHITRADURGA,2003,Sunflower,10457.0
Karnataka,CHITRADURGA,2003,Wheat,637.0
Karnataka,CHITRADURGA,2003,Bajra,6.0
Karnataka,CHITRADURGA,2003,Jowar,2519.0
Karnataka,CHITRADURGA,2003,Maize,252.0
Karnataka,CHITRADURGA,2003,Ragi,1423.0
Karnataka,CHITRADURGA,2003,Rice,2626.0
Karnataka,CHITRADURGA,2003,Sunflower,1049.0
Karnataka,CHITRADURGA,2003,Arecanut,13838.0
Karnataka,CHITRADURGA,2003,Banana,35307.0
Karnataka,CHITRADURGA,2003,Beans & Mutter(Vegetable),156.0
Karnataka,CHITRADURGA,2003,Brinjal,2351.0
Karnataka,CHITRADURGA,2003,Citrus Fruit,554.0
Karnataka,CHITRADURGA,2003,Coconut ,189870.0
Karnataka,CHITRADURGA,2003,Coriander,25.0
Karnataka,CHITRADURGA,2003,Dry chillies,3823.0
Karnataka,CHITRADURGA,2003,Garlic,6.0
Karnataka,CHITRADURGA,2003,Grapes,322.0
Karnataka,CHITRADURGA,2003,Mango,7968.0
Karnataka,CHITRADURGA,2003,Onion,63625.0
Karnataka,CHITRADURGA,2003,Other Fresh Fruits,2094.0
Karnataka,CHITRADURGA,2003,Pome Fruit,144.0
Karnataka,CHITRADURGA,2003,Sugarcane,22258.0
Karnataka,CHITRADURGA,2003,Tobacco,350.0
Karnataka,CHITRADURGA,2003,Tomato,2581.0
Karnataka,CHITRADURGA,2004,Arhar/Tur,5320.0
Karnataka,CHITRADURGA,2004,Bajra,4002.0
Karnataka,CHITRADURGA,2004,Castor seed,2443.0
Karnataka,CHITRADURGA,2004,Cotton(lint),24022.0
Karnataka,CHITRADURGA,2004,Groundnut,148457.0
Karnataka,CHITRADURGA,2004,Horse-gram,7739.0
Karnataka,CHITRADURGA,2004,Jowar,23594.0
Karnataka,CHITRADURGA,2004,Maize,130366.0
Karnataka,CHITRADURGA,2004,Moong(Green Gram),367.0
Karnataka,CHITRADURGA,2004,Niger seed,99.0
Karnataka,CHITRADURGA,2004,Other Kharif pulses,1595.84
Karnataka,CHITRADURGA,2004,Ragi,65889.0
Karnataka,CHITRADURGA,2004,Rice,6942.84
Karnataka,CHITRADURGA,2004,Sesamum,2656.0
Karnataka,CHITRADURGA,2004,Small millets,6283.0
Karnataka,CHITRADURGA,2004,Sunflower,15214.0
Karnataka,CHITRADURGA,2004,Urad,8.0
Karnataka,CHITRADURGA,2004,Gram,1939.0
Karnataka,CHITRADURGA,2004,Groundnut,1112.0
Karnataka,CHITRADURGA,2004,Horse-gram,2815.0
Karnataka,CHITRADURGA,2004,Jowar,2235.0
Karnataka,CHITRADURGA,2004,Maize,4953.0
Karnataka,CHITRADURGA,2004,Other  Rabi pulses,1.0
Karnataka,CHITRADURGA,2004,Ragi,709.0
Karnataka,CHITRADURGA,2004,Rapeseed &Mustard,41.0
Karnataka,CHITRADURGA,2004,Rice,2613.0
Karnataka,CHITRADURGA,2004,Safflower,1378.0
Karnataka,CHITRADURGA,2004,Sunflower,8313.0
Karnataka,CHITRADURGA,2004,Wheat,932.0
Karnataka,CHITRADURGA,2004,Bajra,12.0
Karnataka,CHITRADURGA,2004,Jowar,475.0
Karnataka,CHITRADURGA,2004,Maize,367.0
Karnataka,CHITRADURGA,2004,Ragi,542.0
Karnataka,CHITRADURGA,2004,Rice,1599.0
Karnataka,CHITRADURGA,2004,Sunflower,1127.0
Karnataka,CHITRADURGA,2004,Arecanut,13965.0
Karnataka,CHITRADURGA,2004,Banana,11100.0
Karnataka,CHITRADURGA,2004,Coconut ,1922316.36
Karnataka,CHITRADURGA,2004,Coriander,27.0
Karnataka,CHITRADURGA,2004,Dry chillies,1912.0
Karnataka,CHITRADURGA,2004,Garlic,9.0
Karnataka,CHITRADURGA,2004,Onion,100647.0
Karnataka,CHITRADURGA,2004,Tobacco,212.0
Karnataka,CHITRADURGA,2005,Arhar/Tur,5282.0
Karnataka,CHITRADURGA,2005,Bajra,4053.0
Karnataka,CHITRADURGA,2005,Castor seed,2276.0
Karnataka,CHITRADURGA,2005,Dry chillies,2822.0
Karnataka,CHITRADURGA,2005,Groundnut,98202.0
Karnataka,CHITRADURGA,2005,Horse-gram,9257.0
Karnataka,CHITRADURGA,2005,Jowar,23493.0
Karnataka,CHITRADURGA,2005,Maize,64004.0
Karnataka,CHITRADURGA,2005,Moong(Green Gram),1465.0
Karnataka,CHITRADURGA,2005,Niger seed,183.0
Karnataka,CHITRADURGA,2005,Onion,124143.0
Karnataka,CHITRADURGA,2005,Other Kharif pulses,2139.0
Karnataka,CHITRADURGA,2005,Peas & beans (Pulses),134.0
Karnataka,CHITRADURGA,2005,Ragi,69277.0
Karnataka,CHITRADURGA,2005,Rice,9616.0
Karnataka,CHITRADURGA,2005,Sesamum,8751.0
Karnataka,CHITRADURGA,2005,Small millets,3232.0
Karnataka,CHITRADURGA,2005,Sunflower,16429.0
Karnataka,CHITRADURGA,2005,Urad,21.0
Karnataka,CHITRADURGA,2005,Dry chillies,107.0
Karnataka,CHITRADURGA,2005,Gram,3603.0
Karnataka,CHITRADURGA,2005,Groundnut,2264.0
Karnataka,CHITRADURGA,2005,Horse-gram,3324.0
Karnataka,CHITRADURGA,2005,Jowar,9533.0
Karnataka,CHITRADURGA,2005,Maize,6870.0
Karnataka,CHITRADURGA,2005,Onion,13228.0
Karnataka,CHITRADURGA,2005,Other  Rabi pulses,15.0
Karnataka,CHITRADURGA,2005,Ragi,2439.0
Karnataka,CHITRADURGA,2005,Rapeseed &Mustard,152.0
Karnataka,CHITRADURGA,2005,Rice,4689.0
Karnataka,CHITRADURGA,2005,Safflower,557.0
Karnataka,CHITRADURGA,2005,Sunflower,13671.0
Karnataka,CHITRADURGA,2005,Wheat,1429.0
Karnataka,CHITRADURGA,2005,Dry chillies,153.0
Karnataka,CHITRADURGA,2005,Jowar,1506.0
Karnataka,CHITRADURGA,2005,Maize,811.0
Karnataka,CHITRADURGA,2005,Onion,6045.0
Karnataka,CHITRADURGA,2005,Peas & beans (Pulses),15.0
Karnataka,CHITRADURGA,2005,Ragi,3259.0
Karnataka,CHITRADURGA,2005,Rice,17011.0
Karnataka,CHITRADURGA,2005,Sunflower,3301.0
Karnataka,CHITRADURGA,2005,Arecanut,59389.0
Karnataka,CHITRADURGA,2005,Banana,10489.0
Karnataka,CHITRADURGA,2005,Coconut ,178519.0
Karnataka,CHITRADURGA,2005,Coriander,11.0
Karnataka,CHITRADURGA,2005,Cotton(lint),26687.0
Karnataka,CHITRADURGA,2005,Garlic,6.0
Karnataka,CHITRADURGA,2005,Tobacco,198.0
Karnataka,CHITRADURGA,2006,Arhar/Tur,3610.0
Karnataka,CHITRADURGA,2006,Bajra,544.0
Karnataka,CHITRADURGA,2006,Castor seed,1711.0
Karnataka,CHITRADURGA,2006,Gram,15.0
Karnataka,CHITRADURGA,2006,Groundnut,27837.0
Karnataka,CHITRADURGA,2006,Horse-gram,2520.0
Karnataka,CHITRADURGA,2006,Jowar,12292.0
Karnataka,CHITRADURGA,2006,Maize,105020.0
Karnataka,CHITRADURGA,2006,Moong(Green Gram),720.0
Karnataka,CHITRADURGA,2006,Niger seed,171.0
Karnataka,CHITRADURGA,2006,Other Kharif pulses,7538.0
Karnataka,CHITRADURGA,2006,Ragi,35016.0
Karnataka,CHITRADURGA,2006,Rapeseed &Mustard,69.0
Karnataka,CHITRADURGA,2006,Rice,10215.0
Karnataka,CHITRADURGA,2006,Sesamum,4146.0
Karnataka,CHITRADURGA,2006,Small millets,2262.0
Karnataka,CHITRADURGA,2006,Sunflower,18184.0
Karnataka,CHITRADURGA,2006,Urad,15.0
Karnataka,CHITRADURGA,2006,Bajra,11.0
Karnataka,CHITRADURGA,2006,Gram,2830.0
Karnataka,CHITRADURGA,2006,Groundnut,3732.0
Karnataka,CHITRADURGA,2006,Horse-gram,3209.0
Karnataka,CHITRADURGA,2006,Jowar,9674.0
Karnataka,CHITRADURGA,2006,Maize,21374.0
Karnataka,CHITRADURGA,2006,Other  Rabi pulses,61.0
Karnataka,CHITRADURGA,2006,Ragi,4051.0
Karnataka,CHITRADURGA,2006,Rice,1735.0
Karnataka,CHITRADURGA,2006,Safflower,2510.0
Karnataka,CHITRADURGA,2006,Sunflower,8222.0
Karnataka,CHITRADURGA,2006,Wheat,1168.0
Karnataka,CHITRADURGA,2006,Jowar,844.0
Karnataka,CHITRADURGA,2006,Maize,1384.0
Karnataka,CHITRADURGA,2006,Ragi,3454.0
Karnataka,CHITRADURGA,2006,Rice,6145.0
Karnataka,CHITRADURGA,2006,Sunflower,2298.0
Karnataka,CHITRADURGA,2006,Arecanut,14276.0
Karnataka,CHITRADURGA,2006,Banana,14090.0
Karnataka,CHITRADURGA,2006,Coconut ,183580.0
Karnataka,CHITRADURGA,2006,Coriander,16.0
Karnataka,CHITRADURGA,2006,Cotton(lint),12117.0
Karnataka,CHITRADURGA,2006,Dry chillies,3576.0
Karnataka,CHITRADURGA,2006,Garlic,5.0
Karnataka,CHITRADURGA,2006,Onion,103526.0
Karnataka,CHITRADURGA,2006,Sugarcane,5244.0
Karnataka,CHITRADURGA,2006,Tobacco,127.0
Karnataka,CHITRADURGA,2006,Turmeric,5.0
Karnataka,CHITRADURGA,2007,Arhar/Tur,4940.0
Karnataka,CHITRADURGA,2007,Bajra,2208.0
Karnataka,CHITRADURGA,2007,Castor seed,2062.0
Karnataka,CHITRADURGA,2007,Dry chillies,2358.0
Karnataka,CHITRADURGA,2007,Groundnut,111426.0
Karnataka,CHITRADURGA,2007,Horse-gram,3114.0
Karnataka,CHITRADURGA,2007,Jowar,22125.0
Karnataka,CHITRADURGA,2007,Maize,177038.0
Karnataka,CHITRADURGA,2007,Moong(Green Gram),1317.0
Karnataka,CHITRADURGA,2007,Niger seed,202.0
Karnataka,CHITRADURGA,2007,Onion,91994.0
Karnataka,CHITRADURGA,2007,Other Kharif pulses,9886.0
Karnataka,CHITRADURGA,2007,Ragi,74608.0
Karnataka,CHITRADURGA,2007,Rapeseed &Mustard,40.0
Karnataka,CHITRADURGA,2007,Rice,6857.0
Karnataka,CHITRADURGA,2007,Sesamum,4945.0
Karnataka,CHITRADURGA,2007,Small millets,2337.0
Karnataka,CHITRADURGA,2007,Sunflower,23939.0
Karnataka,CHITRADURGA,2007,Urad,68.0
Karnataka,CHITRADURGA,2007,Dry chillies,173.0
Karnataka,CHITRADURGA,2007,Gram,4549.0
Karnataka,CHITRADURGA,2007,Groundnut,2777.0
Karnataka,CHITRADURGA,2007,Horse-gram,1396.0
Karnataka,CHITRADURGA,2007,Jowar,6709.0
Karnataka,CHITRADURGA,2007,Maize,9034.0
Karnataka,CHITRADURGA,2007,Onion,3547.0
Karnataka,CHITRADURGA,2007,Other  Rabi pulses,1.0
Karnataka,CHITRADURGA,2007,Ragi,558.0
Karnataka,CHITRADURGA,2007,Rice,944.0
Karnataka,CHITRADURGA,2007,Safflower,1022.0
Karnataka,CHITRADURGA,2007,Sunflower,3482.0
Karnataka,CHITRADURGA,2007,Wheat,596.0
Karnataka,CHITRADURGA,2007,Dry chillies,213.0
Karnataka,CHITRADURGA,2007,Jowar,1276.0
Karnataka,CHITRADURGA,2007,Maize,733.0
Karnataka,CHITRADURGA,2007,Onion,1904.0
Karnataka,CHITRADURGA,2007,Ragi,2530.0
Karnataka,CHITRADURGA,2007,Rice,8760.0
Karnataka,CHITRADURGA,2007,Sunflower,1362.0
Karnataka,CHITRADURGA,2007,Arecanut,71699.0
Karnataka,CHITRADURGA,2007,Banana,17539.0
Karnataka,CHITRADURGA,2007,Coconut ,216488.0
Karnataka,CHITRADURGA,2007,Coriander,75.0
Karnataka,CHITRADURGA,2007,Cotton(lint),24767.0
Karnataka,CHITRADURGA,2007,Sugarcane,5496.0
Karnataka,CHITRADURGA,2007,Tobacco,78.0
Karnataka,CHITRADURGA,2008,Arhar/Tur,4284.0
Karnataka,CHITRADURGA,2008,Bajra,600.0
Karnataka,CHITRADURGA,2008,Castor seed,846.0
Karnataka,CHITRADURGA,2008,Dry chillies,1751.0
Karnataka,CHITRADURGA,2008,Groundnut,31181.0
Karnataka,CHITRADURGA,2008,Horse-gram,2856.0
Karnataka,CHITRADURGA,2008,Jowar,10820.0
Karnataka,CHITRADURGA,2008,Maize,77388.0
Karnataka,CHITRADURGA,2008,Moong(Green Gram),383.0
Karnataka,CHITRADURGA,2008,Niger seed,92.0
Karnataka,CHITRADURGA,2008,Onion,85458.0
Karnataka,CHITRADURGA,2008,Other Kharif pulses,6578.0
Karnataka,CHITRADURGA,2008,Potato,4.0
Karnataka,CHITRADURGA,2008,Ragi,60153.0
Karnataka,CHITRADURGA,2008,Rice,11253.94
Karnataka,CHITRADURGA,2008,Sesamum,2196.0
Karnataka,CHITRADURGA,2008,Sunflower,11678.0
Karnataka,CHITRADURGA,2008,Urad,6.0
Karnataka,CHITRADURGA,2008,Dry chillies,127.0
Karnataka,CHITRADURGA,2008,Gram,4192.0
Karnataka,CHITRADURGA,2008,Groundnut,2223.0
Karnataka,CHITRADURGA,2008,Horse-gram,1033.0
Karnataka,CHITRADURGA,2008,Jowar,7142.0
Karnataka,CHITRADURGA,2008,Maize,11688.0
Karnataka,CHITRADURGA,2008,Onion,2955.0
Karnataka,CHITRADURGA,2008,Other  Rabi pulses,1.0
Karnataka,CHITRADURGA,2008,Ragi,710.0
Karnataka,CHITRADURGA,2008,Rapeseed &Mustard,20.0
Karnataka,CHITRADURGA,2008,Rice,947.0
Karnataka,CHITRADURGA,2008,Safflower,2581.0
Karnataka,CHITRADURGA,2008,Sunflower,4959.0
Karnataka,CHITRADURGA,2008,Wheat,2577.0
Karnataka,CHITRADURGA,2008,Bajra,1.0
Karnataka,CHITRADURGA,2008,Dry chillies,148.0
Karnataka,CHITRADURGA,2008,Jowar,1333.0
Karnataka,CHITRADURGA,2008,Maize,1378.0
Karnataka,CHITRADURGA,2008,Onion,660.0
Karnataka,CHITRADURGA,2008,Ragi,1843.0
Karnataka,CHITRADURGA,2008,Rice,5981.0
Karnataka,CHITRADURGA,2008,Sunflower,648.0
Karnataka,CHITRADURGA,2008,Arecanut,72387.0
Karnataka,CHITRADURGA,2008,Banana,14585.0
Karnataka,CHITRADURGA,2008,Cashewnut,8.61
Karnataka,CHITRADURGA,2008,Coconut ,291591.0
Karnataka,CHITRADURGA,2008,Coriander,265.0
Karnataka,CHITRADURGA,2008,Cotton(lint),7054.0
Karnataka,CHITRADURGA,2008,Tobacco,181.0
Karnataka,CHITRADURGA,2009,Arhar/Tur,4635.0
Karnataka,CHITRADURGA,2009,Bajra,694.0
Karnataka,CHITRADURGA,2009,Castor seed,1576.0
Karnataka,CHITRADURGA,2009,Gram,2113.0
Karnataka,CHITRADURGA,2009,Groundnut,62493.0
Karnataka,CHITRADURGA,2009,Horse-gram,2113.0
Karnataka,CHITRADURGA,2009,Jowar,12005.0
Karnataka,CHITRADURGA,2009,Maize,132144.0
Karnataka,CHITRADURGA,2009,Moong(Green Gram),1298.0
Karnataka,CHITRADURGA,2009,Niger seed,77.0
Karnataka,CHITRADURGA,2009,Onion,125149.0
Karnataka,CHITRADURGA,2009,Other Kharif pulses,3823.0
Karnataka,CHITRADURGA,2009,Ragi,64781.0
Karnataka,CHITRADURGA,2009,Rice,11106.79
Karnataka,CHITRADURGA,2009,Sesamum,2905.0
Karnataka,CHITRADURGA,2009,Small millets,2811.0
Karnataka,CHITRADURGA,2009,Sunflower,8581.0
Karnataka,CHITRADURGA,2009,Urad,3.0
Karnataka,CHITRADURGA,2009,Dry chillies,212.0
Karnataka,CHITRADURGA,2009,Gram,1488.0
Karnataka,CHITRADURGA,2009,Groundnut,4114.0
Karnataka,CHITRADURGA,2009,Horse-gram,1488.0
Karnataka,CHITRADURGA,2009,Jowar,9717.0
Karnataka,CHITRADURGA,2009,Maize,8196.0
Karnataka,CHITRADURGA,2009,Onion,2330.0
Karnataka,CHITRADURGA,2009,Other  Rabi pulses,10.0
Karnataka,CHITRADURGA,2009,Ragi,947.0
Karnataka,CHITRADURGA,2009,Rapeseed &Mustard,19.0
Karnataka,CHITRADURGA,2009,Rice,2510.0
Karnataka,CHITRADURGA,2009,Safflower,1074.0
Karnataka,CHITRADURGA,2009,Sunflower,1959.0
Karnataka,CHITRADURGA,2009,Wheat,1196.0
Karnataka,CHITRADURGA,2009,Dry chillies,198.0
Karnataka,CHITRADURGA,2009,Jowar,549.0
Karnataka,CHITRADURGA,2009,Maize,1588.0
Karnataka,CHITRADURGA,2009,Onion,954.0
Karnataka,CHITRADURGA,2009,Ragi,2455.0
Karnataka,CHITRADURGA,2009,Rice,8542.0
Karnataka,CHITRADURGA,2009,Sunflower,783.0
Karnataka,CHITRADURGA,2009,Arecanut,77443.0
Karnataka,CHITRADURGA,2009,Banana,18515.0
Karnataka,CHITRADURGA,2009,Cashewnut,3.0
Karnataka,CHITRADURGA,2009,Coconut ,295008.0
Karnataka,CHITRADURGA,2009,Coriander,120.0
Karnataka,CHITRADURGA,2009,Cotton(lint),14749.0
Karnataka,CHITRADURGA,2009,Tobacco,352.0
Karnataka,CHITRADURGA,2010,Arhar/Tur,10887.0
Karnataka,CHITRADURGA,2010,Bajra,825.0
Karnataka,CHITRADURGA,2010,Castor seed,1975.0
Karnataka,CHITRADURGA,2010,Cotton(lint),32813.0
Karnataka,CHITRADURGA,2010,Cowpea(Lobia),755.0
Karnataka,CHITRADURGA,2010,Dry chillies,1733.0
Karnataka,CHITRADURGA,2010,Groundnut,78100.0
Karnataka,CHITRADURGA,2010,Horse-gram,2650.0
Karnataka,CHITRADURGA,2010,Jowar,12956.0
Karnataka,CHITRADURGA,2010,Maize,266771.0
Karnataka,CHITRADURGA,2010,Moong(Green Gram),1214.0
Karnataka,CHITRADURGA,2010,Niger seed,58.0
Karnataka,CHITRADURGA,2010,Onion,94535.0
Karnataka,CHITRADURGA,2010,Other Kharif pulses,6221.0
Karnataka,CHITRADURGA,2010,Peas & beans (Pulses),54.0
Karnataka,CHITRADURGA,2010,Potato,38.0
Karnataka,CHITRADURGA,2010,Ragi,86967.0
Karnataka,CHITRADURGA,2010,Rice,18659.0
Karnataka,CHITRADURGA,2010,Sesamum,3243.0
Karnataka,CHITRADURGA,2010,Small millets,2511.0
Karnataka,CHITRADURGA,2010,Sunflower,5626.0
Karnataka,CHITRADURGA,2010,Urad,20.0
Karnataka,CHITRADURGA,2010,Cotton(lint),2305.0
Karnataka,CHITRADURGA,2010,Cowpea(Lobia),38.0
Karnataka,CHITRADURGA,2010,Dry chillies,220.0
Karnataka,CHITRADURGA,2010,Gram,13689.0
Karnataka,CHITRADURGA,2010,Groundnut,4072.0
Karnataka,CHITRADURGA,2010,Horse-gram,1954.0
Karnataka,CHITRADURGA,2010,Jowar,8249.0
Karnataka,CHITRADURGA,2010,Maize,14949.0
Karnataka,CHITRADURGA,2010,Onion,1294.0
Karnataka,CHITRADURGA,2010,Other  Rabi pulses,14.0
Karnataka,CHITRADURGA,2010,Peas & beans (Pulses),57.0
Karnataka,CHITRADURGA,2010,Ragi,695.0
Karnataka,CHITRADURGA,2010,Rapeseed &Mustard,42.0
Karnataka,CHITRADURGA,2010,Rice,2099.0
Karnataka,CHITRADURGA,2010,Safflower,300.0
Karnataka,CHITRADURGA,2010,Sunflower,1358.0
Karnataka,CHITRADURGA,2010,Wheat,2438.0
Karnataka,CHITRADURGA,2010,Dry chillies,128.0
Karnataka,CHITRADURGA,2010,Jowar,1304.0
Karnataka,CHITRADURGA,2010,Maize,6077.0
Karnataka,CHITRADURGA,2010,Onion,1234.0
Karnataka,CHITRADURGA,2010,Ragi,3429.0
Karnataka,CHITRADURGA,2010,Rice,11610.0
Karnataka,CHITRADURGA,2010,Sunflower,1098.0
Karnataka,CHITRADURGA,2010,Arecanut,160667.0
Karnataka,CHITRADURGA,2010,Banana,27118.0
Karnataka,CHITRADURGA,2010,Cashewnut,3.0
Karnataka,CHITRADURGA,2010,Coconut ,583165.0
Karnataka,CHITRADURGA,2010,Coriander,33.0
Karnataka,CHITRADURGA,2010,Sugarcane,388.0
Karnataka,CHITRADURGA,2010,Tobacco,535.0
Karnataka,CHITRADURGA,2011,Arhar/Tur,5233.0
Karnataka,CHITRADURGA,2011,Bajra,906.0
Karnataka,CHITRADURGA,2011,Castor seed,719.0
Karnataka,CHITRADURGA,2011,Cotton(lint),37180.0
Karnataka,CHITRADURGA,2011,Cowpea(Lobia),481.0
Karnataka,CHITRADURGA,2011,Dry chillies,270.0
Karnataka,CHITRADURGA,2011,Groundnut,43119.0
Karnataka,CHITRADURGA,2011,Horse-gram,1446.0
Karnataka,CHITRADURGA,2011,Jowar,4139.0
Karnataka,CHITRADURGA,2011,Maize,162562.0
Karnataka,CHITRADURGA,2011,Moong(Green Gram),895.0
Karnataka,CHITRADURGA,2011,Niger seed,20.0
Karnataka,CHITRADURGA,2011,Onion,83758.0
Karnataka,CHITRADURGA,2011,Other Kharif pulses,2509.0
Karnataka,CHITRADURGA,2011,Peas & beans (Pulses),36.0
Karnataka,CHITRADURGA,2011,Potato,33.0
Karnataka,CHITRADURGA,2011,Ragi,35937.0
Karnataka,CHITRADURGA,2011,Rice,10517.0
Karnataka,CHITRADURGA,2011,Sesamum,1875.0
Karnataka,CHITRADURGA,2011,Small millets,3827.0
Karnataka,CHITRADURGA,2011,Sunflower,1197.0
Karnataka,CHITRADURGA,2011,Urad,12.0
Karnataka,CHITRADURGA,2011,Cotton(lint),399.0
Karnataka,CHITRADURGA,2011,Cowpea(Lobia),48.0
Karnataka,CHITRADURGA,2011,Dry chillies,158.0
Karnataka,CHITRADURGA,2011,Gram,9937.0
Karnataka,CHITRADURGA,2011,Groundnut,3480.0
Karnataka,CHITRADURGA,2011,Horse-gram,1685.0
Karnataka,CHITRADURGA,2011,Jowar,11123.0
Karnataka,CHITRADURGA,2011,Maize,9884.0
Karnataka,CHITRADURGA,2011,Moong(Green Gram),3.0
Karnataka,CHITRADURGA,2011,Onion,1226.0
Karnataka,CHITRADURGA,2011,Other  Rabi pulses,47.0
Karnataka,CHITRADURGA,2011,Peas & beans (Pulses),22.0
Karnataka,CHITRADURGA,2011,Ragi,639.0
Karnataka,CHITRADURGA,2011,Rapeseed &Mustard,15.0
Karnataka,CHITRADURGA,2011,Rice,1174.0
Karnataka,CHITRADURGA,2011,Safflower,170.0
Karnataka,CHITRADURGA,2011,Sunflower,2461.0
Karnataka,CHITRADURGA,2011,Wheat,777.0
Karnataka,CHITRADURGA,2011,Dry chillies,18.0
Karnataka,CHITRADURGA,2011,Jowar,1787.0
Karnataka,CHITRADURGA,2011,Maize,3310.0
Karnataka,CHITRADURGA,2011,Onion,616.0
Karnataka,CHITRADURGA,2011,Ragi,2020.0
Karnataka,CHITRADURGA,2011,Rice,1524.0
Karnataka,CHITRADURGA,2011,Sunflower,401.0
Karnataka,CHITRADURGA,2011,Arecanut,132511.0
Karnataka,CHITRADURGA,2011,Banana,28245.0
Karnataka,CHITRADURGA,2011,Cashewnut,3.0
Karnataka,CHITRADURGA,2011,Coconut ,571248.0
Karnataka,CHITRADURGA,2011,Coriander,27.0
Karnataka,CHITRADURGA,2011,Sugarcane,912.0
Karnataka,CHITRADURGA,2011,Tobacco,401.0
Karnataka,CHITRADURGA,2012,Arhar/Tur,4165.0
Karnataka,CHITRADURGA,2012,Bajra,699.0
Karnataka,CHITRADURGA,2012,Castor seed,576.0
Karnataka,CHITRADURGA,2012,Cotton(lint),25526.0
Karnataka,CHITRADURGA,2012,Cowpea(Lobia),280.0
Karnataka,CHITRADURGA,2012,Dry chillies,240.0
Karnataka,CHITRADURGA,2012,Groundnut,41415.0
Karnataka,CHITRADURGA,2012,Horse-gram,2393.0
Karnataka,CHITRADURGA,2012,Jowar,7063.0
Karnataka,CHITRADURGA,2012,Maize,221861.0
Karnataka,CHITRADURGA,2012,Moong(Green Gram),800.0
Karnataka,CHITRADURGA,2012,Niger seed,19.0
Karnataka,CHITRADURGA,2012,Onion,63696.0
Karnataka,CHITRADURGA,2012,Other Kharif pulses,2683.0
Karnataka,CHITRADURGA,2012,Ragi,51137.0
Karnataka,CHITRADURGA,2012,Rapeseed &Mustard,24.0
Karnataka,CHITRADURGA,2012,Rice,6470.0
Karnataka,CHITRADURGA,2012,Sesamum,569.0
Karnataka,CHITRADURGA,2012,Small millets,2253.0
Karnataka,CHITRADURGA,2012,Sunflower,15245.0
Karnataka,CHITRADURGA,2012,Urad,2.0
Karnataka,CHITRADURGA,2012,Cotton(lint),2204.0
Karnataka,CHITRADURGA,2012,Cowpea(Lobia),7.0
Karnataka,CHITRADURGA,2012,Dry chillies,216.0
Karnataka,CHITRADURGA,2012,Gram,10607.0
Karnataka,CHITRADURGA,2012,Horse-gram,1715.0
Karnataka,CHITRADURGA,2012,Jowar,10726.0
Karnataka,CHITRADURGA,2012,Maize,12745.0
Karnataka,CHITRADURGA,2012,Onion,1034.0
Karnataka,CHITRADURGA,2012,Ragi,366.0
Karnataka,CHITRADURGA,2012,Rice,668.0
Karnataka,CHITRADURGA,2012,Safflower,76.0
Karnataka,CHITRADURGA,2012,Sunflower,7858.0
Karnataka,CHITRADURGA,2012,Wheat,163.0
Karnataka,CHITRADURGA,2012,Cowpea(Lobia),4.0
Karnataka,CHITRADURGA,2012,Dry chillies,51.0
Karnataka,CHITRADURGA,2012,Groundnut,3799.0
Karnataka,CHITRADURGA,2012,Jowar,146.0
Karnataka,CHITRADURGA,2012,Maize,3097.0
Karnataka,CHITRADURGA,2012,Onion,800.0
Karnataka,CHITRADURGA,2012,Ragi,2283.0
Karnataka,CHITRADURGA,2012,Rice,849.0
Karnataka,CHITRADURGA,2012,Sunflower,464.0
Karnataka,CHITRADURGA,2012,Arecanut,138455.0
Karnataka,CHITRADURGA,2012,Cashewnut,3.0
Karnataka,CHITRADURGA,2012,Coconut ,571181.0
Karnataka,CHITRADURGA,2012,Coriander,19.0
Karnataka,CHITRADURGA,2012,Sugarcane,3093.0
Karnataka,CHITRADURGA,2012,Tobacco,103.0
Karnataka,CHITRADURGA,2013,Arhar/Tur,7250.0
Karnataka,CHITRADURGA,2013,Bajra,1110.0
Karnataka,CHITRADURGA,2013,Castor seed,526.0
Karnataka,CHITRADURGA,2013,Cotton(lint),34287.0
Karnataka,CHITRADURGA,2013,Cowpea(Lobia),267.0
Karnataka,CHITRADURGA,2013,Dry chillies,873.0
Karnataka,CHITRADURGA,2013,Groundnut,79975.0
Karnataka,CHITRADURGA,2013,Horse-gram,1403.0
Karnataka,CHITRADURGA,2013,Jowar,4821.0
Karnataka,CHITRADURGA,2013,Maize,209839.0
Karnataka,CHITRADURGA,2013,Moong(Green Gram),991.0
Karnataka,CHITRADURGA,2013,Niger seed,1.0
Karnataka,CHITRADURGA,2013,Onion,75732.0
Karnataka,CHITRADURGA,2013,Other Kharif pulses,2571.0
Karnataka,CHITRADURGA,2013,Potato,151.0
Karnataka,CHITRADURGA,2013,Ragi,57896.0
Karnataka,CHITRADURGA,2013,Rapeseed &Mustard,2.0
Karnataka,CHITRADURGA,2013,Rice,2692.0
Karnataka,CHITRADURGA,2013,Sesamum,527.0
Karnataka,CHITRADURGA,2013,Small millets,3558.0
Karnataka,CHITRADURGA,2013,Sunflower,6899.0
Karnataka,CHITRADURGA,2013,Urad,7.0
Karnataka,CHITRADURGA,2013,Cotton(lint),1320.0
Karnataka,CHITRADURGA,2013,Cowpea(Lobia),106.0
Karnataka,CHITRADURGA,2013,Dry chillies,159.0
Karnataka,CHITRADURGA,2013,Gram,11545.0
Karnataka,CHITRADURGA,2013,Horse-gram,634.0
Karnataka,CHITRADURGA,2013,Jowar,3984.0
Karnataka,CHITRADURGA,2013,Maize,12040.0
Karnataka,CHITRADURGA,2013,Onion,32264.0
Karnataka,CHITRADURGA,2013,Other  Rabi pulses,84.0
Karnataka,CHITRADURGA,2013,Ragi,279.0
Karnataka,CHITRADURGA,2013,Rice,994.0
Karnataka,CHITRADURGA,2013,Safflower,405.0
Karnataka,CHITRADURGA,2013,Sunflower,1583.0
Karnataka,CHITRADURGA,2013,Wheat,199.0
Karnataka,CHITRADURGA,2013,Cowpea(Lobia),6.0
Karnataka,CHITRADURGA,2013,Dry chillies,50.0
Karnataka,CHITRADURGA,2013,Groundnut,1708.0
Karnataka,CHITRADURGA,2013,Jowar,334.0
Karnataka,CHITRADURGA,2013,Maize,976.0
Karnataka,CHITRADURGA,2013,Onion,1923.0
Karnataka,CHITRADURGA,2013,Ragi,1644.0
Karnataka,CHITRADURGA,2013,Rice,1307.0
Karnataka,CHITRADURGA,2013,Sunflower,203.0
Karnataka,CHITRADURGA,2013,Arecanut,217251.0
Karnataka,CHITRADURGA,2013,Black pepper,20.0
Karnataka,CHITRADURGA,2013,Cashewnut,4.0
Karnataka,CHITRADURGA,2013,Coconut ,504271.0
Karnataka,CHITRADURGA,2013,Coriander,24.0
Karnataka,CHITRADURGA,2013,Tobacco,36.0
Karnataka,CHITRADURGA,2014,Arhar/Tur,7205.0
Karnataka,CHITRADURGA,2014,Bajra,1053.0
Karnataka,CHITRADURGA,2014,Castor seed,587.0
Karnataka,CHITRADURGA,2014,Cotton(lint),48504.0
Karnataka,CHITRADURGA,2014,Cowpea(Lobia),230.0
Karnataka,CHITRADURGA,2014,Dry chillies,1314.0
Karnataka,CHITRADURGA,2014,Groundnut,77034.0
Karnataka,CHITRADURGA,2014,Horse-gram,1701.0
Karnataka,CHITRADURGA,2014,Jowar,3826.0
Karnataka,CHITRADURGA,2014,Maize,247823.0
Karnataka,CHITRADURGA,2014,Moong(Green Gram),860.0
Karnataka,CHITRADURGA,2014,Niger seed,7.0
Karnataka,CHITRADURGA,2014,Onion,201925.0
Karnataka,CHITRADURGA,2014,Other Kharif pulses,1751.0
Karnataka,CHITRADURGA,2014,Ragi,87468.0
Karnataka,CHITRADURGA,2014,Rapeseed &Mustard,2.0
Karnataka,CHITRADURGA,2014,Rice,2376.0
Karnataka,CHITRADURGA,2014,Sesamum,2225.0
Karnataka,CHITRADURGA,2014,Small millets,4060.0
Karnataka,CHITRADURGA,2014,Sunflower,6307.0
Karnataka,CHITRADURGA,2014,Cotton(lint),141.0
Karnataka,CHITRADURGA,2014,Cowpea(Lobia),96.0
Karnataka,CHITRADURGA,2014,Dry chillies,197.0
Karnataka,CHITRADURGA,2014,Gram,21534.0
Karnataka,CHITRADURGA,2014,Horse-gram,1318.0
Karnataka,CHITRADURGA,2014,Jowar,8108.0
Karnataka,CHITRADURGA,2014,Maize,8407.0
Karnataka,CHITRADURGA,2014,Onion,8496.0
Karnataka,CHITRADURGA,2014,Other  Rabi pulses,145.0
Karnataka,CHITRADURGA,2014,Ragi,867.0
Karnataka,CHITRADURGA,2014,Rice,927.0
Karnataka,CHITRADURGA,2014,Safflower,883.0
Karnataka,CHITRADURGA,2014,Sunflower,1305.0
Karnataka,CHITRADURGA,2014,Wheat,387.0
Karnataka,CHITRADURGA,2014,Cotton(lint),159.0
Karnataka,CHITRADURGA,2014,Cowpea(Lobia),26.0
Karnataka,CHITRADURGA,2014,Dry chillies,62.0
Karnataka,CHITRADURGA,2014,Groundnut,1943.0
Karnataka,CHITRADURGA,2014,Jowar,945.0
Karnataka,CHITRADURGA,2014,Maize,3577.0
Karnataka,CHITRADURGA,2014,Onion,2222.0
Karnataka,CHITRADURGA,2014,Ragi,2720.0
Karnataka,CHITRADURGA,2014,Rice,1110.0
Karnataka,CHITRADURGA,2014,Sunflower,318.0
Karnataka,CHITRADURGA,2014,Arecanut,194006.0
Karnataka,CHITRADURGA,2014,Black pepper,282.0
Karnataka,CHITRADURGA,2014,Cashewnut,3.0
Karnataka,CHITRADURGA,2014,Coconut ,297915.0
Karnataka,CHITRADURGA,2014,Coriander,35.0
Karnataka,DAKSHINA KANNADA,1997,Black pepper,245.0
Karnataka,DAKSHINA KANNADA,1997,Dry chillies,111.0
Karnataka,DAKSHINA KANNADA,1997,Dry ginger,554.0
Karnataka,DAKSHINA KANNADA,1997,Horse-gram,1728.0
Karnataka,DAKSHINA KANNADA,1997,Paddy,270059.0
Karnataka,DAKSHINA KANNADA,1997,Rice,180119.0
Karnataka,DAKSHINA KANNADA,1997,Dry chillies,1197.0
Karnataka,DAKSHINA KANNADA,1997,Groundnut,4931.0
Karnataka,DAKSHINA KANNADA,1997,Horse-gram,133.0
Karnataka,DAKSHINA KANNADA,1997,Paddy,117627.0
Karnataka,DAKSHINA KANNADA,1997,Rice,78462.0
Karnataka,DAKSHINA KANNADA,1997,Paddy,15963.0
Karnataka,DAKSHINA KANNADA,1997,Rice,10650.0
Karnataka,DAKSHINA KANNADA,1997,Arecanut,44112.0
Karnataka,DAKSHINA KANNADA,1997,Cardamom,24.0
Karnataka,DAKSHINA KANNADA,1997,Sugarcane,188260.0
Karnataka,DAKSHINA KANNADA,1997,Turmeric,236.0
Karnataka,DAKSHINA KANNADA,1998,Dry ginger,3990.0
Karnataka,DAKSHINA KANNADA,1998,Horse-gram,151.0
Karnataka,DAKSHINA KANNADA,1998,Moong(Green Gram),12.0
Karnataka,DAKSHINA KANNADA,1998,Rice,79829.0
Karnataka,DAKSHINA KANNADA,1998,Sesamum,205.0
Karnataka,DAKSHINA KANNADA,1998,Horse-gram,6.0
Karnataka,DAKSHINA KANNADA,1998,Moong(Green Gram),560.0
Karnataka,DAKSHINA KANNADA,1998,Rice,52455.0
Karnataka,DAKSHINA KANNADA,1998,Rice,8927.0
Karnataka,DAKSHINA KANNADA,1998,Arecanut,181622.0
Karnataka,DAKSHINA KANNADA,1998,Black pepper,1992.0
Karnataka,DAKSHINA KANNADA,1998,Cardamom,24.0
Karnataka,DAKSHINA KANNADA,1998,Coconut ,54757.0
Karnataka,DAKSHINA KANNADA,1998,Dry chillies,608.0
Karnataka,DAKSHINA KANNADA,1998,Turmeric,238.0
Karnataka,DAKSHINA KANNADA,1999,Dry ginger,3967.0
Karnataka,DAKSHINA KANNADA,1999,Horse-gram,18.0
Karnataka,DAKSHINA KANNADA,1999,Moong(Green Gram),21.0
Karnataka,DAKSHINA KANNADA,1999,Other Kharif pulses,17.0
Karnataka,DAKSHINA KANNADA,1999,Rice,77076.0
Karnataka,DAKSHINA KANNADA,1999,Sesamum,189.0
Karnataka,DAKSHINA KANNADA,1999,Urad,489.0
Karnataka,DAKSHINA KANNADA,1999,Moong(Green Gram),187.0
Karnataka,DAKSHINA KANNADA,1999,Other  Rabi pulses,42.0
Karnataka,DAKSHINA KANNADA,1999,Rice,53109.0
Karnataka,DAKSHINA KANNADA,1999,Urad,498.0
Karnataka,DAKSHINA KANNADA,1999,Rice,5972.0
Karnataka,DAKSHINA KANNADA,1999,Banana,56940.0
Karnataka,DAKSHINA KANNADA,1999,Black pepper,2015.0
Karnataka,DAKSHINA KANNADA,1999,Cardamom,20.0
Karnataka,DAKSHINA KANNADA,1999,Coconut ,59589.0
Karnataka,DAKSHINA KANNADA,1999,Dry chillies,840.0
Karnataka,DAKSHINA KANNADA,1999,Sugarcane,60219.0
Karnataka,DAKSHINA KANNADA,1999,Sweet potato,3659.0
Karnataka,DAKSHINA KANNADA,1999,Tapioca,5392.0
Karnataka,DAKSHINA KANNADA,1999,Turmeric,243.0
Karnataka,DAKSHINA KANNADA,2000,Dry ginger,4073.0
Karnataka,DAKSHINA KANNADA,2000,Rice,73329.0
Karnataka,DAKSHINA KANNADA,2000,Sesamum,180.0
Karnataka,DAKSHINA KANNADA,2000,Moong(Green Gram),260.0
Karnataka,DAKSHINA KANNADA,2000,Other  Rabi pulses,15.0
Karnataka,DAKSHINA KANNADA,2000,Rice,48853.0
Karnataka,DAKSHINA KANNADA,2000,Urad,905.0
Karnataka,DAKSHINA KANNADA,2000,Rice,6011.0
Karnataka,DAKSHINA KANNADA,2000,Arecanut,45397.0
Karnataka,DAKSHINA KANNADA,2000,Banana,64912.0
Karnataka,DAKSHINA KANNADA,2000,Black pepper,2113.0
Karnataka,DAKSHINA KANNADA,2000,Cardamom,12.0
Karnataka,DAKSHINA KANNADA,2000,Coconut ,63316.0
Karnataka,DAKSHINA KANNADA,2000,Dry chillies,630.0
Karnataka,DAKSHINA KANNADA,2000,Sugarcane,34884.0
Karnataka,DAKSHINA KANNADA,2000,Sweet potato,3764.0
Karnataka,DAKSHINA KANNADA,2000,Tapioca,5612.0
Karnataka,DAKSHINA KANNADA,2000,Turmeric,302.0
Karnataka,DAKSHINA KANNADA,2001,Dry ginger,3826.0
Karnataka,DAKSHINA KANNADA,2001,Rice,74077.0
Karnataka,DAKSHINA KANNADA,2001,Sesamum,168.0
Karnataka,DAKSHINA KANNADA,2001,Horse-gram,35.0
Karnataka,DAKSHINA KANNADA,2001,Moong(Green Gram),237.0
Karnataka,DAKSHINA KANNADA,2001,Other  Rabi pulses,10.0
Karnataka,DAKSHINA KANNADA,2001,Rice,54460.0
Karnataka,DAKSHINA KANNADA,2001,Urad,579.0
Karnataka,DAKSHINA KANNADA,2001,Rice,6157.0
Karnataka,DAKSHINA KANNADA,2001,Arecanut,45631.0
Karnataka,DAKSHINA KANNADA,2001,Black pepper,4471.0
Karnataka,DAKSHINA KANNADA,2001,Coconut ,65899.0
Karnataka,DAKSHINA KANNADA,2001,Dry chillies,667.0
Karnataka,DAKSHINA KANNADA,2001,Sugarcane,30524.0
Karnataka,DAKSHINA KANNADA,2001,Turmeric,392.0
Karnataka,DAKSHINA KANNADA,2002,Dry ginger,3661.0
Karnataka,DAKSHINA KANNADA,2002,Rice,74851.0
Karnataka,DAKSHINA KANNADA,2002,Sesamum,185.0
Karnataka,DAKSHINA KANNADA,2002,Moong(Green Gram),150.0
Karnataka,DAKSHINA KANNADA,2002,Other  Rabi pulses,8.0
Karnataka,DAKSHINA KANNADA,2002,Rice,47225.0
Karnataka,DAKSHINA KANNADA,2002,Urad,221.0
Karnataka,DAKSHINA KANNADA,2002,Rice,4843.0
Karnataka,DAKSHINA KANNADA,2002,Arcanut (Processed),48292.0
Karnataka,DAKSHINA KANNADA,2002,Atcanut (Raw),226588.0
Karnataka,DAKSHINA KANNADA,2002,Banana,71931.0
Karnataka,DAKSHINA KANNADA,2002,Black pepper,4506.0
Karnataka,DAKSHINA KANNADA,2002,Brinjal,990.0
Karnataka,DAKSHINA KANNADA,2002,Cardamom,8.0
Karnataka,DAKSHINA KANNADA,2002,Cashewnut Processed,4451.0
Karnataka,DAKSHINA KANNADA,2002,Cashewnut Raw,17747.0
Karnataka,DAKSHINA KANNADA,2002,Citrus Fruit,104.0
Karnataka,DAKSHINA KANNADA,2002,Coconut ,66629.0
Karnataka,DAKSHINA KANNADA,2002,Dry chillies,537.0
Karnataka,DAKSHINA KANNADA,2002,Mango,7180.0
Karnataka,DAKSHINA KANNADA,2002,Other Fresh Fruits,405.0
Karnataka,DAKSHINA KANNADA,2002,Papaya,167.0
Karnataka,DAKSHINA KANNADA,2002,Pome Fruit,428.0
Karnataka,DAKSHINA KANNADA,2002,Sugarcane,16656.0
Karnataka,DAKSHINA KANNADA,2002,Sweet potato,3665.0
Karnataka,DAKSHINA KANNADA,2002,Tapioca,5518.0
Karnataka,DAKSHINA KANNADA,2002,Turmeric,321.0
Karnataka,DAKSHINA KANNADA,2003,Dry ginger,3543.0
Karnataka,DAKSHINA KANNADA,2003,Rice,80414.0
Karnataka,DAKSHINA KANNADA,2003,Sesamum,194.0
Karnataka,DAKSHINA KANNADA,2003,Horse-gram,27.0
Karnataka,DAKSHINA KANNADA,2003,Moong(Green Gram),223.0
Karnataka,DAKSHINA KANNADA,2003,Other  Rabi pulses,22.0
Karnataka,DAKSHINA KANNADA,2003,Rice,71573.0
Karnataka,DAKSHINA KANNADA,2003,Urad,774.0
Karnataka,DAKSHINA KANNADA,2003,Rice,8211.0
Karnataka,DAKSHINA KANNADA,2003,Arecanut,48332.0
Karnataka,DAKSHINA KANNADA,2003,Banana,38783.0
Karnataka,DAKSHINA KANNADA,2003,Black pepper,4571.0
Karnataka,DAKSHINA KANNADA,2003,Brinjal,1199.0
Karnataka,DAKSHINA KANNADA,2003,Cardamom,8.0
Karnataka,DAKSHINA KANNADA,2003,Citrus Fruit,111.0
Karnataka,DAKSHINA KANNADA,2003,Coconut ,66817.0
Karnataka,DAKSHINA KANNADA,2003,Dry chillies,496.0
Karnataka,DAKSHINA KANNADA,2003,Mango,3967.0
Karnataka,DAKSHINA KANNADA,2003,Other Fresh Fruits,356.0
Karnataka,DAKSHINA KANNADA,2003,Pome Fruit,282.0
Karnataka,DAKSHINA KANNADA,2003,Sugarcane,1508.0
Karnataka,DAKSHINA KANNADA,2003,Sweet potato,3572.0
Karnataka,DAKSHINA KANNADA,2003,Tapioca,5518.0
Karnataka,DAKSHINA KANNADA,2003,Turmeric,453.0
Karnataka,DAKSHINA KANNADA,2004,Dry ginger,3437.0
Karnataka,DAKSHINA KANNADA,2004,Rice,76395.51
Karnataka,DAKSHINA KANNADA,2004,Sesamum,264.0
Karnataka,DAKSHINA KANNADA,2004,Horse-gram,4.0
Karnataka,DAKSHINA KANNADA,2004,Moong(Green Gram),200.0
Karnataka,DAKSHINA KANNADA,2004,Other  Rabi pulses,25.0
Karnataka,DAKSHINA KANNADA,2004,Rice,76108.0
Karnataka,DAKSHINA KANNADA,2004,Urad,707.0
Karnataka,DAKSHINA KANNADA,2004,Rice,6833.0
Karnataka,DAKSHINA KANNADA,2004,Arecanut,48540.0
Karnataka,DAKSHINA KANNADA,2004,Banana,64952.0
Karnataka,DAKSHINA KANNADA,2004,Black pepper,4601.0
Karnataka,DAKSHINA KANNADA,2004,Cardamom,8.0
Karnataka,DAKSHINA KANNADA,2004,Coconut ,676294.08
Karnataka,DAKSHINA KANNADA,2004,Dry chillies,537.0
Karnataka,DAKSHINA KANNADA,2004,Sweet potato,3325.0
Karnataka,DAKSHINA KANNADA,2004,Tapioca,5478.0
Karnataka,DAKSHINA KANNADA,2004,Turmeric,181.0
Karnataka,DAKSHINA KANNADA,2005,Dry chillies,81.0
Karnataka,DAKSHINA KANNADA,2005,Rice,77109.0
Karnataka,DAKSHINA KANNADA,2005,Sesamum,496.0
Karnataka,DAKSHINA KANNADA,2005,Dry chillies,199.0
Karnataka,DAKSHINA KANNADA,2005,Horse-gram,39.0
Karnataka,DAKSHINA KANNADA,2005,Moong(Green Gram),177.0
Karnataka,DAKSHINA KANNADA,2005,Other  Rabi pulses,36.0
Karnataka,DAKSHINA KANNADA,2005,Rice,48985.0
Karnataka,DAKSHINA KANNADA,2005,Urad,587.0
Karnataka,DAKSHINA KANNADA,2005,Dry chillies,53.0
Karnataka,DAKSHINA KANNADA,2005,Rice,3907.0
Karnataka,DAKSHINA KANNADA,2005,Arecanut,228831.0
Karnataka,DAKSHINA KANNADA,2005,Banana,15301.0
Karnataka,DAKSHINA KANNADA,2005,Black pepper,4578.0
Karnataka,DAKSHINA KANNADA,2005,Cardamom,8.0
Karnataka,DAKSHINA KANNADA,2005,Coconut ,67333.0
Karnataka,DAKSHINA KANNADA,2005,Dry ginger,3390.0
Karnataka,DAKSHINA KANNADA,2005,Sweet potato,2638.0
Karnataka,DAKSHINA KANNADA,2005,Tapioca,5486.0
Karnataka,DAKSHINA KANNADA,2005,Turmeric,283.0
Karnataka,DAKSHINA KANNADA,2006,Rice,85160.0
Karnataka,DAKSHINA KANNADA,2006,Sesamum,340.0
Karnataka,DAKSHINA KANNADA,2006,Horse-gram,35.0
Karnataka,DAKSHINA KANNADA,2006,Moong(Green Gram),203.0
Karnataka,DAKSHINA KANNADA,2006,Other  Rabi pulses,100.0
Karnataka,DAKSHINA KANNADA,2006,Rice,46930.0
Karnataka,DAKSHINA KANNADA,2006,Urad,907.0
Karnataka,DAKSHINA KANNADA,2006,Rice,3970.0
Karnataka,DAKSHINA KANNADA,2006,Arecanut,49026.0
Karnataka,DAKSHINA KANNADA,2006,Banana,10444.0
Karnataka,DAKSHINA KANNADA,2006,Black pepper,4652.0
Karnataka,DAKSHINA KANNADA,2006,Cardamom,6.0
Karnataka,DAKSHINA KANNADA,2006,Coconut ,68703.0
Karnataka,DAKSHINA KANNADA,2006,Dry chillies,551.0
Karnataka,DAKSHINA KANNADA,2006,Dry ginger,3696.0
Karnataka,DAKSHINA KANNADA,2006,Sugarcane,1573.0
Karnataka,DAKSHINA KANNADA,2006,Sweet potato,2105.0
Karnataka,DAKSHINA KANNADA,2006,Tapioca,5204.0
Karnataka,DAKSHINA KANNADA,2006,Turmeric,303.0
Karnataka,DAKSHINA KANNADA,2007,Dry chillies,86.0
Karnataka,DAKSHINA KANNADA,2007,Rice,77189.0
Karnataka,DAKSHINA KANNADA,2007,Sesamum,352.0
Karnataka,DAKSHINA KANNADA,2007,Dry chillies,110.0
Karnataka,DAKSHINA KANNADA,2007,Horse-gram,26.0
Karnataka,DAKSHINA KANNADA,2007,Moong(Green Gram),243.0
Karnataka,DAKSHINA KANNADA,2007,Other  Rabi pulses,129.0
Karnataka,DAKSHINA KANNADA,2007,Rice,46714.0
Karnataka,DAKSHINA KANNADA,2007,Urad,963.0
Karnataka,DAKSHINA KANNADA,2007,Maize,27.0
Karnataka,DAKSHINA KANNADA,2007,Rice,3556.0
Karnataka,DAKSHINA KANNADA,2007,Arecanut,230455.0
Karnataka,DAKSHINA KANNADA,2007,Banana,3154.0
Karnataka,DAKSHINA KANNADA,2007,Black pepper,4048.0
Karnataka,DAKSHINA KANNADA,2007,Cardamom,13.0
Karnataka,DAKSHINA KANNADA,2007,Coconut ,82086.0
Karnataka,DAKSHINA KANNADA,2007,Dry ginger,6465.0
Karnataka,DAKSHINA KANNADA,2007,Sweet potato,1257.0
Karnataka,DAKSHINA KANNADA,2007,Tapioca,5188.0
Karnataka,DAKSHINA KANNADA,2007,Turmeric,490.0
Karnataka,DAKSHINA KANNADA,2008,Dry chillies,58.0
Karnataka,DAKSHINA KANNADA,2008,Rice,83311.34
Karnataka,DAKSHINA KANNADA,2008,Sesamum,314.0
Karnataka,DAKSHINA KANNADA,2008,Dry chillies,112.0
Karnataka,DAKSHINA KANNADA,2008,Horse-gram,10.0
Karnataka,DAKSHINA KANNADA,2008,Moong(Green Gram),216.0
Karnataka,DAKSHINA KANNADA,2008,Other  Rabi pulses,131.0
Karnataka,DAKSHINA KANNADA,2008,Rice,47026.0
Karnataka,DAKSHINA KANNADA,2008,Urad,945.0
Karnataka,DAKSHINA KANNADA,2008,Maize,21.0
Karnataka,DAKSHINA KANNADA,2008,Rice,3608.0
Karnataka,DAKSHINA KANNADA,2008,Arecanut,230815.0
Karnataka,DAKSHINA KANNADA,2008,Banana,3804.0
Karnataka,DAKSHINA KANNADA,2008,Black pepper,8724.0
Karnataka,DAKSHINA KANNADA,2008,Cardamom,12.0
Karnataka,DAKSHINA KANNADA,2008,Cashewnut,18807.8
Karnataka,DAKSHINA KANNADA,2008,Coconut ,133427.0
Karnataka,DAKSHINA KANNADA,2008,Dry ginger,9589.0
Karnataka,DAKSHINA KANNADA,2008,Sugarcane,1643.0
Karnataka,DAKSHINA KANNADA,2008,Sweet potato,1636.0
Karnataka,DAKSHINA KANNADA,2008,Tapioca,6383.0
Karnataka,DAKSHINA KANNADA,2008,Turmeric,300.0
Karnataka,DAKSHINA KANNADA,2009,Rice,73979.7
Karnataka,DAKSHINA KANNADA,2009,Sesamum,246.0
Karnataka,DAKSHINA KANNADA,2009,Dry chillies,206.0
Karnataka,DAKSHINA KANNADA,2009,Gram,37.0
Karnataka,DAKSHINA KANNADA,2009,Horse-gram,37.0
Karnataka,DAKSHINA KANNADA,2009,Moong(Green Gram),190.0
Karnataka,DAKSHINA KANNADA,2009,Other  Rabi pulses,132.0
Karnataka,DAKSHINA KANNADA,2009,Rice,47154.0
Karnataka,DAKSHINA KANNADA,2009,Urad,483.0
Karnataka,DAKSHINA KANNADA,2009,Maize,12.0
Karnataka,DAKSHINA KANNADA,2009,Rice,2944.0
Karnataka,DAKSHINA KANNADA,2009,Arecanut,231401.0
Karnataka,DAKSHINA KANNADA,2009,Banana,7888.0
Karnataka,DAKSHINA KANNADA,2009,Black pepper,7435.0
Karnataka,DAKSHINA KANNADA,2009,Cardamom,8.0
Karnataka,DAKSHINA KANNADA,2009,Cashewnut,23476.0
Karnataka,DAKSHINA KANNADA,2009,Coconut ,114445.0
Karnataka,DAKSHINA KANNADA,2009,Dry ginger,10172.0
Karnataka,DAKSHINA KANNADA,2009,Sugarcane,1535.0
Karnataka,DAKSHINA KANNADA,2009,Sweet potato,1386.0
Karnataka,DAKSHINA KANNADA,2009,Tapioca,5910.0
Karnataka,DAKSHINA KANNADA,2009,Turmeric,318.0
Karnataka,DAKSHINA KANNADA,2010,Dry chillies,49.0
Karnataka,DAKSHINA KANNADA,2010,Rice,80253.0
Karnataka,DAKSHINA KANNADA,2010,Sesamum,352.0
Karnataka,DAKSHINA KANNADA,2010,Cowpea(Lobia),148.0
Karnataka,DAKSHINA KANNADA,2010,Dry chillies,171.0
Karnataka,DAKSHINA KANNADA,2010,Horse-gram,35.0
Karnataka,DAKSHINA KANNADA,2010,Moong(Green Gram),201.0
Karnataka,DAKSHINA KANNADA,2010,Rice,47350.0
Karnataka,DAKSHINA KANNADA,2010,Urad,1029.0
Karnataka,DAKSHINA KANNADA,2010,Maize,9.0
Karnataka,DAKSHINA KANNADA,2010,Rice,2855.0
Karnataka,DAKSHINA KANNADA,2010,Arecanut,339926.0
Karnataka,DAKSHINA KANNADA,2010,Banana,8186.0
Karnataka,DAKSHINA KANNADA,2010,Black pepper,1087.3
Karnataka,DAKSHINA KANNADA,2010,Cardamom,11.0
Karnataka,DAKSHINA KANNADA,2010,Cashewnut,28586.0
Karnataka,DAKSHINA KANNADA,2010,Coconut ,214956.0
Karnataka,DAKSHINA KANNADA,2010,Dry ginger,1139.8
Karnataka,DAKSHINA KANNADA,2010,Sugarcane,1550.0
Karnataka,DAKSHINA KANNADA,2010,Sweet potato,1665.0
Karnataka,DAKSHINA KANNADA,2010,Tapioca,6663.0
Karnataka,DAKSHINA KANNADA,2010,Turmeric,215.0
Karnataka,DAKSHINA KANNADA,2011,Dry chillies,48.0
Karnataka,DAKSHINA KANNADA,2011,Rice,87200.0
Karnataka,DAKSHINA KANNADA,2011,Sesamum,257.0
Karnataka,DAKSHINA KANNADA,2011,Cowpea(Lobia),188.0
Karnataka,DAKSHINA KANNADA,2011,Dry chillies,149.0
Karnataka,DAKSHINA KANNADA,2011,Horse-gram,87.0
Karnataka,DAKSHINA KANNADA,2011,Moong(Green Gram),241.0
Karnataka,DAKSHINA KANNADA,2011,Rice,47207.0
Karnataka,DAKSHINA KANNADA,2011,Urad,784.0
Karnataka,DAKSHINA KANNADA,2011,Maize,12.0
Karnataka,DAKSHINA KANNADA,2011,Rice,3766.0
Karnataka,DAKSHINA KANNADA,2011,Arecanut,342934.0
Karnataka,DAKSHINA KANNADA,2011,Banana,9268.0
Karnataka,DAKSHINA KANNADA,2011,Black pepper,1111.1
Karnataka,DAKSHINA KANNADA,2011,Cardamom,11.0
Karnataka,DAKSHINA KANNADA,2011,Cashewnut,31516.0
Karnataka,DAKSHINA KANNADA,2011,Coconut ,215649.0
Karnataka,DAKSHINA KANNADA,2011,Dry ginger,973.6
Karnataka,DAKSHINA KANNADA,2011,Sugarcane,1733.0
Karnataka,DAKSHINA KANNADA,2011,Sweet potato,2798.0
Karnataka,DAKSHINA KANNADA,2011,Tapioca,6632.0
Karnataka,DAKSHINA KANNADA,2011,Turmeric,52.0
Karnataka,DAKSHINA KANNADA,2012,Cotton(lint),3.0
Karnataka,DAKSHINA KANNADA,2012,Dry chillies,54.0
Karnataka,DAKSHINA KANNADA,2012,Rice,83815.0
Karnataka,DAKSHINA KANNADA,2012,Cowpea(Lobia),54.0
Karnataka,DAKSHINA KANNADA,2012,Dry chillies,164.0
Karnataka,DAKSHINA KANNADA,2012,Horse-gram,53.0
Karnataka,DAKSHINA KANNADA,2012,Moong(Green Gram),26.0
Karnataka,DAKSHINA KANNADA,2012,Rice,54985.0
Karnataka,DAKSHINA KANNADA,2012,Urad,569.0
Karnataka,DAKSHINA KANNADA,2012,Cowpea(Lobia),154.0
Karnataka,DAKSHINA KANNADA,2012,Maize,45.0
Karnataka,DAKSHINA KANNADA,2012,Rice,3900.0
Karnataka,DAKSHINA KANNADA,2012,Arecanut,345246.0
Karnataka,DAKSHINA KANNADA,2012,Black pepper,11303.0
Karnataka,DAKSHINA KANNADA,2012,Cardamom,10.0
Karnataka,DAKSHINA KANNADA,2012,Cashewnut,31670.0
Karnataka,DAKSHINA KANNADA,2012,Coconut ,216803.0
Karnataka,DAKSHINA KANNADA,2012,Dry ginger,9366.0
Karnataka,DAKSHINA KANNADA,2012,Sugarcane,2090.0
Karnataka,DAKSHINA KANNADA,2012,Sweet potato,2901.0
Karnataka,DAKSHINA KANNADA,2012,Tapioca,6354.0
Karnataka,DAKSHINA KANNADA,2012,Turmeric,282.0
Karnataka,DAKSHINA KANNADA,2013,Dry chillies,65.0
Karnataka,DAKSHINA KANNADA,2013,Rice,87004.0
Karnataka,DAKSHINA KANNADA,2013,Cowpea(Lobia),71.0
Karnataka,DAKSHINA KANNADA,2013,Dry chillies,123.0
Karnataka,DAKSHINA KANNADA,2013,Horse-gram,97.0
Karnataka,DAKSHINA KANNADA,2013,Moong(Green Gram),194.0
Karnataka,DAKSHINA KANNADA,2013,Rice,57921.0
Karnataka,DAKSHINA KANNADA,2013,Urad,1222.0
Karnataka,DAKSHINA KANNADA,2013,Cowpea(Lobia),188.0
Karnataka,DAKSHINA KANNADA,2013,Maize,101.0
Karnataka,DAKSHINA KANNADA,2013,Rice,5402.0
Karnataka,DAKSHINA KANNADA,2013,Arecanut,357756.0
Karnataka,DAKSHINA KANNADA,2013,Black pepper,10893.0
Karnataka,DAKSHINA KANNADA,2013,Cardamom,10.0
Karnataka,DAKSHINA KANNADA,2013,Cashewnut,38316.0
Karnataka,DAKSHINA KANNADA,2013,Coconut ,219877.0
Karnataka,DAKSHINA KANNADA,2013,Dry ginger,9641.0
Karnataka,DAKSHINA KANNADA,2013,Sugarcane,1444.0
Karnataka,DAKSHINA KANNADA,2013,Sweet potato,2642.0
Karnataka,DAKSHINA KANNADA,2013,Tapioca,4367.0
Karnataka,DAKSHINA KANNADA,2013,Turmeric,286.0
Karnataka,DAKSHINA KANNADA,2014,Cowpea(Lobia),1.0
Karnataka,DAKSHINA KANNADA,2014,Dry chillies,85.0
Karnataka,DAKSHINA KANNADA,2014,Rice,78228.0
Karnataka,DAKSHINA KANNADA,2014,Cowpea(Lobia),47.0
Karnataka,DAKSHINA KANNADA,2014,Dry chillies,71.0
Karnataka,DAKSHINA KANNADA,2014,Horse-gram,96.0
Karnataka,DAKSHINA KANNADA,2014,Moong(Green Gram),188.0
Karnataka,DAKSHINA KANNADA,2014,Rice,51979.0
Karnataka,DAKSHINA KANNADA,2014,Urad,639.0
Karnataka,DAKSHINA KANNADA,2014,Cowpea(Lobia),118.0
Karnataka,DAKSHINA KANNADA,2014,Rice,2817.0
Karnataka,DAKSHINA KANNADA,2014,Arecanut,447929.0
Karnataka,DAKSHINA KANNADA,2014,Black pepper,13208.0
Karnataka,DAKSHINA KANNADA,2014,Cardamom,9.0
Karnataka,DAKSHINA KANNADA,2014,Cashewnut,28130.0
Karnataka,DAKSHINA KANNADA,2014,Coconut ,282127.0
Karnataka,DAKSHINA KANNADA,2014,Dry ginger,7726.0
Karnataka,DAKSHINA KANNADA,2014,Sugarcane,912.0
Karnataka,DAKSHINA KANNADA,2014,Sweet potato,4885.0
Karnataka,DAKSHINA KANNADA,2014,Tapioca,4620.0
Karnataka,DAKSHINA KANNADA,2014,Turmeric,359.0
Karnataka,DAVANAGERE,1998,Arhar/Tur,3428.0
Karnataka,DAVANAGERE,1998,Bajra,515.0
Karnataka,DAVANAGERE,1998,Castor seed,157.0
Karnataka,DAVANAGERE,1998,Cotton(lint),31242.0
Karnataka,DAVANAGERE,1998,Dry ginger,13.0
Karnataka,DAVANAGERE,1998,Groundnut,25351.0
Karnataka,DAVANAGERE,1998,Horse-gram,2383.0
Karnataka,DAVANAGERE,1998,Jowar,110135.0
Karnataka,DAVANAGERE,1998,Maize,383191.0
Karnataka,DAVANAGERE,1998,Moong(Green Gram),128.0
Karnataka,DAVANAGERE,1998,Niger seed,383.0
Karnataka,DAVANAGERE,1998,Onion,37540.0
Karnataka,DAVANAGERE,1998,Peas & beans (Pulses),954.0
Karnataka,DAVANAGERE,1998,Potato,11.0
Karnataka,DAVANAGERE,1998,Ragi,61106.0
Karnataka,DAVANAGERE,1998,Rapeseed &Mustard,14.0
Karnataka,DAVANAGERE,1998,Rice,217686.0
Karnataka,DAVANAGERE,1998,Sesamum,500.0
Karnataka,DAVANAGERE,1998,Soyabean,9.0
Karnataka,DAVANAGERE,1998,Sunflower,7216.0
Karnataka,DAVANAGERE,1998,Gram,1114.0
Karnataka,DAVANAGERE,1998,Groundnut,22443.0
Karnataka,DAVANAGERE,1998,Horse-gram,966.0
Karnataka,DAVANAGERE,1998,Jowar,8251.0
Karnataka,DAVANAGERE,1998,Linseed,3.0
Karnataka,DAVANAGERE,1998,Maize,2.0
Karnataka,DAVANAGERE,1998,Moong(Green Gram),43.0
Karnataka,DAVANAGERE,1998,Onion,390.0
Karnataka,DAVANAGERE,1998,Rice,216.0
Karnataka,DAVANAGERE,1998,Safflower,285.0
Karnataka,DAVANAGERE,1998,Sunflower,4246.0
Karnataka,DAVANAGERE,1998,Wheat,474.0
Karnataka,DAVANAGERE,1998,Jowar,4960.0
Karnataka,DAVANAGERE,1998,Maize,139.0
Karnataka,DAVANAGERE,1998,Onion,670.0
Karnataka,DAVANAGERE,1998,Ragi,142.0
Karnataka,DAVANAGERE,1998,Rice,172906.0
Karnataka,DAVANAGERE,1998,Sunflower,1560.0
Karnataka,DAVANAGERE,1998,Arecanut,57723.0
Karnataka,DAVANAGERE,1998,Black pepper,5.0
Karnataka,DAVANAGERE,1998,Coconut ,72710.0
Karnataka,DAVANAGERE,1998,Coriander,13.0
Karnataka,DAVANAGERE,1998,Dry chillies,4237.0
Karnataka,DAVANAGERE,1998,Garlic,14.0
Karnataka,DAVANAGERE,1999,Arhar/Tur,4284.0
Karnataka,DAVANAGERE,1999,Bajra,208.0
Karnataka,DAVANAGERE,1999,Castor seed,157.0
Karnataka,DAVANAGERE,1999,Cotton(lint),11062.0
Karnataka,DAVANAGERE,1999,Dry ginger,210.0
Karnataka,DAVANAGERE,1999,Groundnut,16511.0
Karnataka,DAVANAGERE,1999,Horse-gram,833.0
Karnataka,DAVANAGERE,1999,Jowar,60735.0
Karnataka,DAVANAGERE,1999,Maize,267908.0
Karnataka,DAVANAGERE,1999,Moong(Green Gram),725.0
Karnataka,DAVANAGERE,1999,Niger seed,331.0
Karnataka,DAVANAGERE,1999,Other Kharif pulses,789.0
Karnataka,DAVANAGERE,1999,Ragi,44756.0
Karnataka,DAVANAGERE,1999,Rice,221562.0
Karnataka,DAVANAGERE,1999,Sesamum,806.0
Karnataka,DAVANAGERE,1999,Small millets,915.0
Karnataka,DAVANAGERE,1999,Sunflower,3375.0
Karnataka,DAVANAGERE,1999,Urad,55.0
Karnataka,DAVANAGERE,1999,Gram,757.0
Karnataka,DAVANAGERE,1999,Groundnut,11668.0
Karnataka,DAVANAGERE,1999,Horse-gram,1215.0
Karnataka,DAVANAGERE,1999,Jowar,5994.0
Karnataka,DAVANAGERE,1999,Linseed,1.0
Karnataka,DAVANAGERE,1999,Maize,816.0
Karnataka,DAVANAGERE,1999,Moong(Green Gram),29.0
Karnataka,DAVANAGERE,1999,Other  Rabi pulses,185.0
Karnataka,DAVANAGERE,1999,Rapeseed &Mustard,20.0
Karnataka,DAVANAGERE,1999,Rice,488.0
Karnataka,DAVANAGERE,1999,Safflower,142.0
Karnataka,DAVANAGERE,1999,Sunflower,1665.0
Karnataka,DAVANAGERE,1999,Urad,6.0
Karnataka,DAVANAGERE,1999,Wheat,500.0
Karnataka,DAVANAGERE,1999,Jowar,4594.0
Karnataka,DAVANAGERE,1999,Maize,793.0
Karnataka,DAVANAGERE,1999,Ragi,188.0
Karnataka,DAVANAGERE,1999,Rice,176784.0
Karnataka,DAVANAGERE,1999,Sunflower,1229.0
Karnataka,DAVANAGERE,1999,Banana,23628.0
Karnataka,DAVANAGERE,1999,Black pepper,5.0
Karnataka,DAVANAGERE,1999,Coconut ,76345.0
Karnataka,DAVANAGERE,1999,Coriander,12.0
Karnataka,DAVANAGERE,1999,Dry chillies,2644.0
Karnataka,DAVANAGERE,1999,Garlic,29.0
Karnataka,DAVANAGERE,1999,Onion,56489.0
Karnataka,DAVANAGERE,1999,Potato,225.0
Karnataka,DAVANAGERE,1999,Sugarcane,551008.0
Karnataka,DAVANAGERE,1999,Tobacco,1722.0
Karnataka,DAVANAGERE,1999,Turmeric,641.0
Karnataka,DAVANAGERE,2000,Arhar/Tur,6167.0
Karnataka,DAVANAGERE,2000,Bajra,368.0
Karnataka,DAVANAGERE,2000,Castor seed,704.0
Karnataka,DAVANAGERE,2000,Cotton(lint),8061.0
Karnataka,DAVANAGERE,2000,Groundnut,18537.0
Karnataka,DAVANAGERE,2000,Horse-gram,2296.0
Karnataka,DAVANAGERE,2000,Jowar,72804.0
Karnataka,DAVANAGERE,2000,Maize,443971.0
Karnataka,DAVANAGERE,2000,Moong(Green Gram),1102.0
Karnataka,DAVANAGERE,2000,Niger seed,251.0
Karnataka,DAVANAGERE,2000,Other Kharif pulses,1032.0
Karnataka,DAVANAGERE,2000,Ragi,76013.0
Karnataka,DAVANAGERE,2000,Rice,247086.0
Karnataka,DAVANAGERE,2000,Sesamum,975.0
Karnataka,DAVANAGERE,2000,Small millets,1077.0
Karnataka,DAVANAGERE,2000,Sunflower,4171.0
Karnataka,DAVANAGERE,2000,Urad,65.0
Karnataka,DAVANAGERE,2000,Gram,848.0
Karnataka,DAVANAGERE,2000,Groundnut,10208.0
Karnataka,DAVANAGERE,2000,Horse-gram,1079.0
Karnataka,DAVANAGERE,2000,Jowar,3401.0
Karnataka,DAVANAGERE,2000,Maize,171.0
Karnataka,DAVANAGERE,2000,Moong(Green Gram),20.0
Karnataka,DAVANAGERE,2000,Other  Rabi pulses,227.0
Karnataka,DAVANAGERE,2000,Ragi,28.0
Karnataka,DAVANAGERE,2000,Rapeseed &Mustard,19.0
Karnataka,DAVANAGERE,2000,Safflower,332.0
Karnataka,DAVANAGERE,2000,Sunflower,1155.0
Karnataka,DAVANAGERE,2000,Urad,19.0
Karnataka,DAVANAGERE,2000,Wheat,760.0
Karnataka,DAVANAGERE,2000,Jowar,1981.0
Karnataka,DAVANAGERE,2000,Maize,163.0
Karnataka,DAVANAGERE,2000,Ragi,359.0
Karnataka,DAVANAGERE,2000,Rice,170151.0
Karnataka,DAVANAGERE,2000,Sunflower,2227.0
Karnataka,DAVANAGERE,2000,Arecanut,13944.0
Karnataka,DAVANAGERE,2000,Banana,21140.0
Karnataka,DAVANAGERE,2000,Black pepper,5.0
Karnataka,DAVANAGERE,2000,Coconut ,72242.0
Karnataka,DAVANAGERE,2000,Coriander,11.0
Karnataka,DAVANAGERE,2000,Dry chillies,2741.0
Karnataka,DAVANAGERE,2000,Garlic,6.0
Karnataka,DAVANAGERE,2000,Onion,51988.0
Karnataka,DAVANAGERE,2000,Sugarcane,2120012.0
Karnataka,DAVANAGERE,2000,Tobacco,2872.0
Karnataka,DAVANAGERE,2000,Turmeric,444.0
Karnataka,DAVANAGERE,2001,Arhar/Tur,7582.0
Karnataka,DAVANAGERE,2001,Bajra,220.0
Karnataka,DAVANAGERE,2001,Castor seed,258.0
Karnataka,DAVANAGERE,2001,Cotton(lint),9014.0
Karnataka,DAVANAGERE,2001,Dry ginger,66.0
Karnataka,DAVANAGERE,2001,Groundnut,20625.0
Karnataka,DAVANAGERE,2001,Horse-gram,759.0
Karnataka,DAVANAGERE,2001,Jowar,41960.0
Karnataka,DAVANAGERE,2001,Maize,265644.0
Karnataka,DAVANAGERE,2001,Mesta,1.0
Karnataka,DAVANAGERE,2001,Moong(Green Gram),246.0
Karnataka,DAVANAGERE,2001,Niger seed,201.0
Karnataka,DAVANAGERE,2001,Other Kharif pulses,931.0
Karnataka,DAVANAGERE,2001,Ragi,49822.0
Karnataka,DAVANAGERE,2001,Rice,227128.0
Karnataka,DAVANAGERE,2001,Sesamum,572.0
Karnataka,DAVANAGERE,2001,Small millets,1017.0
Karnataka,DAVANAGERE,2001,Sunflower,2446.0
Karnataka,DAVANAGERE,2001,Urad,46.0
Karnataka,DAVANAGERE,2001,Gram,724.0
Karnataka,DAVANAGERE,2001,Horse-gram,1309.0
Karnataka,DAVANAGERE,2001,Jowar,2851.0
Karnataka,DAVANAGERE,2001,Linseed,1.0
Karnataka,DAVANAGERE,2001,Maize,148.0
Karnataka,DAVANAGERE,2001,Moong(Green Gram),48.0
Karnataka,DAVANAGERE,2001,Other  Rabi pulses,136.0
Karnataka,DAVANAGERE,2001,Rapeseed &Mustard,19.0
Karnataka,DAVANAGERE,2001,Safflower,45.0
Karnataka,DAVANAGERE,2001,Sunflower,1369.0
Karnataka,DAVANAGERE,2001,Urad,92.0
Karnataka,DAVANAGERE,2001,Wheat,738.0
Karnataka,DAVANAGERE,2001,Jowar,3433.0
Karnataka,DAVANAGERE,2001,Maize,163.0
Karnataka,DAVANAGERE,2001,Ragi,253.0
Karnataka,DAVANAGERE,2001,Rice,123997.0
Karnataka,DAVANAGERE,2001,Sunflower,964.0
Karnataka,DAVANAGERE,2001,Arecanut,18771.0
Karnataka,DAVANAGERE,2001,Black pepper,45.0
Karnataka,DAVANAGERE,2001,Coconut ,57575.0
Karnataka,DAVANAGERE,2001,Coriander,5.0
Karnataka,DAVANAGERE,2001,Dry chillies,1922.0
Karnataka,DAVANAGERE,2001,Onion,48789.0
Karnataka,DAVANAGERE,2001,Peas & beans (Pulses),221.0
Karnataka,DAVANAGERE,2001,Potato,63.0
Karnataka,DAVANAGERE,2001,Sannhamp,14.0
Karnataka,DAVANAGERE,2001,Sugarcane,2181566.0
Karnataka,DAVANAGERE,2001,Turmeric,175.0
Karnataka,DAVANAGERE,2002,Arhar/Tur,4827.0
Karnataka,DAVANAGERE,2002,Bajra,142.0
Karnataka,DAVANAGERE,2002,Castor seed,219.0
Karnataka,DAVANAGERE,2002,Cotton(lint),4327.0
Karnataka,DAVANAGERE,2002,Dry ginger,118.0
Karnataka,DAVANAGERE,2002,Groundnut,12633.0
Karnataka,DAVANAGERE,2002,Horse-gram,1281.0
Karnataka,DAVANAGERE,2002,Jowar,41356.0
Karnataka,DAVANAGERE,2002,Maize,197179.0
Karnataka,DAVANAGERE,2002,Moong(Green Gram),316.0
Karnataka,DAVANAGERE,2002,Niger seed,258.0
Karnataka,DAVANAGERE,2002,Other Kharif pulses,922.0
Karnataka,DAVANAGERE,2002,Ragi,22834.0
Karnataka,DAVANAGERE,2002,Rice,193519.0
Karnataka,DAVANAGERE,2002,Sesamum,1191.0
Karnataka,DAVANAGERE,2002,Small millets,750.0
Karnataka,DAVANAGERE,2002,Soyabean,3.0
Karnataka,DAVANAGERE,2002,Sunflower,3562.0
Karnataka,DAVANAGERE,2002,Urad,6.0
Karnataka,DAVANAGERE,2002,Gram,732.0
Karnataka,DAVANAGERE,2002,Groundnut,3496.0
Karnataka,DAVANAGERE,2002,Horse-gram,4673.0
Karnataka,DAVANAGERE,2002,Jowar,4023.0
Karnataka,DAVANAGERE,2002,Linseed,1.0
Karnataka,DAVANAGERE,2002,Maize,119.0
Karnataka,DAVANAGERE,2002,Moong(Green Gram),32.0
Karnataka,DAVANAGERE,2002,Other  Rabi pulses,272.0
Karnataka,DAVANAGERE,2002,Ragi,58.0
Karnataka,DAVANAGERE,2002,Rapeseed &Mustard,19.0
Karnataka,DAVANAGERE,2002,Safflower,157.0
Karnataka,DAVANAGERE,2002,Sunflower,1735.0
Karnataka,DAVANAGERE,2002,Urad,88.0
Karnataka,DAVANAGERE,2002,Wheat,566.0
Karnataka,DAVANAGERE,2002,Jowar,7273.0
Karnataka,DAVANAGERE,2002,Maize,639.0
Karnataka,DAVANAGERE,2002,Ragi,272.0
Karnataka,DAVANAGERE,2002,Rice,29904.0
Karnataka,DAVANAGERE,2002,Sunflower,711.0
Karnataka,DAVANAGERE,2002,Arcanut (Processed),20154.0
Karnataka,DAVANAGERE,2002,Atcanut (Raw),97930.0
Karnataka,DAVANAGERE,2002,Banana,21367.0
Karnataka,DAVANAGERE,2002,Beans & Mutter(Vegetable),533.0
Karnataka,DAVANAGERE,2002,Black pepper,2.0
Karnataka,DAVANAGERE,2002,Brinjal,722.0
Karnataka,DAVANAGERE,2002,Cashewnut Processed,5.0
Karnataka,DAVANAGERE,2002,Cashewnut Raw,21.0
Karnataka,DAVANAGERE,2002,Citrus Fruit,521.0
Karnataka,DAVANAGERE,2002,Coconut ,58194.0
Karnataka,DAVANAGERE,2002,Coriander,4.0
Karnataka,DAVANAGERE,2002,Dry chillies,1172.0
Karnataka,DAVANAGERE,2002,Garlic,3.0
Karnataka,DAVANAGERE,2002,Grapes,30.0
Karnataka,DAVANAGERE,2002,Mango,7856.0
Karnataka,DAVANAGERE,2002,Onion,27044.0
Karnataka,DAVANAGERE,2002,Other Fresh Fruits,392.0
Karnataka,DAVANAGERE,2002,Papaya,133.0
Karnataka,DAVANAGERE,2002,Pome Fruit,73.0
Karnataka,DAVANAGERE,2002,Sannhamp,2.0
Karnataka,DAVANAGERE,2002,Sugarcane,2146141.0
Karnataka,DAVANAGERE,2002,Sweet potato,127.0
Karnataka,DAVANAGERE,2002,Tobacco,401.0
Karnataka,DAVANAGERE,2002,Tomato,6719.0
Karnataka,DAVANAGERE,2002,Turmeric,52.0
Karnataka,DAVANAGERE,2003,Arhar/Tur,2537.0
Karnataka,DAVANAGERE,2003,Bajra,544.0
Karnataka,DAVANAGERE,2003,Castor seed,202.0
Karnataka,DAVANAGERE,2003,Cotton(lint),2961.0
Karnataka,DAVANAGERE,2003,Dry ginger,53.0
Karnataka,DAVANAGERE,2003,Groundnut,10681.0
Karnataka,DAVANAGERE,2003,Horse-gram,626.0
Karnataka,DAVANAGERE,2003,Jowar,19854.0
Karnataka,DAVANAGERE,2003,Maize,156104.0
Karnataka,DAVANAGERE,2003,Moong(Green Gram),2.0
Karnataka,DAVANAGERE,2003,Niger seed,168.0
Karnataka,DAVANAGERE,2003,Other Kharif pulses,842.0
Karnataka,DAVANAGERE,2003,Ragi,42596.0
Karnataka,DAVANAGERE,2003,Rice,166588.0
Karnataka,DAVANAGERE,2003,Sesamum,171.0
Karnataka,DAVANAGERE,2003,Small millets,460.0
Karnataka,DAVANAGERE,2003,Soyabean,2.0
Karnataka,DAVANAGERE,2003,Sunflower,4797.0
Karnataka,DAVANAGERE,2003,Urad,11.0
Karnataka,DAVANAGERE,2003,Gram,382.0
Karnataka,DAVANAGERE,2003,Groundnut,5917.0
Karnataka,DAVANAGERE,2003,Horse-gram,4865.0
Karnataka,DAVANAGERE,2003,Jowar,19284.0
Karnataka,DAVANAGERE,2003,Linseed,0.0
Karnataka,DAVANAGERE,2003,Maize,473.0
Karnataka,DAVANAGERE,2003,Moong(Green Gram),154.0
Karnataka,DAVANAGERE,2003,Other  Rabi pulses,382.0
Karnataka,DAVANAGERE,2003,Ragi,36.0
Karnataka,DAVANAGERE,2003,Rapeseed &Mustard,29.0
Karnataka,DAVANAGERE,2003,Safflower,113.0
Karnataka,DAVANAGERE,2003,Sunflower,4189.0
Karnataka,DAVANAGERE,2003,Urad,278.0
Karnataka,DAVANAGERE,2003,Wheat,445.0
Karnataka,DAVANAGERE,2003,Jowar,6756.0
Karnataka,DAVANAGERE,2003,Maize,38.0
Karnataka,DAVANAGERE,2003,Ragi,371.0
Karnataka,DAVANAGERE,2003,Rice,27956.0
Karnataka,DAVANAGERE,2003,Sunflower,1364.0
Karnataka,DAVANAGERE,2003,Arecanut,20455.0
Karnataka,DAVANAGERE,2003,Banana,5529.0
Karnataka,DAVANAGERE,2003,Beans & Mutter(Vegetable),3005.0
Karnataka,DAVANAGERE,2003,Black pepper,2.0
Karnataka,DAVANAGERE,2003,Brinjal,5354.0
Karnataka,DAVANAGERE,2003,Citrus Fruit,522.0
Karnataka,DAVANAGERE,2003,Coconut ,57289.0
Karnataka,DAVANAGERE,2003,Coriander,3.0
Karnataka,DAVANAGERE,2003,Dry chillies,313.0
Karnataka,DAVANAGERE,2003,Garlic,35.0
Karnataka,DAVANAGERE,2003,Mango,5888.0
Karnataka,DAVANAGERE,2003,Onion,51174.0
Karnataka,DAVANAGERE,2003,Other Fresh Fruits,399.0
Karnataka,DAVANAGERE,2003,Potato,5.0
Karnataka,DAVANAGERE,2003,Sugarcane,696825.0
Karnataka,DAVANAGERE,2003,Tobacco,492.0
Karnataka,DAVANAGERE,2003,Tomato,4781.0
Karnataka,DAVANAGERE,2003,Turmeric,63.0
Karnataka,DAVANAGERE,2004,Arhar/Tur,7165.0
Karnataka,DAVANAGERE,2004,Bajra,333.0
Karnataka,DAVANAGERE,2004,Castor seed,193.0
Karnataka,DAVANAGERE,2004,Cotton(lint),12610.0
Karnataka,DAVANAGERE,2004,Dry ginger,13.0
Karnataka,DAVANAGERE,2004,Groundnut,13071.0
Karnataka,DAVANAGERE,2004,Horse-gram,655.0
Karnataka,DAVANAGERE,2004,Jowar,59744.0
Karnataka,DAVANAGERE,2004,Maize,524582.0
Karnataka,DAVANAGERE,2004,Moong(Green Gram),338.0
Karnataka,DAVANAGERE,2004,Niger seed,158.0
Karnataka,DAVANAGERE,2004,Other Kharif pulses,946.88
Karnataka,DAVANAGERE,2004,Ragi,33965.0
Karnataka,DAVANAGERE,2004,Rice,183097.74
Karnataka,DAVANAGERE,2004,Sesamum,4167.0
Karnataka,DAVANAGERE,2004,Small millets,425.0
Karnataka,DAVANAGERE,2004,Sunflower,4400.0
Karnataka,DAVANAGERE,2004,Urad,5.0
Karnataka,DAVANAGERE,2004,Gram,399.0
Karnataka,DAVANAGERE,2004,Groundnut,5519.0
Karnataka,DAVANAGERE,2004,Horse-gram,1278.0
Karnataka,DAVANAGERE,2004,Jowar,2805.0
Karnataka,DAVANAGERE,2004,Maize,247.0
Karnataka,DAVANAGERE,2004,Moong(Green Gram),25.0
Karnataka,DAVANAGERE,2004,Other  Rabi pulses,133.0
Karnataka,DAVANAGERE,2004,Ragi,214.0
Karnataka,DAVANAGERE,2004,Rapeseed &Mustard,47.0
Karnataka,DAVANAGERE,2004,Safflower,36.0
Karnataka,DAVANAGERE,2004,Sunflower,1868.0
Karnataka,DAVANAGERE,2004,Urad,15.0
Karnataka,DAVANAGERE,2004,Wheat,383.0
Karnataka,DAVANAGERE,2004,Jowar,334.0
Karnataka,DAVANAGERE,2004,Maize,346.0
Karnataka,DAVANAGERE,2004,Ragi,116.0
Karnataka,DAVANAGERE,2004,Rice,222174.0
Karnataka,DAVANAGERE,2004,Sunflower,1881.0
Karnataka,DAVANAGERE,2004,Arecanut,21206.0
Karnataka,DAVANAGERE,2004,Banana,5457.0
Karnataka,DAVANAGERE,2004,Black pepper,85.0
Karnataka,DAVANAGERE,2004,Cardamom,
Karnataka,DAVANAGERE,2004,Coconut ,531104.52
Karnataka,DAVANAGERE,2004,Coriander,2.0
Karnataka,DAVANAGERE,2004,Dry chillies,1889.0
Karnataka,DAVANAGERE,2004,Garlic,2.0
Karnataka,DAVANAGERE,2004,Onion,62703.0
Karnataka,DAVANAGERE,2004,Potato,19.0
Karnataka,DAVANAGERE,2004,Sannhamp,
Karnataka,DAVANAGERE,2004,Tobacco,1198.0
Karnataka,DAVANAGERE,2004,Turmeric,14.0
Karnataka,DAVANAGERE,2005,Arhar/Tur,3202.0
Karnataka,DAVANAGERE,2005,Bajra,436.0
Karnataka,DAVANAGERE,2005,Castor seed,213.0
Karnataka,DAVANAGERE,2005,Dry chillies,2230.0
Karnataka,DAVANAGERE,2005,Groundnut,13236.0
Karnataka,DAVANAGERE,2005,Horse-gram,2261.0
Karnataka,DAVANAGERE,2005,Jowar,76097.0
Karnataka,DAVANAGERE,2005,Maize,475046.0
Karnataka,DAVANAGERE,2005,Moong(Green Gram),217.0
Karnataka,DAVANAGERE,2005,Niger seed,198.0
Karnataka,DAVANAGERE,2005,Onion,59436.0
Karnataka,DAVANAGERE,2005,Other Kharif pulses,447.0
Karnataka,DAVANAGERE,2005,Peas & beans (Pulses),36.0
Karnataka,DAVANAGERE,2005,Potato,7.0
Karnataka,DAVANAGERE,2005,Ragi,31104.0
Karnataka,DAVANAGERE,2005,Rice,225040.0
Karnataka,DAVANAGERE,2005,Sesamum,2104.0
Karnataka,DAVANAGERE,2005,Small millets,739.0
Karnataka,DAVANAGERE,2005,Sunflower,5695.0
Karnataka,DAVANAGERE,2005,Urad,5.0
Karnataka,DAVANAGERE,2005,Dry chillies,138.0
Karnataka,DAVANAGERE,2005,Gram,339.0
Karnataka,DAVANAGERE,2005,Groundnut,5091.0
Karnataka,DAVANAGERE,2005,Horse-gram,1081.0
Karnataka,DAVANAGERE,2005,Jowar,3595.0
Karnataka,DAVANAGERE,2005,Linseed,3.0
Karnataka,DAVANAGERE,2005,Maize,1019.0
Karnataka,DAVANAGERE,2005,Moong(Green Gram),19.0
Karnataka,DAVANAGERE,2005,Onion,6489.0
Karnataka,DAVANAGERE,2005,Other  Rabi pulses,34.0
Karnataka,DAVANAGERE,2005,Peas & beans (Pulses),21.0
Karnataka,DAVANAGERE,2005,Ragi,993.0
Karnataka,DAVANAGERE,2005,Rapeseed &Mustard,10.0
Karnataka,DAVANAGERE,2005,Safflower,15.0
Karnataka,DAVANAGERE,2005,Sunflower,3805.0
Karnataka,DAVANAGERE,2005,Urad,11.0
Karnataka,DAVANAGERE,2005,Wheat,213.0
Karnataka,DAVANAGERE,2005,Dry chillies,269.0
Karnataka,DAVANAGERE,2005,Jowar,1137.0
Karnataka,DAVANAGERE,2005,Maize,264.0
Karnataka,DAVANAGERE,2005,Onion,1214.0
Karnataka,DAVANAGERE,2005,Peas & beans (Pulses),10.0
Karnataka,DAVANAGERE,2005,Ragi,63.0
Karnataka,DAVANAGERE,2005,Rice,227497.0
Karnataka,DAVANAGERE,2005,Sunflower,1243.0
Karnataka,DAVANAGERE,2005,Arecanut,108785.0
Karnataka,DAVANAGERE,2005,Banana,10332.0
Karnataka,DAVANAGERE,2005,Black pepper,28.0
Karnataka,DAVANAGERE,2005,Coconut ,53282.0
Karnataka,DAVANAGERE,2005,Coriander,2.0
Karnataka,DAVANAGERE,2005,Cotton(lint),8361.0
Karnataka,DAVANAGERE,2005,Dry ginger,118.0
Karnataka,DAVANAGERE,2005,Sannhamp,1.0
Karnataka,DAVANAGERE,2005,Sugarcane,654674.0
Karnataka,DAVANAGERE,2005,Tobacco,569.0
Karnataka,DAVANAGERE,2005,Turmeric,32.0
Karnataka,DAVANAGERE,2006,Arhar/Tur,4651.0
Karnataka,DAVANAGERE,2006,Bajra,366.0
Karnataka,DAVANAGERE,2006,Castor seed,152.0
Karnataka,DAVANAGERE,2006,Gram,3.0
Karnataka,DAVANAGERE,2006,Groundnut,6465.0
Karnataka,DAVANAGERE,2006,Horse-gram,494.0
Karnataka,DAVANAGERE,2006,Jowar,37716.0
Karnataka,DAVANAGERE,2006,Maize,396298.0
Karnataka,DAVANAGERE,2006,Moong(Green Gram),161.0
Karnataka,DAVANAGERE,2006,Niger seed,176.0
Karnataka,DAVANAGERE,2006,Other Kharif pulses,2523.0
Karnataka,DAVANAGERE,2006,Ragi,20966.0
Karnataka,DAVANAGERE,2006,Rapeseed &Mustard,7.0
Karnataka,DAVANAGERE,2006,Rice,237700.0
Karnataka,DAVANAGERE,2006,Sesamum,1491.0
Karnataka,DAVANAGERE,2006,Small millets,787.0
Karnataka,DAVANAGERE,2006,Sunflower,5995.0
Karnataka,DAVANAGERE,2006,Urad,3.0
Karnataka,DAVANAGERE,2006,Gram,785.0
Karnataka,DAVANAGERE,2006,Groundnut,3781.0
Karnataka,DAVANAGERE,2006,Horse-gram,909.0
Karnataka,DAVANAGERE,2006,Jowar,3226.0
Karnataka,DAVANAGERE,2006,Maize,1111.0
Karnataka,DAVANAGERE,2006,Moong(Green Gram),25.0
Karnataka,DAVANAGERE,2006,Other  Rabi pulses,121.0
Karnataka,DAVANAGERE,2006,Ragi,430.0
Karnataka,DAVANAGERE,2006,Safflower,33.0
Karnataka,DAVANAGERE,2006,Sunflower,3805.0
Karnataka,DAVANAGERE,2006,Urad,12.0
Karnataka,DAVANAGERE,2006,Wheat,262.0
Karnataka,DAVANAGERE,2006,Jowar,810.0
Karnataka,DAVANAGERE,2006,Maize,663.0
Karnataka,DAVANAGERE,2006,Ragi,43.0
Karnataka,DAVANAGERE,2006,Rice,192576.0
Karnataka,DAVANAGERE,2006,Sunflower,1361.0
Karnataka,DAVANAGERE,2006,Arecanut,21942.0
Karnataka,DAVANAGERE,2006,Banana,27379.0
Karnataka,DAVANAGERE,2006,Black pepper,31.0
Karnataka,DAVANAGERE,2006,Cardamom,
Karnataka,DAVANAGERE,2006,Coconut ,50345.0
Karnataka,DAVANAGERE,2006,Coriander,3.0
Karnataka,DAVANAGERE,2006,Cotton(lint),10089.0
Karnataka,DAVANAGERE,2006,Dry chillies,1565.0
Karnataka,DAVANAGERE,2006,Dry ginger,53.0
Karnataka,DAVANAGERE,2006,Onion,57683.0
Karnataka,DAVANAGERE,2006,Potato,64.0
Karnataka,DAVANAGERE,2006,Sugarcane,451146.0
Karnataka,DAVANAGERE,2006,Tobacco,431.0
Karnataka,DAVANAGERE,2007,Arhar/Tur,7096.0
Karnataka,DAVANAGERE,2007,Bajra,720.0
Karnataka,DAVANAGERE,2007,Castor seed,30.0
Karnataka,DAVANAGERE,2007,Dry chillies,852.0
Karnataka,DAVANAGERE,2007,Groundnut,11398.0
Karnataka,DAVANAGERE,2007,Horse-gram,868.0
Karnataka,DAVANAGERE,2007,Jowar,65113.0
Karnataka,DAVANAGERE,2007,Maize,533576.0
Karnataka,DAVANAGERE,2007,Moong(Green Gram),392.0
Karnataka,DAVANAGERE,2007,Niger seed,172.0
Karnataka,DAVANAGERE,2007,Onion,67334.0
Karnataka,DAVANAGERE,2007,Other Kharif pulses,1035.0
Karnataka,DAVANAGERE,2007,Potato,99.0
Karnataka,DAVANAGERE,2007,Ragi,36791.0
Karnataka,DAVANAGERE,2007,Rapeseed &Mustard,4.0
Karnataka,DAVANAGERE,2007,Rice,67328.0
Karnataka,DAVANAGERE,2007,Sesamum,1319.0
Karnataka,DAVANAGERE,2007,Small millets,319.0
Karnataka,DAVANAGERE,2007,Sunflower,5520.0
Karnataka,DAVANAGERE,2007,Urad,1.0
Karnataka,DAVANAGERE,2007,Dry chillies,127.0
Karnataka,DAVANAGERE,2007,Gram,1592.0
Karnataka,DAVANAGERE,2007,Groundnut,6685.0
Karnataka,DAVANAGERE,2007,Horse-gram,301.0
Karnataka,DAVANAGERE,2007,Jowar,3502.0
Karnataka,DAVANAGERE,2007,Maize,1159.0
Karnataka,DAVANAGERE,2007,Moong(Green Gram),10.0
Karnataka,DAVANAGERE,2007,Onion,3347.0
Karnataka,DAVANAGERE,2007,Other  Rabi pulses,261.0
Karnataka,DAVANAGERE,2007,Ragi,335.0
Karnataka,DAVANAGERE,2007,Safflower,135.0
Karnataka,DAVANAGERE,2007,Sunflower,2917.0
Karnataka,DAVANAGERE,2007,Urad,4.0
Karnataka,DAVANAGERE,2007,Wheat,232.0
Karnataka,DAVANAGERE,2007,Bajra,1.0
Karnataka,DAVANAGERE,2007,Dry chillies,193.0
Karnataka,DAVANAGERE,2007,Jowar,2377.0
Karnataka,DAVANAGERE,2007,Maize,536.0
Karnataka,DAVANAGERE,2007,Onion,270.0
Karnataka,DAVANAGERE,2007,Ragi,121.0
Karnataka,DAVANAGERE,2007,Rice,203861.0
Karnataka,DAVANAGERE,2007,Sunflower,1996.0
Karnataka,DAVANAGERE,2007,Arecanut,113409.0
Karnataka,DAVANAGERE,2007,Banana,20560.0
Karnataka,DAVANAGERE,2007,Black pepper,31.0
Karnataka,DAVANAGERE,2007,Cardamom,
Karnataka,DAVANAGERE,2007,Coconut ,61995.0
Karnataka,DAVANAGERE,2007,Coriander,5.0
Karnataka,DAVANAGERE,2007,Cotton(lint),17914.0
Karnataka,DAVANAGERE,2007,Dry ginger,123.0
Karnataka,DAVANAGERE,2007,Sugarcane,809586.0
Karnataka,DAVANAGERE,2007,Tobacco,283.0
Karnataka,DAVANAGERE,2008,Arhar/Tur,3330.0
Karnataka,DAVANAGERE,2008,Bajra,582.0
Karnataka,DAVANAGERE,2008,Castor seed,85.0
Karnataka,DAVANAGERE,2008,Dry chillies,2830.0
Karnataka,DAVANAGERE,2008,Groundnut,11903.0
Karnataka,DAVANAGERE,2008,Horse-gram,520.0
Karnataka,DAVANAGERE,2008,Jowar,41074.0
Karnataka,DAVANAGERE,2008,Maize,426746.0
Karnataka,DAVANAGERE,2008,Moong(Green Gram),121.0
Karnataka,DAVANAGERE,2008,Niger seed,225.0
Karnataka,DAVANAGERE,2008,Onion,53123.0
Karnataka,DAVANAGERE,2008,Other Kharif pulses,812.0
Karnataka,DAVANAGERE,2008,Potato,131.0
Karnataka,DAVANAGERE,2008,Ragi,21221.0
Karnataka,DAVANAGERE,2008,Rice,235254.62
Karnataka,DAVANAGERE,2008,Sesamum,1028.0
Karnataka,DAVANAGERE,2008,Sunflower,6226.0
Karnataka,DAVANAGERE,2008,Urad,5.0
Karnataka,DAVANAGERE,2008,Dry chillies,185.0
Karnataka,DAVANAGERE,2008,Gram,531.0
Karnataka,DAVANAGERE,2008,Groundnut,1393.0
Karnataka,DAVANAGERE,2008,Horse-gram,318.0
Karnataka,DAVANAGERE,2008,Jowar,4725.0
Karnataka,DAVANAGERE,2008,Maize,1371.0
Karnataka,DAVANAGERE,2008,Onion,3800.0
Karnataka,DAVANAGERE,2008,Other  Rabi pulses,90.0
Karnataka,DAVANAGERE,2008,Ragi,509.0
Karnataka,DAVANAGERE,2008,Rapeseed &Mustard,10.0
Karnataka,DAVANAGERE,2008,Safflower,24.0
Karnataka,DAVANAGERE,2008,Sunflower,3061.0
Karnataka,DAVANAGERE,2008,Wheat,401.0
Karnataka,DAVANAGERE,2008,Dry chillies,600.0
Karnataka,DAVANAGERE,2008,Jowar,3383.0
Karnataka,DAVANAGERE,2008,Maize,2328.0
Karnataka,DAVANAGERE,2008,Onion,638.0
Karnataka,DAVANAGERE,2008,Ragi,48.0
Karnataka,DAVANAGERE,2008,Rice,211873.0
Karnataka,DAVANAGERE,2008,Sunflower,1796.0
Karnataka,DAVANAGERE,2008,Arecanut,126056.0
Karnataka,DAVANAGERE,2008,Banana,21678.0
Karnataka,DAVANAGERE,2008,Black pepper,47.0
Karnataka,DAVANAGERE,2008,Cardamom,
Karnataka,DAVANAGERE,2008,Cashewnut,21.52
Karnataka,DAVANAGERE,2008,Coconut ,82415.0
Karnataka,DAVANAGERE,2008,Coriander,38.0
Karnataka,DAVANAGERE,2008,Cotton(lint),15797.0
Karnataka,DAVANAGERE,2008,Dry ginger,64.0
Karnataka,DAVANAGERE,2008,Sugarcane,285046.0
Karnataka,DAVANAGERE,2008,Tobacco,198.0
Karnataka,DAVANAGERE,2009,Arhar/Tur,4066.0
Karnataka,DAVANAGERE,2009,Bajra,646.0
Karnataka,DAVANAGERE,2009,Castor seed,68.0
Karnataka,DAVANAGERE,2009,Gram,526.0
Karnataka,DAVANAGERE,2009,Groundnut,16103.0
Karnataka,DAVANAGERE,2009,Horse-gram,526.0
Karnataka,DAVANAGERE,2009,Jowar,43695.0
Karnataka,DAVANAGERE,2009,Maize,512542.0
Karnataka,DAVANAGERE,2009,Moong(Green Gram),164.0
Karnataka,DAVANAGERE,2009,Niger seed,125.0
Karnataka,DAVANAGERE,2009,Onion,39262.0
Karnataka,DAVANAGERE,2009,Other Kharif pulses,843.0
Karnataka,DAVANAGERE,2009,Potato,148.0
Karnataka,DAVANAGERE,2009,Ragi,25323.0
Karnataka,DAVANAGERE,2009,Rice,255673.58
Karnataka,DAVANAGERE,2009,Sesamum,1699.0
Karnataka,DAVANAGERE,2009,Small millets,406.0
Karnataka,DAVANAGERE,2009,Sunflower,3991.0
Karnataka,DAVANAGERE,2009,Urad,1.0
Karnataka,DAVANAGERE,2009,Bajra,6.0
Karnataka,DAVANAGERE,2009,Dry chillies,224.0
Karnataka,DAVANAGERE,2009,Gram,621.0
Karnataka,DAVANAGERE,2009,Groundnut,3599.0
Karnataka,DAVANAGERE,2009,Horse-gram,621.0
Karnataka,DAVANAGERE,2009,Jowar,3709.0
Karnataka,DAVANAGERE,2009,Maize,1854.0
Karnataka,DAVANAGERE,2009,Onion,4461.0
Karnataka,DAVANAGERE,2009,Other  Rabi pulses,332.0
Karnataka,DAVANAGERE,2009,Ragi,172.0
Karnataka,DAVANAGERE,2009,Rapeseed &Mustard,10.0
Karnataka,DAVANAGERE,2009,Safflower,2.0
Karnataka,DAVANAGERE,2009,Sunflower,2453.0
Karnataka,DAVANAGERE,2009,Wheat,437.0
Karnataka,DAVANAGERE,2009,Dry chillies,332.0
Karnataka,DAVANAGERE,2009,Jowar,1529.0
Karnataka,DAVANAGERE,2009,Maize,3843.0
Karnataka,DAVANAGERE,2009,Onion,702.0
Karnataka,DAVANAGERE,2009,Ragi,107.0
Karnataka,DAVANAGERE,2009,Rice,213861.0
Karnataka,DAVANAGERE,2009,Sunflower,3625.0
Karnataka,DAVANAGERE,2009,Arecanut,133485.0
Karnataka,DAVANAGERE,2009,Banana,30663.0
Karnataka,DAVANAGERE,2009,Black pepper,52.0
Karnataka,DAVANAGERE,2009,Cashewnut,33.0
Karnataka,DAVANAGERE,2009,Coconut ,99410.0
Karnataka,DAVANAGERE,2009,Coriander,20.0
Karnataka,DAVANAGERE,2009,Cotton(lint),28211.0
Karnataka,DAVANAGERE,2009,Dry ginger,31.0
Karnataka,DAVANAGERE,2009,Sugarcane,453067.0
Karnataka,DAVANAGERE,2009,Tobacco,1158.0
Karnataka,DAVANAGERE,2010,Arhar/Tur,6689.0
Karnataka,DAVANAGERE,2010,Bajra,2106.0
Karnataka,DAVANAGERE,2010,Castor seed,213.0
Karnataka,DAVANAGERE,2010,Cotton(lint),50664.0
Karnataka,DAVANAGERE,2010,Cowpea(Lobia),134.0
Karnataka,DAVANAGERE,2010,Dry chillies,2262.0
Karnataka,DAVANAGERE,2010,Groundnut,17926.0
Karnataka,DAVANAGERE,2010,Horse-gram,689.0
Karnataka,DAVANAGERE,2010,Jowar,40266.0
Karnataka,DAVANAGERE,2010,Maize,640248.0
Karnataka,DAVANAGERE,2010,Moong(Green Gram),117.0
Karnataka,DAVANAGERE,2010,Niger seed,97.0
Karnataka,DAVANAGERE,2010,Onion,46766.0
Karnataka,DAVANAGERE,2010,Other Kharif pulses,1016.0
Karnataka,DAVANAGERE,2010,Peas & beans (Pulses),505.0
Karnataka,DAVANAGERE,2010,Potato,608.0
Karnataka,DAVANAGERE,2010,Ragi,28419.0
Karnataka,DAVANAGERE,2010,Rice,271152.0
Karnataka,DAVANAGERE,2010,Sesamum,897.0
Karnataka,DAVANAGERE,2010,Small millets,262.0
Karnataka,DAVANAGERE,2010,Sunflower,1282.0
Karnataka,DAVANAGERE,2010,Urad,6.0
Karnataka,DAVANAGERE,2010,Cotton(lint),1759.0
Karnataka,DAVANAGERE,2010,Cowpea(Lobia),477.0
Karnataka,DAVANAGERE,2010,Dry chillies,456.0
Karnataka,DAVANAGERE,2010,Gram,1684.0
Karnataka,DAVANAGERE,2010,Groundnut,4268.0
Karnataka,DAVANAGERE,2010,Horse-gram,1347.0
Karnataka,DAVANAGERE,2010,Jowar,4763.0
Karnataka,DAVANAGERE,2010,Maize,6158.0
Karnataka,DAVANAGERE,2010,Moong(Green Gram),11.0
Karnataka,DAVANAGERE,2010,Onion,7602.0
Karnataka,DAVANAGERE,2010,Other  Rabi pulses,41.0
Karnataka,DAVANAGERE,2010,Peas & beans (Pulses),135.0
Karnataka,DAVANAGERE,2010,Ragi,409.0
Karnataka,DAVANAGERE,2010,Rapeseed &Mustard,5.0
Karnataka,DAVANAGERE,2010,Safflower,60.0
Karnataka,DAVANAGERE,2010,Sunflower,1347.0
Karnataka,DAVANAGERE,2010,Wheat,794.0
Karnataka,DAVANAGERE,2010,Dry chillies,338.0
Karnataka,DAVANAGERE,2010,Jowar,2520.0
Karnataka,DAVANAGERE,2010,Maize,2421.0
Karnataka,DAVANAGERE,2010,Onion,7511.0
Karnataka,DAVANAGERE,2010,Ragi,227.0
Karnataka,DAVANAGERE,2010,Rice,259570.0
Karnataka,DAVANAGERE,2010,Sunflower,1436.0
Karnataka,DAVANAGERE,2010,Arecanut,422764.0
Karnataka,DAVANAGERE,2010,Banana,42812.0
Karnataka,DAVANAGERE,2010,Black pepper,5.4
Karnataka,DAVANAGERE,2010,Cashewnut,23.0
Karnataka,DAVANAGERE,2010,Coconut ,92449.0
Karnataka,DAVANAGERE,2010,Coriander,8.0
Karnataka,DAVANAGERE,2010,Dry ginger,18.1
Karnataka,DAVANAGERE,2010,Sugarcane,660910.0
Karnataka,DAVANAGERE,2010,Tobacco,969.0
Karnataka,DAVANAGERE,2011,Arhar/Tur,6927.0
Karnataka,DAVANAGERE,2011,Bajra,582.0
Karnataka,DAVANAGERE,2011,Castor seed,107.0
Karnataka,DAVANAGERE,2011,Cotton(lint),58939.0
Karnataka,DAVANAGERE,2011,Cowpea(Lobia),124.0
Karnataka,DAVANAGERE,2011,Dry chillies,2610.0
Karnataka,DAVANAGERE,2011,Groundnut,11838.0
Karnataka,DAVANAGERE,2011,Horse-gram,653.0
Karnataka,DAVANAGERE,2011,Jowar,22091.0
Karnataka,DAVANAGERE,2011,Maize,477066.0
Karnataka,DAVANAGERE,2011,Moong(Green Gram),148.0
Karnataka,DAVANAGERE,2011,Niger seed,90.0
Karnataka,DAVANAGERE,2011,Onion,31929.0
Karnataka,DAVANAGERE,2011,Other Kharif pulses,1102.0
Karnataka,DAVANAGERE,2011,Peas & beans (Pulses),624.0
Karnataka,DAVANAGERE,2011,Potato,802.0
Karnataka,DAVANAGERE,2011,Ragi,14545.0
Karnataka,DAVANAGERE,2011,Rice,276223.0
Karnataka,DAVANAGERE,2011,Sesamum,203.0
Karnataka,DAVANAGERE,2011,Small millets,173.0
Karnataka,DAVANAGERE,2011,Sunflower,716.0
Karnataka,DAVANAGERE,2011,Urad,7.0
Karnataka,DAVANAGERE,2011,Cotton(lint),794.0
Karnataka,DAVANAGERE,2011,Cowpea(Lobia),447.0
Karnataka,DAVANAGERE,2011,Dry chillies,448.0
Karnataka,DAVANAGERE,2011,Gram,770.0
Karnataka,DAVANAGERE,2011,Groundnut,6127.0
Karnataka,DAVANAGERE,2011,Horse-gram,933.0
Karnataka,DAVANAGERE,2011,Jowar,6493.0
Karnataka,DAVANAGERE,2011,Maize,5737.0
Karnataka,DAVANAGERE,2011,Moong(Green Gram),28.0
Karnataka,DAVANAGERE,2011,Onion,3403.0
Karnataka,DAVANAGERE,2011,Other  Rabi pulses,36.0
Karnataka,DAVANAGERE,2011,Peas & beans (Pulses),201.0
Karnataka,DAVANAGERE,2011,Ragi,472.0
Karnataka,DAVANAGERE,2011,Rapeseed &Mustard,2.0
Karnataka,DAVANAGERE,2011,Safflower,14.0
Karnataka,DAVANAGERE,2011,Sunflower,1449.0
Karnataka,DAVANAGERE,2011,Urad,3.0
Karnataka,DAVANAGERE,2011,Wheat,813.0
Karnataka,DAVANAGERE,2011,Dry chillies,539.0
Karnataka,DAVANAGERE,2011,Jowar,3421.0
Karnataka,DAVANAGERE,2011,Maize,2158.0
Karnataka,DAVANAGERE,2011,Onion,1014.0
Karnataka,DAVANAGERE,2011,Peas & beans (Pulses),27.0
Karnataka,DAVANAGERE,2011,Ragi,591.0
Karnataka,DAVANAGERE,2011,Rice,269152.0
Karnataka,DAVANAGERE,2011,Sunflower,1803.0
Karnataka,DAVANAGERE,2011,Arecanut,260754.0
Karnataka,DAVANAGERE,2011,Banana,58225.0
Karnataka,DAVANAGERE,2011,Black pepper,5.1
Karnataka,DAVANAGERE,2011,Cashewnut,29.0
Karnataka,DAVANAGERE,2011,Coconut ,116416.0
Karnataka,DAVANAGERE,2011,Coriander,16.0
Karnataka,DAVANAGERE,2011,Dry ginger,12.7
Karnataka,DAVANAGERE,2011,Sugarcane,702373.0
Karnataka,DAVANAGERE,2011,Tobacco,547.0
Karnataka,DAVANAGERE,2011,Turmeric,186.0
Karnataka,DAVANAGERE,2012,Arhar/Tur,4520.0
Karnataka,DAVANAGERE,2012,Bajra,640.0
Karnataka,DAVANAGERE,2012,Castor seed,122.0
Karnataka,DAVANAGERE,2012,Cotton(lint),26399.0
Karnataka,DAVANAGERE,2012,Cowpea(Lobia),94.0
Karnataka,DAVANAGERE,2012,Dry chillies,1707.0
Karnataka,DAVANAGERE,2012,Groundnut,15851.0
Karnataka,DAVANAGERE,2012,Horse-gram,824.0
Karnataka,DAVANAGERE,2012,Jowar,13448.0
Karnataka,DAVANAGERE,2012,Maize,482893.0
Karnataka,DAVANAGERE,2012,Moong(Green Gram),4.0
Karnataka,DAVANAGERE,2012,Niger seed,43.0
Karnataka,DAVANAGERE,2012,Onion,14704.0
Karnataka,DAVANAGERE,2012,Other Kharif pulses,4025.0
Karnataka,DAVANAGERE,2012,Potato,45.0
Karnataka,DAVANAGERE,2012,Ragi,11722.0
Karnataka,DAVANAGERE,2012,Rapeseed &Mustard,1.0
Karnataka,DAVANAGERE,2012,Rice,248085.0
Karnataka,DAVANAGERE,2012,Sesamum,66.0
Karnataka,DAVANAGERE,2012,Small millets,168.0
Karnataka,DAVANAGERE,2012,Sunflower,2946.0
Karnataka,DAVANAGERE,2012,Urad,14.0
Karnataka,DAVANAGERE,2012,Cotton(lint),215.0
Karnataka,DAVANAGERE,2012,Cowpea(Lobia),218.0
Karnataka,DAVANAGERE,2012,Dry chillies,270.0
Karnataka,DAVANAGERE,2012,Gram,938.0
Karnataka,DAVANAGERE,2012,Groundnut,152.0
Karnataka,DAVANAGERE,2012,Horse-gram,578.0
Karnataka,DAVANAGERE,2012,Jowar,4592.0
Karnataka,DAVANAGERE,2012,Maize,14380.0
Karnataka,DAVANAGERE,2012,Onion,1309.0
Karnataka,DAVANAGERE,2012,Other  Rabi pulses,210.0
Karnataka,DAVANAGERE,2012,Ragi,1326.0
Karnataka,DAVANAGERE,2012,Sunflower,2317.0
Karnataka,DAVANAGERE,2012,Wheat,518.0
Karnataka,DAVANAGERE,2012,Cotton(lint),987.0
Karnataka,DAVANAGERE,2012,Cowpea(Lobia),311.0
Karnataka,DAVANAGERE,2012,Dry chillies,342.0
Karnataka,DAVANAGERE,2012,Groundnut,7123.0
Karnataka,DAVANAGERE,2012,Jowar,5265.0
Karnataka,DAVANAGERE,2012,Maize,6934.0
Karnataka,DAVANAGERE,2012,Onion,829.0
Karnataka,DAVANAGERE,2012,Ragi,607.0
Karnataka,DAVANAGERE,2012,Rice,139306.0
Karnataka,DAVANAGERE,2012,Sunflower,4757.0
Karnataka,DAVANAGERE,2012,Arecanut,236083.0
Karnataka,DAVANAGERE,2012,Black pepper,6.0
Karnataka,DAVANAGERE,2012,Cashewnut,19.0
Karnataka,DAVANAGERE,2012,Coconut ,116463.0
Karnataka,DAVANAGERE,2012,Coriander,6.0
Karnataka,DAVANAGERE,2012,Garlic,8.0
Karnataka,DAVANAGERE,2012,Sugarcane,480692.0
Karnataka,DAVANAGERE,2012,Sweet potato,31.0
Karnataka,DAVANAGERE,2012,Tobacco,247.0
Karnataka,DAVANAGERE,2012,Turmeric,14.0
Karnataka,DAVANAGERE,2013,Arhar/Tur,6152.0
Karnataka,DAVANAGERE,2013,Bajra,659.0
Karnataka,DAVANAGERE,2013,Castor seed,320.0
Karnataka,DAVANAGERE,2013,Cotton(lint),25348.0
Karnataka,DAVANAGERE,2013,Cowpea(Lobia),136.0
Karnataka,DAVANAGERE,2013,Dry chillies,1231.0
Karnataka,DAVANAGERE,2013,Groundnut,12794.0
Karnataka,DAVANAGERE,2013,Horse-gram,1124.0
Karnataka,DAVANAGERE,2013,Jowar,19746.0
Karnataka,DAVANAGERE,2013,Maize,664178.0
Karnataka,DAVANAGERE,2013,Moong(Green Gram),178.0
Karnataka,DAVANAGERE,2013,Niger seed,28.0
Karnataka,DAVANAGERE,2013,Onion,18964.0
Karnataka,DAVANAGERE,2013,Other Kharif pulses,1190.0
Karnataka,DAVANAGERE,2013,Potato,368.0
Karnataka,DAVANAGERE,2013,Ragi,13492.0
Karnataka,DAVANAGERE,2013,Rapeseed &Mustard,14.0
Karnataka,DAVANAGERE,2013,Rice,248272.0
Karnataka,DAVANAGERE,2013,Sesamum,80.0
Karnataka,DAVANAGERE,2013,Small millets,85.0
Karnataka,DAVANAGERE,2013,Sunflower,594.0
Karnataka,DAVANAGERE,2013,Urad,15.0
Karnataka,DAVANAGERE,2013,Cotton(lint),242.0
Karnataka,DAVANAGERE,2013,Cowpea(Lobia),299.0
Karnataka,DAVANAGERE,2013,Dry chillies,226.0
Karnataka,DAVANAGERE,2013,Gram,490.0
Karnataka,DAVANAGERE,2013,Horse-gram,651.0
Karnataka,DAVANAGERE,2013,Jowar,3454.0
Karnataka,DAVANAGERE,2013,Maize,5154.0
Karnataka,DAVANAGERE,2013,Moong(Green Gram),9.0
Karnataka,DAVANAGERE,2013,Onion,23383.0
Karnataka,DAVANAGERE,2013,Other  Rabi pulses,199.0
Karnataka,DAVANAGERE,2013,Ragi,1769.0
Karnataka,DAVANAGERE,2013,Sunflower,1192.0
Karnataka,DAVANAGERE,2013,Wheat,186.0
Karnataka,DAVANAGERE,2013,Cotton(lint),1990.0
Karnataka,DAVANAGERE,2013,Cowpea(Lobia),142.0
Karnataka,DAVANAGERE,2013,Dry chillies,372.0
Karnataka,DAVANAGERE,2013,Groundnut,2822.0
Karnataka,DAVANAGERE,2013,Jowar,1077.0
Karnataka,DAVANAGERE,2013,Maize,2475.0
Karnataka,DAVANAGERE,2013,Onion,1821.0
Karnataka,DAVANAGERE,2013,Ragi,923.0
Karnataka,DAVANAGERE,2013,Rice,203072.0
Karnataka,DAVANAGERE,2013,Sunflower,961.0
Karnataka,DAVANAGERE,2013,Arecanut,345913.0
Karnataka,DAVANAGERE,2013,Black pepper,112.0
Karnataka,DAVANAGERE,2013,Cashewnut,37.0
Karnataka,DAVANAGERE,2013,Coconut ,61815.0
Karnataka,DAVANAGERE,2013,Coriander,1.0
Karnataka,DAVANAGERE,2013,Dry ginger,111.0
Karnataka,DAVANAGERE,2013,Garlic,15.0
Karnataka,DAVANAGERE,2013,Sugarcane,793155.0
Karnataka,DAVANAGERE,2013,Tobacco,323.0
Karnataka,DAVANAGERE,2014,Arhar/Tur,6224.0
Karnataka,DAVANAGERE,2014,Bajra,620.0
Karnataka,DAVANAGERE,2014,Castor seed,123.0
Karnataka,DAVANAGERE,2014,Cotton(lint),29075.0
Karnataka,DAVANAGERE,2014,Cowpea(Lobia),139.0
Karnataka,DAVANAGERE,2014,Dry chillies,2198.0
Karnataka,DAVANAGERE,2014,Groundnut,15089.0
Karnataka,DAVANAGERE,2014,Horse-gram,420.0
Karnataka,DAVANAGERE,2014,Jowar,17372.0
Karnataka,DAVANAGERE,2014,Maize,576021.0
Karnataka,DAVANAGERE,2014,Moong(Green Gram),73.0
Karnataka,DAVANAGERE,2014,Niger seed,48.0
Karnataka,DAVANAGERE,2014,Onion,35715.0
Karnataka,DAVANAGERE,2014,Other Kharif pulses,2660.0
Karnataka,DAVANAGERE,2014,Potato,148.0
Karnataka,DAVANAGERE,2014,Ragi,13658.0
Karnataka,DAVANAGERE,2014,Rapeseed &Mustard,11.0
Karnataka,DAVANAGERE,2014,Rice,262676.0
Karnataka,DAVANAGERE,2014,Sesamum,23.0
Karnataka,DAVANAGERE,2014,Small millets,401.0
Karnataka,DAVANAGERE,2014,Sunflower,808.0
Karnataka,DAVANAGERE,2014,Urad,14.0
Karnataka,DAVANAGERE,2014,Cotton(lint),412.0
Karnataka,DAVANAGERE,2014,Cowpea(Lobia),225.0
Karnataka,DAVANAGERE,2014,Dry chillies,572.0
Karnataka,DAVANAGERE,2014,Gram,1756.0
Karnataka,DAVANAGERE,2014,Horse-gram,638.0
Karnataka,DAVANAGERE,2014,Jowar,4892.0
Karnataka,DAVANAGERE,2014,Maize,6722.0
Karnataka,DAVANAGERE,2014,Moong(Green Gram),33.0
Karnataka,DAVANAGERE,2014,Onion,4235.0
Karnataka,DAVANAGERE,2014,Other  Rabi pulses,99.0
Karnataka,DAVANAGERE,2014,Ragi,3707.0
Karnataka,DAVANAGERE,2014,Safflower,1.0
Karnataka,DAVANAGERE,2014,Sunflower,2109.0
Karnataka,DAVANAGERE,2014,Urad,5.0
Karnataka,DAVANAGERE,2014,Wheat,721.0
Karnataka,DAVANAGERE,2014,Cotton(lint),246.0
Karnataka,DAVANAGERE,2014,Cowpea(Lobia),391.0
Karnataka,DAVANAGERE,2014,Dry chillies,273.0
Karnataka,DAVANAGERE,2014,Groundnut,4465.0
Karnataka,DAVANAGERE,2014,Jowar,1629.0
Karnataka,DAVANAGERE,2014,Maize,2753.0
Karnataka,DAVANAGERE,2014,Onion,78.0
Karnataka,DAVANAGERE,2014,Ragi,1469.0
Karnataka,DAVANAGERE,2014,Rice,237076.0
Karnataka,DAVANAGERE,2014,Sunflower,1637.0
Karnataka,DAVANAGERE,2014,Arecanut,232268.0
Karnataka,DAVANAGERE,2014,Black pepper,147.0
Karnataka,DAVANAGERE,2014,Cashewnut,26.0
Karnataka,DAVANAGERE,2014,Coconut ,164139.0
Karnataka,DAVANAGERE,2014,Coriander,5.0
Karnataka,DAVANAGERE,2014,Dry ginger,174.0
Karnataka,DAVANAGERE,2014,Garlic,2.0
Karnataka,DAVANAGERE,2014,Sugarcane,1221325.0
Karnataka,DAVANAGERE,2014,Tobacco,271.0
Karnataka,DHARWAD,1997,Arhar/Tur,4851.0
Karnataka,DHARWAD,1997,Bajra,564.0
Karnataka,DHARWAD,1997,Dry chillies,76481.0
Karnataka,DHARWAD,1997,Dry ginger,15.0
Karnataka,DHARWAD,1997,Groundnut,73437.0
Karnataka,DHARWAD,1997,Horse-gram,1989.0
Karnataka,DHARWAD,1997,Jowar,81074.0
Karnataka,DHARWAD,1997,Maize,281572.0
Karnataka,DHARWAD,1997,Paddy,155033.0
Karnataka,DHARWAD,1997,Ragi,3889.0
Karnataka,DHARWAD,1997,Rice,103406.0
Karnataka,DHARWAD,1997,Dry chillies,1202.0
Karnataka,DHARWAD,1997,Groundnut,15425.0
Karnataka,DHARWAD,1997,Horse-gram,5311.0
Karnataka,DHARWAD,1997,Jowar,85600.0
Karnataka,DHARWAD,1997,Maize,3654.0
Karnataka,DHARWAD,1997,Paddy,44.0
Karnataka,DHARWAD,1997,Rice,30.0
Karnataka,DHARWAD,1997,Wheat,34260.0
Karnataka,DHARWAD,1997,Jowar,17.0
Karnataka,DHARWAD,1997,Maize,309.0
Karnataka,DHARWAD,1997,Paddy,9267.0
Karnataka,DHARWAD,1997,Rice,6181.0
Karnataka,DHARWAD,1997,Arecanut,306.0
Karnataka,DHARWAD,1997,Coriander,185.0
Karnataka,DHARWAD,1997,Garlic,2247.0
Karnataka,DHARWAD,1997,Sugarcane,442434.0
Karnataka,DHARWAD,1998,Arhar/Tur,611.0
Karnataka,DHARWAD,1998,Castor seed,5.0
Karnataka,DHARWAD,1998,Cotton(lint),160464.0
Karnataka,DHARWAD,1998,Groundnut,38237.0
Karnataka,DHARWAD,1998,Horse-gram,1368.0
Karnataka,DHARWAD,1998,Jowar,18286.0
Karnataka,DHARWAD,1998,Maize,65095.0
Karnataka,DHARWAD,1998,Moong(Green Gram),3062.0
Karnataka,DHARWAD,1998,Niger seed,58.0
Karnataka,DHARWAD,1998,Onion,46526.0
Karnataka,DHARWAD,1998,Peas & beans (Pulses),64.0
Karnataka,DHARWAD,1998,Potato,55835.0
Karnataka,DHARWAD,1998,Ragi,148.0
Karnataka,DHARWAD,1998,Rapeseed &Mustard,1.0
Karnataka,DHARWAD,1998,Rice,33695.0
Karnataka,DHARWAD,1998,Sesamum,67.0
Karnataka,DHARWAD,1998,Soyabean,6057.0
Karnataka,DHARWAD,1998,Sunflower,333.0
Karnataka,DHARWAD,1998,Gram,15281.0
Karnataka,DHARWAD,1998,Groundnut,2132.0
Karnataka,DHARWAD,1998,Horse-gram,426.0
Karnataka,DHARWAD,1998,Jowar,24906.0
Karnataka,DHARWAD,1998,Linseed,95.0
Karnataka,DHARWAD,1998,Maize,154.0
Karnataka,DHARWAD,1998,Moong(Green Gram),1130.0
Karnataka,DHARWAD,1998,Onion,4224.0
Karnataka,DHARWAD,1998,Rice,3.0
Karnataka,DHARWAD,1998,Safflower,7050.0
Karnataka,DHARWAD,1998,Sunflower,1034.0
Karnataka,DHARWAD,1998,Wheat,30657.0
Karnataka,DHARWAD,1998,Jowar,5.0
Karnataka,DHARWAD,1998,Maize,53.0
Karnataka,DHARWAD,1998,Onion,58.0
Karnataka,DHARWAD,1998,Rice,2032.0
Karnataka,DHARWAD,1998,Sunflower,3.0
Karnataka,DHARWAD,1998,Arecanut,47.0
Karnataka,DHARWAD,1998,Coconut ,1662.0
Karnataka,DHARWAD,1998,Coriander,59.0
Karnataka,DHARWAD,1998,Dry chillies,33220.0
Karnataka,DHARWAD,1998,Garlic,10.0
Karnataka,DHARWAD,1999,Arhar/Tur,883.0
Karnataka,DHARWAD,1999,Castor seed,10.0
Karnataka,DHARWAD,1999,Cotton(lint),67640.0
Karnataka,DHARWAD,1999,Groundnut,23499.0
Karnataka,DHARWAD,1999,Horse-gram,676.0
Karnataka,DHARWAD,1999,Jowar,13513.0
Karnataka,DHARWAD,1999,Maize,52972.0
Karnataka,DHARWAD,1999,Mesta,103.0
Karnataka,DHARWAD,1999,Moong(Green Gram),8950.0
Karnataka,DHARWAD,1999,Niger seed,66.0
Karnataka,DHARWAD,1999,Other Kharif pulses,269.0
Karnataka,DHARWAD,1999,Ragi,159.0
Karnataka,DHARWAD,1999,Rice,37985.0
Karnataka,DHARWAD,1999,Sesamum,109.0
Karnataka,DHARWAD,1999,Small millets,1906.0
Karnataka,DHARWAD,1999,Soyabean,4109.0
Karnataka,DHARWAD,1999,Sunflower,82.0
Karnataka,DHARWAD,1999,Urad,185.0
Karnataka,DHARWAD,1999,Gram,13148.0
Karnataka,DHARWAD,1999,Groundnut,1423.0
Karnataka,DHARWAD,1999,Horse-gram,434.0
Karnataka,DHARWAD,1999,Jowar,24812.0
Karnataka,DHARWAD,1999,Linseed,98.0
Karnataka,DHARWAD,1999,Maize,131.0
Karnataka,DHARWAD,1999,Moong(Green Gram),339.0
Karnataka,DHARWAD,1999,Other  Rabi pulses,160.0
Karnataka,DHARWAD,1999,Rapeseed &Mustard,1.0
Karnataka,DHARWAD,1999,Safflower,7092.0
Karnataka,DHARWAD,1999,Sunflower,702.0
Karnataka,DHARWAD,1999,Urad,3.0
Karnataka,DHARWAD,1999,Wheat,25028.0
Karnataka,DHARWAD,1999,Maize,26.0
Karnataka,DHARWAD,1999,Rice,2594.0
Karnataka,DHARWAD,1999,Banana,2159.0
Karnataka,DHARWAD,1999,Black pepper,10.0
Karnataka,DHARWAD,1999,Coconut ,1791.0
Karnataka,DHARWAD,1999,Coriander,51.0
Karnataka,DHARWAD,1999,Dry chillies,36773.0
Karnataka,DHARWAD,1999,Garlic,758.0
Karnataka,DHARWAD,1999,Onion,145688.0
Karnataka,DHARWAD,1999,Sugarcane,359938.0
Karnataka,DHARWAD,1999,Tobacco,1.0
Karnataka,DHARWAD,2000,Arhar/Tur,2184.0
Karnataka,DHARWAD,2000,Bajra,18.0
Karnataka,DHARWAD,2000,Castor seed,8.0
Karnataka,DHARWAD,2000,Cotton(lint),118695.0
Karnataka,DHARWAD,2000,Groundnut,39663.0
Karnataka,DHARWAD,2000,Horse-gram,2872.0
Karnataka,DHARWAD,2000,Jowar,17560.0
Karnataka,DHARWAD,2000,Maize,76713.0
Karnataka,DHARWAD,2000,Mesta,57.0
Karnataka,DHARWAD,2000,Moong(Green Gram),16127.0
Karnataka,DHARWAD,2000,Niger seed,54.0
Karnataka,DHARWAD,2000,Other Kharif pulses,284.0
Karnataka,DHARWAD,2000,Ragi,289.0
Karnataka,DHARWAD,2000,Rice,53225.0
Karnataka,DHARWAD,2000,Sesamum,129.0
Karnataka,DHARWAD,2000,Small millets,2530.0
Karnataka,DHARWAD,2000,Soyabean,2555.0
Karnataka,DHARWAD,2000,Sunflower,94.0
Karnataka,DHARWAD,2000,Urad,195.0
Karnataka,DHARWAD,2000,Gram,20779.0
Karnataka,DHARWAD,2000,Groundnut,1174.0
Karnataka,DHARWAD,2000,Horse-gram,1351.0
Karnataka,DHARWAD,2000,Jowar,26958.0
Karnataka,DHARWAD,2000,Linseed,126.0
Karnataka,DHARWAD,2000,Maize,288.0
Karnataka,DHARWAD,2000,Moong(Green Gram),806.0
Karnataka,DHARWAD,2000,Other  Rabi pulses,137.0
Karnataka,DHARWAD,2000,Rapeseed &Mustard,1.0
Karnataka,DHARWAD,2000,Safflower,6109.0
Karnataka,DHARWAD,2000,Sunflower,892.0
Karnataka,DHARWAD,2000,Urad,1.0
Karnataka,DHARWAD,2000,Wheat,27686.0
Karnataka,DHARWAD,2000,Maize,39.0
Karnataka,DHARWAD,2000,Rice,2701.0
Karnataka,DHARWAD,2000,Arecanut,24.0
Karnataka,DHARWAD,2000,Banana,1930.0
Karnataka,DHARWAD,2000,Coconut ,1881.0
Karnataka,DHARWAD,2000,Coriander,66.0
Karnataka,DHARWAD,2000,Dry chillies,54236.0
Karnataka,DHARWAD,2000,Garlic,988.0
Karnataka,DHARWAD,2000,Onion,99266.0
Karnataka,DHARWAD,2000,Potato,36839.0
Karnataka,DHARWAD,2000,Sugarcane,317860.0
Karnataka,DHARWAD,2000,Tobacco,1.0
Karnataka,DHARWAD,2000,Turmeric,13.0
Karnataka,DHARWAD,2001,Arhar/Tur,378.0
Karnataka,DHARWAD,2001,Cotton(lint),49539.0
Karnataka,DHARWAD,2001,Groundnut,8068.0
Karnataka,DHARWAD,2001,Horse-gram,268.0
Karnataka,DHARWAD,2001,Jowar,6979.0
Karnataka,DHARWAD,2001,Maize,14538.0
Karnataka,DHARWAD,2001,Mesta,5.0
Karnataka,DHARWAD,2001,Moong(Green Gram),4498.0
Karnataka,DHARWAD,2001,Niger seed,58.0
Karnataka,DHARWAD,2001,Other Kharif pulses,311.0
Karnataka,DHARWAD,2001,Ragi,331.0
Karnataka,DHARWAD,2001,Rice,8323.0
Karnataka,DHARWAD,2001,Sesamum,51.0
Karnataka,DHARWAD,2001,Small millets,1544.0
Karnataka,DHARWAD,2001,Soyabean,3720.0
Karnataka,DHARWAD,2001,Sunflower,83.0
Karnataka,DHARWAD,2001,Urad,411.0
Karnataka,DHARWAD,2001,Gram,8324.0
Karnataka,DHARWAD,2001,Horse-gram,241.0
Karnataka,DHARWAD,2001,Jowar,14788.0
Karnataka,DHARWAD,2001,Linseed,78.0
Karnataka,DHARWAD,2001,Maize,191.0
Karnataka,DHARWAD,2001,Moong(Green Gram),150.0
Karnataka,DHARWAD,2001,Other  Rabi pulses,35.0
Karnataka,DHARWAD,2001,Rapeseed &Mustard,3.0
Karnataka,DHARWAD,2001,Safflower,3982.0
Karnataka,DHARWAD,2001,Sunflower,1157.0
Karnataka,DHARWAD,2001,Wheat,14201.0
Karnataka,DHARWAD,2001,Maize,87.0
Karnataka,DHARWAD,2001,Rice,1008.0
Karnataka,DHARWAD,2001,Arecanut,14.0
Karnataka,DHARWAD,2001,Coconut ,1982.0
Karnataka,DHARWAD,2001,Coriander,39.0
Karnataka,DHARWAD,2001,Dry chillies,30865.0
Karnataka,DHARWAD,2001,Onion,85801.0
Karnataka,DHARWAD,2001,Peas & beans (Pulses),74.0
Karnataka,DHARWAD,2001,Potato,2056.0
Karnataka,DHARWAD,2001,Sugarcane,209794.0
Karnataka,DHARWAD,2002,Arhar/Tur,162.0
Karnataka,DHARWAD,2002,Cotton(lint),39526.0
Karnataka,DHARWAD,2002,Groundnut,20558.0
Karnataka,DHARWAD,2002,Horse-gram,351.0
Karnataka,DHARWAD,2002,Jowar,9331.0
Karnataka,DHARWAD,2002,Maize,24994.0
Karnataka,DHARWAD,2002,Mesta,16.0
Karnataka,DHARWAD,2002,Moong(Green Gram),3812.0
Karnataka,DHARWAD,2002,Niger seed,79.0
Karnataka,DHARWAD,2002,Other Kharif pulses,350.0
Karnataka,DHARWAD,2002,Ragi,78.0
Karnataka,DHARWAD,2002,Rice,7557.0
Karnataka,DHARWAD,2002,Sesamum,105.0
Karnataka,DHARWAD,2002,Small millets,4206.0
Karnataka,DHARWAD,2002,Soyabean,3565.0
Karnataka,DHARWAD,2002,Sunflower,149.0
Karnataka,DHARWAD,2002,Urad,212.0
Karnataka,DHARWAD,2002,Gram,12295.0
Karnataka,DHARWAD,2002,Groundnut,1181.0
Karnataka,DHARWAD,2002,Horse-gram,608.0
Karnataka,DHARWAD,2002,Jowar,13735.0
Karnataka,DHARWAD,2002,Linseed,82.0
Karnataka,DHARWAD,2002,Maize,446.0
Karnataka,DHARWAD,2002,Moong(Green Gram),204.0
Karnataka,DHARWAD,2002,Other  Rabi pulses,48.0
Karnataka,DHARWAD,2002,Rapeseed &Mustard,2.0
Karnataka,DHARWAD,2002,Safflower,3110.0
Karnataka,DHARWAD,2002,Sunflower,1700.0
Karnataka,DHARWAD,2002,Wheat,10108.0
Karnataka,DHARWAD,2002,Maize,151.0
Karnataka,DHARWAD,2002,Rice,656.0
Karnataka,DHARWAD,2002,Sunflower,6.0
Karnataka,DHARWAD,2002,Arcanut (Processed),14.0
Karnataka,DHARWAD,2002,Atcanut (Raw),67.0
Karnataka,DHARWAD,2002,Banana,1935.0
Karnataka,DHARWAD,2002,Brinjal,2051.0
Karnataka,DHARWAD,2002,Cashewnut Processed,0.0
Karnataka,DHARWAD,2002,Cashewnut Raw,2.0
Karnataka,DHARWAD,2002,Citrus Fruit,573.0
Karnataka,DHARWAD,2002,Coconut ,1996.0
Karnataka,DHARWAD,2002,Coriander,51.0
Karnataka,DHARWAD,2002,Dry chillies,52565.0
Karnataka,DHARWAD,2002,Garlic,958.0
Karnataka,DHARWAD,2002,Mango,7061.0
Karnataka,DHARWAD,2002,Onion,65301.0
Karnataka,DHARWAD,2002,Other Fresh Fruits,1806.0
Karnataka,DHARWAD,2002,Papaya,37.0
Karnataka,DHARWAD,2002,Pome Fruit,2112.0
Karnataka,DHARWAD,2002,Potato,1762.0
Karnataka,DHARWAD,2002,Sugarcane,223212.0
Karnataka,DHARWAD,2002,Tobacco,5.0
Karnataka,DHARWAD,2002,Tomato,2383.0
Karnataka,DHARWAD,2003,Arhar/Tur,300.0
Karnataka,DHARWAD,2003,Cotton(lint),30814.0
Karnataka,DHARWAD,2003,Groundnut,4626.0
Karnataka,DHARWAD,2003,Horse-gram,54.0
Karnataka,DHARWAD,2003,Jowar,5667.0
Karnataka,DHARWAD,2003,Maize,10001.0
Karnataka,DHARWAD,2003,Moong(Green Gram),589.0
Karnataka,DHARWAD,2003,Niger seed,46.0
Karnataka,DHARWAD,2003,Other Kharif pulses,336.0
Karnataka,DHARWAD,2003,Ragi,91.0
Karnataka,DHARWAD,2003,Rice,6476.0
Karnataka,DHARWAD,2003,Sesamum,139.0
Karnataka,DHARWAD,2003,Small millets,3155.0
Karnataka,DHARWAD,2003,Soyabean,11710.0
Karnataka,DHARWAD,2003,Sunflower,93.0
Karnataka,DHARWAD,2003,Urad,22.0
Karnataka,DHARWAD,2003,Gram,1452.0
Karnataka,DHARWAD,2003,Groundnut,1088.0
Karnataka,DHARWAD,2003,Horse-gram,957.0
Karnataka,DHARWAD,2003,Jowar,2198.0
Karnataka,DHARWAD,2003,Linseed,5.0
Karnataka,DHARWAD,2003,Maize,797.0
Karnataka,DHARWAD,2003,Moong(Green Gram),385.0
Karnataka,DHARWAD,2003,Other  Rabi pulses,33.0
Karnataka,DHARWAD,2003,Rapeseed &Mustard,13.0
Karnataka,DHARWAD,2003,Safflower,2212.0
Karnataka,DHARWAD,2003,Sunflower,1194.0
Karnataka,DHARWAD,2003,Wheat,3902.0
Karnataka,DHARWAD,2003,Maize,249.0
Karnataka,DHARWAD,2003,Rice,878.0
Karnataka,DHARWAD,2003,Sunflower,37.0
Karnataka,DHARWAD,2003,Arecanut,11.0
Karnataka,DHARWAD,2003,Banana,1675.0
Karnataka,DHARWAD,2003,Brinjal,1118.0
Karnataka,DHARWAD,2003,Citrus Fruit,427.0
Karnataka,DHARWAD,2003,Coconut ,2087.0
Karnataka,DHARWAD,2003,Coriander,34.0
Karnataka,DHARWAD,2003,Dry chillies,28011.0
Karnataka,DHARWAD,2003,Garlic,1009.0
Karnataka,DHARWAD,2003,Mango,4344.0
Karnataka,DHARWAD,2003,Onion,9586.0
Karnataka,DHARWAD,2003,Other Fresh Fruits,2523.0
Karnataka,DHARWAD,2003,Pome Fruit,1035.0
Karnataka,DHARWAD,2003,Potato,62.0
Karnataka,DHARWAD,2003,Sannhamp,2.0
Karnataka,DHARWAD,2003,Sugarcane,98160.0
Karnataka,DHARWAD,2003,Tomato,1103.0
Karnataka,DHARWAD,2004,Arhar/Tur,1627.0
Karnataka,DHARWAD,2004,Cotton(lint),70947.0
Karnataka,DHARWAD,2004,Groundnut,24853.0
Karnataka,DHARWAD,2004,Horse-gram,129.0
Karnataka,DHARWAD,2004,Jowar,9482.0
Karnataka,DHARWAD,2004,Maize,42861.0
Karnataka,DHARWAD,2004,Moong(Green Gram),5849.0
Karnataka,DHARWAD,2004,Niger seed,98.0
Karnataka,DHARWAD,2004,Other Kharif pulses,393.4
Karnataka,DHARWAD,2004,Ragi,142.0
Karnataka,DHARWAD,2004,Rice,15484.88
Karnataka,DHARWAD,2004,Sesamum,238.0
Karnataka,DHARWAD,2004,Small millets,1711.0
Karnataka,DHARWAD,2004,Soyabean,16243.0
Karnataka,DHARWAD,2004,Sunflower,918.0
Karnataka,DHARWAD,2004,Urad,141.0
Karnataka,DHARWAD,2004,Gram,17433.0
Karnataka,DHARWAD,2004,Groundnut,1561.0
Karnataka,DHARWAD,2004,Horse-gram,403.0
Karnataka,DHARWAD,2004,Jowar,32994.0
Karnataka,DHARWAD,2004,Linseed,42.0
Karnataka,DHARWAD,2004,Maize,1160.0
Karnataka,DHARWAD,2004,Moong(Green Gram),141.0
Karnataka,DHARWAD,2004,Other  Rabi pulses,27.0
Karnataka,DHARWAD,2004,Rapeseed &Mustard,
Karnataka,DHARWAD,2004,Safflower,10358.0
Karnataka,DHARWAD,2004,Sunflower,3368.0
Karnataka,DHARWAD,2004,Wheat,21470.0
Karnataka,DHARWAD,2004,Maize,177.0
Karnataka,DHARWAD,2004,Rice,899.0
Karnataka,DHARWAD,2004,Sunflower,41.0
Karnataka,DHARWAD,2004,Arecanut,15.0
Karnataka,DHARWAD,2004,Banana,2008.0
Karnataka,DHARWAD,2004,Black pepper,7.0
Karnataka,DHARWAD,2004,Coconut ,20787.13
Karnataka,DHARWAD,2004,Coriander,40.0
Karnataka,DHARWAD,2004,Dry chillies,27436.0
Karnataka,DHARWAD,2004,Garlic,1386.0
Karnataka,DHARWAD,2004,Onion,114847.0
Karnataka,DHARWAD,2004,Potato,914.0
Karnataka,DHARWAD,2005,Arhar/Tur,1897.0
Karnataka,DHARWAD,2005,Dry chillies,23567.0
Karnataka,DHARWAD,2005,Groundnut,21331.0
Karnataka,DHARWAD,2005,Horse-gram,123.0
Karnataka,DHARWAD,2005,Jowar,11673.0
Karnataka,DHARWAD,2005,Maize,95459.0
Karnataka,DHARWAD,2005,Moong(Green Gram),9607.0
Karnataka,DHARWAD,2005,Niger seed,104.0
Karnataka,DHARWAD,2005,Onion,136154.0
Karnataka,DHARWAD,2005,Other Kharif pulses,418.0
Karnataka,DHARWAD,2005,Peas & beans (Pulses),61.0
Karnataka,DHARWAD,2005,Potato,2849.0
Karnataka,DHARWAD,2005,Ragi,164.0
Karnataka,DHARWAD,2005,Rice,39091.0
Karnataka,DHARWAD,2005,Sesamum,279.0
Karnataka,DHARWAD,2005,Small millets,2192.0
Karnataka,DHARWAD,2005,Soyabean,8349.0
Karnataka,DHARWAD,2005,Sunflower,1284.0
Karnataka,DHARWAD,2005,Urad,100.0
Karnataka,DHARWAD,2005,Dry chillies,81.0
Karnataka,DHARWAD,2005,Gram,22059.0
Karnataka,DHARWAD,2005,Groundnut,1078.0
Karnataka,DHARWAD,2005,Horse-gram,2179.0
Karnataka,DHARWAD,2005,Jowar,29882.0
Karnataka,DHARWAD,2005,Linseed,43.0
Karnataka,DHARWAD,2005,Maize,1737.0
Karnataka,DHARWAD,2005,Moong(Green Gram),298.0
Karnataka,DHARWAD,2005,Onion,560.0
Karnataka,DHARWAD,2005,Other  Rabi pulses,48.0
Karnataka,DHARWAD,2005,Rapeseed &Mustard,2.0
Karnataka,DHARWAD,2005,Safflower,9273.0
Karnataka,DHARWAD,2005,Sunflower,4790.0
Karnataka,DHARWAD,2005,Wheat,24515.0
Karnataka,DHARWAD,2005,Dry chillies,325.0
Karnataka,DHARWAD,2005,Maize,191.0
Karnataka,DHARWAD,2005,Onion,32.0
Karnataka,DHARWAD,2005,Rice,905.0
Karnataka,DHARWAD,2005,Sunflower,33.0
Karnataka,DHARWAD,2005,Arecanut,101.0
Karnataka,DHARWAD,2005,Banana,3004.0
Karnataka,DHARWAD,2005,Black pepper,2.0
Karnataka,DHARWAD,2005,Coconut ,1919.0
Karnataka,DHARWAD,2005,Coriander,60.0
Karnataka,DHARWAD,2005,Cotton(lint),71552.0
Karnataka,DHARWAD,2005,Garlic,1152.0
Karnataka,DHARWAD,2005,Sugarcane,110172.0
Karnataka,DHARWAD,2006,Arhar/Tur,1404.0
Karnataka,DHARWAD,2006,Castor seed,34.0
Karnataka,DHARWAD,2006,Gram,267.0
Karnataka,DHARWAD,2006,Groundnut,21538.0
Karnataka,DHARWAD,2006,Horse-gram,26.0
Karnataka,DHARWAD,2006,Jowar,7018.0
Karnataka,DHARWAD,2006,Maize,142175.0
Karnataka,DHARWAD,2006,Moong(Green Gram),8924.0
Karnataka,DHARWAD,2006,Niger seed,144.0
Karnataka,DHARWAD,2006,Other Kharif pulses,450.0
Karnataka,DHARWAD,2006,Ragi,85.0
Karnataka,DHARWAD,2006,Rice,32376.0
Karnataka,DHARWAD,2006,Sesamum,241.0
Karnataka,DHARWAD,2006,Small millets,2750.0
Karnataka,DHARWAD,2006,Soyabean,10740.0
Karnataka,DHARWAD,2006,Sunflower,619.0
Karnataka,DHARWAD,2006,Urad,267.0
Karnataka,DHARWAD,2006,Gram,29734.0
Karnataka,DHARWAD,2006,Groundnut,897.0
Karnataka,DHARWAD,2006,Horse-gram,1697.0
Karnataka,DHARWAD,2006,Jowar,22343.0
Karnataka,DHARWAD,2006,Linseed,21.0
Karnataka,DHARWAD,2006,Maize,834.0
Karnataka,DHARWAD,2006,Moong(Green Gram),331.0
Karnataka,DHARWAD,2006,Other  Rabi pulses,109.0
Karnataka,DHARWAD,2006,Safflower,11092.0
Karnataka,DHARWAD,2006,Sunflower,4222.0
Karnataka,DHARWAD,2006,Wheat,22644.0
Karnataka,DHARWAD,2006,Maize,724.0
Karnataka,DHARWAD,2006,Rice,397.0
Karnataka,DHARWAD,2006,Sunflower,48.0
Karnataka,DHARWAD,2006,Arecanut,25.0
Karnataka,DHARWAD,2006,Banana,4772.0
Karnataka,DHARWAD,2006,Coconut ,2125.0
Karnataka,DHARWAD,2006,Coriander,58.0
Karnataka,DHARWAD,2006,Cotton(lint),85558.0
Karnataka,DHARWAD,2006,Dry chillies,30513.0
Karnataka,DHARWAD,2006,Garlic,1421.0
Karnataka,DHARWAD,2006,Mesta,79.0
Karnataka,DHARWAD,2006,Onion,182949.0
Karnataka,DHARWAD,2006,Potato,13881.0
Karnataka,DHARWAD,2006,Sugarcane,89342.0
Karnataka,DHARWAD,2006,Tobacco,36.0
Karnataka,DHARWAD,2007,Arhar/Tur,2377.0
Karnataka,DHARWAD,2007,Castor seed,10.0
Karnataka,DHARWAD,2007,Dry chillies,28997.0
Karnataka,DHARWAD,2007,Groundnut,27303.0
Karnataka,DHARWAD,2007,Horse-gram,99.0
Karnataka,DHARWAD,2007,Jowar,10127.0
Karnataka,DHARWAD,2007,Maize,87212.0
Karnataka,DHARWAD,2007,Moong(Green Gram),12653.0
Karnataka,DHARWAD,2007,Niger seed,225.0
Karnataka,DHARWAD,2007,Onion,260937.0
Karnataka,DHARWAD,2007,Other Kharif pulses,578.0
Karnataka,DHARWAD,2007,Potato,11355.0
Karnataka,DHARWAD,2007,Ragi,150.0
Karnataka,DHARWAD,2007,Rice,44801.0
Karnataka,DHARWAD,2007,Sesamum,240.0
Karnataka,DHARWAD,2007,Small millets,1695.0
Karnataka,DHARWAD,2007,Soyabean,13620.0
Karnataka,DHARWAD,2007,Sunflower,187.0
Karnataka,DHARWAD,2007,Urad,535.0
Karnataka,DHARWAD,2007,Gram,27578.0
Karnataka,DHARWAD,2007,Groundnut,668.0
Karnataka,DHARWAD,2007,Horse-gram,1115.0
Karnataka,DHARWAD,2007,Jowar,31143.0
Karnataka,DHARWAD,2007,Linseed,36.0
Karnataka,DHARWAD,2007,Maize,2137.0
Karnataka,DHARWAD,2007,Moong(Green Gram),317.0
Karnataka,DHARWAD,2007,Onion,67.0
Karnataka,DHARWAD,2007,Other  Rabi pulses,85.0
Karnataka,DHARWAD,2007,Potato,357.0
Karnataka,DHARWAD,2007,Safflower,10201.0
Karnataka,DHARWAD,2007,Sunflower,2456.0
Karnataka,DHARWAD,2007,Wheat,27261.0
Karnataka,DHARWAD,2007,Dry chillies,396.0
Karnataka,DHARWAD,2007,Maize,491.0
Karnataka,DHARWAD,2007,Onion,84.0
Karnataka,DHARWAD,2007,Rice,791.0
Karnataka,DHARWAD,2007,Sunflower,31.0
Karnataka,DHARWAD,2007,Arecanut,114.0
Karnataka,DHARWAD,2007,Banana,4881.0
Karnataka,DHARWAD,2007,Coconut ,2291.0
Karnataka,DHARWAD,2007,Coriander,119.0
Karnataka,DHARWAD,2007,Cotton(lint),91219.0
Karnataka,DHARWAD,2007,Garlic,1593.0
Karnataka,DHARWAD,2007,Mesta,68.0
Karnataka,DHARWAD,2007,Sugarcane,240441.0
Karnataka,DHARWAD,2007,Tobacco,14.0
Karnataka,DHARWAD,2008,Arhar/Tur,3149.0
Karnataka,DHARWAD,2008,Dry chillies,37723.0
Karnataka,DHARWAD,2008,Groundnut,18548.0
Karnataka,DHARWAD,2008,Horse-gram,97.0
Karnataka,DHARWAD,2008,Jowar,9553.0
Karnataka,DHARWAD,2008,Maize,88303.0
Karnataka,DHARWAD,2008,Moong(Green Gram),2819.0
Karnataka,DHARWAD,2008,Niger seed,173.0
Karnataka,DHARWAD,2008,Onion,75459.0
Karnataka,DHARWAD,2008,Other Kharif pulses,1221.0
Karnataka,DHARWAD,2008,Potato,4776.0
Karnataka,DHARWAD,2008,Ragi,40.0
Karnataka,DHARWAD,2008,Rice,27647.0
Karnataka,DHARWAD,2008,Sesamum,158.0
Karnataka,DHARWAD,2008,Soyabean,19991.0
Karnataka,DHARWAD,2008,Sunflower,1381.0
Karnataka,DHARWAD,2008,Urad,428.0
Karnataka,DHARWAD,2008,Dry chillies,8.0
Karnataka,DHARWAD,2008,Gram,35892.0
Karnataka,DHARWAD,2008,Groundnut,665.0
Karnataka,DHARWAD,2008,Horse-gram,737.0
Karnataka,DHARWAD,2008,Jowar,28888.0
Karnataka,DHARWAD,2008,Linseed,45.0
Karnataka,DHARWAD,2008,Maize,7954.0
Karnataka,DHARWAD,2008,Moong(Green Gram),200.0
Karnataka,DHARWAD,2008,Onion,73.0
Karnataka,DHARWAD,2008,Other  Rabi pulses,152.0
Karnataka,DHARWAD,2008,Potato,1092.0
Karnataka,DHARWAD,2008,Rapeseed &Mustard,1.0
Karnataka,DHARWAD,2008,Safflower,10916.0
Karnataka,DHARWAD,2008,Sunflower,4713.0
Karnataka,DHARWAD,2008,Wheat,35130.0
Karnataka,DHARWAD,2008,Dry chillies,299.0
Karnataka,DHARWAD,2008,Maize,1126.0
Karnataka,DHARWAD,2008,Onion,27.0
Karnataka,DHARWAD,2008,Rice,408.0
Karnataka,DHARWAD,2008,Sunflower,41.0
Karnataka,DHARWAD,2008,Arecanut,61.0
Karnataka,DHARWAD,2008,Banana,12462.0
Karnataka,DHARWAD,2008,Black pepper,38.0
Karnataka,DHARWAD,2008,Cashewnut,52.26
Karnataka,DHARWAD,2008,Coconut ,3028.0
Karnataka,DHARWAD,2008,Coriander,281.0
Karnataka,DHARWAD,2008,Cotton(lint),118158.0
Karnataka,DHARWAD,2008,Garlic,1388.0
Karnataka,DHARWAD,2008,Sugarcane,177161.0
Karnataka,DHARWAD,2008,Tobacco,28.0
Karnataka,DHARWAD,2009,Arhar/Tur,1995.0
Karnataka,DHARWAD,2009,Gram,80.0
Karnataka,DHARWAD,2009,Groundnut,35666.0
Karnataka,DHARWAD,2009,Horse-gram,80.0
Karnataka,DHARWAD,2009,Jowar,5212.0
Karnataka,DHARWAD,2009,Maize,110768.0
Karnataka,DHARWAD,2009,Moong(Green Gram),7806.0
Karnataka,DHARWAD,2009,Niger seed,74.0
Karnataka,DHARWAD,2009,Onion,100330.0
Karnataka,DHARWAD,2009,Other Kharif pulses,703.0
Karnataka,DHARWAD,2009,Potato,2960.0
Karnataka,DHARWAD,2009,Ragi,62.0
Karnataka,DHARWAD,2009,Rice,30669.81
Karnataka,DHARWAD,2009,Sesamum,193.0
Karnataka,DHARWAD,2009,Small millets,653.0
Karnataka,DHARWAD,2009,Soyabean,19204.0
Karnataka,DHARWAD,2009,Sunflower,13.0
Karnataka,DHARWAD,2009,Urad,904.0
Karnataka,DHARWAD,2009,Dry chillies,15.0
Karnataka,DHARWAD,2009,Gram,885.0
Karnataka,DHARWAD,2009,Groundnut,1037.0
Karnataka,DHARWAD,2009,Horse-gram,885.0
Karnataka,DHARWAD,2009,Jowar,23236.0
Karnataka,DHARWAD,2009,Linseed,30.0
Karnataka,DHARWAD,2009,Maize,6436.0
Karnataka,DHARWAD,2009,Moong(Green Gram),626.0
Karnataka,DHARWAD,2009,Onion,59.0
Karnataka,DHARWAD,2009,Other  Rabi pulses,118.0
Karnataka,DHARWAD,2009,Potato,2584.0
Karnataka,DHARWAD,2009,Rapeseed &Mustard,5.0
Karnataka,DHARWAD,2009,Safflower,6937.0
Karnataka,DHARWAD,2009,Sunflower,3710.0
Karnataka,DHARWAD,2009,Wheat,30612.0
Karnataka,DHARWAD,2009,Dry chillies,258.0
Karnataka,DHARWAD,2009,Maize,900.0
Karnataka,DHARWAD,2009,Onion,15.0
Karnataka,DHARWAD,2009,Rice,846.0
Karnataka,DHARWAD,2009,Sunflower,62.0
Karnataka,DHARWAD,2009,Arecanut,101.0
Karnataka,DHARWAD,2009,Banana,8228.0
Karnataka,DHARWAD,2009,Cashewnut,71.0
Karnataka,DHARWAD,2009,Coconut ,3356.0
Karnataka,DHARWAD,2009,Coriander,332.0
Karnataka,DHARWAD,2009,Cotton(lint),130437.0
Karnataka,DHARWAD,2009,Garlic,589.0
Karnataka,DHARWAD,2009,Mesta,1.0
Karnataka,DHARWAD,2009,Sannhamp,
Karnataka,DHARWAD,2009,Sugarcane,61302.0
Karnataka,DHARWAD,2009,Tobacco,5.0
Karnataka,DHARWAD,2010,Arhar/Tur,2083.0
Karnataka,DHARWAD,2010,Cotton(lint),95992.0
Karnataka,DHARWAD,2010,Cowpea(Lobia),398.0
Karnataka,DHARWAD,2010,Dry chillies,17939.0
Karnataka,DHARWAD,2010,Groundnut,47183.0
Karnataka,DHARWAD,2010,Horse-gram,34.0
Karnataka,DHARWAD,2010,Jowar,5122.0
Karnataka,DHARWAD,2010,Maize,133395.0
Karnataka,DHARWAD,2010,Moong(Green Gram),7954.0
Karnataka,DHARWAD,2010,Niger seed,105.0
Karnataka,DHARWAD,2010,Onion,153192.0
Karnataka,DHARWAD,2010,Other Kharif pulses,57.0
Karnataka,DHARWAD,2010,Peas & beans (Pulses),179.0
Karnataka,DHARWAD,2010,Potato,8070.0
Karnataka,DHARWAD,2010,Ragi,54.0
Karnataka,DHARWAD,2010,Rice,33658.0
Karnataka,DHARWAD,2010,Sesamum,191.0
Karnataka,DHARWAD,2010,Small millets,699.0
Karnataka,DHARWAD,2010,Soyabean,25873.0
Karnataka,DHARWAD,2010,Sunflower,9.0
Karnataka,DHARWAD,2010,Urad,851.0
Karnataka,DHARWAD,2010,Cotton(lint),42621.0
Karnataka,DHARWAD,2010,Cowpea(Lobia),24.0
Karnataka,DHARWAD,2010,Dry chillies,68.0
Karnataka,DHARWAD,2010,Gram,39471.0
Karnataka,DHARWAD,2010,Groundnut,1161.0
Karnataka,DHARWAD,2010,Horse-gram,930.0
Karnataka,DHARWAD,2010,Jowar,24144.0
Karnataka,DHARWAD,2010,Linseed,27.0
Karnataka,DHARWAD,2010,Maize,6692.0
Karnataka,DHARWAD,2010,Moong(Green Gram),534.0
Karnataka,DHARWAD,2010,Onion,103.0
Karnataka,DHARWAD,2010,Other  Rabi pulses,117.0
Karnataka,DHARWAD,2010,Potato,1455.0
Karnataka,DHARWAD,2010,Rapeseed &Mustard,1.0
Karnataka,DHARWAD,2010,Safflower,6394.0
Karnataka,DHARWAD,2010,Sunflower,6745.0
Karnataka,DHARWAD,2010,Wheat,41158.0
Karnataka,DHARWAD,2010,Dry chillies,198.0
Karnataka,DHARWAD,2010,Maize,2210.0
Karnataka,DHARWAD,2010,Onion,74.0
Karnataka,DHARWAD,2010,Rice,883.0
Karnataka,DHARWAD,2010,Sunflower,72.0
Karnataka,DHARWAD,2010,Arecanut,173.0
Karnataka,DHARWAD,2010,Banana,9230.0
Karnataka,DHARWAD,2010,Cashewnut,69.0
Karnataka,DHARWAD,2010,Coconut ,4866.0
Karnataka,DHARWAD,2010,Coriander,235.0
Karnataka,DHARWAD,2010,Garlic,576.0
Karnataka,DHARWAD,2010,Mesta,1.0
Karnataka,DHARWAD,2010,Sugarcane,254075.0
Karnataka,DHARWAD,2010,Tobacco,5.0
Karnataka,DHARWAD,2011,Arhar/Tur,1841.0
Karnataka,DHARWAD,2011,Cotton(lint),88766.0
Karnataka,DHARWAD,2011,Cowpea(Lobia),118.0
Karnataka,DHARWAD,2011,Dry chillies,14523.0
Karnataka,DHARWAD,2011,Groundnut,29476.0
Karnataka,DHARWAD,2011,Horse-gram,144.0
Karnataka,DHARWAD,2011,Jowar,3035.0
Karnataka,DHARWAD,2011,Maize,85321.0
Karnataka,DHARWAD,2011,Moong(Green Gram),6586.0
Karnataka,DHARWAD,2011,Niger seed,48.0
Karnataka,DHARWAD,2011,Onion,73334.0
Karnataka,DHARWAD,2011,Other Kharif pulses,54.0
Karnataka,DHARWAD,2011,Peas & beans (Pulses),80.0
Karnataka,DHARWAD,2011,Potato,10022.0
Karnataka,DHARWAD,2011,Ragi,56.0
Karnataka,DHARWAD,2011,Rice,25790.0
Karnataka,DHARWAD,2011,Sesamum,107.0
Karnataka,DHARWAD,2011,Small millets,399.0
Karnataka,DHARWAD,2011,Soyabean,17757.0
Karnataka,DHARWAD,2011,Sunflower,17.0
Karnataka,DHARWAD,2011,Urad,697.0
Karnataka,DHARWAD,2011,Cotton(lint),18078.0
Karnataka,DHARWAD,2011,Cowpea(Lobia),21.0
Karnataka,DHARWAD,2011,Dry chillies,64.0
Karnataka,DHARWAD,2011,Gram,23824.0
Karnataka,DHARWAD,2011,Groundnut,685.0
Karnataka,DHARWAD,2011,Horse-gram,419.0
Karnataka,DHARWAD,2011,Jowar,22536.0
Karnataka,DHARWAD,2011,Linseed,11.0
Karnataka,DHARWAD,2011,Maize,10313.0
Karnataka,DHARWAD,2011,Moong(Green Gram),671.0
Karnataka,DHARWAD,2011,Onion,16.0
Karnataka,DHARWAD,2011,Other  Rabi pulses,209.0
Karnataka,DHARWAD,2011,Peas & beans (Pulses),15.0
Karnataka,DHARWAD,2011,Potato,887.0
Karnataka,DHARWAD,2011,Rapeseed &Mustard,4.0
Karnataka,DHARWAD,2011,Safflower,7092.0
Karnataka,DHARWAD,2011,Sunflower,2918.0
Karnataka,DHARWAD,2011,Wheat,31164.0
Karnataka,DHARWAD,2011,Dry chillies,172.0
Karnataka,DHARWAD,2011,Jowar,27.0
Karnataka,DHARWAD,2011,Maize,2109.0
Karnataka,DHARWAD,2011,Onion,12.0
Karnataka,DHARWAD,2011,Rice,663.0
Karnataka,DHARWAD,2011,Sunflower,25.0
Karnataka,DHARWAD,2011,Arecanut,130.0
Karnataka,DHARWAD,2011,Banana,6347.0
Karnataka,DHARWAD,2011,Cashewnut,80.0
Karnataka,DHARWAD,2011,Coconut ,5080.0
Karnataka,DHARWAD,2011,Coriander,179.0
Karnataka,DHARWAD,2011,Garlic,778.0
Karnataka,DHARWAD,2011,Mesta,6.0
Karnataka,DHARWAD,2011,Sugarcane,207380.0
Karnataka,DHARWAD,2011,Tobacco,5.0
Karnataka,DHARWAD,2012,Arhar/Tur,404.0
Karnataka,DHARWAD,2012,Bajra,16.0
Karnataka,DHARWAD,2012,Cotton(lint),35040.0
Karnataka,DHARWAD,2012,Cowpea(Lobia),155.0
Karnataka,DHARWAD,2012,Dry chillies,2193.0
Karnataka,DHARWAD,2012,Groundnut,9604.0
Karnataka,DHARWAD,2012,Horse-gram,36.0
Karnataka,DHARWAD,2012,Jowar,1886.0
Karnataka,DHARWAD,2012,Maize,57042.0
Karnataka,DHARWAD,2012,Moong(Green Gram),508.0
Karnataka,DHARWAD,2012,Niger seed,45.0
Karnataka,DHARWAD,2012,Onion,2367.0
Karnataka,DHARWAD,2012,Other Kharif pulses,581.0
Karnataka,DHARWAD,2012,Potato,2227.0
Karnataka,DHARWAD,2012,Ragi,58.0
Karnataka,DHARWAD,2012,Rice,24009.0
Karnataka,DHARWAD,2012,Sesamum,39.0
Karnataka,DHARWAD,2012,Small millets,234.0
Karnataka,DHARWAD,2012,Soyabean,15984.0
Karnataka,DHARWAD,2012,Sunflower,33.0
Karnataka,DHARWAD,2012,Urad,125.0
Karnataka,DHARWAD,2012,Cotton(lint),12131.0
Karnataka,DHARWAD,2012,Cowpea(Lobia),12.0
Karnataka,DHARWAD,2012,Dry chillies,139.0
Karnataka,DHARWAD,2012,Gram,29311.0
Karnataka,DHARWAD,2012,Horse-gram,407.0
Karnataka,DHARWAD,2012,Jowar,20817.0
Karnataka,DHARWAD,2012,Linseed,3.0
Karnataka,DHARWAD,2012,Maize,11848.0
Karnataka,DHARWAD,2012,Moong(Green Gram),431.0
Karnataka,DHARWAD,2012,Onion,20.0
Karnataka,DHARWAD,2012,Other  Rabi pulses,66.0
Karnataka,DHARWAD,2012,Potato,442.0
Karnataka,DHARWAD,2012,Ragi,24.0
Karnataka,DHARWAD,2012,Safflower,3614.0
Karnataka,DHARWAD,2012,Sunflower,2428.0
Karnataka,DHARWAD,2012,Urad,4.0
Karnataka,DHARWAD,2012,Wheat,20989.0
Karnataka,DHARWAD,2012,Cowpea(Lobia),15.0
Karnataka,DHARWAD,2012,Dry chillies,297.0
Karnataka,DHARWAD,2012,Groundnut,876.0
Karnataka,DHARWAD,2012,Maize,1621.0
Karnataka,DHARWAD,2012,Onion,11.0
Karnataka,DHARWAD,2012,Potato,436.0
Karnataka,DHARWAD,2012,Rice,305.0
Karnataka,DHARWAD,2012,Sunflower,1.0
Karnataka,DHARWAD,2012,Arecanut,32.0
Karnataka,DHARWAD,2012,Cashewnut,44.0
Karnataka,DHARWAD,2012,Coconut ,4440.0
Karnataka,DHARWAD,2012,Coriander,32.0
Karnataka,DHARWAD,2012,Garlic,642.0
Karnataka,DHARWAD,2012,Sugarcane,297204.0
Karnataka,DHARWAD,2012,Turmeric,19.0
Karnataka,DHARWAD,2013,Arhar/Tur,1996.0
Karnataka,DHARWAD,2013,Bajra,9.0
Karnataka,DHARWAD,2013,Castor seed,1.0
Karnataka,DHARWAD,2013,Cotton(lint),79824.0
Karnataka,DHARWAD,2013,Cowpea(Lobia),480.0
Karnataka,DHARWAD,2013,Dry chillies,11619.0
Karnataka,DHARWAD,2013,Groundnut,31958.0
Karnataka,DHARWAD,2013,Horse-gram,52.0
Karnataka,DHARWAD,2013,Jowar,3416.0
Karnataka,DHARWAD,2013,Maize,110726.0
Karnataka,DHARWAD,2013,Moong(Green Gram),6613.0
Karnataka,DHARWAD,2013,Niger seed,89.0
Karnataka,DHARWAD,2013,Onion,141315.0
Karnataka,DHARWAD,2013,Other Kharif pulses,280.0
Karnataka,DHARWAD,2013,Potato,7612.0
Karnataka,DHARWAD,2013,Ragi,87.0
Karnataka,DHARWAD,2013,Rapeseed &Mustard,
Karnataka,DHARWAD,2013,Rice,25080.0
Karnataka,DHARWAD,2013,Sesamum,121.0
Karnataka,DHARWAD,2013,Small millets,535.0
Karnataka,DHARWAD,2013,Soyabean,28278.0
Karnataka,DHARWAD,2013,Sunflower,4.0
Karnataka,DHARWAD,2013,Urad,392.0
Karnataka,DHARWAD,2013,Cotton(lint),55262.0
Karnataka,DHARWAD,2013,Cowpea(Lobia),19.0
Karnataka,DHARWAD,2013,Dry chillies,222.0
Karnataka,DHARWAD,2013,Gram,35275.0
Karnataka,DHARWAD,2013,Horse-gram,430.0
Karnataka,DHARWAD,2013,Jowar,26054.0
Karnataka,DHARWAD,2013,Linseed,24.0
Karnataka,DHARWAD,2013,Maize,7150.0
Karnataka,DHARWAD,2013,Moong(Green Gram),376.0
Karnataka,DHARWAD,2013,Onion,77.0
Karnataka,DHARWAD,2013,Other  Rabi pulses,181.0
Karnataka,DHARWAD,2013,Potato,1202.0
Karnataka,DHARWAD,2013,Safflower,4569.0
Karnataka,DHARWAD,2013,Sunflower,1492.0
Karnataka,DHARWAD,2013,Urad,3.0
Karnataka,DHARWAD,2013,Wheat,28470.0
Karnataka,DHARWAD,2013,Cowpea(Lobia),14.0
Karnataka,DHARWAD,2013,Dry chillies,263.0
Karnataka,DHARWAD,2013,Groundnut,677.0
Karnataka,DHARWAD,2013,Jowar,33.0
Karnataka,DHARWAD,2013,Maize,2047.0
Karnataka,DHARWAD,2013,Potato,42.0
Karnataka,DHARWAD,2013,Rice,301.0
Karnataka,DHARWAD,2013,Sunflower,1.0
Karnataka,DHARWAD,2013,Arecanut,189.0
Karnataka,DHARWAD,2013,Cashewnut,44.0
Karnataka,DHARWAD,2013,Coconut ,3451.0
Karnataka,DHARWAD,2013,Coriander,45.0
Karnataka,DHARWAD,2013,Garlic,868.0
Karnataka,DHARWAD,2013,Sugarcane,253490.0
Karnataka,DHARWAD,2013,Sweet potato,29.0
Karnataka,DHARWAD,2014,Arhar/Tur,1637.0
Karnataka,DHARWAD,2014,Bajra,5.0
Karnataka,DHARWAD,2014,Cotton(lint),167657.0
Karnataka,DHARWAD,2014,Cowpea(Lobia),77.0
Karnataka,DHARWAD,2014,Dry chillies,26585.0
Karnataka,DHARWAD,2014,Groundnut,21525.0
Karnataka,DHARWAD,2014,Horse-gram,117.0
Karnataka,DHARWAD,2014,Jowar,1650.0
Karnataka,DHARWAD,2014,Maize,79828.0
Karnataka,DHARWAD,2014,Moong(Green Gram),5306.0
Karnataka,DHARWAD,2014,Niger seed,78.0
Karnataka,DHARWAD,2014,Onion,109602.0
Karnataka,DHARWAD,2014,Other Kharif pulses,35.0
Karnataka,DHARWAD,2014,Potato,7917.0
Karnataka,DHARWAD,2014,Ragi,20.0
Karnataka,DHARWAD,2014,Rapeseed &Mustard,3.0
Karnataka,DHARWAD,2014,Rice,32589.0
Karnataka,DHARWAD,2014,Sesamum,178.0
Karnataka,DHARWAD,2014,Small millets,223.0
Karnataka,DHARWAD,2014,Soyabean,32846.0
Karnataka,DHARWAD,2014,Sunflower,8.0
Karnataka,DHARWAD,2014,Urad,227.0
Karnataka,DHARWAD,2014,Cotton(lint),18388.0
Karnataka,DHARWAD,2014,Cowpea(Lobia),8.0
Karnataka,DHARWAD,2014,Dry chillies,68.0
Karnataka,DHARWAD,2014,Gram,41502.0
Karnataka,DHARWAD,2014,Horse-gram,609.0
Karnataka,DHARWAD,2014,Jowar,39492.0
Karnataka,DHARWAD,2014,Linseed,20.0
Karnataka,DHARWAD,2014,Maize,8373.0
Karnataka,DHARWAD,2014,Moong(Green Gram),684.0
Karnataka,DHARWAD,2014,Other  Rabi pulses,148.0
Karnataka,DHARWAD,2014,Potato,2973.0
Karnataka,DHARWAD,2014,Safflower,3522.0
Karnataka,DHARWAD,2014,Sunflower,1399.0
Karnataka,DHARWAD,2014,Wheat,35714.0
Karnataka,DHARWAD,2014,Cowpea(Lobia),26.0
Karnataka,DHARWAD,2014,Dry chillies,333.0
Karnataka,DHARWAD,2014,Groundnut,787.0
Karnataka,DHARWAD,2014,Jowar,38.0
Karnataka,DHARWAD,2014,Maize,2068.0
Karnataka,DHARWAD,2014,Onion,10.0
Karnataka,DHARWAD,2014,Rice,376.0
Karnataka,DHARWAD,2014,Arecanut,130.0
Karnataka,DHARWAD,2014,Cashewnut,50.0
Karnataka,DHARWAD,2014,Coconut ,2838.0
Karnataka,DHARWAD,2014,Coriander,27.0
Karnataka,DHARWAD,2014,Dry ginger,145.0
Karnataka,DHARWAD,2014,Garlic,339.0
Karnataka,DHARWAD,2014,Sugarcane,641187.0
Karnataka,GADAG,1998,Arhar/Tur,503.0
Karnataka,GADAG,1998,Bajra,598.0
Karnataka,GADAG,1998,Castor seed,57.0
Karnataka,GADAG,1998,Cotton(lint),69246.0
Karnataka,GADAG,1998,Groundnut,53509.0
Karnataka,GADAG,1998,Horse-gram,122.0
Karnataka,GADAG,1998,Jowar,16737.0
Karnataka,GADAG,1998,Maize,64872.0
Karnataka,GADAG,1998,Moong(Green Gram),6082.0
Karnataka,GADAG,1998,Niger seed,166.0
Karnataka,GADAG,1998,Onion,19962.0
Karnataka,GADAG,1998,Ragi,26.0
Karnataka,GADAG,1998,Rice,1884.0
Karnataka,GADAG,1998,Sesamum,843.0
Karnataka,GADAG,1998,Soyabean,253.0
Karnataka,GADAG,1998,Sunflower,3295.0
Karnataka,GADAG,1998,Gram,13291.0
Karnataka,GADAG,1998,Groundnut,5669.0
Karnataka,GADAG,1998,Horse-gram,472.0
Karnataka,GADAG,1998,Jowar,39828.0
Karnataka,GADAG,1998,Linseed,381.0
Karnataka,GADAG,1998,Maize,35.0
Karnataka,GADAG,1998,Onion,1784.0
Karnataka,GADAG,1998,Rice,3.0
Karnataka,GADAG,1998,Safflower,3128.0
Karnataka,GADAG,1998,Sunflower,9670.0
Karnataka,GADAG,1998,Wheat,25021.0
Karnataka,GADAG,1998,Jowar,130.0
Karnataka,GADAG,1998,Maize,205.0
Karnataka,GADAG,1998,Onion,2007.0
Karnataka,GADAG,1998,Peas & beans (Pulses),95.0
Karnataka,GADAG,1998,Rice,678.0
Karnataka,GADAG,1998,Sunflower,1142.0
Karnataka,GADAG,1998,Coconut ,1671.0
Karnataka,GADAG,1998,Coriander,12.0
Karnataka,GADAG,1998,Dry chillies,6003.0
Karnataka,GADAG,1998,Garlic,39.0
Karnataka,GADAG,1999,Arhar/Tur,434.0
Karnataka,GADAG,1999,Bajra,444.0
Karnataka,GADAG,1999,Castor seed,42.0
Karnataka,GADAG,1999,Cotton(lint),41642.0
Karnataka,GADAG,1999,Groundnut,17927.0
Karnataka,GADAG,1999,Horse-gram,88.0
Karnataka,GADAG,1999,Jowar,13841.0
Karnataka,GADAG,1999,Maize,52200.0
Karnataka,GADAG,1999,Mesta,62.0
Karnataka,GADAG,1999,Moong(Green Gram),8561.0
Karnataka,GADAG,1999,Niger seed,227.0
Karnataka,GADAG,1999,Other Kharif pulses,345.0
Karnataka,GADAG,1999,Ragi,36.0
Karnataka,GADAG,1999,Rice,1882.0
Karnataka,GADAG,1999,Sesamum,1008.0
Karnataka,GADAG,1999,Small millets,385.0
Karnataka,GADAG,1999,Sunflower,1430.0
Karnataka,GADAG,1999,Gram,9064.0
Karnataka,GADAG,1999,Groundnut,5684.0
Karnataka,GADAG,1999,Horse-gram,505.0
Karnataka,GADAG,1999,Jowar,33816.0
Karnataka,GADAG,1999,Linseed,384.0
Karnataka,GADAG,1999,Maize,2321.0
Karnataka,GADAG,1999,Other  Rabi pulses,130.0
Karnataka,GADAG,1999,Safflower,4304.0
Karnataka,GADAG,1999,Sunflower,9949.0
Karnataka,GADAG,1999,Wheat,21769.0
Karnataka,GADAG,1999,Jowar,145.0
Karnataka,GADAG,1999,Maize,152.0
Karnataka,GADAG,1999,Rice,961.0
Karnataka,GADAG,1999,Sunflower,856.0
Karnataka,GADAG,1999,Banana,939.0
Karnataka,GADAG,1999,Coconut ,1743.0
Karnataka,GADAG,1999,Coriander,15.0
Karnataka,GADAG,1999,Dry chillies,6295.0
Karnataka,GADAG,1999,Garlic,66.0
Karnataka,GADAG,1999,Onion,114309.0
Karnataka,GADAG,1999,Sugarcane,13091.0
Karnataka,GADAG,1999,Tobacco,190.0
Karnataka,GADAG,2000,Arhar/Tur,674.0
Karnataka,GADAG,2000,Bajra,945.0
Karnataka,GADAG,2000,Castor seed,356.0
Karnataka,GADAG,2000,Cotton(lint),97437.0
Karnataka,GADAG,2000,Groundnut,39036.0
Karnataka,GADAG,2000,Horse-gram,262.0
Karnataka,GADAG,2000,Jowar,18032.0
Karnataka,GADAG,2000,Maize,79387.0
Karnataka,GADAG,2000,Moong(Green Gram),25119.0
Karnataka,GADAG,2000,Niger seed,268.0
Karnataka,GADAG,2000,Other Kharif pulses,390.0
Karnataka,GADAG,2000,Ragi,135.0
Karnataka,GADAG,2000,Rice,2118.0
Karnataka,GADAG,2000,Sesamum,962.0
Karnataka,GADAG,2000,Small millets,787.0
Karnataka,GADAG,2000,Sunflower,4847.0
Karnataka,GADAG,2000,Urad,3.0
Karnataka,GADAG,2000,Gram,14662.0
Karnataka,GADAG,2000,Groundnut,4502.0
Karnataka,GADAG,2000,Horse-gram,480.0
Karnataka,GADAG,2000,Jowar,33939.0
Karnataka,GADAG,2000,Linseed,382.0
Karnataka,GADAG,2000,Maize,4759.0
Karnataka,GADAG,2000,Other  Rabi pulses,68.0
Karnataka,GADAG,2000,Rapeseed &Mustard,5.0
Karnataka,GADAG,2000,Safflower,2994.0
Karnataka,GADAG,2000,Sunflower,14374.0
Karnataka,GADAG,2000,Wheat,18323.0
Karnataka,GADAG,2000,Jowar,51.0
Karnataka,GADAG,2000,Maize,3.0
Karnataka,GADAG,2000,Rice,668.0
Karnataka,GADAG,2000,Sunflower,1042.0
Karnataka,GADAG,2000,Banana,827.0
Karnataka,GADAG,2000,Coconut ,1781.0
Karnataka,GADAG,2000,Coriander,11.0
Karnataka,GADAG,2000,Dry chillies,13481.0
Karnataka,GADAG,2000,Garlic,45.0
Karnataka,GADAG,2000,Onion,133567.0
Karnataka,GADAG,2000,Potato,19.0
Karnataka,GADAG,2000,Sugarcane,35602.0
Karnataka,GADAG,2000,Sweet potato,7.0
Karnataka,GADAG,2000,Tobacco,303.0
Karnataka,GADAG,2001,Arhar/Tur,256.0
Karnataka,GADAG,2001,Bajra,1084.0
Karnataka,GADAG,2001,Castor seed,87.0
Karnataka,GADAG,2001,Cotton(lint),50442.0
Karnataka,GADAG,2001,Dry ginger,79.0
Karnataka,GADAG,2001,Groundnut,19622.0
Karnataka,GADAG,2001,Horse-gram,341.0
Karnataka,GADAG,2001,Jowar,8698.0
Karnataka,GADAG,2001,Maize,14150.0
Karnataka,GADAG,2001,Moong(Green Gram),4485.0
Karnataka,GADAG,2001,Niger seed,175.0
Karnataka,GADAG,2001,Other Kharif pulses,256.0
Karnataka,GADAG,2001,Ragi,45.0
Karnataka,GADAG,2001,Rice,1411.0
Karnataka,GADAG,2001,Sesamum,188.0
Karnataka,GADAG,2001,Small millets,452.0
Karnataka,GADAG,2001,Sunflower,1963.0
Karnataka,GADAG,2001,Urad,1.0
Karnataka,GADAG,2001,Gram,6330.0
Karnataka,GADAG,2001,Horse-gram,150.0
Karnataka,GADAG,2001,Jowar,29735.0
Karnataka,GADAG,2001,Linseed,221.0
Karnataka,GADAG,2001,Maize,2120.0
Karnataka,GADAG,2001,Other  Rabi pulses,80.0
Karnataka,GADAG,2001,Rapeseed &Mustard,61.0
Karnataka,GADAG,2001,Rice,4.0
Karnataka,GADAG,2001,Safflower,2171.0
Karnataka,GADAG,2001,Sunflower,13877.0
Karnataka,GADAG,2001,Wheat,11223.0
Karnataka,GADAG,2001,Jowar,10.0
Karnataka,GADAG,2001,Maize,163.0
Karnataka,GADAG,2001,Rice,779.0
Karnataka,GADAG,2001,Sunflower,1351.0
Karnataka,GADAG,2001,Coconut ,1867.0
Karnataka,GADAG,2001,Coriander,15.0
Karnataka,GADAG,2001,Dry chillies,9732.0
Karnataka,GADAG,2001,Onion,114753.0
Karnataka,GADAG,2001,Sugarcane,43201.0
Karnataka,GADAG,2001,Turmeric,15.0
Karnataka,GADAG,2002,Arhar/Tur,549.0
Karnataka,GADAG,2002,Bajra,811.0
Karnataka,GADAG,2002,Castor seed,54.0
Karnataka,GADAG,2002,Cotton(lint),20497.0
Karnataka,GADAG,2002,Groundnut,13519.0
Karnataka,GADAG,2002,Horse-gram,152.0
Karnataka,GADAG,2002,Jowar,5929.0
Karnataka,GADAG,2002,Maize,26563.0
Karnataka,GADAG,2002,Moong(Green Gram),748.0
Karnataka,GADAG,2002,Niger seed,188.0
Karnataka,GADAG,2002,Other Kharif pulses,363.0
Karnataka,GADAG,2002,Ragi,24.0
Karnataka,GADAG,2002,Rice,2732.0
Karnataka,GADAG,2002,Sesamum,931.0
Karnataka,GADAG,2002,Small millets,552.0
Karnataka,GADAG,2002,Sunflower,3115.0
Karnataka,GADAG,2002,Urad,0.1
Karnataka,GADAG,2002,Gram,7206.0
Karnataka,GADAG,2002,Groundnut,3379.0
Karnataka,GADAG,2002,Horse-gram,1021.0
Karnataka,GADAG,2002,Jowar,22012.0
Karnataka,GADAG,2002,Linseed,322.0
Karnataka,GADAG,2002,Maize,1625.0
Karnataka,GADAG,2002,Other  Rabi pulses,51.0
Karnataka,GADAG,2002,Rapeseed &Mustard,5.0
Karnataka,GADAG,2002,Safflower,2210.0
Karnataka,GADAG,2002,Sunflower,9728.0
Karnataka,GADAG,2002,Wheat,7680.0
Karnataka,GADAG,2002,Jowar,2.0
Karnataka,GADAG,2002,Maize,596.0
Karnataka,GADAG,2002,Rice,333.0
Karnataka,GADAG,2002,Sunflower,1018.0
Karnataka,GADAG,2002,Banana,3133.0
Karnataka,GADAG,2002,Beans & Mutter(Vegetable),32.0
Karnataka,GADAG,2002,Brinjal,2228.0
Karnataka,GADAG,2002,Citrus Fruit,364.0
Karnataka,GADAG,2002,Coconut ,2001.0
Karnataka,GADAG,2002,Coriander,15.0
Karnataka,GADAG,2002,Dry chillies,6351.0
Karnataka,GADAG,2002,Garlic,43.0
Karnataka,GADAG,2002,Mango,938.0
Karnataka,GADAG,2002,Onion,57276.0
Karnataka,GADAG,2002,Other Fresh Fruits,257.0
Karnataka,GADAG,2002,Papaya,16.0
Karnataka,GADAG,2002,Pome Fruit,416.0
Karnataka,GADAG,2002,Sugarcane,46502.0
Karnataka,GADAG,2002,Tobacco,52.0
Karnataka,GADAG,2002,Tomato,2367.0
Karnataka,GADAG,2003,Arhar/Tur,133.0
Karnataka,GADAG,2003,Bajra,693.0
Karnataka,GADAG,2003,Castor seed,90.0
Karnataka,GADAG,2003,Cotton(lint),7485.0
Karnataka,GADAG,2003,Groundnut,3353.0
Karnataka,GADAG,2003,Horse-gram,261.0
Karnataka,GADAG,2003,Jowar,4315.0
Karnataka,GADAG,2003,Maize,18614.0
Karnataka,GADAG,2003,Moong(Green Gram),148.0
Karnataka,GADAG,2003,Niger seed,63.0
Karnataka,GADAG,2003,Other Kharif pulses,87.0
Karnataka,GADAG,2003,Ragi,57.0
Karnataka,GADAG,2003,Rice,2867.0
Karnataka,GADAG,2003,Sesamum,535.0
Karnataka,GADAG,2003,Small millets,398.0
Karnataka,GADAG,2003,Sunflower,3847.0
Karnataka,GADAG,2003,Gram,4894.0
Karnataka,GADAG,2003,Groundnut,3844.0
Karnataka,GADAG,2003,Horse-gram,391.0
Karnataka,GADAG,2003,Jowar,7053.0
Karnataka,GADAG,2003,Linseed,78.0
Karnataka,GADAG,2003,Maize,2707.0
Karnataka,GADAG,2003,Other  Rabi pulses,60.0
Karnataka,GADAG,2003,Safflower,1615.0
Karnataka,GADAG,2003,Sunflower,15591.0
Karnataka,GADAG,2003,Wheat,8208.0
Karnataka,GADAG,2003,Jowar,577.0
Karnataka,GADAG,2003,Maize,113.0
Karnataka,GADAG,2003,Rice,1079.0
Karnataka,GADAG,2003,Sunflower,1205.0
Karnataka,GADAG,2003,Arecanut,3.0
Karnataka,GADAG,2003,Banana,3494.0
Karnataka,GADAG,2003,Brinjal,973.0
Karnataka,GADAG,2003,Citrus Fruit,474.0
Karnataka,GADAG,2003,Coconut ,2492.0
Karnataka,GADAG,2003,Coriander,23.0
Karnataka,GADAG,2003,Dry chillies,5515.0
Karnataka,GADAG,2003,Garlic,89.0
Karnataka,GADAG,2003,Grapes,615.0
Karnataka,GADAG,2003,Mango,368.0
Karnataka,GADAG,2003,Onion,25249.0
Karnataka,GADAG,2003,Other Fresh Fruits,356.0
Karnataka,GADAG,2003,Pome Fruit,210.0
Karnataka,GADAG,2003,Sugarcane,6031.0
Karnataka,GADAG,2003,Tobacco,5.0
Karnataka,GADAG,2003,Tomato,1326.0
Karnataka,GADAG,2003,Turmeric,5.0
Karnataka,GADAG,2004,Arhar/Tur,1214.0
Karnataka,GADAG,2004,Bajra,1191.0
Karnataka,GADAG,2004,Castor seed,88.0
Karnataka,GADAG,2004,Cotton(lint),42548.0
Karnataka,GADAG,2004,Dry ginger,79.0
Karnataka,GADAG,2004,Groundnut,23240.0
Karnataka,GADAG,2004,Horse-gram,286.0
Karnataka,GADAG,2004,Jowar,15718.0
Karnataka,GADAG,2004,Maize,95130.0
Karnataka,GADAG,2004,Moong(Green Gram),18676.0
Karnataka,GADAG,2004,Niger seed,152.0
Karnataka,GADAG,2004,Other Kharif pulses,345.24
Karnataka,GADAG,2004,Ragi,111.0
Karnataka,GADAG,2004,Rice,1399.76
Karnataka,GADAG,2004,Sesamum,1814.0
Karnataka,GADAG,2004,Small millets,449.0
Karnataka,GADAG,2004,Soyabean,48.0
Karnataka,GADAG,2004,Sunflower,8617.0
Karnataka,GADAG,2004,Urad,2.0
Karnataka,GADAG,2004,Gram,24736.0
Karnataka,GADAG,2004,Groundnut,5607.0
Karnataka,GADAG,2004,Horse-gram,585.0
Karnataka,GADAG,2004,Jowar,46913.0
Karnataka,GADAG,2004,Linseed,322.0
Karnataka,GADAG,2004,Maize,3837.0
Karnataka,GADAG,2004,Other  Rabi pulses,65.0
Karnataka,GADAG,2004,Rapeseed &Mustard,4.0
Karnataka,GADAG,2004,Safflower,2926.0
Karnataka,GADAG,2004,Sunflower,28261.0
Karnataka,GADAG,2004,Wheat,24519.0
Karnataka,GADAG,2004,Jowar,7.0
Karnataka,GADAG,2004,Maize,122.0
Karnataka,GADAG,2004,Rice,2683.0
Karnataka,GADAG,2004,Sunflower,1707.0
Karnataka,GADAG,2004,Arecanut,4.0
Karnataka,GADAG,2004,Banana,3188.0
Karnataka,GADAG,2004,Coconut ,29999.06
Karnataka,GADAG,2004,Coriander,40.0
Karnataka,GADAG,2004,Dry chillies,12812.0
Karnataka,GADAG,2004,Garlic,149.0
Karnataka,GADAG,2004,Onion,190133.0
Karnataka,GADAG,2004,Tobacco,38.0
Karnataka,GADAG,2005,Arhar/Tur,1164.0
Karnataka,GADAG,2005,Bajra,2204.0
Karnataka,GADAG,2005,Castor seed,304.0
Karnataka,GADAG,2005,Dry chillies,11085.0
Karnataka,GADAG,2005,Groundnut,17888.0
Karnataka,GADAG,2005,Horse-gram,386.0
Karnataka,GADAG,2005,Jowar,20141.0
Karnataka,GADAG,2005,Maize,132951.0
Karnataka,GADAG,2005,Moong(Green Gram),24935.0
Karnataka,GADAG,2005,Niger seed,260.0
Karnataka,GADAG,2005,Onion,143024.0
Karnataka,GADAG,2005,Other Kharif pulses,415.0
Karnataka,GADAG,2005,Ragi,88.0
Karnataka,GADAG,2005,Rice,8212.0
Karnataka,GADAG,2005,Sesamum,1432.0
Karnataka,GADAG,2005,Small millets,216.0
Karnataka,GADAG,2005,Soyabean,42.0
Karnataka,GADAG,2005,Sunflower,8271.0
Karnataka,GADAG,2005,Urad,3.0
Karnataka,GADAG,2005,Dry chillies,54.0
Karnataka,GADAG,2005,Gram,15558.0
Karnataka,GADAG,2005,Groundnut,5664.0
Karnataka,GADAG,2005,Horse-gram,644.0
Karnataka,GADAG,2005,Jowar,38928.0
Karnataka,GADAG,2005,Linseed,418.0
Karnataka,GADAG,2005,Maize,6301.0
Karnataka,GADAG,2005,Onion,2757.0
Karnataka,GADAG,2005,Other  Rabi pulses,57.0
Karnataka,GADAG,2005,Peas & beans (Pulses),7.0
Karnataka,GADAG,2005,Rapeseed &Mustard,78.0
Karnataka,GADAG,2005,Safflower,2846.0
Karnataka,GADAG,2005,Sunflower,41473.0
Karnataka,GADAG,2005,Wheat,31253.0
Karnataka,GADAG,2005,Dry chillies,187.0
Karnataka,GADAG,2005,Jowar,5.0
Karnataka,GADAG,2005,Maize,81.0
Karnataka,GADAG,2005,Onion,3326.0
Karnataka,GADAG,2005,Rice,4402.0
Karnataka,GADAG,2005,Sunflower,1881.0
Karnataka,GADAG,2005,Arecanut,19.0
Karnataka,GADAG,2005,Banana,1176.0
Karnataka,GADAG,2005,Coconut ,2765.0
Karnataka,GADAG,2005,Coriander,26.0
Karnataka,GADAG,2005,Cotton(lint),44817.0
Karnataka,GADAG,2005,Garlic,85.0
Karnataka,GADAG,2005,Sannhamp,5.0
Karnataka,GADAG,2005,Sugarcane,3357.0
Karnataka,GADAG,2005,Tobacco,11.0
Karnataka,GADAG,2005,Turmeric,5.0
Karnataka,GADAG,2006,Arhar/Tur,478.0
Karnataka,GADAG,2006,Bajra,890.0
Karnataka,GADAG,2006,Castor seed,66.0
Karnataka,GADAG,2006,Gram,8.0
Karnataka,GADAG,2006,Groundnut,12708.0
Karnataka,GADAG,2006,Horse-gram,55.0
Karnataka,GADAG,2006,Jowar,6858.0
Karnataka,GADAG,2006,Maize,97206.0
Karnataka,GADAG,2006,Moong(Green Gram),11744.0
Karnataka,GADAG,2006,Niger seed,162.0
Karnataka,GADAG,2006,Other Kharif pulses,571.0
Karnataka,GADAG,2006,Ragi,51.0
Karnataka,GADAG,2006,Rapeseed &Mustard,68.0
Karnataka,GADAG,2006,Rice,4122.0
Karnataka,GADAG,2006,Sesamum,329.0
Karnataka,GADAG,2006,Small millets,179.0
Karnataka,GADAG,2006,Soyabean,89.0
Karnataka,GADAG,2006,Sunflower,2959.0
Karnataka,GADAG,2006,Urad,8.0
Karnataka,GADAG,2006,Gram,13041.0
Karnataka,GADAG,2006,Groundnut,3765.0
Karnataka,GADAG,2006,Horse-gram,283.0
Karnataka,GADAG,2006,Jowar,19134.0
Karnataka,GADAG,2006,Linseed,242.0
Karnataka,GADAG,2006,Maize,1364.0
Karnataka,GADAG,2006,Other  Rabi pulses,138.0
Karnataka,GADAG,2006,Safflower,2682.0
Karnataka,GADAG,2006,Sunflower,18235.0
Karnataka,GADAG,2006,Wheat,21114.0
Karnataka,GADAG,2006,Jowar,47.0
Karnataka,GADAG,2006,Maize,125.0
Karnataka,GADAG,2006,Rice,1359.0
Karnataka,GADAG,2006,Sunflower,1232.0
Karnataka,GADAG,2006,Arecanut,4.0
Karnataka,GADAG,2006,Banana,1857.0
Karnataka,GADAG,2006,Coconut ,2827.0
Karnataka,GADAG,2006,Coriander,21.0
Karnataka,GADAG,2006,Cotton(lint),17854.0
Karnataka,GADAG,2006,Dry chillies,5526.0
Karnataka,GADAG,2006,Garlic,223.0
Karnataka,GADAG,2006,Onion,182711.0
Karnataka,GADAG,2006,Sannhamp,4.0
Karnataka,GADAG,2006,Sugarcane,7604.0
Karnataka,GADAG,2006,Sweet potato,25.0
Karnataka,GADAG,2006,Tobacco,8.0
Karnataka,GADAG,2007,Arhar/Tur,1220.0
Karnataka,GADAG,2007,Bajra,3198.0
Karnataka,GADAG,2007,Castor seed,188.0
Karnataka,GADAG,2007,Dry chillies,11213.0
Karnataka,GADAG,2007,Groundnut,25987.0
Karnataka,GADAG,2007,Horse-gram,251.0
Karnataka,GADAG,2007,Jowar,17698.0
Karnataka,GADAG,2007,Maize,143408.0
Karnataka,GADAG,2007,Moong(Green Gram),16130.0
Karnataka,GADAG,2007,Niger seed,305.0
Karnataka,GADAG,2007,Onion,188444.0
Karnataka,GADAG,2007,Other Kharif pulses,654.0
Karnataka,GADAG,2007,Ragi,38.0
Karnataka,GADAG,2007,Rapeseed &Mustard,65.0
Karnataka,GADAG,2007,Rice,3705.0
Karnataka,GADAG,2007,Sesamum,384.0
Karnataka,GADAG,2007,Small millets,120.0
Karnataka,GADAG,2007,Soyabean,33.0
Karnataka,GADAG,2007,Sunflower,4236.0
Karnataka,GADAG,2007,Urad,54.0
Karnataka,GADAG,2007,Dry chillies,7.0
Karnataka,GADAG,2007,Gram,19829.0
Karnataka,GADAG,2007,Groundnut,3957.0
Karnataka,GADAG,2007,Horse-gram,586.0
Karnataka,GADAG,2007,Jowar,58093.0
Karnataka,GADAG,2007,Linseed,421.0
Karnataka,GADAG,2007,Maize,1167.0
Karnataka,GADAG,2007,Onion,1415.0
Karnataka,GADAG,2007,Other  Rabi pulses,136.0
Karnataka,GADAG,2007,Safflower,3411.0
Karnataka,GADAG,2007,Sunflower,26214.0
Karnataka,GADAG,2007,Wheat,30516.0
Karnataka,GADAG,2007,Dry chillies,179.0
Karnataka,GADAG,2007,Jowar,29.0
Karnataka,GADAG,2007,Maize,55.0
Karnataka,GADAG,2007,Onion,1191.0
Karnataka,GADAG,2007,Rice,1223.0
Karnataka,GADAG,2007,Sunflower,1233.0
Karnataka,GADAG,2007,Arecanut,19.0
Karnataka,GADAG,2007,Banana,2883.0
Karnataka,GADAG,2007,Coconut ,3116.0
Karnataka,GADAG,2007,Coriander,74.0
Karnataka,GADAG,2007,Cotton(lint),76528.0
Karnataka,GADAG,2007,Garlic,142.0
Karnataka,GADAG,2007,Sugarcane,8540.0
Karnataka,GADAG,2007,Sweet potato,17.0
Karnataka,GADAG,2008,Arhar/Tur,407.0
Karnataka,GADAG,2008,Bajra,930.0
Karnataka,GADAG,2008,Castor seed,30.0
Karnataka,GADAG,2008,Dry chillies,4731.0
Karnataka,GADAG,2008,Groundnut,15515.0
Karnataka,GADAG,2008,Horse-gram,91.0
Karnataka,GADAG,2008,Jowar,5555.0
Karnataka,GADAG,2008,Maize,61952.0
Karnataka,GADAG,2008,Moong(Green Gram),2930.0
Karnataka,GADAG,2008,Niger seed,166.0
Karnataka,GADAG,2008,Onion,173171.0
Karnataka,GADAG,2008,Other Kharif pulses,374.0
Karnataka,GADAG,2008,Ragi,6.0
Karnataka,GADAG,2008,Rice,1755.6
Karnataka,GADAG,2008,Sesamum,205.0
Karnataka,GADAG,2008,Soyabean,4.0
Karnataka,GADAG,2008,Sunflower,5203.0
Karnataka,GADAG,2008,Urad,7.0
Karnataka,GADAG,2008,Dry chillies,17.0
Karnataka,GADAG,2008,Gram,18701.0
Karnataka,GADAG,2008,Groundnut,4407.0
Karnataka,GADAG,2008,Horse-gram,422.0
Karnataka,GADAG,2008,Jowar,62606.0
Karnataka,GADAG,2008,Linseed,472.0
Karnataka,GADAG,2008,Maize,6013.0
Karnataka,GADAG,2008,Onion,1616.0
Karnataka,GADAG,2008,Other  Rabi pulses,85.0
Karnataka,GADAG,2008,Rapeseed &Mustard,65.0
Karnataka,GADAG,2008,Safflower,4292.0
Karnataka,GADAG,2008,Sunflower,22364.0
Karnataka,GADAG,2008,Wheat,22306.0
Karnataka,GADAG,2008,Dry chillies,239.0
Karnataka,GADAG,2008,Jowar,43.0
Karnataka,GADAG,2008,Maize,145.0
Karnataka,GADAG,2008,Onion,540.0
Karnataka,GADAG,2008,Rice,906.0
Karnataka,GADAG,2008,Sunflower,1108.0
Karnataka,GADAG,2008,Arecanut,19.0
Karnataka,GADAG,2008,Banana,3666.0
Karnataka,GADAG,2008,Coconut ,3187.0
Karnataka,GADAG,2008,Coriander,44.0
Karnataka,GADAG,2008,Cotton(lint),95198.0
Karnataka,GADAG,2008,Garlic,101.0
Karnataka,GADAG,2008,Sugarcane,15388.0
Karnataka,GADAG,2008,Tobacco,1.0
Karnataka,GADAG,2009,Arhar/Tur,782.0
Karnataka,GADAG,2009,Bajra,913.0
Karnataka,GADAG,2009,Castor seed,40.0
Karnataka,GADAG,2009,Gram,116.0
Karnataka,GADAG,2009,Groundnut,17502.0
Karnataka,GADAG,2009,Horse-gram,116.0
Karnataka,GADAG,2009,Jowar,7411.0
Karnataka,GADAG,2009,Maize,87217.0
Karnataka,GADAG,2009,Moong(Green Gram),13944.0
Karnataka,GADAG,2009,Niger seed,435.0
Karnataka,GADAG,2009,Onion,153601.0
Karnataka,GADAG,2009,Other Kharif pulses,828.0
Karnataka,GADAG,2009,Ragi,12.0
Karnataka,GADAG,2009,Rice,819.89
Karnataka,GADAG,2009,Sesamum,358.0
Karnataka,GADAG,2009,Small millets,110.0
Karnataka,GADAG,2009,Soyabean,2.0
Karnataka,GADAG,2009,Sunflower,2575.0
Karnataka,GADAG,2009,Urad,7.0
Karnataka,GADAG,2009,Dry chillies,66.0
Karnataka,GADAG,2009,Gram,911.0
Karnataka,GADAG,2009,Groundnut,7394.0
Karnataka,GADAG,2009,Horse-gram,911.0
Karnataka,GADAG,2009,Jowar,39711.0
Karnataka,GADAG,2009,Linseed,312.0
Karnataka,GADAG,2009,Maize,3801.0
Karnataka,GADAG,2009,Onion,2565.0
Karnataka,GADAG,2009,Other  Rabi pulses,192.0
Karnataka,GADAG,2009,Rapeseed &Mustard,66.0
Karnataka,GADAG,2009,Safflower,3762.0
Karnataka,GADAG,2009,Sunflower,11059.0
Karnataka,GADAG,2009,Wheat,15550.0
Karnataka,GADAG,2009,Dry chillies,74.0
Karnataka,GADAG,2009,Jowar,18.0
Karnataka,GADAG,2009,Maize,224.0
Karnataka,GADAG,2009,Onion,1069.0
Karnataka,GADAG,2009,Rice,2899.0
Karnataka,GADAG,2009,Sunflower,1238.0
Karnataka,GADAG,2009,Arecanut,19.0
Karnataka,GADAG,2009,Banana,4569.0
Karnataka,GADAG,2009,Coconut ,4721.0
Karnataka,GADAG,2009,Coriander,55.0
Karnataka,GADAG,2009,Cotton(lint),82054.0
Karnataka,GADAG,2009,Garlic,79.0
Karnataka,GADAG,2009,Sugarcane,10267.0
Karnataka,GADAG,2009,Tobacco,48.0
Karnataka,GADAG,2010,Arhar/Tur,1142.0
Karnataka,GADAG,2010,Bajra,1781.0
Karnataka,GADAG,2010,Castor seed,57.0
Karnataka,GADAG,2010,Cotton(lint),57340.0
Karnataka,GADAG,2010,Cowpea(Lobia),207.0
Karnataka,GADAG,2010,Dry chillies,15299.0
Karnataka,GADAG,2010,Groundnut,40430.0
Karnataka,GADAG,2010,Horse-gram,347.0
Karnataka,GADAG,2010,Jowar,9578.0
Karnataka,GADAG,2010,Maize,135931.0
Karnataka,GADAG,2010,Moong(Green Gram),15765.0
Karnataka,GADAG,2010,Niger seed,354.0
Karnataka,GADAG,2010,Onion,244224.0
Karnataka,GADAG,2010,Other Kharif pulses,128.0
Karnataka,GADAG,2010,Rice,1914.0
Karnataka,GADAG,2010,Sesamum,517.0
Karnataka,GADAG,2010,Small millets,111.0
Karnataka,GADAG,2010,Sunflower,4895.0
Karnataka,GADAG,2010,Urad,27.0
Karnataka,GADAG,2010,Cotton(lint),54557.0
Karnataka,GADAG,2010,Cowpea(Lobia),163.0
Karnataka,GADAG,2010,Gram,34479.0
Karnataka,GADAG,2010,Groundnut,10141.0
Karnataka,GADAG,2010,Horse-gram,846.0
Karnataka,GADAG,2010,Jowar,38245.0
Karnataka,GADAG,2010,Linseed,173.0
Karnataka,GADAG,2010,Maize,3803.0
Karnataka,GADAG,2010,Onion,2849.0
Karnataka,GADAG,2010,Rapeseed &Mustard,32.0
Karnataka,GADAG,2010,Safflower,1330.0
Karnataka,GADAG,2010,Sunflower,12839.0
Karnataka,GADAG,2010,Wheat,21580.0
Karnataka,GADAG,2010,Dry chillies,49.0
Karnataka,GADAG,2010,Maize,139.0
Karnataka,GADAG,2010,Onion,1404.0
Karnataka,GADAG,2010,Rice,4682.0
Karnataka,GADAG,2010,Sunflower,974.0
Karnataka,GADAG,2010,Arecanut,32.0
Karnataka,GADAG,2010,Banana,5801.0
Karnataka,GADAG,2010,Coconut ,6653.0
Karnataka,GADAG,2010,Coriander,24.0
Karnataka,GADAG,2010,Garlic,88.0
Karnataka,GADAG,2010,Sugarcane,82559.0
Karnataka,GADAG,2010,Tobacco,86.0
Karnataka,GADAG,2011,Arhar/Tur,854.0
Karnataka,GADAG,2011,Bajra,1240.0
Karnataka,GADAG,2011,Castor seed,6.0
Karnataka,GADAG,2011,Cotton(lint),43291.0
Karnataka,GADAG,2011,Cowpea(Lobia),174.0
Karnataka,GADAG,2011,Dry chillies,6696.0
Karnataka,GADAG,2011,Groundnut,30300.0
Karnataka,GADAG,2011,Horse-gram,114.0
Karnataka,GADAG,2011,Jowar,10680.0
Karnataka,GADAG,2011,Maize,131926.0
Karnataka,GADAG,2011,Moong(Green Gram),13491.0
Karnataka,GADAG,2011,Niger seed,362.0
Karnataka,GADAG,2011,Onion,121533.0
Karnataka,GADAG,2011,Other Kharif pulses,47.0
Karnataka,GADAG,2011,Ragi,12.0
Karnataka,GADAG,2011,Rice,2933.0
Karnataka,GADAG,2011,Sesamum,336.0
Karnataka,GADAG,2011,Small millets,73.0
Karnataka,GADAG,2011,Sunflower,3987.0
Karnataka,GADAG,2011,Urad,12.0
Karnataka,GADAG,2011,Cotton(lint),16915.0
Karnataka,GADAG,2011,Cowpea(Lobia),205.0
Karnataka,GADAG,2011,Dry chillies,47.0
Karnataka,GADAG,2011,Gram,13557.0
Karnataka,GADAG,2011,Groundnut,8194.0
Karnataka,GADAG,2011,Horse-gram,301.0
Karnataka,GADAG,2011,Jowar,22357.0
Karnataka,GADAG,2011,Linseed,143.0
Karnataka,GADAG,2011,Maize,2769.0
Karnataka,GADAG,2011,Onion,2284.0
Karnataka,GADAG,2011,Rapeseed &Mustard,8.0
Karnataka,GADAG,2011,Safflower,1001.0
Karnataka,GADAG,2011,Sunflower,9326.0
Karnataka,GADAG,2011,Wheat,10646.0
Karnataka,GADAG,2011,Dry chillies,196.0
Karnataka,GADAG,2011,Jowar,348.0
Karnataka,GADAG,2011,Maize,259.0
Karnataka,GADAG,2011,Onion,733.0
Karnataka,GADAG,2011,Rice,1474.0
Karnataka,GADAG,2011,Sunflower,506.0
Karnataka,GADAG,2011,Banana,11394.0
Karnataka,GADAG,2011,Coconut ,4583.0
Karnataka,GADAG,2011,Coriander,95.0
Karnataka,GADAG,2011,Garlic,123.0
Karnataka,GADAG,2011,Sugarcane,392616.0
Karnataka,GADAG,2011,Turmeric,10.0
Karnataka,GADAG,2012,Arhar/Tur,391.0
Karnataka,GADAG,2012,Bajra,2312.0
Karnataka,GADAG,2012,Cotton(lint),20413.0
Karnataka,GADAG,2012,Cowpea(Lobia),64.0
Karnataka,GADAG,2012,Dry chillies,2473.0
Karnataka,GADAG,2012,Groundnut,12822.0
Karnataka,GADAG,2012,Horse-gram,37.0
Karnataka,GADAG,2012,Jowar,6352.0
Karnataka,GADAG,2012,Maize,74362.0
Karnataka,GADAG,2012,Moong(Green Gram),643.0
Karnataka,GADAG,2012,Niger seed,82.0
Karnataka,GADAG,2012,Onion,26444.0
Karnataka,GADAG,2012,Other Kharif pulses,46.0
Karnataka,GADAG,2012,Ragi,14.0
Karnataka,GADAG,2012,Rapeseed &Mustard,1.0
Karnataka,GADAG,2012,Rice,2125.0
Karnataka,GADAG,2012,Sesamum,44.0
Karnataka,GADAG,2012,Small millets,26.0
Karnataka,GADAG,2012,Sunflower,12381.0
Karnataka,GADAG,2012,Urad,1.0
Karnataka,GADAG,2012,Cotton(lint),37420.0
Karnataka,GADAG,2012,Dry chillies,52.0
Karnataka,GADAG,2012,Gram,32488.0
Karnataka,GADAG,2012,Horse-gram,472.0
Karnataka,GADAG,2012,Jowar,50653.0
Karnataka,GADAG,2012,Linseed,80.0
Karnataka,GADAG,2012,Maize,4798.0
Karnataka,GADAG,2012,Onion,4019.0
Karnataka,GADAG,2012,Safflower,3883.0
Karnataka,GADAG,2012,Sunflower,14884.0
Karnataka,GADAG,2012,Wheat,20516.0
Karnataka,GADAG,2012,Cowpea(Lobia),271.0
Karnataka,GADAG,2012,Dry chillies,31.0
Karnataka,GADAG,2012,Groundnut,7519.0
Karnataka,GADAG,2012,Jowar,20.0
Karnataka,GADAG,2012,Maize,148.0
Karnataka,GADAG,2012,Onion,902.0
Karnataka,GADAG,2012,Rice,1651.0
Karnataka,GADAG,2012,Sunflower,552.0
Karnataka,GADAG,2012,Coconut ,1890.0
Karnataka,GADAG,2012,Coriander,8.0
Karnataka,GADAG,2012,Garlic,45.0
Karnataka,GADAG,2012,Sugarcane,131419.0
Karnataka,GADAG,2012,Turmeric,9.0
Karnataka,GADAG,2013,Arhar/Tur,670.0
Karnataka,GADAG,2013,Bajra,2169.0
Karnataka,GADAG,2013,Castor seed,21.0
Karnataka,GADAG,2013,Cotton(lint),100411.0
Karnataka,GADAG,2013,Cowpea(Lobia),127.0
Karnataka,GADAG,2013,Dry chillies,17191.0
Karnataka,GADAG,2013,Groundnut,30959.0
Karnataka,GADAG,2013,Horse-gram,102.0
Karnataka,GADAG,2013,Jowar,8593.0
Karnataka,GADAG,2013,Maize,135396.0
Karnataka,GADAG,2013,Moong(Green Gram),8408.0
Karnataka,GADAG,2013,Niger seed,99.0
Karnataka,GADAG,2013,Onion,138386.0
Karnataka,GADAG,2013,Other Kharif pulses,24.0
Karnataka,GADAG,2013,Ragi,4.0
Karnataka,GADAG,2013,Rapeseed &Mustard,15.0
Karnataka,GADAG,2013,Rice,3906.0
Karnataka,GADAG,2013,Sesamum,148.0
Karnataka,GADAG,2013,Small millets,23.0
Karnataka,GADAG,2013,Sunflower,7375.0
Karnataka,GADAG,2013,Urad,7.0
Karnataka,GADAG,2013,Cotton(lint),59632.0
Karnataka,GADAG,2013,Cowpea(Lobia),
Karnataka,GADAG,2013,Dry chillies,49.0
Karnataka,GADAG,2013,Gram,52781.0
Karnataka,GADAG,2013,Horse-gram,414.0
Karnataka,GADAG,2013,Jowar,46401.0
Karnataka,GADAG,2013,Linseed,107.0
Karnataka,GADAG,2013,Maize,5609.0
Karnataka,GADAG,2013,Onion,3492.0
Karnataka,GADAG,2013,Safflower,2547.0
Karnataka,GADAG,2013,Sunflower,18650.0
Karnataka,GADAG,2013,Wheat,27362.0
Karnataka,GADAG,2013,Cowpea(Lobia),171.0
Karnataka,GADAG,2013,Dry chillies,194.0
Karnataka,GADAG,2013,Groundnut,6778.0
Karnataka,GADAG,2013,Jowar,5.0
Karnataka,GADAG,2013,Maize,81.0
Karnataka,GADAG,2013,Onion,1076.0
Karnataka,GADAG,2013,Rice,4166.0
Karnataka,GADAG,2013,Sunflower,1796.0
Karnataka,GADAG,2013,Coconut ,2269.0
Karnataka,GADAG,2013,Coriander,6.0
Karnataka,GADAG,2013,Garlic,38.0
Karnataka,GADAG,2013,Sugarcane,89748.0
Karnataka,GADAG,2013,Tobacco,4.0
Karnataka,GADAG,2013,Turmeric,5.0
Karnataka,GADAG,2014,Arhar/Tur,726.0
Karnataka,GADAG,2014,Bajra,1421.0
Karnataka,GADAG,2014,Castor seed,2.0
Karnataka,GADAG,2014,Cotton(lint),198055.0
Karnataka,GADAG,2014,Cowpea(Lobia),106.0
Karnataka,GADAG,2014,Dry chillies,7649.0
Karnataka,GADAG,2014,Groundnut,29662.0
Karnataka,GADAG,2014,Horse-gram,200.0
Karnataka,GADAG,2014,Jowar,6254.0
Karnataka,GADAG,2014,Maize,146664.0
Karnataka,GADAG,2014,Moong(Green Gram),10246.0
Karnataka,GADAG,2014,Niger seed,84.0
Karnataka,GADAG,2014,Onion,155350.0
Karnataka,GADAG,2014,Other Kharif pulses,22.0
Karnataka,GADAG,2014,Ragi,18.0
Karnataka,GADAG,2014,Rapeseed &Mustard,5.0
Karnataka,GADAG,2014,Rice,2594.0
Karnataka,GADAG,2014,Sesamum,262.0
Karnataka,GADAG,2014,Small millets,23.0
Karnataka,GADAG,2014,Sunflower,4330.0
Karnataka,GADAG,2014,Urad,6.0
Karnataka,GADAG,2014,Cotton(lint),65817.0
Karnataka,GADAG,2014,Cowpea(Lobia),2.0
Karnataka,GADAG,2014,Dry chillies,28.0
Karnataka,GADAG,2014,Gram,54186.0
Karnataka,GADAG,2014,Horse-gram,426.0
Karnataka,GADAG,2014,Jowar,55753.0
Karnataka,GADAG,2014,Linseed,36.0
Karnataka,GADAG,2014,Maize,3030.0
Karnataka,GADAG,2014,Onion,1100.0
Karnataka,GADAG,2014,Other  Rabi pulses,2.0
Karnataka,GADAG,2014,Safflower,2045.0
Karnataka,GADAG,2014,Sunflower,17209.0
Karnataka,GADAG,2014,Wheat,18068.0
Karnataka,GADAG,2014,Cowpea(Lobia),211.0
Karnataka,GADAG,2014,Dry chillies,39.0
Karnataka,GADAG,2014,Groundnut,6692.0
Karnataka,GADAG,2014,Maize,375.0
Karnataka,GADAG,2014,Onion,942.0
Karnataka,GADAG,2014,Rice,3405.0
Karnataka,GADAG,2014,Sunflower,801.0
Karnataka,GADAG,2014,Arecanut,46.0
Karnataka,GADAG,2014,Coconut ,1642.0
Karnataka,GADAG,2014,Coriander,14.0
Karnataka,GADAG,2014,Dry ginger,58.0
Karnataka,GADAG,2014,Garlic,123.0
Karnataka,GADAG,2014,Sugarcane,197192.0
Karnataka,GADAG,2014,Tobacco,4.0
Karnataka,GADAG,2014,Turmeric,6.0
Karnataka,GULBARGA,1997,Arhar/Tur,60394.0
Karnataka,GULBARGA,1997,Bajra,39483.0
Karnataka,GULBARGA,1997,Dry chillies,3657.0
Karnataka,GULBARGA,1997,Dry ginger,6.0
Karnataka,GULBARGA,1997,Groundnut,29837.0
Karnataka,GULBARGA,1997,Horse-gram,455.0
Karnataka,GULBARGA,1997,Jowar,6574.0
Karnataka,GULBARGA,1997,Maize,3407.0
Karnataka,GULBARGA,1997,Paddy,18259.0
Karnataka,GULBARGA,1997,Ragi,99.0
Karnataka,GULBARGA,1997,Rice,12179.0
Karnataka,GULBARGA,1997,Dry chillies,303.0
Karnataka,GULBARGA,1997,Groundnut,40662.0
Karnataka,GULBARGA,1997,Horse-gram,2110.0
Karnataka,GULBARGA,1997,Jowar,146121.0
Karnataka,GULBARGA,1997,Maize,462.0
Karnataka,GULBARGA,1997,Paddy,5940.0
Karnataka,GULBARGA,1997,Rice,3963.0
Karnataka,GULBARGA,1997,Wheat,6226.0
Karnataka,GULBARGA,1997,Jowar,20.0
Karnataka,GULBARGA,1997,Maize,271.0
Karnataka,GULBARGA,1997,Paddy,2687.0
Karnataka,GULBARGA,1997,Rice,1792.0
Karnataka,GULBARGA,1997,Coriander,3.0
Karnataka,GULBARGA,1997,Garlic,51.0
Karnataka,GULBARGA,1997,Sugarcane,411114.0
Karnataka,GULBARGA,1997,Turmeric,714.0
Karnataka,GULBARGA,1998,Arhar/Tur,124147.0
Karnataka,GULBARGA,1998,Bajra,47736.0
Karnataka,GULBARGA,1998,Castor seed,29.0
Karnataka,GULBARGA,1998,Cotton(lint),38605.0
Karnataka,GULBARGA,1998,Dry ginger,248.0
Karnataka,GULBARGA,1998,Groundnut,19989.0
Karnataka,GULBARGA,1998,Horse-gram,633.0
Karnataka,GULBARGA,1998,Jowar,7256.0
Karnataka,GULBARGA,1998,Maize,4287.0
Karnataka,GULBARGA,1998,Moong(Green Gram),25525.0
Karnataka,GULBARGA,1998,Niger seed,316.0
Karnataka,GULBARGA,1998,Onion,9415.0
Karnataka,GULBARGA,1998,Ragi,4.0
Karnataka,GULBARGA,1998,Rice,17439.0
Karnataka,GULBARGA,1998,Sesamum,16220.0
Karnataka,GULBARGA,1998,Soyabean,4.0
Karnataka,GULBARGA,1998,Sunflower,18031.0
Karnataka,GULBARGA,1998,Gram,62134.0
Karnataka,GULBARGA,1998,Groundnut,59987.0
Karnataka,GULBARGA,1998,Horse-gram,980.0
Karnataka,GULBARGA,1998,Jowar,226824.0
Karnataka,GULBARGA,1998,Linseed,292.0
Karnataka,GULBARGA,1998,Maize,331.0
Karnataka,GULBARGA,1998,Onion,11174.0
Karnataka,GULBARGA,1998,Potato,39.0
Karnataka,GULBARGA,1998,Rice,9858.0
Karnataka,GULBARGA,1998,Safflower,12365.0
Karnataka,GULBARGA,1998,Sunflower,10560.0
Karnataka,GULBARGA,1998,Wheat,10947.0
Karnataka,GULBARGA,1998,Jowar,3827.0
Karnataka,GULBARGA,1998,Maize,1241.0
Karnataka,GULBARGA,1998,Onion,430.0
Karnataka,GULBARGA,1998,Rice,14038.0
Karnataka,GULBARGA,1998,Sunflower,2144.0
Karnataka,GULBARGA,1998,Coconut ,3763.0
Karnataka,GULBARGA,1998,Coriander,7.0
Karnataka,GULBARGA,1998,Dry chillies,4185.0
Karnataka,GULBARGA,1998,Garlic,66.0
Karnataka,GULBARGA,1998,Turmeric,1815.0
Karnataka,GULBARGA,1999,Arhar/Tur,181795.0
Karnataka,GULBARGA,1999,Bajra,59531.0
Karnataka,GULBARGA,1999,Castor seed,63.0
Karnataka,GULBARGA,1999,Cotton(lint),18754.0
Karnataka,GULBARGA,1999,Dry ginger,196.0
Karnataka,GULBARGA,1999,Groundnut,25474.0
Karnataka,GULBARGA,1999,Horse-gram,672.0
Karnataka,GULBARGA,1999,Jowar,17321.0
Karnataka,GULBARGA,1999,Maize,4271.0
Karnataka,GULBARGA,1999,Mesta,3156.0
Karnataka,GULBARGA,1999,Moong(Green Gram),60766.0
Karnataka,GULBARGA,1999,Niger seed,240.0
Karnataka,GULBARGA,1999,Other Kharif pulses,367.0
Karnataka,GULBARGA,1999,Ragi,5.0
Karnataka,GULBARGA,1999,Rice,16115.0
Karnataka,GULBARGA,1999,Sesamum,10384.0
Karnataka,GULBARGA,1999,Small millets,914.0
Karnataka,GULBARGA,1999,Soyabean,150.0
Karnataka,GULBARGA,1999,Sunflower,7055.0
Karnataka,GULBARGA,1999,Urad,16367.0
Karnataka,GULBARGA,1999,Gram,50003.0
Karnataka,GULBARGA,1999,Groundnut,53827.0
Karnataka,GULBARGA,1999,Horse-gram,526.0
Karnataka,GULBARGA,1999,Jowar,316937.0
Karnataka,GULBARGA,1999,Linseed,347.0
Karnataka,GULBARGA,1999,Maize,448.0
Karnataka,GULBARGA,1999,Other  Rabi pulses,13.0
Karnataka,GULBARGA,1999,Rice,3867.0
Karnataka,GULBARGA,1999,Safflower,19118.0
Karnataka,GULBARGA,1999,Sunflower,6073.0
Karnataka,GULBARGA,1999,Wheat,12540.0
Karnataka,GULBARGA,1999,Jowar,2011.0
Karnataka,GULBARGA,1999,Maize,530.0
Karnataka,GULBARGA,1999,Rice,23145.0
Karnataka,GULBARGA,1999,Sunflower,248.0
Karnataka,GULBARGA,1999,Banana,59755.0
Karnataka,GULBARGA,1999,Coconut ,3924.0
Karnataka,GULBARGA,1999,Coriander,6.0
Karnataka,GULBARGA,1999,Dry chillies,4408.0
Karnataka,GULBARGA,1999,Garlic,48.0
Karnataka,GULBARGA,1999,Onion,26425.0
Karnataka,GULBARGA,1999,Potato,447.0
Karnataka,GULBARGA,1999,Sannhamp,10.0
Karnataka,GULBARGA,1999,Sugarcane,810825.0
Karnataka,GULBARGA,1999,Sweet potato,347.0
Karnataka,GULBARGA,1999,Turmeric,1495.0
Karnataka,GULBARGA,2000,Arhar/Tur,164418.0
Karnataka,GULBARGA,2000,Bajra,77248.0
Karnataka,GULBARGA,2000,Castor seed,149.0
Karnataka,GULBARGA,2000,Cotton(lint),28167.0
Karnataka,GULBARGA,2000,Dry ginger,52.0
Karnataka,GULBARGA,2000,Groundnut,35519.0
Karnataka,GULBARGA,2000,Horse-gram,548.0
Karnataka,GULBARGA,2000,Jowar,17264.0
Karnataka,GULBARGA,2000,Maize,5005.0
Karnataka,GULBARGA,2000,Mesta,5700.0
Karnataka,GULBARGA,2000,Moong(Green Gram),71170.0
Karnataka,GULBARGA,2000,Niger seed,295.0
Karnataka,GULBARGA,2000,Other Kharif pulses,364.0
Karnataka,GULBARGA,2000,Ragi,7.0
Karnataka,GULBARGA,2000,Rice,25012.0
Karnataka,GULBARGA,2000,Sesamum,6988.0
Karnataka,GULBARGA,2000,Small millets,989.0
Karnataka,GULBARGA,2000,Soyabean,34.0
Karnataka,GULBARGA,2000,Sunflower,2691.0
Karnataka,GULBARGA,2000,Urad,19321.0
Karnataka,GULBARGA,2000,Gram,93626.0
Karnataka,GULBARGA,2000,Groundnut,37107.0
Karnataka,GULBARGA,2000,Horse-gram,607.0
Karnataka,GULBARGA,2000,Jowar,218924.0
Karnataka,GULBARGA,2000,Linseed,371.0
Karnataka,GULBARGA,2000,Maize,332.0
Karnataka,GULBARGA,2000,Other  Rabi pulses,13.0
Karnataka,GULBARGA,2000,Rice,8518.0
Karnataka,GULBARGA,2000,Safflower,18416.0
Karnataka,GULBARGA,2000,Sunflower,3520.0
Karnataka,GULBARGA,2000,Wheat,23660.0
Karnataka,GULBARGA,2000,Jowar,845.0
Karnataka,GULBARGA,2000,Maize,1156.0
Karnataka,GULBARGA,2000,Rice,27759.0
Karnataka,GULBARGA,2000,Sunflower,914.0
Karnataka,GULBARGA,2000,Banana,54176.0
Karnataka,GULBARGA,2000,Coconut ,3995.0
Karnataka,GULBARGA,2000,Coriander,10.0
Karnataka,GULBARGA,2000,Dry chillies,4041.0
Karnataka,GULBARGA,2000,Garlic,42.0
Karnataka,GULBARGA,2000,Onion,16974.0
Karnataka,GULBARGA,2000,Potato,31.0
Karnataka,GULBARGA,2000,Sannhamp,4.0
Karnataka,GULBARGA,2000,Sugarcane,680012.0
Karnataka,GULBARGA,2000,Sweet potato,205.0
Karnataka,GULBARGA,2000,Turmeric,5168.0
Karnataka,GULBARGA,2001,Arhar/Tur,81329.0
Karnataka,GULBARGA,2001,Bajra,41750.0
Karnataka,GULBARGA,2001,Castor seed,48.0
Karnataka,GULBARGA,2001,Cotton(lint),53835.0
Karnataka,GULBARGA,2001,Dry ginger,183.0
Karnataka,GULBARGA,2001,Groundnut,50187.0
Karnataka,GULBARGA,2001,Horse-gram,818.0
Karnataka,GULBARGA,2001,Jowar,11994.0
Karnataka,GULBARGA,2001,Maize,4135.0
Karnataka,GULBARGA,2001,Mesta,4083.0
Karnataka,GULBARGA,2001,Moong(Green Gram),23673.0
Karnataka,GULBARGA,2001,Niger seed,203.0
Karnataka,GULBARGA,2001,Other Kharif pulses,229.0
Karnataka,GULBARGA,2001,Rice,32644.0
Karnataka,GULBARGA,2001,Sesamum,4938.0
Karnataka,GULBARGA,2001,Small millets,565.0
Karnataka,GULBARGA,2001,Soyabean,13.0
Karnataka,GULBARGA,2001,Sunflower,6698.0
Karnataka,GULBARGA,2001,Urad,14646.0
Karnataka,GULBARGA,2001,Gram,121548.0
Karnataka,GULBARGA,2001,Horse-gram,548.0
Karnataka,GULBARGA,2001,Jowar,264658.0
Karnataka,GULBARGA,2001,Linseed,363.0
Karnataka,GULBARGA,2001,Maize,277.0
Karnataka,GULBARGA,2001,Other  Rabi pulses,4.0
Karnataka,GULBARGA,2001,Rice,4620.0
Karnataka,GULBARGA,2001,Safflower,16388.0
Karnataka,GULBARGA,2001,Sunflower,14331.0
Karnataka,GULBARGA,2001,Wheat,17455.0
Karnataka,GULBARGA,2001,Jowar,206.0
Karnataka,GULBARGA,2001,Maize,618.0
Karnataka,GULBARGA,2001,Rice,28281.0
Karnataka,GULBARGA,2001,Sunflower,1418.0
Karnataka,GULBARGA,2001,Black pepper,2.0
Karnataka,GULBARGA,2001,Coconut ,4357.0
Karnataka,GULBARGA,2001,Coriander,10.0
Karnataka,GULBARGA,2001,Dry chillies,8007.0
Karnataka,GULBARGA,2001,Onion,25953.0
Karnataka,GULBARGA,2001,Potato,44.0
Karnataka,GULBARGA,2001,Sannhamp,2.0
Karnataka,GULBARGA,2001,Sugarcane,575032.0
Karnataka,GULBARGA,2001,Turmeric,1727.0
Karnataka,GULBARGA,2002,Arhar/Tur,161667.0
Karnataka,GULBARGA,2002,Bajra,45774.0
Karnataka,GULBARGA,2002,Castor seed,30.0
Karnataka,GULBARGA,2002,Cotton(lint),43235.0
Karnataka,GULBARGA,2002,Dry ginger,157.0
Karnataka,GULBARGA,2002,Groundnut,15291.0
Karnataka,GULBARGA,2002,Horse-gram,323.0
Karnataka,GULBARGA,2002,Jowar,8070.0
Karnataka,GULBARGA,2002,Maize,3741.0
Karnataka,GULBARGA,2002,Mesta,3136.0
Karnataka,GULBARGA,2002,Moong(Green Gram),7480.0
Karnataka,GULBARGA,2002,Niger seed,122.0
Karnataka,GULBARGA,2002,Other Kharif pulses,215.0
Karnataka,GULBARGA,2002,Rice,48090.0
Karnataka,GULBARGA,2002,Sesamum,4894.0
Karnataka,GULBARGA,2002,Small millets,383.0
Karnataka,GULBARGA,2002,Soyabean,17.0
Karnataka,GULBARGA,2002,Sunflower,42044.0
Karnataka,GULBARGA,2002,Urad,9378.0
Karnataka,GULBARGA,2002,Gram,103350.0
Karnataka,GULBARGA,2002,Groundnut,47648.0
Karnataka,GULBARGA,2002,Horse-gram,212.0
Karnataka,GULBARGA,2002,Jowar,239661.0
Karnataka,GULBARGA,2002,Linseed,277.0
Karnataka,GULBARGA,2002,Maize,276.0
Karnataka,GULBARGA,2002,Moong(Green Gram),1.0
Karnataka,GULBARGA,2002,Other  Rabi pulses,8.0
Karnataka,GULBARGA,2002,Rapeseed &Mustard,27.0
Karnataka,GULBARGA,2002,Rice,12198.0
Karnataka,GULBARGA,2002,Safflower,13829.0
Karnataka,GULBARGA,2002,Sunflower,37704.0
Karnataka,GULBARGA,2002,Wheat,9759.0
Karnataka,GULBARGA,2002,Jowar,33.0
Karnataka,GULBARGA,2002,Maize,657.0
Karnataka,GULBARGA,2002,Rice,41226.0
Karnataka,GULBARGA,2002,Sunflower,1379.0
Karnataka,GULBARGA,2002,Banana,50652.0
Karnataka,GULBARGA,2002,Black pepper,2.0
Karnataka,GULBARGA,2002,Brinjal,3429.0
Karnataka,GULBARGA,2002,Cashewnut Processed,0.0
Karnataka,GULBARGA,2002,Cashewnut Raw,1.0
Karnataka,GULBARGA,2002,Citrus Fruit,5429.0
Karnataka,GULBARGA,2002,Coconut ,4387.0
Karnataka,GULBARGA,2002,Coriander,10.0
Karnataka,GULBARGA,2002,Dry chillies,14934.0
Karnataka,GULBARGA,2002,Garlic,18.0
Karnataka,GULBARGA,2002,Grapes,2932.0
Karnataka,GULBARGA,2002,Mango,3372.0
Karnataka,GULBARGA,2002,Onion,19462.0
Karnataka,GULBARGA,2002,Other Fresh Fruits,210.0
Karnataka,GULBARGA,2002,Papaya,153.0
Karnataka,GULBARGA,2002,Pome Fruit,973.0
Karnataka,GULBARGA,2002,Potato,26.0
Karnataka,GULBARGA,2002,Sannhamp,2.0
Karnataka,GULBARGA,2002,Sugarcane,414280.0
Karnataka,GULBARGA,2002,Sweet potato,146.0
Karnataka,GULBARGA,2002,Tobacco,3.0
Karnataka,GULBARGA,2002,Tomato,4216.0
Karnataka,GULBARGA,2002,Turmeric,657.0
Karnataka,GULBARGA,2003,Arhar/Tur,136616.0
Karnataka,GULBARGA,2003,Bajra,52136.0
Karnataka,GULBARGA,2003,Castor seed,48.0
Karnataka,GULBARGA,2003,Cotton(lint),48613.0
Karnataka,GULBARGA,2003,Dry ginger,196.0
Karnataka,GULBARGA,2003,Groundnut,17995.0
Karnataka,GULBARGA,2003,Horse-gram,281.0
Karnataka,GULBARGA,2003,Jowar,7273.0
Karnataka,GULBARGA,2003,Maize,4459.0
Karnataka,GULBARGA,2003,Mesta,4848.0
Karnataka,GULBARGA,2003,Moong(Green Gram),23485.0
Karnataka,GULBARGA,2003,Niger seed,242.0
Karnataka,GULBARGA,2003,Other Kharif pulses,299.0
Karnataka,GULBARGA,2003,Rice,75482.0
Karnataka,GULBARGA,2003,Sesamum,8254.0
Karnataka,GULBARGA,2003,Small millets,450.0
Karnataka,GULBARGA,2003,Soyabean,85.0
Karnataka,GULBARGA,2003,Sunflower,50359.0
Karnataka,GULBARGA,2003,Urad,14213.0
Karnataka,GULBARGA,2003,Gram,82448.0
Karnataka,GULBARGA,2003,Groundnut,31997.0
Karnataka,GULBARGA,2003,Horse-gram,295.0
Karnataka,GULBARGA,2003,Jowar,165105.0
Karnataka,GULBARGA,2003,Linseed,37.0
Karnataka,GULBARGA,2003,Maize,295.0
Karnataka,GULBARGA,2003,Other  Rabi pulses,2.0
Karnataka,GULBARGA,2003,Rapeseed &Mustard,36.0
Karnataka,GULBARGA,2003,Rice,9863.0
Karnataka,GULBARGA,2003,Safflower,8363.0
Karnataka,GULBARGA,2003,Sunflower,26527.0
Karnataka,GULBARGA,2003,Wheat,7700.0
Karnataka,GULBARGA,2003,Jowar,56.0
Karnataka,GULBARGA,2003,Maize,775.0
Karnataka,GULBARGA,2003,Rice,104074.0
Karnataka,GULBARGA,2003,Sunflower,1417.0
Karnataka,GULBARGA,2003,Banana,10061.0
Karnataka,GULBARGA,2003,Beans & Mutter(Vegetable),17.0
Karnataka,GULBARGA,2003,Brinjal,2782.0
Karnataka,GULBARGA,2003,Citrus Fruit,3236.0
Karnataka,GULBARGA,2003,Coconut ,3809.0
Karnataka,GULBARGA,2003,Coriander,11.0
Karnataka,GULBARGA,2003,Dry chillies,12863.0
Karnataka,GULBARGA,2003,Garlic,6.0
Karnataka,GULBARGA,2003,Grapes,4308.0
Karnataka,GULBARGA,2003,Mango,4499.0
Karnataka,GULBARGA,2003,Onion,23597.0
Karnataka,GULBARGA,2003,Other Fresh Fruits,197.0
Karnataka,GULBARGA,2003,Pome Fruit,608.0
Karnataka,GULBARGA,2003,Potato,69.0
Karnataka,GULBARGA,2003,Sannhamp,3.0
Karnataka,GULBARGA,2003,Sugarcane,184885.0
Karnataka,GULBARGA,2003,Sweet potato,146.0
Karnataka,GULBARGA,2003,Tomato,4227.0
Karnataka,GULBARGA,2003,Turmeric,412.0
Karnataka,GULBARGA,2004,Arhar/Tur,177356.0
Karnataka,GULBARGA,2004,Bajra,54244.0
Karnataka,GULBARGA,2004,Castor seed,61.0
Karnataka,GULBARGA,2004,Cotton(lint),73916.0
Karnataka,GULBARGA,2004,Dry ginger,26.0
Karnataka,GULBARGA,2004,Groundnut,10724.0
Karnataka,GULBARGA,2004,Horse-gram,406.0
Karnataka,GULBARGA,2004,Jowar,6560.0
Karnataka,GULBARGA,2004,Maize,6679.0
Karnataka,GULBARGA,2004,Mesta,2971.0
Karnataka,GULBARGA,2004,Moong(Green Gram),20955.0
Karnataka,GULBARGA,2004,Niger seed,231.0
Karnataka,GULBARGA,2004,Other Kharif pulses,281.4
Karnataka,GULBARGA,2004,Rice,92317.96
Karnataka,GULBARGA,2004,Sesamum,5693.0
Karnataka,GULBARGA,2004,Small millets,408.0
Karnataka,GULBARGA,2004,Soyabean,128.0
Karnataka,GULBARGA,2004,Sunflower,41285.0
Karnataka,GULBARGA,2004,Urad,6662.0
Karnataka,GULBARGA,2004,Gram,86312.0
Karnataka,GULBARGA,2004,Groundnut,30297.0
Karnataka,GULBARGA,2004,Horse-gram,344.0
Karnataka,GULBARGA,2004,Jowar,206449.0
Karnataka,GULBARGA,2004,Linseed,120.0
Karnataka,GULBARGA,2004,Maize,533.0
Karnataka,GULBARGA,2004,Other  Rabi pulses,4.0
Karnataka,GULBARGA,2004,Rapeseed &Mustard,25.0
Karnataka,GULBARGA,2004,Rice,11522.0
Karnataka,GULBARGA,2004,Safflower,6566.0
Karnataka,GULBARGA,2004,Sunflower,26509.0
Karnataka,GULBARGA,2004,Wheat,11494.0
Karnataka,GULBARGA,2004,Jowar,98.0
Karnataka,GULBARGA,2004,Maize,1205.0
Karnataka,GULBARGA,2004,Rice,148297.0
Karnataka,GULBARGA,2004,Sunflower,591.0
Karnataka,GULBARGA,2004,Banana,17701.0
Karnataka,GULBARGA,2004,Coconut ,37301.88
Karnataka,GULBARGA,2004,Coriander,13.0
Karnataka,GULBARGA,2004,Dry chillies,9392.0
Karnataka,GULBARGA,2004,Garlic,9.0
Karnataka,GULBARGA,2004,Onion,16844.0
Karnataka,GULBARGA,2004,Potato,66.0
Karnataka,GULBARGA,2004,Sannhamp,4.0
Karnataka,GULBARGA,2004,Sweet potato,206.0
Karnataka,GULBARGA,2004,Turmeric,798.0
Karnataka,GULBARGA,2005,Arhar/Tur,273447.0
Karnataka,GULBARGA,2005,Bajra,70441.0
Karnataka,GULBARGA,2005,Castor seed,345.0
Karnataka,GULBARGA,2005,Dry chillies,6915.0
Karnataka,GULBARGA,2005,Groundnut,12419.0
Karnataka,GULBARGA,2005,Horse-gram,672.0
Karnataka,GULBARGA,2005,Jowar,6663.0
Karnataka,GULBARGA,2005,Maize,11596.0
Karnataka,GULBARGA,2005,Moong(Green Gram),23365.0
Karnataka,GULBARGA,2005,Niger seed,196.0
Karnataka,GULBARGA,2005,Onion,4836.0
Karnataka,GULBARGA,2005,Other Kharif pulses,281.0
Karnataka,GULBARGA,2005,Potato,7.0
Karnataka,GULBARGA,2005,Ragi,7.0
Karnataka,GULBARGA,2005,Rice,129091.0
Karnataka,GULBARGA,2005,Sesamum,12982.0
Karnataka,GULBARGA,2005,Small millets,381.0
Karnataka,GULBARGA,2005,Soyabean,463.0
Karnataka,GULBARGA,2005,Sunflower,48043.0
Karnataka,GULBARGA,2005,Urad,11051.0
Karnataka,GULBARGA,2005,Dry chillies,228.0
Karnataka,GULBARGA,2005,Gram,83283.0
Karnataka,GULBARGA,2005,Groundnut,36587.0
Karnataka,GULBARGA,2005,Horse-gram,323.0
Karnataka,GULBARGA,2005,Jowar,252008.0
Karnataka,GULBARGA,2005,Linseed,216.0
Karnataka,GULBARGA,2005,Maize,566.0
Karnataka,GULBARGA,2005,Onion,28433.0
Karnataka,GULBARGA,2005,Other  Rabi pulses,5.0
Karnataka,GULBARGA,2005,Potato,127.0
Karnataka,GULBARGA,2005,Rapeseed &Mustard,69.0
Karnataka,GULBARGA,2005,Rice,10745.0
Karnataka,GULBARGA,2005,Safflower,10882.0
Karnataka,GULBARGA,2005,Sunflower,27093.0
Karnataka,GULBARGA,2005,Wheat,15003.0
Karnataka,GULBARGA,2005,Dry chillies,190.0
Karnataka,GULBARGA,2005,Jowar,158.0
Karnataka,GULBARGA,2005,Maize,887.0
Karnataka,GULBARGA,2005,Onion,1469.0
Karnataka,GULBARGA,2005,Rice,109650.0
Karnataka,GULBARGA,2005,Sunflower,873.0
Karnataka,GULBARGA,2005,Banana,20523.0
Karnataka,GULBARGA,2005,Coconut ,3245.0
Karnataka,GULBARGA,2005,Coriander,19.0
Karnataka,GULBARGA,2005,Cotton(lint),103776.0
Karnataka,GULBARGA,2005,Dry ginger,78.0
Karnataka,GULBARGA,2005,Garlic,78.0
Karnataka,GULBARGA,2005,Mesta,1681.0
Karnataka,GULBARGA,2005,Sugarcane,273235.0
Karnataka,GULBARGA,2005,Sweet potato,126.0
Karnataka,GULBARGA,2005,Turmeric,1144.0
Karnataka,GULBARGA,2006,Arhar/Tur,163528.0
Karnataka,GULBARGA,2006,Bajra,43042.0
Karnataka,GULBARGA,2006,Castor seed,144.0
Karnataka,GULBARGA,2006,Gram,9920.0
Karnataka,GULBARGA,2006,Groundnut,6495.0
Karnataka,GULBARGA,2006,Horse-gram,431.0
Karnataka,GULBARGA,2006,Jowar,5693.0
Karnataka,GULBARGA,2006,Maize,3015.0
Karnataka,GULBARGA,2006,Moong(Green Gram),11190.0
Karnataka,GULBARGA,2006,Niger seed,176.0
Karnataka,GULBARGA,2006,Other Kharif pulses,951.0
Karnataka,GULBARGA,2006,Rapeseed &Mustard,1.0
Karnataka,GULBARGA,2006,Rice,107324.0
Karnataka,GULBARGA,2006,Sesamum,6770.0
Karnataka,GULBARGA,2006,Small millets,104.0
Karnataka,GULBARGA,2006,Soyabean,536.0
Karnataka,GULBARGA,2006,Sunflower,15620.0
Karnataka,GULBARGA,2006,Urad,9920.0
Karnataka,GULBARGA,2006,Bajra,4.0
Karnataka,GULBARGA,2006,Gram,81566.0
Karnataka,GULBARGA,2006,Groundnut,18072.0
Karnataka,GULBARGA,2006,Horse-gram,239.0
Karnataka,GULBARGA,2006,Jowar,222336.0
Karnataka,GULBARGA,2006,Linseed,211.0
Karnataka,GULBARGA,2006,Maize,293.0
Karnataka,GULBARGA,2006,Other  Rabi pulses,19.0
Karnataka,GULBARGA,2006,Rice,5543.0
Karnataka,GULBARGA,2006,Safflower,8420.0
Karnataka,GULBARGA,2006,Sunflower,17603.0
Karnataka,GULBARGA,2006,Wheat,12674.0
Karnataka,GULBARGA,2006,Jowar,86.0
Karnataka,GULBARGA,2006,Maize,1022.0
Karnataka,GULBARGA,2006,Rice,75944.0
Karnataka,GULBARGA,2006,Sunflower,854.0
Karnataka,GULBARGA,2006,Banana,25622.0
Karnataka,GULBARGA,2006,Coconut ,3009.0
Karnataka,GULBARGA,2006,Coriander,5.0
Karnataka,GULBARGA,2006,Cotton(lint),85067.0
Karnataka,GULBARGA,2006,Dry chillies,7443.0
Karnataka,GULBARGA,2006,Dry ginger,104.0
Karnataka,GULBARGA,2006,Garlic,75.0
Karnataka,GULBARGA,2006,Mesta,1859.0
Karnataka,GULBARGA,2006,Onion,19607.0
Karnataka,GULBARGA,2006,Potato,247.0
Karnataka,GULBARGA,2006,Sugarcane,324064.0
Karnataka,GULBARGA,2006,Sweet potato,40.0
Karnataka,GULBARGA,2006,Turmeric,614.0
Karnataka,GULBARGA,2007,Arhar/Tur,302817.0
Karnataka,GULBARGA,2007,Bajra,48530.0
Karnataka,GULBARGA,2007,Castor seed,59.0
Karnataka,GULBARGA,2007,Dry chillies,8131.0
Karnataka,GULBARGA,2007,Groundnut,12907.0
Karnataka,GULBARGA,2007,Horse-gram,539.0
Karnataka,GULBARGA,2007,Jowar,9060.0
Karnataka,GULBARGA,2007,Maize,4887.0
Karnataka,GULBARGA,2007,Moong(Green Gram),30421.0
Karnataka,GULBARGA,2007,Niger seed,407.0
Karnataka,GULBARGA,2007,Onion,9055.0
Karnataka,GULBARGA,2007,Other Kharif pulses,719.0
Karnataka,GULBARGA,2007,Potato,145.0
Karnataka,GULBARGA,2007,Rapeseed &Mustard,3.0
Karnataka,GULBARGA,2007,Rice,141389.0
Karnataka,GULBARGA,2007,Sesamum,9310.0
Karnataka,GULBARGA,2007,Small millets,105.0
Karnataka,GULBARGA,2007,Soyabean,341.0
Karnataka,GULBARGA,2007,Sunflower,33263.0
Karnataka,GULBARGA,2007,Urad,34345.0
Karnataka,GULBARGA,2007,Bajra,2.0
Karnataka,GULBARGA,2007,Dry chillies,70.0
Karnataka,GULBARGA,2007,Gram,94324.0
Karnataka,GULBARGA,2007,Groundnut,26538.0
Karnataka,GULBARGA,2007,Horse-gram,288.0
Karnataka,GULBARGA,2007,Jowar,245291.0
Karnataka,GULBARGA,2007,Linseed,158.0
Karnataka,GULBARGA,2007,Maize,955.0
Karnataka,GULBARGA,2007,Onion,18001.0
Karnataka,GULBARGA,2007,Other  Rabi pulses,13.0
Karnataka,GULBARGA,2007,Potato,62.0
Karnataka,GULBARGA,2007,Rice,5477.0
Karnataka,GULBARGA,2007,Safflower,7734.0
Karnataka,GULBARGA,2007,Sunflower,13711.0
Karnataka,GULBARGA,2007,Wheat,17282.0
Karnataka,GULBARGA,2007,Dry chillies,146.0
Karnataka,GULBARGA,2007,Jowar,29.0
Karnataka,GULBARGA,2007,Maize,1027.0
Karnataka,GULBARGA,2007,Onion,777.0
Karnataka,GULBARGA,2007,Rice,76379.0
Karnataka,GULBARGA,2007,Sunflower,1366.0
Karnataka,GULBARGA,2007,Banana,22293.0
Karnataka,GULBARGA,2007,Coconut ,2887.0
Karnataka,GULBARGA,2007,Coriander,3.0
Karnataka,GULBARGA,2007,Cotton(lint),106214.0
Karnataka,GULBARGA,2007,Dry ginger,103.0
Karnataka,GULBARGA,2007,Garlic,6.0
Karnataka,GULBARGA,2007,Mesta,1652.0
Karnataka,GULBARGA,2007,Sugarcane,802372.0
Karnataka,GULBARGA,2007,Sweet potato,13.0
Karnataka,GULBARGA,2007,Turmeric,2489.0
Karnataka,GULBARGA,2008,Arhar/Tur,187606.0
Karnataka,GULBARGA,2008,Bajra,41894.0
Karnataka,GULBARGA,2008,Castor seed,79.0
Karnataka,GULBARGA,2008,Dry chillies,4994.0
Karnataka,GULBARGA,2008,Groundnut,9100.0
Karnataka,GULBARGA,2008,Horse-gram,363.0
Karnataka,GULBARGA,2008,Jowar,10776.0
Karnataka,GULBARGA,2008,Maize,8820.0
Karnataka,GULBARGA,2008,Moong(Green Gram),16752.0
Karnataka,GULBARGA,2008,Niger seed,421.0
Karnataka,GULBARGA,2008,Onion,3441.0
Karnataka,GULBARGA,2008,Other Kharif pulses,620.0
Karnataka,GULBARGA,2008,Potato,8.0
Karnataka,GULBARGA,2008,Rice,122202.53
Karnataka,GULBARGA,2008,Sesamum,2305.0
Karnataka,GULBARGA,2008,Soyabean,730.0
Karnataka,GULBARGA,2008,Sunflower,31709.0
Karnataka,GULBARGA,2008,Urad,17994.0
Karnataka,GULBARGA,2008,Dry chillies,103.0
Karnataka,GULBARGA,2008,Gram,113619.0
Karnataka,GULBARGA,2008,Groundnut,17647.0
Karnataka,GULBARGA,2008,Horse-gram,242.0
Karnataka,GULBARGA,2008,Jowar,301618.0
Karnataka,GULBARGA,2008,Linseed,229.0
Karnataka,GULBARGA,2008,Maize,2597.0
Karnataka,GULBARGA,2008,Onion,14014.0
Karnataka,GULBARGA,2008,Other  Rabi pulses,5.0
Karnataka,GULBARGA,2008,Potato,57.0
Karnataka,GULBARGA,2008,Rapeseed &Mustard,6.0
Karnataka,GULBARGA,2008,Rice,7980.0
Karnataka,GULBARGA,2008,Safflower,9101.0
Karnataka,GULBARGA,2008,Sunflower,19767.0
Karnataka,GULBARGA,2008,Wheat,22229.0
Karnataka,GULBARGA,2008,Bajra,61.0
Karnataka,GULBARGA,2008,Dry chillies,194.0
Karnataka,GULBARGA,2008,Jowar,100.0
Karnataka,GULBARGA,2008,Maize,2741.0
Karnataka,GULBARGA,2008,Onion,676.0
Karnataka,GULBARGA,2008,Rice,86388.0
Karnataka,GULBARGA,2008,Sunflower,540.0
Karnataka,GULBARGA,2008,Banana,19734.0
Karnataka,GULBARGA,2008,Coconut ,3514.0
Karnataka,GULBARGA,2008,Coriander,10.0
Karnataka,GULBARGA,2008,Cotton(lint),185757.0
Karnataka,GULBARGA,2008,Dry ginger,287.0
Karnataka,GULBARGA,2008,Garlic,22.0
Karnataka,GULBARGA,2008,Mesta,993.0
Karnataka,GULBARGA,2008,Sannhamp,1.0
Karnataka,GULBARGA,2008,Sugarcane,407527.0
Karnataka,GULBARGA,2008,Sweet potato,142.0
Karnataka,GULBARGA,2008,Turmeric,954.0
Karnataka,GULBARGA,2009,Arhar/Tur,153285.0
Karnataka,GULBARGA,2009,Bajra,20403.0
Karnataka,GULBARGA,2009,Castor seed,83.0
Karnataka,GULBARGA,2009,Gram,256.0
Karnataka,GULBARGA,2009,Groundnut,3610.0
Karnataka,GULBARGA,2009,Horse-gram,256.0
Karnataka,GULBARGA,2009,Jowar,5182.0
Karnataka,GULBARGA,2009,Maize,4138.0
Karnataka,GULBARGA,2009,Moong(Green Gram),2848.0
Karnataka,GULBARGA,2009,Niger seed,180.0
Karnataka,GULBARGA,2009,Onion,2929.0
Karnataka,GULBARGA,2009,Other Kharif pulses,496.0
Karnataka,GULBARGA,2009,Potato,25.0
Karnataka,GULBARGA,2009,Rice,91024.31
Karnataka,GULBARGA,2009,Sesamum,1288.0
Karnataka,GULBARGA,2009,Small millets,36.0
Karnataka,GULBARGA,2009,Soyabean,192.0
Karnataka,GULBARGA,2009,Sunflower,15846.0
Karnataka,GULBARGA,2009,Urad,1096.0
Karnataka,GULBARGA,2009,Dry chillies,143.0
Karnataka,GULBARGA,2009,Gram,138.0
Karnataka,GULBARGA,2009,Groundnut,35207.0
Karnataka,GULBARGA,2009,Horse-gram,138.0
Karnataka,GULBARGA,2009,Jowar,308217.0
Karnataka,GULBARGA,2009,Linseed,221.0
Karnataka,GULBARGA,2009,Maize,621.0
Karnataka,GULBARGA,2009,Onion,9335.0
Karnataka,GULBARGA,2009,Other  Rabi pulses,11.0
Karnataka,GULBARGA,2009,Potato,59.0
Karnataka,GULBARGA,2009,Rapeseed &Mustard,9.0
Karnataka,GULBARGA,2009,Rice,4529.0
Karnataka,GULBARGA,2009,Safflower,10949.0
Karnataka,GULBARGA,2009,Sunflower,14621.0
Karnataka,GULBARGA,2009,Wheat,26294.0
Karnataka,GULBARGA,2009,Bajra,279.0
Karnataka,GULBARGA,2009,Dry chillies,405.0
Karnataka,GULBARGA,2009,Jowar,510.0
Karnataka,GULBARGA,2009,Maize,2382.0
Karnataka,GULBARGA,2009,Onion,939.0
Karnataka,GULBARGA,2009,Rice,84951.0
Karnataka,GULBARGA,2009,Sunflower,831.0
Karnataka,GULBARGA,2009,Banana,44740.0
Karnataka,GULBARGA,2009,Coconut ,3406.0
Karnataka,GULBARGA,2009,Coriander,6.0
Karnataka,GULBARGA,2009,Cotton(lint),55471.0
Karnataka,GULBARGA,2009,Dry ginger,252.0
Karnataka,GULBARGA,2009,Garlic,27.0
Karnataka,GULBARGA,2009,Mesta,322.0
Karnataka,GULBARGA,2009,Sugarcane,763482.0
Karnataka,GULBARGA,2009,Sweet potato,66.0
Karnataka,GULBARGA,2009,Turmeric,538.0
Karnataka,GULBARGA,2010,Arhar/Tur,206718.0
Karnataka,GULBARGA,2010,Bajra,13796.0
Karnataka,GULBARGA,2010,Castor seed,57.0
Karnataka,GULBARGA,2010,Cotton(lint),38254.0
Karnataka,GULBARGA,2010,Cowpea(Lobia),285.0
Karnataka,GULBARGA,2010,Dry chillies,2861.0
Karnataka,GULBARGA,2010,Groundnut,583.0
Karnataka,GULBARGA,2010,Horse-gram,648.0
Karnataka,GULBARGA,2010,Jowar,2313.0
Karnataka,GULBARGA,2010,Maize,11018.0
Karnataka,GULBARGA,2010,Moong(Green Gram),16013.0
Karnataka,GULBARGA,2010,Niger seed,174.0
Karnataka,GULBARGA,2010,Onion,4242.0
Karnataka,GULBARGA,2010,Other Kharif pulses,167.0
Karnataka,GULBARGA,2010,Potato,61.0
Karnataka,GULBARGA,2010,Rice,4822.0
Karnataka,GULBARGA,2010,Sesamum,4228.0
Karnataka,GULBARGA,2010,Small millets,7.0
Karnataka,GULBARGA,2010,Soyabean,140.0
Karnataka,GULBARGA,2010,Sunflower,8592.0
Karnataka,GULBARGA,2010,Urad,18281.0
Karnataka,GULBARGA,2010,Dry chillies,223.0
Karnataka,GULBARGA,2010,Gram,147961.0
Karnataka,GULBARGA,2010,Groundnut,2930.0
Karnataka,GULBARGA,2010,Horse-gram,47.0
Karnataka,GULBARGA,2010,Jowar,173408.0
Karnataka,GULBARGA,2010,Linseed,184.0
Karnataka,GULBARGA,2010,Maize,404.0
Karnataka,GULBARGA,2010,Onion,6733.0
Karnataka,GULBARGA,2010,Rapeseed &Mustard,5.0
Karnataka,GULBARGA,2010,Rice,1850.0
Karnataka,GULBARGA,2010,Safflower,5520.0
Karnataka,GULBARGA,2010,Sunflower,4284.0
Karnataka,GULBARGA,2010,Wheat,26539.0
Karnataka,GULBARGA,2010,Dry chillies,301.0
Karnataka,GULBARGA,2010,Maize,2713.0
Karnataka,GULBARGA,2010,Onion,2032.0
Karnataka,GULBARGA,2010,Rice,2913.0
Karnataka,GULBARGA,2010,Sunflower,165.0
Karnataka,GULBARGA,2010,Banana,60127.0
Karnataka,GULBARGA,2010,Coconut ,2275.0
Karnataka,GULBARGA,2010,Coriander,4.0
Karnataka,GULBARGA,2010,Dry ginger,260.5
Karnataka,GULBARGA,2010,Garlic,19.0
Karnataka,GULBARGA,2010,Mesta,397.0
Karnataka,GULBARGA,2010,Sugarcane,724252.0
Karnataka,GULBARGA,2010,Turmeric,573.0
Karnataka,GULBARGA,2011,Arhar/Tur,175998.0
Karnataka,GULBARGA,2011,Bajra,16845.0
Karnataka,GULBARGA,2011,Castor seed,91.0
Karnataka,GULBARGA,2011,Cotton(lint),107190.0
Karnataka,GULBARGA,2011,Cowpea(Lobia),404.0
Karnataka,GULBARGA,2011,Dry chillies,2853.0
Karnataka,GULBARGA,2011,Groundnut,932.0
Karnataka,GULBARGA,2011,Horse-gram,629.0
Karnataka,GULBARGA,2011,Jowar,3376.0
Karnataka,GULBARGA,2011,Maize,13977.0
Karnataka,GULBARGA,2011,Moong(Green Gram),7991.0
Karnataka,GULBARGA,2011,Niger seed,344.0
Karnataka,GULBARGA,2011,Onion,3623.0
Karnataka,GULBARGA,2011,Other Kharif pulses,478.0
Karnataka,GULBARGA,2011,Peas & beans (Pulses),71.0
Karnataka,GULBARGA,2011,Potato,826.0
Karnataka,GULBARGA,2011,Rice,5331.0
Karnataka,GULBARGA,2011,Sesamum,2744.0
Karnataka,GULBARGA,2011,Small millets,8.0
Karnataka,GULBARGA,2011,Soyabean,320.0
Karnataka,GULBARGA,2011,Sunflower,11108.0
Karnataka,GULBARGA,2011,Urad,11139.0
Karnataka,GULBARGA,2011,Dry chillies,337.0
Karnataka,GULBARGA,2011,Gram,116889.0
Karnataka,GULBARGA,2011,Groundnut,4195.0
Karnataka,GULBARGA,2011,Horse-gram,41.0
Karnataka,GULBARGA,2011,Jowar,190996.0
Karnataka,GULBARGA,2011,Linseed,97.0
Karnataka,GULBARGA,2011,Maize,190.0
Karnataka,GULBARGA,2011,Onion,18982.0
Karnataka,GULBARGA,2011,Rapeseed &Mustard,2.0
Karnataka,GULBARGA,2011,Rice,718.0
Karnataka,GULBARGA,2011,Safflower,3962.0
Karnataka,GULBARGA,2011,Sunflower,6742.0
Karnataka,GULBARGA,2011,Wheat,24893.0
Karnataka,GULBARGA,2011,Dry chillies,140.0
Karnataka,GULBARGA,2011,Maize,1104.0
Karnataka,GULBARGA,2011,Onion,573.0
Karnataka,GULBARGA,2011,Rice,182.0
Karnataka,GULBARGA,2011,Sunflower,95.0
Karnataka,GULBARGA,2011,Banana,68891.0
Karnataka,GULBARGA,2011,Coconut ,2406.0
Karnataka,GULBARGA,2011,Coriander,4.0
Karnataka,GULBARGA,2011,Dry ginger,642.7
Karnataka,GULBARGA,2011,Garlic,17.0
Karnataka,GULBARGA,2011,Mesta,434.0
Karnataka,GULBARGA,2011,Sugarcane,615773.0
Karnataka,GULBARGA,2011,Turmeric,5204.0
Karnataka,GULBARGA,2012,Arhar/Tur,250736.0
Karnataka,GULBARGA,2012,Bajra,16961.0
Karnataka,GULBARGA,2012,Castor seed,7.0
Karnataka,GULBARGA,2012,Cotton(lint),90771.0
Karnataka,GULBARGA,2012,Cowpea(Lobia),118.0
Karnataka,GULBARGA,2012,Dry chillies,153.0
Karnataka,GULBARGA,2012,Groundnut,610.0
Karnataka,GULBARGA,2012,Horse-gram,177.0
Karnataka,GULBARGA,2012,Jowar,4092.0
Karnataka,GULBARGA,2012,Maize,13278.0
Karnataka,GULBARGA,2012,Moong(Green Gram),10148.0
Karnataka,GULBARGA,2012,Niger seed,73.0
Karnataka,GULBARGA,2012,Onion,3934.0
Karnataka,GULBARGA,2012,Other Kharif pulses,202.0
Karnataka,GULBARGA,2012,Potato,185.0
Karnataka,GULBARGA,2012,Rice,4834.0
Karnataka,GULBARGA,2012,Sesamum,2651.0
Karnataka,GULBARGA,2012,Small millets,5.0
Karnataka,GULBARGA,2012,Soyabean,3416.0
Karnataka,GULBARGA,2012,Sunflower,12079.0
Karnataka,GULBARGA,2012,Urad,16646.0
Karnataka,GULBARGA,2012,Dry chillies,71.0
Karnataka,GULBARGA,2012,Gram,129137.0
Karnataka,GULBARGA,2012,Groundnut,1137.0
Karnataka,GULBARGA,2012,Jowar,217123.0
Karnataka,GULBARGA,2012,Linseed,46.0
Karnataka,GULBARGA,2012,Maize,591.0
Karnataka,GULBARGA,2012,Onion,4227.0
Karnataka,GULBARGA,2012,Rice,2277.0
Karnataka,GULBARGA,2012,Safflower,4807.0
Karnataka,GULBARGA,2012,Sunflower,9934.0
Karnataka,GULBARGA,2012,Wheat,14787.0
Karnataka,GULBARGA,2012,Dry chillies,65.0
Karnataka,GULBARGA,2012,Groundnut,2310.0
Karnataka,GULBARGA,2012,Maize,2383.0
Karnataka,GULBARGA,2012,Onion,289.0
Karnataka,GULBARGA,2012,Rice,210.0
Karnataka,GULBARGA,2012,Sunflower,148.0
Karnataka,GULBARGA,2012,Coconut ,1782.0
Karnataka,GULBARGA,2012,Coriander,7.0
Karnataka,GULBARGA,2012,Dry ginger,64.0
Karnataka,GULBARGA,2012,Garlic,16.0
Karnataka,GULBARGA,2012,Mesta,234.0
Karnataka,GULBARGA,2012,Sugarcane,731169.0
Karnataka,GULBARGA,2012,Sweet potato,78.0
Karnataka,GULBARGA,2012,Turmeric,920.0
Karnataka,GULBARGA,2013,Arhar/Tur,394592.0
Karnataka,GULBARGA,2013,Bajra,19870.0
Karnataka,GULBARGA,2013,Cotton(lint),269445.0
Karnataka,GULBARGA,2013,Cowpea(Lobia),107.0
Karnataka,GULBARGA,2013,Dry chillies,2581.0
Karnataka,GULBARGA,2013,Groundnut,592.0
Karnataka,GULBARGA,2013,Horse-gram,195.0
Karnataka,GULBARGA,2013,Jowar,4703.0
Karnataka,GULBARGA,2013,Maize,13705.0
Karnataka,GULBARGA,2013,Moong(Green Gram),17077.0
Karnataka,GULBARGA,2013,Niger seed,116.0
Karnataka,GULBARGA,2013,Onion,4703.0
Karnataka,GULBARGA,2013,Other Kharif pulses,232.0
Karnataka,GULBARGA,2013,Potato,26.0
Karnataka,GULBARGA,2013,Rapeseed &Mustard,1.0
Karnataka,GULBARGA,2013,Rice,11335.0
Karnataka,GULBARGA,2013,Sesamum,3202.0
Karnataka,GULBARGA,2013,Small millets,8.0
Karnataka,GULBARGA,2013,Soyabean,8334.0
Karnataka,GULBARGA,2013,Sunflower,16281.0
Karnataka,GULBARGA,2013,Urad,22033.0
Karnataka,GULBARGA,2013,Dry chillies,17.0
Karnataka,GULBARGA,2013,Gram,155732.0
Karnataka,GULBARGA,2013,Jowar,292750.0
Karnataka,GULBARGA,2013,Linseed,62.0
Karnataka,GULBARGA,2013,Maize,1295.0
Karnataka,GULBARGA,2013,Onion,4867.0
Karnataka,GULBARGA,2013,Rice,1949.0
Karnataka,GULBARGA,2013,Safflower,5719.0
Karnataka,GULBARGA,2013,Sunflower,10777.0
Karnataka,GULBARGA,2013,Wheat,23502.0
Karnataka,GULBARGA,2013,Dry chillies,130.0
Karnataka,GULBARGA,2013,Groundnut,2416.0
Karnataka,GULBARGA,2013,Maize,801.0
Karnataka,GULBARGA,2013,Onion,322.0
Karnataka,GULBARGA,2013,Rice,249.0
Karnataka,GULBARGA,2013,Sunflower,62.0
Karnataka,GULBARGA,2013,Coconut ,944.0
Karnataka,GULBARGA,2013,Coriander,7.0
Karnataka,GULBARGA,2013,Garlic,25.0
Karnataka,GULBARGA,2013,Mesta,156.0
Karnataka,GULBARGA,2013,Sugarcane,1678202.0
Karnataka,GULBARGA,2013,Turmeric,2016.0
Karnataka,GULBARGA,2014,Arhar/Tur,210003.0
Karnataka,GULBARGA,2014,Bajra,18218.0
Karnataka,GULBARGA,2014,Castor seed,48.0
Karnataka,GULBARGA,2014,Cotton(lint),338020.0
Karnataka,GULBARGA,2014,Cowpea(Lobia),221.0
Karnataka,GULBARGA,2014,Groundnut,235.0
Karnataka,GULBARGA,2014,Horse-gram,248.0
Karnataka,GULBARGA,2014,Jowar,1730.0
Karnataka,GULBARGA,2014,Maize,12713.0
Karnataka,GULBARGA,2014,Moong(Green Gram),6362.0
Karnataka,GULBARGA,2014,Niger seed,112.0
Karnataka,GULBARGA,2014,Onion,3646.0
Karnataka,GULBARGA,2014,Other Kharif pulses,220.0
Karnataka,GULBARGA,2014,Potato,326.0
Karnataka,GULBARGA,2014,Rapeseed &Mustard,23.0
Karnataka,GULBARGA,2014,Rice,2887.0
Karnataka,GULBARGA,2014,Sesamum,2277.0
Karnataka,GULBARGA,2014,Small millets,67.0
Karnataka,GULBARGA,2014,Soyabean,13170.0
Karnataka,GULBARGA,2014,Sunflower,12822.0
Karnataka,GULBARGA,2014,Urad,6616.0
Karnataka,GULBARGA,2014,Dry chillies,161.0
Karnataka,GULBARGA,2014,Gram,155482.0
Karnataka,GULBARGA,2014,Jowar,271569.0
Karnataka,GULBARGA,2014,Linseed,104.0
Karnataka,GULBARGA,2014,Maize,87.0
Karnataka,GULBARGA,2014,Onion,11671.0
Karnataka,GULBARGA,2014,Rice,452.0
Karnataka,GULBARGA,2014,Safflower,2398.0
Karnataka,GULBARGA,2014,Sunflower,10692.0
Karnataka,GULBARGA,2014,Wheat,23751.0
Karnataka,GULBARGA,2014,Dry chillies,123.0
Karnataka,GULBARGA,2014,Groundnut,2914.0
Karnataka,GULBARGA,2014,Maize,593.0
Karnataka,GULBARGA,2014,Onion,574.0
Karnataka,GULBARGA,2014,Rice,4542.0
Karnataka,GULBARGA,2014,Sunflower,192.0
Karnataka,GULBARGA,2014,Coconut ,1713.0
Karnataka,GULBARGA,2014,Coriander,15.0
Karnataka,GULBARGA,2014,Sugarcane,3025950.0
Karnataka,HASSAN,1997,Arhar/Tur,828.0
Karnataka,HASSAN,1997,Black pepper,21.0
Karnataka,HASSAN,1997,Dry chillies,4855.0
Karnataka,HASSAN,1997,Dry ginger,32.0
Karnataka,HASSAN,1997,Groundnut,4250.0
Karnataka,HASSAN,1997,Horse-gram,7068.0
Karnataka,HASSAN,1997,Jowar,3318.0
Karnataka,HASSAN,1997,Maize,13259.0
Karnataka,HASSAN,1997,Paddy,220500.0
Karnataka,HASSAN,1997,Ragi,143458.0
Karnataka,HASSAN,1997,Rice,147084.0
Karnataka,HASSAN,1997,Dry chillies,278.0
Karnataka,HASSAN,1997,Groundnut,2488.0
Karnataka,HASSAN,1997,Horse-gram,18636.0
Karnataka,HASSAN,1997,Jowar,630.0
Karnataka,HASSAN,1997,Maize,18.0
Karnataka,HASSAN,1997,Paddy,19042.0
Karnataka,HASSAN,1997,Ragi,18853.0
Karnataka,HASSAN,1997,Rice,12700.0
Karnataka,HASSAN,1997,Paddy,41677.0
Karnataka,HASSAN,1997,Ragi,1459.0
Karnataka,HASSAN,1997,Rice,27796.0
Karnataka,HASSAN,1997,Arecanut,1752.0
Karnataka,HASSAN,1997,Cardamom,344.0
Karnataka,HASSAN,1997,Coriander,32.0
Karnataka,HASSAN,1997,Garlic,32.0
Karnataka,HASSAN,1997,Sugarcane,495343.0
Karnataka,HASSAN,1997,Turmeric,89.0
Karnataka,HASSAN,1998,Arhar/Tur,858.0
Karnataka,HASSAN,1998,Castor seed,1978.0
Karnataka,HASSAN,1998,Cotton(lint),5688.0
Karnataka,HASSAN,1998,Dry ginger,378.0
Karnataka,HASSAN,1998,Groundnut,1826.0
Karnataka,HASSAN,1998,Horse-gram,3213.0
Karnataka,HASSAN,1998,Jowar,3315.0
Karnataka,HASSAN,1998,Maize,16901.0
Karnataka,HASSAN,1998,Moong(Green Gram),843.0
Karnataka,HASSAN,1998,Niger seed,872.0
Karnataka,HASSAN,1998,Onion,154.0
Karnataka,HASSAN,1998,Peas & beans (Pulses),1392.0
Karnataka,HASSAN,1998,Potato,153737.0
Karnataka,HASSAN,1998,Ragi,215818.0
Karnataka,HASSAN,1998,Rapeseed &Mustard,100.0
Karnataka,HASSAN,1998,Rice,129213.0
Karnataka,HASSAN,1998,Sesamum,2411.0
Karnataka,HASSAN,1998,Soyabean,61.0
Karnataka,HASSAN,1998,Sunflower,6342.0
Karnataka,HASSAN,1998,Gram,909.0
Karnataka,HASSAN,1998,Groundnut,2747.0
Karnataka,HASSAN,1998,Horse-gram,13639.0
Karnataka,HASSAN,1998,Jowar,989.0
Karnataka,HASSAN,1998,Maize,304.0
Karnataka,HASSAN,1998,Moong(Green Gram),97.0
Karnataka,HASSAN,1998,Onion,31.0
Karnataka,HASSAN,1998,Peas & beans (Pulses),102.0
Karnataka,HASSAN,1998,Potato,5795.0
Karnataka,HASSAN,1998,Ragi,24563.0
Karnataka,HASSAN,1998,Rice,7771.0
Karnataka,HASSAN,1998,Sunflower,1746.0
Karnataka,HASSAN,1998,Maize,66.0
Karnataka,HASSAN,1998,Onion,35.0
Karnataka,HASSAN,1998,Peas & beans (Pulses),1970.0
Karnataka,HASSAN,1998,Potato,2369.0
Karnataka,HASSAN,1998,Ragi,1098.0
Karnataka,HASSAN,1998,Rice,19264.0
Karnataka,HASSAN,1998,Sunflower,173.0
Karnataka,HASSAN,1998,Arecanut,9666.0
Karnataka,HASSAN,1998,Black pepper,232.0
Karnataka,HASSAN,1998,Cardamom,345.0
Karnataka,HASSAN,1998,Coconut ,270410.0
Karnataka,HASSAN,1998,Coriander,28.0
Karnataka,HASSAN,1998,Dry chillies,4571.0
Karnataka,HASSAN,1998,Garlic,43.0
Karnataka,HASSAN,1998,Turmeric,56.0
Karnataka,HASSAN,1999,Arhar/Tur,780.0
Karnataka,HASSAN,1999,Castor seed,2517.0
Karnataka,HASSAN,1999,Cotton(lint),9278.0
Karnataka,HASSAN,1999,Dry ginger,1303.0
Karnataka,HASSAN,1999,Groundnut,2533.0
Karnataka,HASSAN,1999,Horse-gram,1661.0
Karnataka,HASSAN,1999,Jowar,2769.0
Karnataka,HASSAN,1999,Maize,44007.0
Karnataka,HASSAN,1999,Moong(Green Gram),1132.0
Karnataka,HASSAN,1999,Niger seed,824.0
Karnataka,HASSAN,1999,Other Kharif pulses,3092.0
Karnataka,HASSAN,1999,Ragi,138813.0
Karnataka,HASSAN,1999,Rice,153597.0
Karnataka,HASSAN,1999,Sesamum,2326.0
Karnataka,HASSAN,1999,Small millets,76.0
Karnataka,HASSAN,1999,Soyabean,56.0
Karnataka,HASSAN,1999,Sunflower,4068.0
Karnataka,HASSAN,1999,Urad,510.0
Karnataka,HASSAN,1999,Gram,1182.0
Karnataka,HASSAN,1999,Groundnut,1935.0
Karnataka,HASSAN,1999,Horse-gram,14541.0
Karnataka,HASSAN,1999,Jowar,599.0
Karnataka,HASSAN,1999,Maize,3893.0
Karnataka,HASSAN,1999,Moong(Green Gram),58.0
Karnataka,HASSAN,1999,Other  Rabi pulses,697.0
Karnataka,HASSAN,1999,Ragi,16956.0
Karnataka,HASSAN,1999,Rapeseed &Mustard,90.0
Karnataka,HASSAN,1999,Rice,6383.0
Karnataka,HASSAN,1999,Sunflower,647.0
Karnataka,HASSAN,1999,Urad,73.0
Karnataka,HASSAN,1999,Maize,366.0
Karnataka,HASSAN,1999,Ragi,1297.0
Karnataka,HASSAN,1999,Rice,23954.0
Karnataka,HASSAN,1999,Sunflower,135.0
Karnataka,HASSAN,1999,Banana,26694.0
Karnataka,HASSAN,1999,Black pepper,397.0
Karnataka,HASSAN,1999,Cardamom,356.0
Karnataka,HASSAN,1999,Coconut ,271179.0
Karnataka,HASSAN,1999,Coriander,28.0
Karnataka,HASSAN,1999,Dry chillies,2081.0
Karnataka,HASSAN,1999,Garlic,43.0
Karnataka,HASSAN,1999,Onion,415.0
Karnataka,HASSAN,1999,Potato,139906.0
Karnataka,HASSAN,1999,Sugarcane,576156.0
Karnataka,HASSAN,1999,Sweet potato,1413.0
Karnataka,HASSAN,1999,Tobacco,2433.0
Karnataka,HASSAN,1999,Turmeric,87.0
Karnataka,HASSAN,2000,Arhar/Tur,722.0
Karnataka,HASSAN,2000,Castor seed,1489.0
Karnataka,HASSAN,2000,Cotton(lint),5608.0
Karnataka,HASSAN,2000,Dry ginger,12142.0
Karnataka,HASSAN,2000,Groundnut,1172.0
Karnataka,HASSAN,2000,Horse-gram,1591.0
Karnataka,HASSAN,2000,Jowar,2342.0
Karnataka,HASSAN,2000,Maize,56049.0
Karnataka,HASSAN,2000,Moong(Green Gram),1050.0
Karnataka,HASSAN,2000,Niger seed,1754.0
Karnataka,HASSAN,2000,Other Kharif pulses,3048.0
Karnataka,HASSAN,2000,Ragi,200464.0
Karnataka,HASSAN,2000,Rice,131867.0
Karnataka,HASSAN,2000,Sesamum,2260.0
Karnataka,HASSAN,2000,Small millets,139.0
Karnataka,HASSAN,2000,Soyabean,42.0
Karnataka,HASSAN,2000,Sunflower,3728.0
Karnataka,HASSAN,2000,Urad,498.0
Karnataka,HASSAN,2000,Gram,469.0
Karnataka,HASSAN,2000,Groundnut,3413.0
Karnataka,HASSAN,2000,Horse-gram,9407.0
Karnataka,HASSAN,2000,Jowar,353.0
Karnataka,HASSAN,2000,Maize,1974.0
Karnataka,HASSAN,2000,Moong(Green Gram),44.0
Karnataka,HASSAN,2000,Other  Rabi pulses,440.0
Karnataka,HASSAN,2000,Ragi,8809.0
Karnataka,HASSAN,2000,Rapeseed &Mustard,105.0
Karnataka,HASSAN,2000,Rice,4581.0
Karnataka,HASSAN,2000,Sunflower,248.0
Karnataka,HASSAN,2000,Urad,64.0
Karnataka,HASSAN,2000,Maize,143.0
Karnataka,HASSAN,2000,Ragi,1622.0
Karnataka,HASSAN,2000,Rice,33622.0
Karnataka,HASSAN,2000,Sunflower,45.0
Karnataka,HASSAN,2000,Arecanut,1878.0
Karnataka,HASSAN,2000,Banana,35055.0
Karnataka,HASSAN,2000,Black pepper,455.0
Karnataka,HASSAN,2000,Cardamom,359.0
Karnataka,HASSAN,2000,Coconut ,271705.0
Karnataka,HASSAN,2000,Coriander,17.0
Karnataka,HASSAN,2000,Dry chillies,2843.0
Karnataka,HASSAN,2000,Garlic,11.0
Karnataka,HASSAN,2000,Onion,1255.0
Karnataka,HASSAN,2000,Potato,142180.0
Karnataka,HASSAN,2000,Sugarcane,623276.0
Karnataka,HASSAN,2000,Sweet potato,1463.0
Karnataka,HASSAN,2000,Tobacco,2636.0
Karnataka,HASSAN,2000,Turmeric,98.0
Karnataka,HASSAN,2001,Arhar/Tur,497.0
Karnataka,HASSAN,2001,Castor seed,1685.0
Karnataka,HASSAN,2001,Cotton(lint),4147.0
Karnataka,HASSAN,2001,Dry ginger,13719.0
Karnataka,HASSAN,2001,Groundnut,1274.0
Karnataka,HASSAN,2001,Horse-gram,2380.0
Karnataka,HASSAN,2001,Jowar,1755.0
Karnataka,HASSAN,2001,Maize,53488.0
Karnataka,HASSAN,2001,Moong(Green Gram),954.0
Karnataka,HASSAN,2001,Niger seed,1062.0
Karnataka,HASSAN,2001,Other Kharif pulses,3470.0
Karnataka,HASSAN,2001,Ragi,170597.0
Karnataka,HASSAN,2001,Rice,132604.0
Karnataka,HASSAN,2001,Sesamum,1318.0
Karnataka,HASSAN,2001,Small millets,103.0
Karnataka,HASSAN,2001,Soyabean,15.0
Karnataka,HASSAN,2001,Sunflower,1696.0
Karnataka,HASSAN,2001,Urad,54.0
Karnataka,HASSAN,2001,Gram,931.0
Karnataka,HASSAN,2001,Horse-gram,10781.0
Karnataka,HASSAN,2001,Jowar,663.0
Karnataka,HASSAN,2001,Maize,4215.0
Karnataka,HASSAN,2001,Moong(Green Gram),68.0
Karnataka,HASSAN,2001,Other  Rabi pulses,416.0
Karnataka,HASSAN,2001,Ragi,13707.0
Karnataka,HASSAN,2001,Rapeseed &Mustard,107.0
Karnataka,HASSAN,2001,Rice,4840.0
Karnataka,HASSAN,2001,Sunflower,214.0
Karnataka,HASSAN,2001,Urad,127.0
Karnataka,HASSAN,2001,Maize,250.0
Karnataka,HASSAN,2001,Ragi,356.0
Karnataka,HASSAN,2001,Rice,6693.0
Karnataka,HASSAN,2001,Sunflower,5.0
Karnataka,HASSAN,2001,Arecanut,2079.0
Karnataka,HASSAN,2001,Black pepper,881.0
Karnataka,HASSAN,2001,Coconut ,228596.0
Karnataka,HASSAN,2001,Coriander,35.0
Karnataka,HASSAN,2001,Dry chillies,5573.0
Karnataka,HASSAN,2001,Onion,2212.0
Karnataka,HASSAN,2001,Peas & beans (Pulses),6607.0
Karnataka,HASSAN,2001,Potato,138495.0
Karnataka,HASSAN,2001,Sugarcane,720911.0
Karnataka,HASSAN,2001,Turmeric,93.0
Karnataka,HASSAN,2002,Arhar/Tur,359.0
Karnataka,HASSAN,2002,Castor seed,802.0
Karnataka,HASSAN,2002,Cotton(lint),957.0
Karnataka,HASSAN,2002,Dry ginger,27659.0
Karnataka,HASSAN,2002,Groundnut,314.0
Karnataka,HASSAN,2002,Horse-gram,1336.0
Karnataka,HASSAN,2002,Jowar,2014.0
Karnataka,HASSAN,2002,Maize,51034.0
Karnataka,HASSAN,2002,Moong(Green Gram),511.0
Karnataka,HASSAN,2002,Niger seed,697.0
Karnataka,HASSAN,2002,Other Kharif pulses,2024.0
Karnataka,HASSAN,2002,Ragi,89454.0
Karnataka,HASSAN,2002,Rice,76209.0
Karnataka,HASSAN,2002,Sesamum,1629.0
Karnataka,HASSAN,2002,Small millets,111.0
Karnataka,HASSAN,2002,Soyabean,2.0
Karnataka,HASSAN,2002,Sunflower,2763.0
Karnataka,HASSAN,2002,Urad,107.0
Karnataka,HASSAN,2002,Gram,970.0
Karnataka,HASSAN,2002,Groundnut,1569.0
Karnataka,HASSAN,2002,Horse-gram,4809.0
Karnataka,HASSAN,2002,Jowar,3295.0
Karnataka,HASSAN,2002,Maize,7353.0
Karnataka,HASSAN,2002,Moong(Green Gram),8.0
Karnataka,HASSAN,2002,Other  Rabi pulses,1106.0
Karnataka,HASSAN,2002,Ragi,14114.0
Karnataka,HASSAN,2002,Rapeseed &Mustard,65.0
Karnataka,HASSAN,2002,Rice,3115.0
Karnataka,HASSAN,2002,Sunflower,83.0
Karnataka,HASSAN,2002,Urad,26.0
Karnataka,HASSAN,2002,Maize,141.0
Karnataka,HASSAN,2002,Ragi,322.0
Karnataka,HASSAN,2002,Rice,2880.0
Karnataka,HASSAN,2002,Sunflower,13.0
Karnataka,HASSAN,2002,Arcanut (Processed),3098.0
Karnataka,HASSAN,2002,Atcanut (Raw),16980.0
Karnataka,HASSAN,2002,Banana,41169.0
Karnataka,HASSAN,2002,Beans & Mutter(Vegetable),5834.0
Karnataka,HASSAN,2002,Black pepper,1421.0
Karnataka,HASSAN,2002,Brinjal,17499.0
Karnataka,HASSAN,2002,Cardamom,361.0
Karnataka,HASSAN,2002,Cashewnut Processed,4.0
Karnataka,HASSAN,2002,Cashewnut Raw,15.0
Karnataka,HASSAN,2002,Citrus Fruit,1683.0
Karnataka,HASSAN,2002,Coconut ,240342.0
Karnataka,HASSAN,2002,Coriander,59.0
Karnataka,HASSAN,2002,Dry chillies,10416.0
Karnataka,HASSAN,2002,Garlic,94.0
Karnataka,HASSAN,2002,Mango,9698.0
Karnataka,HASSAN,2002,Onion,1785.0
Karnataka,HASSAN,2002,Other Fresh Fruits,1568.0
Karnataka,HASSAN,2002,Papaya,90.0
Karnataka,HASSAN,2002,Pome Fruit,552.0
Karnataka,HASSAN,2002,Potato,50077.0
Karnataka,HASSAN,2002,Sugarcane,842488.0
Karnataka,HASSAN,2002,Sweet potato,1273.0
Karnataka,HASSAN,2002,Tobacco,4894.0
Karnataka,HASSAN,2002,Tomato,25279.0
Karnataka,HASSAN,2002,Turmeric,134.0
Karnataka,HASSAN,2003,Arhar/Tur,336.0
Karnataka,HASSAN,2003,Castor seed,663.0
Karnataka,HASSAN,2003,Cotton(lint),133.0
Karnataka,HASSAN,2003,Dry ginger,17276.0
Karnataka,HASSAN,2003,Groundnut,103.0
Karnataka,HASSAN,2003,Horse-gram,1335.0
Karnataka,HASSAN,2003,Jowar,1064.0
Karnataka,HASSAN,2003,Maize,36743.0
Karnataka,HASSAN,2003,Moong(Green Gram),1.0
Karnataka,HASSAN,2003,Niger seed,473.0
Karnataka,HASSAN,2003,Other Kharif pulses,3078.0
Karnataka,HASSAN,2003,Ragi,91377.0
Karnataka,HASSAN,2003,Rice,63113.0
Karnataka,HASSAN,2003,Sesamum,465.0
Karnataka,HASSAN,2003,Soyabean,2.0
Karnataka,HASSAN,2003,Sunflower,1468.0
Karnataka,HASSAN,2003,Urad,110.0
Karnataka,HASSAN,2003,Gram,864.0
Karnataka,HASSAN,2003,Groundnut,669.0
Karnataka,HASSAN,2003,Horse-gram,2810.0
Karnataka,HASSAN,2003,Jowar,1574.0
Karnataka,HASSAN,2003,Maize,1498.0
Karnataka,HASSAN,2003,Moong(Green Gram),13.0
Karnataka,HASSAN,2003,Other  Rabi pulses,303.0
Karnataka,HASSAN,2003,Ragi,2543.0
Karnataka,HASSAN,2003,Rapeseed &Mustard,131.0
Karnataka,HASSAN,2003,Rice,1318.0
Karnataka,HASSAN,2003,Sunflower,63.0
Karnataka,HASSAN,2003,Urad,10.0
Karnataka,HASSAN,2003,Maize,239.0
Karnataka,HASSAN,2003,Ragi,287.0
Karnataka,HASSAN,2003,Rice,3258.0
Karnataka,HASSAN,2003,Arecanut,3120.0
Karnataka,HASSAN,2003,Banana,8367.0
Karnataka,HASSAN,2003,Beans & Mutter(Vegetable),1321.0
Karnataka,HASSAN,2003,Black pepper,1574.0
Karnataka,HASSAN,2003,Brinjal,9680.0
Karnataka,HASSAN,2003,Cardamom,363.0
Karnataka,HASSAN,2003,Citrus Fruit,1534.0
Karnataka,HASSAN,2003,Coconut ,249435.0
Karnataka,HASSAN,2003,Coriander,7.0
Karnataka,HASSAN,2003,Dry chillies,2969.0
Karnataka,HASSAN,2003,Garlic,107.0
Karnataka,HASSAN,2003,Grapes,59.0
Karnataka,HASSAN,2003,Mango,3478.0
Karnataka,HASSAN,2003,Onion,693.0
Karnataka,HASSAN,2003,Other Fresh Fruits,510.0
Karnataka,HASSAN,2003,Pome Fruit,149.0
Karnataka,HASSAN,2003,Potato,155712.0
Karnataka,HASSAN,2003,Sugarcane,392662.0
Karnataka,HASSAN,2003,Sweet potato,1213.0
Karnataka,HASSAN,2003,Tobacco,4330.0
Karnataka,HASSAN,2003,Tomato,13285.0
Karnataka,HASSAN,2003,Turmeric,49.0
Karnataka,HASSAN,2004,Arhar/Tur,921.0
Karnataka,HASSAN,2004,Castor seed,1131.0
Karnataka,HASSAN,2004,Cotton(lint),1795.0
Karnataka,HASSAN,2004,Dry ginger,45156.0
Karnataka,HASSAN,2004,Groundnut,941.0
Karnataka,HASSAN,2004,Horse-gram,7101.0
Karnataka,HASSAN,2004,Jowar,4238.0
Karnataka,HASSAN,2004,Maize,88000.0
Karnataka,HASSAN,2004,Moong(Green Gram),585.0
Karnataka,HASSAN,2004,Niger seed,870.0
Karnataka,HASSAN,2004,Other Kharif pulses,3720.99
Karnataka,HASSAN,2004,Ragi,160600.0
Karnataka,HASSAN,2004,Rice,128437.89
Karnataka,HASSAN,2004,Sesamum,3088.0
Karnataka,HASSAN,2004,Small millets,230.0
Karnataka,HASSAN,2004,Soyabean,3.0
Karnataka,HASSAN,2004,Sunflower,8481.0
Karnataka,HASSAN,2004,Urad,132.0
Karnataka,HASSAN,2004,Gram,1096.0
Karnataka,HASSAN,2004,Groundnut,2104.0
Karnataka,HASSAN,2004,Horse-gram,3053.0
Karnataka,HASSAN,2004,Jowar,900.0
Karnataka,HASSAN,2004,Maize,9866.0
Karnataka,HASSAN,2004,Moong(Green Gram),33.0
Karnataka,HASSAN,2004,Other  Rabi pulses,343.0
Karnataka,HASSAN,2004,Ragi,8275.0
Karnataka,HASSAN,2004,Rapeseed &Mustard,110.0
Karnataka,HASSAN,2004,Rice,2857.0
Karnataka,HASSAN,2004,Sunflower,216.0
Karnataka,HASSAN,2004,Urad,50.0
Karnataka,HASSAN,2004,Maize,190.0
Karnataka,HASSAN,2004,Ragi,78.0
Karnataka,HASSAN,2004,Rice,4042.0
Karnataka,HASSAN,2004,Sunflower,3.0
Karnataka,HASSAN,2004,Arecanut,3403.0
Karnataka,HASSAN,2004,Banana,14649.0
Karnataka,HASSAN,2004,Black pepper,1811.0
Karnataka,HASSAN,2004,Cardamom,366.0
Karnataka,HASSAN,2004,Coconut ,2562450.12
Karnataka,HASSAN,2004,Coriander,21.0
Karnataka,HASSAN,2004,Dry chillies,4306.0
Karnataka,HASSAN,2004,Garlic,45.0
Karnataka,HASSAN,2004,Onion,624.0
Karnataka,HASSAN,2004,Potato,183135.0
Karnataka,HASSAN,2004,Sweet potato,414.0
Karnataka,HASSAN,2004,Tobacco,6487.0
Karnataka,HASSAN,2004,Turmeric,385.0
Karnataka,HASSAN,2005,Arhar/Tur,1162.0
Karnataka,HASSAN,2005,Castor seed,2072.0
Karnataka,HASSAN,2005,Dry chillies,871.0
Karnataka,HASSAN,2005,Groundnut,457.0
Karnataka,HASSAN,2005,Horse-gram,816.0
Karnataka,HASSAN,2005,Jowar,3371.0
Karnataka,HASSAN,2005,Maize,76276.0
Karnataka,HASSAN,2005,Moong(Green Gram),517.0
Karnataka,HASSAN,2005,Niger seed,819.0
Karnataka,HASSAN,2005,Onion,875.0
Karnataka,HASSAN,2005,Other Kharif pulses,2534.0
Karnataka,HASSAN,2005,Peas & beans (Pulses),697.0
Karnataka,HASSAN,2005,Potato,185997.0
Karnataka,HASSAN,2005,Ragi,134077.0
Karnataka,HASSAN,2005,Rice,105878.0
Karnataka,HASSAN,2005,Sesamum,4401.0
Karnataka,HASSAN,2005,Small millets,33.0
Karnataka,HASSAN,2005,Sunflower,9290.0
Karnataka,HASSAN,2005,Urad,114.0
Karnataka,HASSAN,2005,Dry chillies,218.0
Karnataka,HASSAN,2005,Gram,758.0
Karnataka,HASSAN,2005,Groundnut,2113.0
Karnataka,HASSAN,2005,Horse-gram,5916.0
Karnataka,HASSAN,2005,Jowar,423.0
Karnataka,HASSAN,2005,Maize,17832.0
Karnataka,HASSAN,2005,Moong(Green Gram),49.0
Karnataka,HASSAN,2005,Other  Rabi pulses,346.0
Karnataka,HASSAN,2005,Peas & beans (Pulses),84.0
Karnataka,HASSAN,2005,Potato,904.0
Karnataka,HASSAN,2005,Ragi,25350.0
Karnataka,HASSAN,2005,Rapeseed &Mustard,55.0
Karnataka,HASSAN,2005,Rice,1123.0
Karnataka,HASSAN,2005,Sunflower,1217.0
Karnataka,HASSAN,2005,Urad,71.0
Karnataka,HASSAN,2005,Dry chillies,2676.0
Karnataka,HASSAN,2005,Maize,708.0
Karnataka,HASSAN,2005,Peas & beans (Pulses),116.0
Karnataka,HASSAN,2005,Potato,360.0
Karnataka,HASSAN,2005,Ragi,592.0
Karnataka,HASSAN,2005,Rice,12455.0
Karnataka,HASSAN,2005,Sunflower,12.0
Karnataka,HASSAN,2005,Arecanut,19706.0
Karnataka,HASSAN,2005,Banana,55509.0
Karnataka,HASSAN,2005,Black pepper,2955.0
Karnataka,HASSAN,2005,Cardamom,366.0
Karnataka,HASSAN,2005,Coconut ,256494.0
Karnataka,HASSAN,2005,Coriander,19.0
Karnataka,HASSAN,2005,Cotton(lint),1221.0
Karnataka,HASSAN,2005,Dry ginger,153253.0
Karnataka,HASSAN,2005,Garlic,27.0
Karnataka,HASSAN,2005,Sugarcane,258394.0
Karnataka,HASSAN,2005,Sweet potato,353.0
Karnataka,HASSAN,2005,Tobacco,4777.0
Karnataka,HASSAN,2005,Turmeric,614.0
Karnataka,HASSAN,2006,Arhar/Tur,838.0
Karnataka,HASSAN,2006,Castor seed,1404.0
Karnataka,HASSAN,2006,Gram,82.0
Karnataka,HASSAN,2006,Groundnut,463.0
Karnataka,HASSAN,2006,Horse-gram,1522.0
Karnataka,HASSAN,2006,Jowar,3058.0
Karnataka,HASSAN,2006,Maize,106492.0
Karnataka,HASSAN,2006,Moong(Green Gram),1169.0
Karnataka,HASSAN,2006,Niger seed,723.0
Karnataka,HASSAN,2006,Other Kharif pulses,3780.0
Karnataka,HASSAN,2006,Ragi,66852.0
Karnataka,HASSAN,2006,Rapeseed &Mustard,59.0
Karnataka,HASSAN,2006,Rice,117396.0
Karnataka,HASSAN,2006,Sesamum,3215.0
Karnataka,HASSAN,2006,Small millets,131.0
Karnataka,HASSAN,2006,Sunflower,5070.0
Karnataka,HASSAN,2006,Urad,82.0
Karnataka,HASSAN,2006,Gram,1610.0
Karnataka,HASSAN,2006,Groundnut,395.0
Karnataka,HASSAN,2006,Horse-gram,6759.0
Karnataka,HASSAN,2006,Jowar,824.0
Karnataka,HASSAN,2006,Maize,22729.0
Karnataka,HASSAN,2006,Moong(Green Gram),20.0
Karnataka,HASSAN,2006,Other  Rabi pulses,1405.0
Karnataka,HASSAN,2006,Ragi,24878.0
Karnataka,HASSAN,2006,Rice,944.0
Karnataka,HASSAN,2006,Sunflower,764.0
Karnataka,HASSAN,2006,Urad,73.0
Karnataka,HASSAN,2006,Maize,689.0
Karnataka,HASSAN,2006,Ragi,412.0
Karnataka,HASSAN,2006,Rice,8160.0
Karnataka,HASSAN,2006,Sunflower,3.0
Karnataka,HASSAN,2006,Arecanut,3732.0
Karnataka,HASSAN,2006,Banana,65954.0
Karnataka,HASSAN,2006,Black pepper,3024.0
Karnataka,HASSAN,2006,Cardamom,367.0
Karnataka,HASSAN,2006,Coconut ,256547.0
Karnataka,HASSAN,2006,Coriander,22.0
Karnataka,HASSAN,2006,Cotton(lint),2551.0
Karnataka,HASSAN,2006,Dry chillies,6681.0
Karnataka,HASSAN,2006,Dry ginger,90026.0
Karnataka,HASSAN,2006,Garlic,21.0
Karnataka,HASSAN,2006,Onion,802.0
Karnataka,HASSAN,2006,Potato,263565.0
Karnataka,HASSAN,2006,Sannhamp,1.0
Karnataka,HASSAN,2006,Sugarcane,664107.0
Karnataka,HASSAN,2006,Sweet potato,384.0
Karnataka,HASSAN,2006,Tobacco,7074.0
Karnataka,HASSAN,2006,Turmeric,44.0
Karnataka,HASSAN,2007,Arhar/Tur,758.0
Karnataka,HASSAN,2007,Castor seed,1246.0
Karnataka,HASSAN,2007,Dry chillies,1028.0
Karnataka,HASSAN,2007,Groundnut,516.0
Karnataka,HASSAN,2007,Horse-gram,615.0
Karnataka,HASSAN,2007,Jowar,3385.0
Karnataka,HASSAN,2007,Maize,123676.0
Karnataka,HASSAN,2007,Moong(Green Gram),456.0
Karnataka,HASSAN,2007,Niger seed,1421.0
Karnataka,HASSAN,2007,Onion,948.0
Karnataka,HASSAN,2007,Other Kharif pulses,3507.0
Karnataka,HASSAN,2007,Potato,110804.0
Karnataka,HASSAN,2007,Ragi,79869.0
Karnataka,HASSAN,2007,Rapeseed &Mustard,57.0
Karnataka,HASSAN,2007,Rice,113954.0
Karnataka,HASSAN,2007,Sesamum,1532.0
Karnataka,HASSAN,2007,Small millets,82.0
Karnataka,HASSAN,2007,Sunflower,8456.0
Karnataka,HASSAN,2007,Urad,279.0
Karnataka,HASSAN,2007,Dry chillies,419.0
Karnataka,HASSAN,2007,Gram,972.0
Karnataka,HASSAN,2007,Groundnut,453.0
Karnataka,HASSAN,2007,Horse-gram,5780.0
Karnataka,HASSAN,2007,Jowar,269.0
Karnataka,HASSAN,2007,Maize,23706.0
Karnataka,HASSAN,2007,Moong(Green Gram),15.0
Karnataka,HASSAN,2007,Other  Rabi pulses,1129.0
Karnataka,HASSAN,2007,Potato,320.0
Karnataka,HASSAN,2007,Ragi,18143.0
Karnataka,HASSAN,2007,Rice,446.0
Karnataka,HASSAN,2007,Sunflower,551.0
Karnataka,HASSAN,2007,Urad,18.0
Karnataka,HASSAN,2007,Dry chillies,4401.0
Karnataka,HASSAN,2007,Maize,1501.0
Karnataka,HASSAN,2007,Ragi,393.0
Karnataka,HASSAN,2007,Rice,14249.0
Karnataka,HASSAN,2007,Sunflower,44.0
Karnataka,HASSAN,2007,Arecanut,20777.0
Karnataka,HASSAN,2007,Banana,52143.0
Karnataka,HASSAN,2007,Black pepper,10280.0
Karnataka,HASSAN,2007,Cardamom,411.0
Karnataka,HASSAN,2007,Coconut ,296879.0
Karnataka,HASSAN,2007,Coriander,42.0
Karnataka,HASSAN,2007,Cotton(lint),966.0
Karnataka,HASSAN,2007,Dry ginger,146552.0
Karnataka,HASSAN,2007,Garlic,5.0
Karnataka,HASSAN,2007,Sugarcane,412503.0
Karnataka,HASSAN,2007,Sweet potato,408.0
Karnataka,HASSAN,2007,Tobacco,6487.0
Karnataka,HASSAN,2007,Turmeric,754.0
Karnataka,HASSAN,2008,Arhar/Tur,614.0
Karnataka,HASSAN,2008,Castor seed,1553.0
Karnataka,HASSAN,2008,Dry chillies,2520.0
Karnataka,HASSAN,2008,Groundnut,293.0
Karnataka,HASSAN,2008,Horse-gram,379.0
Karnataka,HASSAN,2008,Jowar,3199.0
Karnataka,HASSAN,2008,Maize,113332.0
Karnataka,HASSAN,2008,Moong(Green Gram),407.0
Karnataka,HASSAN,2008,Niger seed,1429.0
Karnataka,HASSAN,2008,Onion,690.0
Karnataka,HASSAN,2008,Other Kharif pulses,3402.0
Karnataka,HASSAN,2008,Potato,78143.0
Karnataka,HASSAN,2008,Ragi,80225.0
Karnataka,HASSAN,2008,Rice,115969.07
Karnataka,HASSAN,2008,Sesamum,1205.0
Karnataka,HASSAN,2008,Sunflower,7503.0
Karnataka,HASSAN,2008,Urad,144.0
Karnataka,HASSAN,2008,Dry chillies,453.0
Karnataka,HASSAN,2008,Gram,1567.0
Karnataka,HASSAN,2008,Groundnut,372.0
Karnataka,HASSAN,2008,Horse-gram,3862.0
Karnataka,HASSAN,2008,Jowar,501.0
Karnataka,HASSAN,2008,Maize,21848.0
Karnataka,HASSAN,2008,Moong(Green Gram),13.0
Karnataka,HASSAN,2008,Other  Rabi pulses,802.0
Karnataka,HASSAN,2008,Potato,216.0
Karnataka,HASSAN,2008,Ragi,19681.0
Karnataka,HASSAN,2008,Rapeseed &Mustard,72.0
Karnataka,HASSAN,2008,Rice,604.0
Karnataka,HASSAN,2008,Sunflower,721.0
Karnataka,HASSAN,2008,Urad,20.0
Karnataka,HASSAN,2008,Dry chillies,5891.0
Karnataka,HASSAN,2008,Maize,3118.0
Karnataka,HASSAN,2008,Ragi,288.0
Karnataka,HASSAN,2008,Rice,14739.0
Karnataka,HASSAN,2008,Sunflower,14.0
Karnataka,HASSAN,2008,Arecanut,21034.0
Karnataka,HASSAN,2008,Banana,42211.0
Karnataka,HASSAN,2008,Black pepper,10732.0
Karnataka,HASSAN,2008,Cardamom,561.0
Karnataka,HASSAN,2008,Cashewnut,3.69
Karnataka,HASSAN,2008,Coconut ,347167.0
Karnataka,HASSAN,2008,Coriander,100.0
Karnataka,HASSAN,2008,Cotton(lint),1303.0
Karnataka,HASSAN,2008,Dry ginger,464481.0
Karnataka,HASSAN,2008,Garlic,13.0
Karnataka,HASSAN,2008,Sugarcane,267761.0
Karnataka,HASSAN,2008,Sweet potato,607.0
Karnataka,HASSAN,2008,Tobacco,7483.0
Karnataka,HASSAN,2008,Turmeric,110.0
Karnataka,HASSAN,2009,Arhar/Tur,871.0
Karnataka,HASSAN,2009,Castor seed,1075.0
Karnataka,HASSAN,2009,Gram,537.0
Karnataka,HASSAN,2009,Groundnut,398.0
Karnataka,HASSAN,2009,Horse-gram,537.0
Karnataka,HASSAN,2009,Jowar,3234.0
Karnataka,HASSAN,2009,Maize,205628.0
Karnataka,HASSAN,2009,Moong(Green Gram),1014.0
Karnataka,HASSAN,2009,Niger seed,1413.0
Karnataka,HASSAN,2009,Onion,318.0
Karnataka,HASSAN,2009,Other Kharif pulses,5589.0
Karnataka,HASSAN,2009,Potato,81434.0
Karnataka,HASSAN,2009,Ragi,94000.0
Karnataka,HASSAN,2009,Rice,112020.96
Karnataka,HASSAN,2009,Sesamum,2292.0
Karnataka,HASSAN,2009,Small millets,41.0
Karnataka,HASSAN,2009,Sunflower,7602.0
Karnataka,HASSAN,2009,Urad,112.0
Karnataka,HASSAN,2009,Dry chillies,2653.0
Karnataka,HASSAN,2009,Gram,4557.0
Karnataka,HASSAN,2009,Groundnut,286.0
Karnataka,HASSAN,2009,Horse-gram,4557.0
Karnataka,HASSAN,2009,Jowar,601.0
Karnataka,HASSAN,2009,Maize,14884.0
Karnataka,HASSAN,2009,Moong(Green Gram),7.0
Karnataka,HASSAN,2009,Other  Rabi pulses,859.0
Karnataka,HASSAN,2009,Potato,221.0
Karnataka,HASSAN,2009,Ragi,12692.0
Karnataka,HASSAN,2009,Rapeseed &Mustard,86.0
Karnataka,HASSAN,2009,Rice,2255.0
Karnataka,HASSAN,2009,Sunflower,521.0
Karnataka,HASSAN,2009,Urad,18.0
Karnataka,HASSAN,2009,Dry chillies,5976.0
Karnataka,HASSAN,2009,Maize,1738.0
Karnataka,HASSAN,2009,Ragi,141.0
Karnataka,HASSAN,2009,Rice,13755.0
Karnataka,HASSAN,2009,Sunflower,13.0
Karnataka,HASSAN,2009,Arecanut,22009.0
Karnataka,HASSAN,2009,Banana,49295.0
Karnataka,HASSAN,2009,Black pepper,11712.0
Karnataka,HASSAN,2009,Cardamom,547.0
Karnataka,HASSAN,2009,Cashewnut,5.0
Karnataka,HASSAN,2009,Coconut ,442651.0
Karnataka,HASSAN,2009,Coriander,72.0
Karnataka,HASSAN,2009,Cotton(lint),453.0
Karnataka,HASSAN,2009,Dry ginger,1070882.0
Karnataka,HASSAN,2009,Garlic,8.0
Karnataka,HASSAN,2009,Sugarcane,235453.0
Karnataka,HASSAN,2009,Sweet potato,506.0
Karnataka,HASSAN,2009,Tobacco,10806.0
Karnataka,HASSAN,2009,Turmeric,630.0
Karnataka,HASSAN,2010,Arhar/Tur,1545.0
Karnataka,HASSAN,2010,Castor seed,1644.0
Karnataka,HASSAN,2010,Cotton(lint),234.0
Karnataka,HASSAN,2010,Cowpea(Lobia),3787.0
Karnataka,HASSAN,2010,Dry chillies,942.0
Karnataka,HASSAN,2010,Groundnut,323.0
Karnataka,HASSAN,2010,Horse-gram,2757.0
Karnataka,HASSAN,2010,Jowar,6730.0
Karnataka,HASSAN,2010,Maize,253287.0
Karnataka,HASSAN,2010,Moong(Green Gram),2933.0
Karnataka,HASSAN,2010,Niger seed,1010.0
Karnataka,HASSAN,2010,Onion,718.0
Karnataka,HASSAN,2010,Other Kharif pulses,2802.0
Karnataka,HASSAN,2010,Peas & beans (Pulses),4586.0
Karnataka,HASSAN,2010,Potato,139465.0
Karnataka,HASSAN,2010,Ragi,114919.0
Karnataka,HASSAN,2010,Rice,105364.0
Karnataka,HASSAN,2010,Sesamum,5285.0
Karnataka,HASSAN,2010,Small millets,47.0
Karnataka,HASSAN,2010,Sunflower,5495.0
Karnataka,HASSAN,2010,Urad,1057.0
Karnataka,HASSAN,2010,Cowpea(Lobia),1190.0
Karnataka,HASSAN,2010,Dry chillies,2654.0
Karnataka,HASSAN,2010,Gram,1585.0
Karnataka,HASSAN,2010,Groundnut,663.0
Karnataka,HASSAN,2010,Horse-gram,11956.0
Karnataka,HASSAN,2010,Jowar,510.0
Karnataka,HASSAN,2010,Maize,29706.0
Karnataka,HASSAN,2010,Moong(Green Gram),8.0
Karnataka,HASSAN,2010,Other  Rabi pulses,1292.0
Karnataka,HASSAN,2010,Peas & beans (Pulses),2421.0
Karnataka,HASSAN,2010,Potato,431.0
Karnataka,HASSAN,2010,Ragi,41031.0
Karnataka,HASSAN,2010,Rapeseed &Mustard,89.0
Karnataka,HASSAN,2010,Rice,29009.0
Karnataka,HASSAN,2010,Sunflower,111.0
Karnataka,HASSAN,2010,Urad,19.0
Karnataka,HASSAN,2010,Dry chillies,7875.0
Karnataka,HASSAN,2010,Maize,1129.0
Karnataka,HASSAN,2010,Peas & beans (Pulses),1471.0
Karnataka,HASSAN,2010,Ragi,249.0
Karnataka,HASSAN,2010,Rice,13364.0
Karnataka,HASSAN,2010,Sunflower,24.0
Karnataka,HASSAN,2010,Arecanut,45327.0
Karnataka,HASSAN,2010,Banana,56555.0
Karnataka,HASSAN,2010,Black pepper,1233.1
Karnataka,HASSAN,2010,Cardamom,594.0
Karnataka,HASSAN,2010,Cashewnut,4.0
Karnataka,HASSAN,2010,Coconut ,404012.0
Karnataka,HASSAN,2010,Coriander,70.0
Karnataka,HASSAN,2010,Dry ginger,119749.6
Karnataka,HASSAN,2010,Garlic,5.0
Karnataka,HASSAN,2010,Sugarcane,394212.0
Karnataka,HASSAN,2010,Sweet potato,783.0
Karnataka,HASSAN,2010,Tobacco,14881.0
Karnataka,HASSAN,2010,Turmeric,5.0
Karnataka,HASSAN,2011,Arhar/Tur,1600.0
Karnataka,HASSAN,2011,Castor seed,1483.0
Karnataka,HASSAN,2011,Cotton(lint),178.0
Karnataka,HASSAN,2011,Cowpea(Lobia),5574.0
Karnataka,HASSAN,2011,Dry chillies,826.0
Karnataka,HASSAN,2011,Groundnut,368.0
Karnataka,HASSAN,2011,Horse-gram,4337.0
Karnataka,HASSAN,2011,Jowar,1375.0
Karnataka,HASSAN,2011,Maize,191839.0
Karnataka,HASSAN,2011,Moong(Green Gram),2229.0
Karnataka,HASSAN,2011,Niger seed,302.0
Karnataka,HASSAN,2011,Onion,632.0
Karnataka,HASSAN,2011,Other Kharif pulses,2459.0
Karnataka,HASSAN,2011,Peas & beans (Pulses),5776.0
Karnataka,HASSAN,2011,Potato,152412.0
Karnataka,HASSAN,2011,Ragi,76377.0
Karnataka,HASSAN,2011,Rice,119911.0
Karnataka,HASSAN,2011,Sesamum,2799.0
Karnataka,HASSAN,2011,Small millets,32.0
Karnataka,HASSAN,2011,Sunflower,2539.0
Karnataka,HASSAN,2011,Urad,402.0
Karnataka,HASSAN,2011,Cowpea(Lobia),458.0
Karnataka,HASSAN,2011,Dry chillies,1115.0
Karnataka,HASSAN,2011,Gram,1507.0
Karnataka,HASSAN,2011,Groundnut,203.0
Karnataka,HASSAN,2011,Horse-gram,4417.0
Karnataka,HASSAN,2011,Jowar,300.0
Karnataka,HASSAN,2011,Maize,22895.0
Karnataka,HASSAN,2011,Moong(Green Gram),5.0
Karnataka,HASSAN,2011,Onion,56.0
Karnataka,HASSAN,2011,Other  Rabi pulses,812.0
Karnataka,HASSAN,2011,Peas & beans (Pulses),636.0
Karnataka,HASSAN,2011,Potato,231.0
Karnataka,HASSAN,2011,Ragi,17510.0
Karnataka,HASSAN,2011,Rapeseed &Mustard,55.0
Karnataka,HASSAN,2011,Rice,1388.0
Karnataka,HASSAN,2011,Sunflower,3.0
Karnataka,HASSAN,2011,Urad,3.0
Karnataka,HASSAN,2011,Dry chillies,4044.0
Karnataka,HASSAN,2011,Maize,1959.0
Karnataka,HASSAN,2011,Peas & beans (Pulses),631.0
Karnataka,HASSAN,2011,Potato,29.0
Karnataka,HASSAN,2011,Ragi,273.0
Karnataka,HASSAN,2011,Rice,4710.0
Karnataka,HASSAN,2011,Arecanut,31193.0
Karnataka,HASSAN,2011,Banana,72039.0
Karnataka,HASSAN,2011,Black pepper,1040.2
Karnataka,HASSAN,2011,Cardamom,679.0
Karnataka,HASSAN,2011,Cashewnut,3.0
Karnataka,HASSAN,2011,Coconut ,622094.0
Karnataka,HASSAN,2011,Coriander,39.0
Karnataka,HASSAN,2011,Dry ginger,44141.9
Karnataka,HASSAN,2011,Garlic,4.0
Karnataka,HASSAN,2011,Sugarcane,213313.0
Karnataka,HASSAN,2011,Sweet potato,189.0
Karnataka,HASSAN,2011,Tobacco,15666.0
Karnataka,HASSAN,2011,Turmeric,8203.0
Karnataka,HASSAN,2012,Arhar/Tur,612.0
Karnataka,HASSAN,2012,Bajra,45.0
Karnataka,HASSAN,2012,Castor seed,459.0
Karnataka,HASSAN,2012,Cotton(lint),147.0
Karnataka,HASSAN,2012,Cowpea(Lobia),1908.0
Karnataka,HASSAN,2012,Dry chillies,762.0
Karnataka,HASSAN,2012,Groundnut,310.0
Karnataka,HASSAN,2012,Horse-gram,1259.0
Karnataka,HASSAN,2012,Jowar,1212.0
Karnataka,HASSAN,2012,Maize,169333.0
Karnataka,HASSAN,2012,Moong(Green Gram),518.0
Karnataka,HASSAN,2012,Niger seed,458.0
Karnataka,HASSAN,2012,Onion,435.0
Karnataka,HASSAN,2012,Other Kharif pulses,3085.0
Karnataka,HASSAN,2012,Potato,84062.0
Karnataka,HASSAN,2012,Ragi,66290.0
Karnataka,HASSAN,2012,Rapeseed &Mustard,49.0
Karnataka,HASSAN,2012,Rice,105184.0
Karnataka,HASSAN,2012,Sesamum,603.0
Karnataka,HASSAN,2012,Small millets,220.0
Karnataka,HASSAN,2012,Sunflower,360.0
Karnataka,HASSAN,2012,Urad,144.0
Karnataka,HASSAN,2012,Cowpea(Lobia),250.0
Karnataka,HASSAN,2012,Dry chillies,2215.0
Karnataka,HASSAN,2012,Gram,653.0
Karnataka,HASSAN,2012,Horse-gram,1620.0
Karnataka,HASSAN,2012,Jowar,89.0
Karnataka,HASSAN,2012,Maize,15526.0
Karnataka,HASSAN,2012,Other  Rabi pulses,324.0
Karnataka,HASSAN,2012,Ragi,6001.0
Karnataka,HASSAN,2012,Rice,67.0
Karnataka,HASSAN,2012,Sunflower,9.0
Karnataka,HASSAN,2012,Urad,2.0
Karnataka,HASSAN,2012,Cowpea(Lobia),44.0
Karnataka,HASSAN,2012,Dry chillies,2859.0
Karnataka,HASSAN,2012,Groundnut,128.0
Karnataka,HASSAN,2012,Maize,668.0
Karnataka,HASSAN,2012,Ragi,166.0
Karnataka,HASSAN,2012,Rice,2529.0
Karnataka,HASSAN,2012,Arecanut,33161.0
Karnataka,HASSAN,2012,Black pepper,12123.0
Karnataka,HASSAN,2012,Cardamom,670.0
Karnataka,HASSAN,2012,Cashewnut,19.0
Karnataka,HASSAN,2012,Coconut ,620821.0
Karnataka,HASSAN,2012,Coriander,9.0
Karnataka,HASSAN,2012,Dry ginger,156073.0
Karnataka,HASSAN,2012,Garlic,22.0
Karnataka,HASSAN,2012,Sugarcane,182221.0
Karnataka,HASSAN,2012,Sweet potato,388.0
Karnataka,HASSAN,2012,Tapioca,602.0
Karnataka,HASSAN,2012,Tobacco,14149.0
Karnataka,HASSAN,2012,Turmeric,1305.0
Karnataka,HASSAN,2013,Arhar/Tur,869.0
Karnataka,HASSAN,2013,Bajra,51.0
Karnataka,HASSAN,2013,Castor seed,1266.0
Karnataka,HASSAN,2013,Cotton(lint),832.0
Karnataka,HASSAN,2013,Cowpea(Lobia),1829.0
Karnataka,HASSAN,2013,Dry chillies,816.0
Karnataka,HASSAN,2013,Groundnut,828.0
Karnataka,HASSAN,2013,Horse-gram,892.0
Karnataka,HASSAN,2013,Jowar,1579.0
Karnataka,HASSAN,2013,Maize,218903.0
Karnataka,HASSAN,2013,Moong(Green Gram),320.0
Karnataka,HASSAN,2013,Niger seed,473.0
Karnataka,HASSAN,2013,Onion,165.0
Karnataka,HASSAN,2013,Other Kharif pulses,3896.0
Karnataka,HASSAN,2013,Potato,90157.0
Karnataka,HASSAN,2013,Ragi,126384.0
Karnataka,HASSAN,2013,Rapeseed &Mustard,21.0
Karnataka,HASSAN,2013,Rice,153841.0
Karnataka,HASSAN,2013,Sesamum,469.0
Karnataka,HASSAN,2013,Small millets,155.0
Karnataka,HASSAN,2013,Sunflower,274.0
Karnataka,HASSAN,2013,Urad,111.0
Karnataka,HASSAN,2013,Cowpea(Lobia),212.0
Karnataka,HASSAN,2013,Dry chillies,1511.0
Karnataka,HASSAN,2013,Gram,1095.0
Karnataka,HASSAN,2013,Horse-gram,1524.0
Karnataka,HASSAN,2013,Jowar,209.0
Karnataka,HASSAN,2013,Maize,10992.0
Karnataka,HASSAN,2013,Moong(Green Gram),3.0
Karnataka,HASSAN,2013,Onion,183.0
Karnataka,HASSAN,2013,Other  Rabi pulses,998.0
Karnataka,HASSAN,2013,Ragi,8126.0
Karnataka,HASSAN,2013,Rice,1007.0
Karnataka,HASSAN,2013,Urad,3.0
Karnataka,HASSAN,2013,Cowpea(Lobia),7.0
Karnataka,HASSAN,2013,Dry chillies,2864.0
Karnataka,HASSAN,2013,Groundnut,42.0
Karnataka,HASSAN,2013,Maize,308.0
Karnataka,HASSAN,2013,Ragi,104.0
Karnataka,HASSAN,2013,Rice,3746.0
Karnataka,HASSAN,2013,Arecanut,34430.0
Karnataka,HASSAN,2013,Black pepper,7445.0
Karnataka,HASSAN,2013,Cardamom,621.0
Karnataka,HASSAN,2013,Cashewnut,17.0
Karnataka,HASSAN,2013,Coconut ,319823.0
Karnataka,HASSAN,2013,Coriander,2.0
Karnataka,HASSAN,2013,Dry ginger,239067.0
Karnataka,HASSAN,2013,Garlic,9.0
Karnataka,HASSAN,2013,Sugarcane,122307.0
Karnataka,HASSAN,2013,Sweet potato,675.0
Karnataka,HASSAN,2013,Tobacco,11881.0
Karnataka,HASSAN,2013,Turmeric,1438.0
Karnataka,HASSAN,2014,Arhar/Tur,3433.0
Karnataka,HASSAN,2014,Castor seed,1247.0
Karnataka,HASSAN,2014,Cotton(lint),1091.0
Karnataka,HASSAN,2014,Cowpea(Lobia),3887.0
Karnataka,HASSAN,2014,Dry chillies,967.0
Karnataka,HASSAN,2014,Groundnut,538.0
Karnataka,HASSAN,2014,Horse-gram,756.0
Karnataka,HASSAN,2014,Jowar,960.0
Karnataka,HASSAN,2014,Maize,307814.0
Karnataka,HASSAN,2014,Moong(Green Gram),1828.0
Karnataka,HASSAN,2014,Niger seed,578.0
Karnataka,HASSAN,2014,Onion,118.0
Karnataka,HASSAN,2014,Other Kharif pulses,2972.0
Karnataka,HASSAN,2014,Potato,124934.0
Karnataka,HASSAN,2014,Ragi,141859.0
Karnataka,HASSAN,2014,Rapeseed &Mustard,39.0
Karnataka,HASSAN,2014,Rice,140563.0
Karnataka,HASSAN,2014,Sesamum,1768.0
Karnataka,HASSAN,2014,Small millets,169.0
Karnataka,HASSAN,2014,Sunflower,691.0
Karnataka,HASSAN,2014,Urad,422.0
Karnataka,HASSAN,2014,Cowpea(Lobia),890.0
Karnataka,HASSAN,2014,Dry chillies,762.0
Karnataka,HASSAN,2014,Gram,1897.0
Karnataka,HASSAN,2014,Horse-gram,3212.0
Karnataka,HASSAN,2014,Maize,15012.0
Karnataka,HASSAN,2014,Moong(Green Gram),12.0
Karnataka,HASSAN,2014,Onion,318.0
Karnataka,HASSAN,2014,Other  Rabi pulses,1213.0
Karnataka,HASSAN,2014,Potato,154.0
Karnataka,HASSAN,2014,Ragi,14038.0
Karnataka,HASSAN,2014,Rice,3911.0
Karnataka,HASSAN,2014,Urad,20.0
Karnataka,HASSAN,2014,Cowpea(Lobia),12.0
Karnataka,HASSAN,2014,Dry chillies,739.0
Karnataka,HASSAN,2014,Groundnut,64.0
Karnataka,HASSAN,2014,Maize,450.0
Karnataka,HASSAN,2014,Onion,25.0
Karnataka,HASSAN,2014,Potato,55.0
Karnataka,HASSAN,2014,Ragi,82.0
Karnataka,HASSAN,2014,Rice,1814.0
Karnataka,HASSAN,2014,Arecanut,296.0
Karnataka,HASSAN,2014,Black pepper,21102.0
Karnataka,HASSAN,2014,Cardamom,601.0
Karnataka,HASSAN,2014,Coconut ,382629.0
Karnataka,HASSAN,2014,Coriander,22.0
Karnataka,HASSAN,2014,Dry ginger,510979.0
Karnataka,HASSAN,2014,Garlic,11.0
Karnataka,HASSAN,2014,Sugarcane,171304.0
Karnataka,HASSAN,2014,Sweet potato,865.0
Karnataka,HASSAN,2014,Tobacco,10543.0
Karnataka,HASSAN,2014,Turmeric,323.0
Karnataka,HAVERI,1998,Arhar/Tur,2216.0
Karnataka,HAVERI,1998,Bajra,589.0
Karnataka,HAVERI,1998,Castor seed,126.0
Karnataka,HAVERI,1998,Cotton(lint),91997.0
Karnataka,HAVERI,1998,Dry ginger,409.0
Karnataka,HAVERI,1998,Groundnut,33033.0
Karnataka,HAVERI,1998,Horse-gram,1194.0
Karnataka,HAVERI,1998,Jowar,63708.0
Karnataka,HAVERI,1998,Maize,174707.0
Karnataka,HAVERI,1998,Moong(Green Gram),2298.0
Karnataka,HAVERI,1998,Niger seed,434.0
Karnataka,HAVERI,1998,Onion,31372.0
Karnataka,HAVERI,1998,Peas & beans (Pulses),220.0
Karnataka,HAVERI,1998,Ragi,4079.0
Karnataka,HAVERI,1998,Rapeseed &Mustard,13.0
Karnataka,HAVERI,1998,Rice,78129.0
Karnataka,HAVERI,1998,Sesamum,534.0
Karnataka,HAVERI,1998,Soyabean,491.0
Karnataka,HAVERI,1998,Sunflower,2685.0
Karnataka,HAVERI,1998,Gram,1169.0
Karnataka,HAVERI,1998,Groundnut,12118.0
Karnataka,HAVERI,1998,Horse-gram,3112.0
Karnataka,HAVERI,1998,Jowar,29613.0
Karnataka,HAVERI,1998,Linseed,142.0
Karnataka,HAVERI,1998,Maize,164.0
Karnataka,HAVERI,1998,Moong(Green Gram),1180.0
Karnataka,HAVERI,1998,Onion,260.0
Karnataka,HAVERI,1998,Safflower,1471.0
Karnataka,HAVERI,1998,Sunflower,2872.0
Karnataka,HAVERI,1998,Wheat,1557.0
Karnataka,HAVERI,1998,Jowar,69.0
Karnataka,HAVERI,1998,Maize,387.0
Karnataka,HAVERI,1998,Onion,485.0
Karnataka,HAVERI,1998,Rice,5204.0
Karnataka,HAVERI,1998,Sunflower,2273.0
Karnataka,HAVERI,1998,Arecanut,1515.0
Karnataka,HAVERI,1998,Coconut ,3524.0
Karnataka,HAVERI,1998,Coriander,53.0
Karnataka,HAVERI,1998,Dry chillies,41073.0
Karnataka,HAVERI,1998,Garlic,1292.0
Karnataka,HAVERI,1999,Arhar/Tur,4978.0
Karnataka,HAVERI,1999,Bajra,352.0
Karnataka,HAVERI,1999,Castor seed,160.0
Karnataka,HAVERI,1999,Cotton(lint),65398.0
Karnataka,HAVERI,1999,Dry ginger,1108.0
Karnataka,HAVERI,1999,Groundnut,20820.0
Karnataka,HAVERI,1999,Horse-gram,419.0
Karnataka,HAVERI,1999,Jowar,56728.0
Karnataka,HAVERI,1999,Maize,205231.0
Karnataka,HAVERI,1999,Moong(Green Gram),7449.0
Karnataka,HAVERI,1999,Niger seed,486.0
Karnataka,HAVERI,1999,Other Kharif pulses,1216.0
Karnataka,HAVERI,1999,Ragi,2576.0
Karnataka,HAVERI,1999,Rice,89761.0
Karnataka,HAVERI,1999,Sesamum,632.0
Karnataka,HAVERI,1999,Small millets,6915.0
Karnataka,HAVERI,1999,Soyabean,533.0
Karnataka,HAVERI,1999,Sunflower,1668.0
Karnataka,HAVERI,1999,Urad,362.0
Karnataka,HAVERI,1999,Gram,804.0
Karnataka,HAVERI,1999,Groundnut,9855.0
Karnataka,HAVERI,1999,Horse-gram,2809.0
Karnataka,HAVERI,1999,Jowar,24123.0
Karnataka,HAVERI,1999,Linseed,145.0
Karnataka,HAVERI,1999,Maize,3889.0
Karnataka,HAVERI,1999,Moong(Green Gram),328.0
Karnataka,HAVERI,1999,Other  Rabi pulses,550.0
Karnataka,HAVERI,1999,Rapeseed &Mustard,20.0
Karnataka,HAVERI,1999,Safflower,2736.0
Karnataka,HAVERI,1999,Sunflower,2202.0
Karnataka,HAVERI,1999,Urad,111.0
Karnataka,HAVERI,1999,Wheat,1201.0
Karnataka,HAVERI,1999,Jowar,193.0
Karnataka,HAVERI,1999,Maize,903.0
Karnataka,HAVERI,1999,Rice,4822.0
Karnataka,HAVERI,1999,Sunflower,1384.0
Karnataka,HAVERI,1999,Banana,11732.0
Karnataka,HAVERI,1999,Coconut ,3681.0
Karnataka,HAVERI,1999,Coriander,46.0
Karnataka,HAVERI,1999,Dry chillies,31784.0
Karnataka,HAVERI,1999,Garlic,1376.0
Karnataka,HAVERI,1999,Onion,8752.0
Karnataka,HAVERI,1999,Sannhamp,1.0
Karnataka,HAVERI,1999,Sugarcane,668180.0
Karnataka,HAVERI,1999,Tobacco,10.0
Karnataka,HAVERI,1999,Turmeric,13.0
Karnataka,HAVERI,2000,Arhar/Tur,4191.0
Karnataka,HAVERI,2000,Bajra,286.0
Karnataka,HAVERI,2000,Castor seed,382.0
Karnataka,HAVERI,2000,Cotton(lint),119094.0
Karnataka,HAVERI,2000,Dry ginger,1477.0
Karnataka,HAVERI,2000,Groundnut,28329.0
Karnataka,HAVERI,2000,Horse-gram,1044.0
Karnataka,HAVERI,2000,Jowar,60351.0
Karnataka,HAVERI,2000,Maize,339203.0
Karnataka,HAVERI,2000,Moong(Green Gram),10988.0
Karnataka,HAVERI,2000,Niger seed,406.0
Karnataka,HAVERI,2000,Other Kharif pulses,906.0
Karnataka,HAVERI,2000,Ragi,4897.0
Karnataka,HAVERI,2000,Rice,112869.0
Karnataka,HAVERI,2000,Sesamum,448.0
Karnataka,HAVERI,2000,Small millets,11712.0
Karnataka,HAVERI,2000,Soyabean,521.0
Karnataka,HAVERI,2000,Sunflower,990.0
Karnataka,HAVERI,2000,Urad,455.0
Karnataka,HAVERI,2000,Gram,996.0
Karnataka,HAVERI,2000,Groundnut,11091.0
Karnataka,HAVERI,2000,Horse-gram,3390.0
Karnataka,HAVERI,2000,Jowar,21034.0
Karnataka,HAVERI,2000,Linseed,105.0
Karnataka,HAVERI,2000,Maize,2715.0
Karnataka,HAVERI,2000,Moong(Green Gram),956.0
Karnataka,HAVERI,2000,Other  Rabi pulses,565.0
Karnataka,HAVERI,2000,Rapeseed &Mustard,37.0
Karnataka,HAVERI,2000,Safflower,1144.0
Karnataka,HAVERI,2000,Sunflower,1147.0
Karnataka,HAVERI,2000,Urad,164.0
Karnataka,HAVERI,2000,Wheat,1102.0
Karnataka,HAVERI,2000,Bajra,9.0
Karnataka,HAVERI,2000,Jowar,830.0
Karnataka,HAVERI,2000,Maize,1336.0
Karnataka,HAVERI,2000,Ragi,2.0
Karnataka,HAVERI,2000,Rice,4506.0
Karnataka,HAVERI,2000,Sunflower,863.0
Karnataka,HAVERI,2000,Arecanut,503.0
Karnataka,HAVERI,2000,Banana,10497.0
Karnataka,HAVERI,2000,Coconut ,3151.0
Karnataka,HAVERI,2000,Coriander,51.0
Karnataka,HAVERI,2000,Dry chillies,22115.0
Karnataka,HAVERI,2000,Garlic,1754.0
Karnataka,HAVERI,2000,Onion,17951.0
Karnataka,HAVERI,2000,Potato,28.0
Karnataka,HAVERI,2000,Sannhamp,1.0
Karnataka,HAVERI,2000,Sugarcane,718675.0
Karnataka,HAVERI,2000,Tobacco,19.0
Karnataka,HAVERI,2000,Turmeric,27.0
Karnataka,HAVERI,2001,Arhar/Tur,2815.0
Karnataka,HAVERI,2001,Bajra,172.0
Karnataka,HAVERI,2001,Castor seed,194.0
Karnataka,HAVERI,2001,Cotton(lint),79106.0
Karnataka,HAVERI,2001,Dry ginger,2624.0
Karnataka,HAVERI,2001,Groundnut,13270.0
Karnataka,HAVERI,2001,Horse-gram,687.0
Karnataka,HAVERI,2001,Jowar,30522.0
Karnataka,HAVERI,2001,Maize,187534.0
Karnataka,HAVERI,2001,Mesta,3.0
Karnataka,HAVERI,2001,Moong(Green Gram),5675.0
Karnataka,HAVERI,2001,Niger seed,393.0
Karnataka,HAVERI,2001,Other Kharif pulses,788.0
Karnataka,HAVERI,2001,Ragi,1507.0
Karnataka,HAVERI,2001,Rice,27476.0
Karnataka,HAVERI,2001,Sesamum,678.0
Karnataka,HAVERI,2001,Small millets,10636.0
Karnataka,HAVERI,2001,Soyabean,147.0
Karnataka,HAVERI,2001,Sunflower,491.0
Karnataka,HAVERI,2001,Urad,427.0
Karnataka,HAVERI,2001,Gram,781.0
Karnataka,HAVERI,2001,Horse-gram,1135.0
Karnataka,HAVERI,2001,Jowar,9429.0
Karnataka,HAVERI,2001,Linseed,25.0
Karnataka,HAVERI,2001,Maize,2167.0
Karnataka,HAVERI,2001,Moong(Green Gram),157.0
Karnataka,HAVERI,2001,Other  Rabi pulses,267.0
Karnataka,HAVERI,2001,Rapeseed &Mustard,23.0
Karnataka,HAVERI,2001,Safflower,922.0
Karnataka,HAVERI,2001,Sunflower,957.0
Karnataka,HAVERI,2001,Urad,45.0
Karnataka,HAVERI,2001,Wheat,969.0
Karnataka,HAVERI,2001,Jowar,930.0
Karnataka,HAVERI,2001,Maize,1510.0
Karnataka,HAVERI,2001,Rice,3493.0
Karnataka,HAVERI,2001,Sunflower,1148.0
Karnataka,HAVERI,2001,Arecanut,708.0
Karnataka,HAVERI,2001,Coconut ,6193.0
Karnataka,HAVERI,2001,Coriander,33.0
Karnataka,HAVERI,2001,Dry chillies,20270.0
Karnataka,HAVERI,2001,Onion,14019.0
Karnataka,HAVERI,2001,Peas & beans (Pulses),275.0
Karnataka,HAVERI,2001,Sugarcane,454413.0
Karnataka,HAVERI,2001,Turmeric,26.0
Karnataka,HAVERI,2002,Arhar/Tur,1036.0
Karnataka,HAVERI,2002,Bajra,157.0
Karnataka,HAVERI,2002,Castor seed,92.0
Karnataka,HAVERI,2002,Cotton(lint),49612.0
Karnataka,HAVERI,2002,Dry ginger,1833.0
Karnataka,HAVERI,2002,Groundnut,7885.0
Karnataka,HAVERI,2002,Horse-gram,227.0
Karnataka,HAVERI,2002,Jowar,30823.0
Karnataka,HAVERI,2002,Maize,206334.0
Karnataka,HAVERI,2002,Mesta,3.0
Karnataka,HAVERI,2002,Moong(Green Gram),744.0
Karnataka,HAVERI,2002,Niger seed,226.0
Karnataka,HAVERI,2002,Other Kharif pulses,604.0
Karnataka,HAVERI,2002,Ragi,893.0
Karnataka,HAVERI,2002,Rice,23928.0
Karnataka,HAVERI,2002,Sesamum,373.0
Karnataka,HAVERI,2002,Small millets,11033.0
Karnataka,HAVERI,2002,Soyabean,272.0
Karnataka,HAVERI,2002,Sunflower,1046.0
Karnataka,HAVERI,2002,Urad,47.0
Karnataka,HAVERI,2002,Gram,708.0
Karnataka,HAVERI,2002,Groundnut,3696.0
Karnataka,HAVERI,2002,Horse-gram,2261.0
Karnataka,HAVERI,2002,Jowar,7908.0
Karnataka,HAVERI,2002,Linseed,16.0
Karnataka,HAVERI,2002,Maize,2225.0
Karnataka,HAVERI,2002,Moong(Green Gram),486.0
Karnataka,HAVERI,2002,Other  Rabi pulses,308.0
Karnataka,HAVERI,2002,Rapeseed &Mustard,5.0
Karnataka,HAVERI,2002,Rice,111.0
Karnataka,HAVERI,2002,Safflower,632.0
Karnataka,HAVERI,2002,Sunflower,1549.0
Karnataka,HAVERI,2002,Urad,73.0
Karnataka,HAVERI,2002,Wheat,488.0
Karnataka,HAVERI,2002,Jowar,656.0
Karnataka,HAVERI,2002,Maize,1191.0
Karnataka,HAVERI,2002,Rice,3576.0
Karnataka,HAVERI,2002,Sunflower,829.0
Karnataka,HAVERI,2002,Arcanut (Processed),1007.0
Karnataka,HAVERI,2002,Atcanut (Raw),4856.0
Karnataka,HAVERI,2002,Banana,38304.0
Karnataka,HAVERI,2002,Beans & Mutter(Vegetable),24.0
Karnataka,HAVERI,2002,Brinjal,1926.0
Karnataka,HAVERI,2002,Cashewnut Processed,1.0
Karnataka,HAVERI,2002,Cashewnut Raw,3.0
Karnataka,HAVERI,2002,Citrus Fruit,642.0
Karnataka,HAVERI,2002,Coconut ,8843.0
Karnataka,HAVERI,2002,Coriander,23.0
Karnataka,HAVERI,2002,Dry chillies,9940.0
Karnataka,HAVERI,2002,Garlic,1281.0
Karnataka,HAVERI,2002,Mango,8067.0
Karnataka,HAVERI,2002,Onion,10550.0
Karnataka,HAVERI,2002,Other Fresh Fruits,961.0
Karnataka,HAVERI,2002,Papaya,39.0
Karnataka,HAVERI,2002,Pome Fruit,228.0
Karnataka,HAVERI,2002,Potato,28.0
Karnataka,HAVERI,2002,Sannhamp,1.0
Karnataka,HAVERI,2002,Sugarcane,125637.0
Karnataka,HAVERI,2002,Tobacco,2.0
Karnataka,HAVERI,2002,Tomato,4679.0
Karnataka,HAVERI,2002,Turmeric,4.0
Karnataka,HAVERI,2003,Arhar/Tur,523.0
Karnataka,HAVERI,2003,Bajra,25.0
Karnataka,HAVERI,2003,Castor seed,39.0
Karnataka,HAVERI,2003,Cotton(lint),31332.0
Karnataka,HAVERI,2003,Dry ginger,1622.0
Karnataka,HAVERI,2003,Groundnut,5928.0
Karnataka,HAVERI,2003,Horse-gram,242.0
Karnataka,HAVERI,2003,Jowar,10977.0
Karnataka,HAVERI,2003,Maize,115966.0
Karnataka,HAVERI,2003,Moong(Green Gram),220.0
Karnataka,HAVERI,2003,Niger seed,157.0
Karnataka,HAVERI,2003,Other Kharif pulses,328.0
Karnataka,HAVERI,2003,Ragi,741.0
Karnataka,HAVERI,2003,Rice,24198.0
Karnataka,HAVERI,2003,Sesamum,143.0
Karnataka,HAVERI,2003,Small millets,8006.0
Karnataka,HAVERI,2003,Soyabean,262.0
Karnataka,HAVERI,2003,Sunflower,812.0
Karnataka,HAVERI,2003,Urad,43.0
Karnataka,HAVERI,2003,Gram,655.0
Karnataka,HAVERI,2003,Groundnut,5492.0
Karnataka,HAVERI,2003,Horse-gram,1501.0
Karnataka,HAVERI,2003,Jowar,16779.0
Karnataka,HAVERI,2003,Linseed,3.0
Karnataka,HAVERI,2003,Maize,2999.0
Karnataka,HAVERI,2003,Moong(Green Gram),534.0
Karnataka,HAVERI,2003,Other  Rabi pulses,214.0
Karnataka,HAVERI,2003,Rapeseed &Mustard,5.0
Karnataka,HAVERI,2003,Safflower,663.0
Karnataka,HAVERI,2003,Sunflower,3601.0
Karnataka,HAVERI,2003,Urad,126.0
Karnataka,HAVERI,2003,Wheat,295.0
Karnataka,HAVERI,2003,Jowar,1240.0
Karnataka,HAVERI,2003,Maize,1259.0
Karnataka,HAVERI,2003,Rice,5385.0
Karnataka,HAVERI,2003,Sunflower,736.0
Karnataka,HAVERI,2003,Arecanut,886.0
Karnataka,HAVERI,2003,Banana,35231.0
Karnataka,HAVERI,2003,Beans & Mutter(Vegetable),1653.0
Karnataka,HAVERI,2003,Brinjal,3162.0
Karnataka,HAVERI,2003,Citrus Fruit,332.0
Karnataka,HAVERI,2003,Coconut ,5868.0
Karnataka,HAVERI,2003,Coriander,24.0
Karnataka,HAVERI,2003,Dry chillies,15662.0
Karnataka,HAVERI,2003,Garlic,690.0
Karnataka,HAVERI,2003,Mango,4276.0
Karnataka,HAVERI,2003,Onion,20412.0
Karnataka,HAVERI,2003,Other Fresh Fruits,444.0
Karnataka,HAVERI,2003,Pome Fruit,69.0
Karnataka,HAVERI,2003,Potato,5.0
Karnataka,HAVERI,2003,Sannhamp,0.0
Karnataka,HAVERI,2003,Sugarcane,98150.0
Karnataka,HAVERI,2003,Tobacco,3.0
Karnataka,HAVERI,2003,Tomato,5520.0
Karnataka,HAVERI,2003,Turmeric,5.0
Karnataka,HAVERI,2004,Arhar/Tur,1517.0
Karnataka,HAVERI,2004,Bajra,97.0
Karnataka,HAVERI,2004,Castor seed,115.0
Karnataka,HAVERI,2004,Cotton(lint),92471.0
Karnataka,HAVERI,2004,Dry ginger,1134.0
Karnataka,HAVERI,2004,Groundnut,13936.0
Karnataka,HAVERI,2004,Horse-gram,198.0
Karnataka,HAVERI,2004,Jowar,36833.0
Karnataka,HAVERI,2004,Maize,299230.0
Karnataka,HAVERI,2004,Moong(Green Gram),5410.0
Karnataka,HAVERI,2004,Niger seed,199.0
Karnataka,HAVERI,2004,Other Kharif pulses,
Karnataka,HAVERI,2004,Ragi,1655.0
Karnataka,HAVERI,2004,Rice,43973.22
Karnataka,HAVERI,2004,Sesamum,500.0
Karnataka,HAVERI,2004,Small millets,8232.0
Karnataka,HAVERI,2004,Soyabean,784.0
Karnataka,HAVERI,2004,Sunflower,1853.0
Karnataka,HAVERI,2004,Urad,39.0
Karnataka,HAVERI,2004,Gram,479.0
Karnataka,HAVERI,2004,Groundnut,4465.0
Karnataka,HAVERI,2004,Horse-gram,1712.0
Karnataka,HAVERI,2004,Jowar,32891.0
Karnataka,HAVERI,2004,Linseed,8.0
Karnataka,HAVERI,2004,Maize,1314.0
Karnataka,HAVERI,2004,Moong(Green Gram),337.0
Karnataka,HAVERI,2004,Other  Rabi pulses,188.0
Karnataka,HAVERI,2004,Rapeseed &Mustard,6.0
Karnataka,HAVERI,2004,Safflower,1317.0
Karnataka,HAVERI,2004,Sunflower,5179.0
Karnataka,HAVERI,2004,Urad,55.0
Karnataka,HAVERI,2004,Wheat,433.0
Karnataka,HAVERI,2004,Jowar,186.0
Karnataka,HAVERI,2004,Maize,2105.0
Karnataka,HAVERI,2004,Rice,14664.0
Karnataka,HAVERI,2004,Sunflower,1520.0
Karnataka,HAVERI,2004,Arecanut,1002.0
Karnataka,HAVERI,2004,Banana,36550.0
Karnataka,HAVERI,2004,Coconut ,55319.81
Karnataka,HAVERI,2004,Coriander,18.0
Karnataka,HAVERI,2004,Dry chillies,11794.0
Karnataka,HAVERI,2004,Garlic,931.0
Karnataka,HAVERI,2004,Onion,53516.0
Karnataka,HAVERI,2004,Potato,6.0
Karnataka,HAVERI,2004,Sannhamp,1.0
Karnataka,HAVERI,2004,Tobacco,5.0
Karnataka,HAVERI,2004,Turmeric,14.0
Karnataka,HAVERI,2005,Arhar/Tur,3183.0
Karnataka,HAVERI,2005,Bajra,62.0
Karnataka,HAVERI,2005,Castor seed,93.0
Karnataka,HAVERI,2005,Dry chillies,6350.0
Karnataka,HAVERI,2005,Groundnut,9725.0
Karnataka,HAVERI,2005,Horse-gram,139.0
Karnataka,HAVERI,2005,Jowar,33777.0
Karnataka,HAVERI,2005,Maize,360596.0
Karnataka,HAVERI,2005,Moong(Green Gram),4079.0
Karnataka,HAVERI,2005,Niger seed,155.0
Karnataka,HAVERI,2005,Onion,60026.0
Karnataka,HAVERI,2005,Other Kharif pulses,313.0
Karnataka,HAVERI,2005,Peas & beans (Pulses),232.0
Karnataka,HAVERI,2005,Potato,3.0
Karnataka,HAVERI,2005,Ragi,1953.0
Karnataka,HAVERI,2005,Rice,55400.0
Karnataka,HAVERI,2005,Sesamum,979.0
Karnataka,HAVERI,2005,Small millets,6237.0
Karnataka,HAVERI,2005,Soyabean,837.0
Karnataka,HAVERI,2005,Sunflower,2937.0
Karnataka,HAVERI,2005,Urad,61.0
Karnataka,HAVERI,2005,Dry chillies,455.0
Karnataka,HAVERI,2005,Gram,368.0
Karnataka,HAVERI,2005,Groundnut,5597.0
Karnataka,HAVERI,2005,Horse-gram,2234.0
Karnataka,HAVERI,2005,Jowar,27709.0
Karnataka,HAVERI,2005,Linseed,37.0
Karnataka,HAVERI,2005,Maize,1802.0
Karnataka,HAVERI,2005,Moong(Green Gram),932.0
Karnataka,HAVERI,2005,Onion,1254.0
Karnataka,HAVERI,2005,Other  Rabi pulses,394.0
Karnataka,HAVERI,2005,Peas & beans (Pulses),7.0
Karnataka,HAVERI,2005,Rapeseed &Mustard,8.0
Karnataka,HAVERI,2005,Safflower,1376.0
Karnataka,HAVERI,2005,Sunflower,5701.0
Karnataka,HAVERI,2005,Urad,170.0
Karnataka,HAVERI,2005,Wheat,713.0
Karnataka,HAVERI,2005,Dry chillies,3917.0
Karnataka,HAVERI,2005,Jowar,467.0
Karnataka,HAVERI,2005,Maize,2018.0
Karnataka,HAVERI,2005,Onion,1505.0
Karnataka,HAVERI,2005,Ragi,2.0
Karnataka,HAVERI,2005,Rice,14667.0
Karnataka,HAVERI,2005,Sunflower,1226.0
Karnataka,HAVERI,2005,Arecanut,4816.0
Karnataka,HAVERI,2005,Banana,41846.0
Karnataka,HAVERI,2005,Coconut ,4651.0
Karnataka,HAVERI,2005,Coriander,9.0
Karnataka,HAVERI,2005,Cotton(lint),96519.0
Karnataka,HAVERI,2005,Dry ginger,1609.0
Karnataka,HAVERI,2005,Garlic,1054.0
Karnataka,HAVERI,2005,Sugarcane,100277.0
Karnataka,HAVERI,2005,Tobacco,14.0
Karnataka,HAVERI,2005,Turmeric,32.0
Karnataka,HAVERI,2006,Arhar/Tur,3172.0
Karnataka,HAVERI,2006,Bajra,28.0
Karnataka,HAVERI,2006,Castor seed,47.0
Karnataka,HAVERI,2006,Gram,94.0
Karnataka,HAVERI,2006,Groundnut,11561.0
Karnataka,HAVERI,2006,Horse-gram,145.0
Karnataka,HAVERI,2006,Jowar,25520.0
Karnataka,HAVERI,2006,Maize,336397.0
Karnataka,HAVERI,2006,Moong(Green Gram),2401.0
Karnataka,HAVERI,2006,Niger seed,160.0
Karnataka,HAVERI,2006,Other Kharif pulses,388.0
Karnataka,HAVERI,2006,Ragi,1328.0
Karnataka,HAVERI,2006,Rapeseed &Mustard,11.0
Karnataka,HAVERI,2006,Rice,68978.0
Karnataka,HAVERI,2006,Sesamum,684.0
Karnataka,HAVERI,2006,Small millets,7680.0
Karnataka,HAVERI,2006,Soyabean,6022.0
Karnataka,HAVERI,2006,Sunflower,1454.0
Karnataka,HAVERI,2006,Urad,94.0
Karnataka,HAVERI,2006,Gram,335.0
Karnataka,HAVERI,2006,Groundnut,2726.0
Karnataka,HAVERI,2006,Horse-gram,2591.0
Karnataka,HAVERI,2006,Jowar,24407.0
Karnataka,HAVERI,2006,Linseed,36.0
Karnataka,HAVERI,2006,Maize,2426.0
Karnataka,HAVERI,2006,Moong(Green Gram),1414.0
Karnataka,HAVERI,2006,Other  Rabi pulses,544.0
Karnataka,HAVERI,2006,Safflower,1196.0
Karnataka,HAVERI,2006,Sunflower,4908.0
Karnataka,HAVERI,2006,Urad,217.0
Karnataka,HAVERI,2006,Wheat,902.0
Karnataka,HAVERI,2006,Jowar,533.0
Karnataka,HAVERI,2006,Maize,4196.0
Karnataka,HAVERI,2006,Rice,10719.0
Karnataka,HAVERI,2006,Sunflower,2124.0
Karnataka,HAVERI,2006,Arecanut,1109.0
Karnataka,HAVERI,2006,Banana,38731.0
Karnataka,HAVERI,2006,Coconut ,5052.0
Karnataka,HAVERI,2006,Coriander,22.0
Karnataka,HAVERI,2006,Cotton(lint),129621.0
Karnataka,HAVERI,2006,Dry chillies,28525.0
Karnataka,HAVERI,2006,Dry ginger,1121.0
Karnataka,HAVERI,2006,Garlic,1631.0
Karnataka,HAVERI,2006,Mesta,11.0
Karnataka,HAVERI,2006,Onion,27137.0
Karnataka,HAVERI,2006,Potato,13.0
Karnataka,HAVERI,2006,Sugarcane,92415.0
Karnataka,HAVERI,2006,Tobacco,55.0
Karnataka,HAVERI,2006,Turmeric,5.0
Karnataka,HAVERI,2007,Arhar/Tur,1872.0
Karnataka,HAVERI,2007,Bajra,34.0
Karnataka,HAVERI,2007,Castor seed,42.0
Karnataka,HAVERI,2007,Dry chillies,19414.0
Karnataka,HAVERI,2007,Groundnut,12018.0
Karnataka,HAVERI,2007,Horse-gram,89.0
Karnataka,HAVERI,2007,Jowar,29556.0
Karnataka,HAVERI,2007,Maize,331828.0
Karnataka,HAVERI,2007,Moong(Green Gram),1512.0
Karnataka,HAVERI,2007,Niger seed,138.0
Karnataka,HAVERI,2007,Onion,30900.0
Karnataka,HAVERI,2007,Other Kharif pulses,399.0
Karnataka,HAVERI,2007,Ragi,960.0
Karnataka,HAVERI,2007,Rapeseed &Mustard,17.0
Karnataka,HAVERI,2007,Rice,92017.0
Karnataka,HAVERI,2007,Sesamum,368.0
Karnataka,HAVERI,2007,Small millets,5993.0
Karnataka,HAVERI,2007,Soyabean,3962.0
Karnataka,HAVERI,2007,Sunflower,1591.0
Karnataka,HAVERI,2007,Urad,245.0
Karnataka,HAVERI,2007,Dry chillies,2342.0
Karnataka,HAVERI,2007,Gram,419.0
Karnataka,HAVERI,2007,Groundnut,3256.0
Karnataka,HAVERI,2007,Horse-gram,2589.0
Karnataka,HAVERI,2007,Jowar,25973.0
Karnataka,HAVERI,2007,Linseed,51.0
Karnataka,HAVERI,2007,Maize,5120.0
Karnataka,HAVERI,2007,Moong(Green Gram),947.0
Karnataka,HAVERI,2007,Onion,665.0
Karnataka,HAVERI,2007,Other  Rabi pulses,507.0
Karnataka,HAVERI,2007,Safflower,1517.0
Karnataka,HAVERI,2007,Sunflower,4870.0
Karnataka,HAVERI,2007,Urad,36.0
Karnataka,HAVERI,2007,Wheat,875.0
Karnataka,HAVERI,2007,Dry chillies,3832.0
Karnataka,HAVERI,2007,Jowar,611.0
Karnataka,HAVERI,2007,Maize,3147.0
Karnataka,HAVERI,2007,Onion,338.0
Karnataka,HAVERI,2007,Rice,12395.0
Karnataka,HAVERI,2007,Sunflower,2590.0
Karnataka,HAVERI,2007,Arecanut,6210.0
Karnataka,HAVERI,2007,Banana,73996.0
Karnataka,HAVERI,2007,Coconut ,5718.0
Karnataka,HAVERI,2007,Coriander,25.0
Karnataka,HAVERI,2007,Cotton(lint),152978.0
Karnataka,HAVERI,2007,Dry ginger,624.0
Karnataka,HAVERI,2007,Garlic,2065.0
Karnataka,HAVERI,2007,Sugarcane,155966.0
Karnataka,HAVERI,2007,Tobacco,40.0
Karnataka,HAVERI,2008,Arhar/Tur,1187.0
Karnataka,HAVERI,2008,Bajra,8.0
Karnataka,HAVERI,2008,Castor seed,57.0
Karnataka,HAVERI,2008,Dry chillies,17698.0
Karnataka,HAVERI,2008,Groundnut,10852.0
Karnataka,HAVERI,2008,Horse-gram,51.0
Karnataka,HAVERI,2008,Jowar,19567.0
Karnataka,HAVERI,2008,Maize,313857.0
Karnataka,HAVERI,2008,Moong(Green Gram),820.0
Karnataka,HAVERI,2008,Niger seed,198.0
Karnataka,HAVERI,2008,Onion,36225.0
Karnataka,HAVERI,2008,Other Kharif pulses,286.0
Karnataka,HAVERI,2008,Ragi,1254.0
Karnataka,HAVERI,2008,Rice,56650.0
Karnataka,HAVERI,2008,Sesamum,337.0
Karnataka,HAVERI,2008,Soyabean,6228.0
Karnataka,HAVERI,2008,Sunflower,1549.0
Karnataka,HAVERI,2008,Urad,119.0
Karnataka,HAVERI,2008,Dry chillies,3561.0
Karnataka,HAVERI,2008,Gram,387.0
Karnataka,HAVERI,2008,Groundnut,2229.0
Karnataka,HAVERI,2008,Horse-gram,1388.0
Karnataka,HAVERI,2008,Jowar,24121.0
Karnataka,HAVERI,2008,Linseed,38.0
Karnataka,HAVERI,2008,Maize,6508.0
Karnataka,HAVERI,2008,Moong(Green Gram),852.0
Karnataka,HAVERI,2008,Onion,708.0
Karnataka,HAVERI,2008,Other  Rabi pulses,209.0
Karnataka,HAVERI,2008,Rapeseed &Mustard,21.0
Karnataka,HAVERI,2008,Safflower,1832.0
Karnataka,HAVERI,2008,Sunflower,4208.0
Karnataka,HAVERI,2008,Urad,119.0
Karnataka,HAVERI,2008,Wheat,801.0
Karnataka,HAVERI,2008,Dry chillies,8347.0
Karnataka,HAVERI,2008,Jowar,842.0
Karnataka,HAVERI,2008,Maize,4985.0
Karnataka,HAVERI,2008,Onion,87.0
Karnataka,HAVERI,2008,Rice,15131.0
Karnataka,HAVERI,2008,Sunflower,2000.0
Karnataka,HAVERI,2008,Arecanut,7025.0
Karnataka,HAVERI,2008,Banana,39199.0
Karnataka,HAVERI,2008,Cashewnut,27.05
Karnataka,HAVERI,2008,Coconut ,5957.0
Karnataka,HAVERI,2008,Coriander,35.0
Karnataka,HAVERI,2008,Cotton(lint),163838.0
Karnataka,HAVERI,2008,Dry ginger,1688.0
Karnataka,HAVERI,2008,Garlic,5101.0
Karnataka,HAVERI,2008,Sugarcane,110508.0
Karnataka,HAVERI,2008,Tobacco,33.0
Karnataka,HAVERI,2008,Turmeric,5.0
Karnataka,HAVERI,2009,Arhar/Tur,1461.0
Karnataka,HAVERI,2009,Bajra,
Karnataka,HAVERI,2009,Castor seed,8.0
Karnataka,HAVERI,2009,Gram,38.0
Karnataka,HAVERI,2009,Groundnut,11384.0
Karnataka,HAVERI,2009,Horse-gram,38.0
Karnataka,HAVERI,2009,Jowar,9381.0
Karnataka,HAVERI,2009,Maize,248755.0
Karnataka,HAVERI,2009,Moong(Green Gram),565.0
Karnataka,HAVERI,2009,Niger seed,157.0
Karnataka,HAVERI,2009,Onion,17806.0
Karnataka,HAVERI,2009,Other Kharif pulses,194.0
Karnataka,HAVERI,2009,Ragi,371.0
Karnataka,HAVERI,2009,Rice,47582.69
Karnataka,HAVERI,2009,Sesamum,211.0
Karnataka,HAVERI,2009,Small millets,2487.0
Karnataka,HAVERI,2009,Soyabean,3739.0
Karnataka,HAVERI,2009,Sunflower,758.0
Karnataka,HAVERI,2009,Urad,102.0
Karnataka,HAVERI,2009,Dry chillies,5558.0
Karnataka,HAVERI,2009,Gram,2366.0
Karnataka,HAVERI,2009,Groundnut,2487.0
Karnataka,HAVERI,2009,Horse-gram,2366.0
Karnataka,HAVERI,2009,Jowar,20640.0
Karnataka,HAVERI,2009,Linseed,35.0
Karnataka,HAVERI,2009,Maize,10735.0
Karnataka,HAVERI,2009,Moong(Green Gram),785.0
Karnataka,HAVERI,2009,Onion,581.0
Karnataka,HAVERI,2009,Other  Rabi pulses,376.0
Karnataka,HAVERI,2009,Rapeseed &Mustard,1.0
Karnataka,HAVERI,2009,Safflower,1434.0
Karnataka,HAVERI,2009,Sunflower,4615.0
Karnataka,HAVERI,2009,Urad,75.0
Karnataka,HAVERI,2009,Wheat,1430.0
Karnataka,HAVERI,2009,Dry chillies,11315.0
Karnataka,HAVERI,2009,Jowar,616.0
Karnataka,HAVERI,2009,Maize,2930.0
Karnataka,HAVERI,2009,Onion,282.0
Karnataka,HAVERI,2009,Rice,12652.0
Karnataka,HAVERI,2009,Sunflower,1938.0
Karnataka,HAVERI,2009,Arecanut,8675.0
Karnataka,HAVERI,2009,Banana,28219.0
Karnataka,HAVERI,2009,Cashewnut,37.0
Karnataka,HAVERI,2009,Coconut ,5598.0
Karnataka,HAVERI,2009,Coriander,22.0
Karnataka,HAVERI,2009,Cotton(lint),143134.0
Karnataka,HAVERI,2009,Dry ginger,1921.0
Karnataka,HAVERI,2009,Garlic,2977.0
Karnataka,HAVERI,2009,Sugarcane,72423.0
Karnataka,HAVERI,2009,Tobacco,12.0
Karnataka,HAVERI,2009,Turmeric,20.0
Karnataka,HAVERI,2010,Arhar/Tur,1889.0
Karnataka,HAVERI,2010,Castor seed,9.0
Karnataka,HAVERI,2010,Cotton(lint),277675.0
Karnataka,HAVERI,2010,Cowpea(Lobia),240.0
Karnataka,HAVERI,2010,Dry chillies,4642.0
Karnataka,HAVERI,2010,Groundnut,19306.0
Karnataka,HAVERI,2010,Horse-gram,87.0
Karnataka,HAVERI,2010,Jowar,15676.0
Karnataka,HAVERI,2010,Maize,472631.0
Karnataka,HAVERI,2010,Moong(Green Gram),1282.0
Karnataka,HAVERI,2010,Niger seed,114.0
Karnataka,HAVERI,2010,Onion,22920.0
Karnataka,HAVERI,2010,Other Kharif pulses,93.0
Karnataka,HAVERI,2010,Peas & beans (Pulses),222.0
Karnataka,HAVERI,2010,Ragi,275.0
Karnataka,HAVERI,2010,Rice,89319.0
Karnataka,HAVERI,2010,Sesamum,84.0
Karnataka,HAVERI,2010,Small millets,1236.0
Karnataka,HAVERI,2010,Soyabean,7794.0
Karnataka,HAVERI,2010,Sunflower,225.0
Karnataka,HAVERI,2010,Urad,48.0
Karnataka,HAVERI,2010,Cotton(lint),2921.0
Karnataka,HAVERI,2010,Cowpea(Lobia),324.0
Karnataka,HAVERI,2010,Dry chillies,4253.0
Karnataka,HAVERI,2010,Gram,573.0
Karnataka,HAVERI,2010,Groundnut,3261.0
Karnataka,HAVERI,2010,Horse-gram,1790.0
Karnataka,HAVERI,2010,Jowar,29136.0
Karnataka,HAVERI,2010,Linseed,44.0
Karnataka,HAVERI,2010,Maize,11877.0
Karnataka,HAVERI,2010,Moong(Green Gram),998.0
Karnataka,HAVERI,2010,Onion,801.0
Karnataka,HAVERI,2010,Other  Rabi pulses,104.0
Karnataka,HAVERI,2010,Peas & beans (Pulses),57.0
Karnataka,HAVERI,2010,Rapeseed &Mustard,7.0
Karnataka,HAVERI,2010,Safflower,595.0
Karnataka,HAVERI,2010,Sunflower,2837.0
Karnataka,HAVERI,2010,Urad,158.0
Karnataka,HAVERI,2010,Wheat,1014.0
Karnataka,HAVERI,2010,Dry chillies,6037.0
Karnataka,HAVERI,2010,Jowar,1854.0
Karnataka,HAVERI,2010,Maize,10559.0
Karnataka,HAVERI,2010,Onion,777.0
Karnataka,HAVERI,2010,Peas & beans (Pulses),93.0
Karnataka,HAVERI,2010,Rice,17833.0
Karnataka,HAVERI,2010,Sunflower,1096.0
Karnataka,HAVERI,2010,Arecanut,17084.0
Karnataka,HAVERI,2010,Banana,42166.0
Karnataka,HAVERI,2010,Cashewnut,40.0
Karnataka,HAVERI,2010,Coconut ,12303.0
Karnataka,HAVERI,2010,Coriander,10.0
Karnataka,HAVERI,2010,Dry ginger,575.3
Karnataka,HAVERI,2010,Garlic,1119.0
Karnataka,HAVERI,2010,Sugarcane,141455.0
Karnataka,HAVERI,2010,Turmeric,5.0
Karnataka,HAVERI,2011,Arhar/Tur,1482.0
Karnataka,HAVERI,2011,Bajra,6.0
Karnataka,HAVERI,2011,Castor seed,13.0
Karnataka,HAVERI,2011,Cotton(lint),304176.0
Karnataka,HAVERI,2011,Cowpea(Lobia),159.0
Karnataka,HAVERI,2011,Dry chillies,5865.0
Karnataka,HAVERI,2011,Groundnut,18062.0
Karnataka,HAVERI,2011,Horse-gram,36.0
Karnataka,HAVERI,2011,Jowar,12756.0
Karnataka,HAVERI,2011,Maize,422394.0
Karnataka,HAVERI,2011,Moong(Green Gram),665.0
Karnataka,HAVERI,2011,Niger seed,85.0
Karnataka,HAVERI,2011,Onion,22195.0
Karnataka,HAVERI,2011,Other Kharif pulses,158.0
Karnataka,HAVERI,2011,Peas & beans (Pulses),36.0
Karnataka,HAVERI,2011,Ragi,528.0
Karnataka,HAVERI,2011,Rice,102249.0
Karnataka,HAVERI,2011,Sesamum,69.0
Karnataka,HAVERI,2011,Small millets,3487.0
Karnataka,HAVERI,2011,Soyabean,6024.0
Karnataka,HAVERI,2011,Sunflower,122.0
Karnataka,HAVERI,2011,Urad,60.0
Karnataka,HAVERI,2011,Cotton(lint),1710.0
Karnataka,HAVERI,2011,Cowpea(Lobia),120.0
Karnataka,HAVERI,2011,Dry chillies,4058.0
Karnataka,HAVERI,2011,Gram,352.0
Karnataka,HAVERI,2011,Groundnut,3007.0
Karnataka,HAVERI,2011,Horse-gram,1514.0
Karnataka,HAVERI,2011,Jowar,13120.0
Karnataka,HAVERI,2011,Linseed,28.0
Karnataka,HAVERI,2011,Maize,24040.0
Karnataka,HAVERI,2011,Moong(Green Gram),947.0
Karnataka,HAVERI,2011,Onion,573.0
Karnataka,HAVERI,2011,Other  Rabi pulses,147.0
Karnataka,HAVERI,2011,Peas & beans (Pulses),29.0
Karnataka,HAVERI,2011,Rapeseed &Mustard,4.0
Karnataka,HAVERI,2011,Safflower,1046.0
Karnataka,HAVERI,2011,Sunflower,1201.0
Karnataka,HAVERI,2011,Urad,99.0
Karnataka,HAVERI,2011,Wheat,558.0
Karnataka,HAVERI,2011,Dry chillies,6028.0
Karnataka,HAVERI,2011,Jowar,2367.0
Karnataka,HAVERI,2011,Maize,10408.0
Karnataka,HAVERI,2011,Onion,68.0
Karnataka,HAVERI,2011,Peas & beans (Pulses),9.0
Karnataka,HAVERI,2011,Rice,16340.0
Karnataka,HAVERI,2011,Sunflower,666.0
Karnataka,HAVERI,2011,Arecanut,13403.0
Karnataka,HAVERI,2011,Banana,40820.0
Karnataka,HAVERI,2011,Cashewnut,49.0
Karnataka,HAVERI,2011,Coconut ,12825.0
Karnataka,HAVERI,2011,Coriander,33.0
Karnataka,HAVERI,2011,Dry ginger,610.9
Karnataka,HAVERI,2011,Garlic,843.0
Karnataka,HAVERI,2011,Sugarcane,280762.0
Karnataka,HAVERI,2011,Turmeric,30.0
Karnataka,HAVERI,2012,Arhar/Tur,1160.0
Karnataka,HAVERI,2012,Bajra,61.0
Karnataka,HAVERI,2012,Castor seed,3.0
Karnataka,HAVERI,2012,Cotton(lint),144873.0
Karnataka,HAVERI,2012,Cowpea(Lobia),90.0
Karnataka,HAVERI,2012,Dry chillies,3070.0
Karnataka,HAVERI,2012,Groundnut,12002.0
Karnataka,HAVERI,2012,Horse-gram,25.0
Karnataka,HAVERI,2012,Jowar,5010.0
Karnataka,HAVERI,2012,Maize,321971.0
Karnataka,HAVERI,2012,Moong(Green Gram),212.0
Karnataka,HAVERI,2012,Niger seed,68.0
Karnataka,HAVERI,2012,Onion,3785.0
Karnataka,HAVERI,2012,Other Kharif pulses,109.0
Karnataka,HAVERI,2012,Ragi,98.0
Karnataka,HAVERI,2012,Rapeseed &Mustard,5.0
Karnataka,HAVERI,2012,Rice,37313.0
Karnataka,HAVERI,2012,Sesamum,16.0
Karnataka,HAVERI,2012,Small millets,1893.0
Karnataka,HAVERI,2012,Soyabean,2499.0
Karnataka,HAVERI,2012,Sunflower,199.0
Karnataka,HAVERI,2012,Urad,7.0
Karnataka,HAVERI,2012,Cotton(lint),1112.0
Karnataka,HAVERI,2012,Cowpea(Lobia),113.0
Karnataka,HAVERI,2012,Dry chillies,4546.0
Karnataka,HAVERI,2012,Gram,382.0
Karnataka,HAVERI,2012,Horse-gram,1190.0
Karnataka,HAVERI,2012,Jowar,18889.0
Karnataka,HAVERI,2012,Linseed,7.0
Karnataka,HAVERI,2012,Maize,21457.0
Karnataka,HAVERI,2012,Moong(Green Gram),420.0
Karnataka,HAVERI,2012,Onion,452.0
Karnataka,HAVERI,2012,Other  Rabi pulses,67.0
Karnataka,HAVERI,2012,Safflower,1194.0
Karnataka,HAVERI,2012,Sunflower,1997.0
Karnataka,HAVERI,2012,Urad,77.0
Karnataka,HAVERI,2012,Wheat,458.0
Karnataka,HAVERI,2012,Cowpea(Lobia),143.0
Karnataka,HAVERI,2012,Dry chillies,5652.0
Karnataka,HAVERI,2012,Groundnut,2121.0
Karnataka,HAVERI,2012,Jowar,1140.0
Karnataka,HAVERI,2012,Maize,8387.0
Karnataka,HAVERI,2012,Onion,199.0
Karnataka,HAVERI,2012,Rice,9301.0
Karnataka,HAVERI,2012,Sunflower,499.0
Karnataka,HAVERI,2012,Arecanut,15033.0
Karnataka,HAVERI,2012,Cashewnut,40.0
Karnataka,HAVERI,2012,Coconut ,13725.0
Karnataka,HAVERI,2012,Coriander,13.0
Karnataka,HAVERI,2012,Dry ginger,3409.0
Karnataka,HAVERI,2012,Garlic,696.0
Karnataka,HAVERI,2012,Sugarcane,372062.0
Karnataka,HAVERI,2012,Turmeric,14.0
Karnataka,HAVERI,2013,Arhar/Tur,1162.0
Karnataka,HAVERI,2013,Castor seed,24.0
Karnataka,HAVERI,2013,Cotton(lint),192919.0
Karnataka,HAVERI,2013,Cowpea(Lobia),90.0
Karnataka,HAVERI,2013,Dry chillies,4468.0
Karnataka,HAVERI,2013,Groundnut,29425.0
Karnataka,HAVERI,2013,Horse-gram,58.0
Karnataka,HAVERI,2013,Jowar,7834.0
Karnataka,HAVERI,2013,Maize,525142.0
Karnataka,HAVERI,2013,Moong(Green Gram),354.0
Karnataka,HAVERI,2013,Niger seed,60.0
Karnataka,HAVERI,2013,Onion,29490.0
Karnataka,HAVERI,2013,Other Kharif pulses,122.0
Karnataka,HAVERI,2013,Ragi,83.0
Karnataka,HAVERI,2013,Rapeseed &Mustard,5.0
Karnataka,HAVERI,2013,Rice,101006.0
Karnataka,HAVERI,2013,Sesamum,78.0
Karnataka,HAVERI,2013,Small millets,2156.0
Karnataka,HAVERI,2013,Soyabean,5873.0
Karnataka,HAVERI,2013,Sunflower,37.0
Karnataka,HAVERI,2013,Urad,42.0
Karnataka,HAVERI,2013,Cotton(lint),1514.0
Karnataka,HAVERI,2013,Cowpea(Lobia),314.0
Karnataka,HAVERI,2013,Dry chillies,3844.0
Karnataka,HAVERI,2013,Gram,525.0
Karnataka,HAVERI,2013,Horse-gram,1546.0
Karnataka,HAVERI,2013,Jowar,21506.0
Karnataka,HAVERI,2013,Linseed,14.0
Karnataka,HAVERI,2013,Maize,23307.0
Karnataka,HAVERI,2013,Moong(Green Gram),588.0
Karnataka,HAVERI,2013,Onion,998.0
Karnataka,HAVERI,2013,Other  Rabi pulses,214.0
Karnataka,HAVERI,2013,Safflower,926.0
Karnataka,HAVERI,2013,Sunflower,2137.0
Karnataka,HAVERI,2013,Urad,172.0
Karnataka,HAVERI,2013,Wheat,641.0
Karnataka,HAVERI,2013,Cowpea(Lobia),148.0
Karnataka,HAVERI,2013,Dry chillies,5977.0
Karnataka,HAVERI,2013,Groundnut,1723.0
Karnataka,HAVERI,2013,Jowar,278.0
Karnataka,HAVERI,2013,Maize,9148.0
Karnataka,HAVERI,2013,Onion,542.0
Karnataka,HAVERI,2013,Rice,21110.0
Karnataka,HAVERI,2013,Sunflower,732.0
Karnataka,HAVERI,2013,Arecanut,20963.0
Karnataka,HAVERI,2013,Cashewnut,48.0
Karnataka,HAVERI,2013,Coconut ,11068.0
Karnataka,HAVERI,2013,Coriander,10.0
Karnataka,HAVERI,2013,Dry ginger,4505.0
Karnataka,HAVERI,2013,Garlic,1540.0
Karnataka,HAVERI,2013,Sannhamp,1.0
Karnataka,HAVERI,2013,Sugarcane,871388.0
Karnataka,HAVERI,2013,Sweet potato,220.0
Karnataka,HAVERI,2014,Arhar/Tur,964.0
Karnataka,HAVERI,2014,Castor seed,8.0
Karnataka,HAVERI,2014,Cotton(lint),211727.0
Karnataka,HAVERI,2014,Cowpea(Lobia),47.0
Karnataka,HAVERI,2014,Dry chillies,4910.0
Karnataka,HAVERI,2014,Groundnut,20490.0
Karnataka,HAVERI,2014,Horse-gram,29.0
Karnataka,HAVERI,2014,Jowar,3540.0
Karnataka,HAVERI,2014,Maize,382369.0
Karnataka,HAVERI,2014,Moong(Green Gram),166.0
Karnataka,HAVERI,2014,Niger seed,47.0
Karnataka,HAVERI,2014,Onion,10676.0
Karnataka,HAVERI,2014,Other Kharif pulses,126.0
Karnataka,HAVERI,2014,Potato,6.0
Karnataka,HAVERI,2014,Ragi,160.0
Karnataka,HAVERI,2014,Rapeseed &Mustard,
Karnataka,HAVERI,2014,Rice,99031.0
Karnataka,HAVERI,2014,Sesamum,101.0
Karnataka,HAVERI,2014,Small millets,1229.0
Karnataka,HAVERI,2014,Soyabean,4150.0
Karnataka,HAVERI,2014,Sunflower,14.0
Karnataka,HAVERI,2014,Urad,3.0
Karnataka,HAVERI,2014,Cotton(lint),281.0
Karnataka,HAVERI,2014,Cowpea(Lobia),209.0
Karnataka,HAVERI,2014,Dry chillies,3724.0
Karnataka,HAVERI,2014,Gram,488.0
Karnataka,HAVERI,2014,Horse-gram,2672.0
Karnataka,HAVERI,2014,Jowar,30910.0
Karnataka,HAVERI,2014,Linseed,23.0
Karnataka,HAVERI,2014,Maize,28768.0
Karnataka,HAVERI,2014,Moong(Green Gram),642.0
Karnataka,HAVERI,2014,Onion,908.0
Karnataka,HAVERI,2014,Other  Rabi pulses,177.0
Karnataka,HAVERI,2014,Safflower,777.0
Karnataka,HAVERI,2014,Sunflower,2511.0
Karnataka,HAVERI,2014,Urad,69.0
Karnataka,HAVERI,2014,Wheat,470.0
Karnataka,HAVERI,2014,Cotton(lint),1012.0
Karnataka,HAVERI,2014,Cowpea(Lobia),187.0
Karnataka,HAVERI,2014,Dry chillies,3858.0
Karnataka,HAVERI,2014,Groundnut,1771.0
Karnataka,HAVERI,2014,Jowar,1024.0
Karnataka,HAVERI,2014,Maize,9571.0
Karnataka,HAVERI,2014,Onion,294.0
Karnataka,HAVERI,2014,Rice,19345.0
Karnataka,HAVERI,2014,Sunflower,1229.0
Karnataka,HAVERI,2014,Arecanut,21410.0
Karnataka,HAVERI,2014,Black pepper,123.0
Karnataka,HAVERI,2014,Cashewnut,28.0
Karnataka,HAVERI,2014,Coconut ,12136.0
Karnataka,HAVERI,2014,Coriander,12.0
Karnataka,HAVERI,2014,Dry ginger,25241.0
Karnataka,HAVERI,2014,Garlic,1314.0
Karnataka,HAVERI,2014,Sannhamp,1.0
Karnataka,HAVERI,2014,Sugarcane,1094149.0
Karnataka,HAVERI,2014,Sweet potato,17.0
Karnataka,HAVERI,2014,Turmeric,18.0
Karnataka,KODAGU,1997,Black pepper,393.0
Karnataka,KODAGU,1997,Dry ginger,575.0
Karnataka,KODAGU,1997,Maize,3295.0
Karnataka,KODAGU,1997,Paddy,131138.0
Karnataka,KODAGU,1997,Ragi,470.0
Karnataka,KODAGU,1997,Rice,87476.0
Karnataka,KODAGU,1997,Dry chillies,777.0
Karnataka,KODAGU,1997,Paddy,269.0
Karnataka,KODAGU,1997,Rice,180.0
Karnataka,KODAGU,1997,Maize,88.0
Karnataka,KODAGU,1997,Paddy,3568.0
Karnataka,KODAGU,1997,Ragi,37.0
Karnataka,KODAGU,1997,Rice,2380.0
Karnataka,KODAGU,1997,Arecanut,1342.0
Karnataka,KODAGU,1997,Cardamom,611.0
Karnataka,KODAGU,1997,Sugarcane,658.0
Karnataka,KODAGU,1997,Turmeric,44.0
Karnataka,KODAGU,1998,Cotton(lint),3.0
Karnataka,KODAGU,1998,Dry ginger,8423.0
Karnataka,KODAGU,1998,Maize,5800.0
Karnataka,KODAGU,1998,Ragi,460.0
Karnataka,KODAGU,1998,Rice,83315.0
Karnataka,KODAGU,1998,Rice,52.0
Karnataka,KODAGU,1998,Rice,1775.0
Karnataka,KODAGU,1998,Arecanut,7388.0
Karnataka,KODAGU,1998,Black pepper,4489.0
Karnataka,KODAGU,1998,Cardamom,582.0
Karnataka,KODAGU,1998,Coconut ,3708.0
Karnataka,KODAGU,1998,Dry chillies,1363.0
Karnataka,KODAGU,1998,Turmeric,25.0
Karnataka,KODAGU,1999,Dry ginger,47513.0
Karnataka,KODAGU,1999,Maize,3477.0
Karnataka,KODAGU,1999,Other Kharif pulses,4.0
Karnataka,KODAGU,1999,Ragi,263.0
Karnataka,KODAGU,1999,Rice,83189.0
Karnataka,KODAGU,1999,Rice,53.0
Karnataka,KODAGU,1999,Rice,750.0
Karnataka,KODAGU,1999,Banana,4012.0
Karnataka,KODAGU,1999,Black pepper,10078.0
Karnataka,KODAGU,1999,Cardamom,558.0
Karnataka,KODAGU,1999,Coconut ,4959.0
Karnataka,KODAGU,1999,Dry chillies,1164.0
Karnataka,KODAGU,1999,Onion,88.0
Karnataka,KODAGU,1999,Sweet potato,94.0
Karnataka,KODAGU,1999,Tapioca,302.0
Karnataka,KODAGU,1999,Tobacco,287.0
Karnataka,KODAGU,2000,Dry ginger,54345.0
Karnataka,KODAGU,2000,Maize,5422.0
Karnataka,KODAGU,2000,Other Kharif pulses,45.0
Karnataka,KODAGU,2000,Ragi,1333.0
Karnataka,KODAGU,2000,Rice,83597.0
Karnataka,KODAGU,2000,Groundnut,5.0
Karnataka,KODAGU,2000,Other  Rabi pulses,79.0
Karnataka,KODAGU,2000,Ragi,113.0
Karnataka,KODAGU,2000,Rice,11.0
Karnataka,KODAGU,2000,Maize,14.0
Karnataka,KODAGU,2000,Ragi,24.0
Karnataka,KODAGU,2000,Rice,1449.0
Karnataka,KODAGU,2000,Arecanut,1676.0
Karnataka,KODAGU,2000,Banana,3585.0
Karnataka,KODAGU,2000,Black pepper,10661.0
Karnataka,KODAGU,2000,Cardamom,558.0
Karnataka,KODAGU,2000,Coconut ,5041.0
Karnataka,KODAGU,2000,Dry chillies,841.0
Karnataka,KODAGU,2000,Sweet potato,25.0
Karnataka,KODAGU,2000,Tapioca,40.0
Karnataka,KODAGU,2000,Tobacco,237.0
Karnataka,KODAGU,2001,Dry ginger,46064.0
Karnataka,KODAGU,2001,Groundnut,1.0
Karnataka,KODAGU,2001,Maize,10018.0
Karnataka,KODAGU,2001,Other Kharif pulses,111.0
Karnataka,KODAGU,2001,Ragi,866.0
Karnataka,KODAGU,2001,Rice,89223.0
Karnataka,KODAGU,2001,Other  Rabi pulses,65.0
Karnataka,KODAGU,2001,Rice,21.0
Karnataka,KODAGU,2001,Maize,79.0
Karnataka,KODAGU,2001,Ragi,115.0
Karnataka,KODAGU,2001,Rice,1288.0
Karnataka,KODAGU,2001,Arecanut,1721.0
Karnataka,KODAGU,2001,Black pepper,11683.0
Karnataka,KODAGU,2001,Coconut ,6393.0
Karnataka,KODAGU,2001,Dry chillies,235.0
Karnataka,KODAGU,2002,Dry ginger,47423.0
Karnataka,KODAGU,2002,Groundnut,2.0
Karnataka,KODAGU,2002,Maize,9776.0
Karnataka,KODAGU,2002,Other Kharif pulses,102.0
Karnataka,KODAGU,2002,Ragi,307.0
Karnataka,KODAGU,2002,Rice,69729.0
Karnataka,KODAGU,2002,Other  Rabi pulses,8.0
Karnataka,KODAGU,2002,Rice,19.0
Karnataka,KODAGU,2002,Maize,91.0
Karnataka,KODAGU,2002,Rice,226.0
Karnataka,KODAGU,2002,Arcanut (Processed),1863.0
Karnataka,KODAGU,2002,Atcanut (Raw),8970.0
Karnataka,KODAGU,2002,Banana,8188.0
Karnataka,KODAGU,2002,Beans & Mutter(Vegetable),198.0
Karnataka,KODAGU,2002,Black pepper,11840.0
Karnataka,KODAGU,2002,Brinjal,134.0
Karnataka,KODAGU,2002,Cardamom,510.0
Karnataka,KODAGU,2002,Cashewnut Processed,312.0
Karnataka,KODAGU,2002,Cashewnut Raw,1250.0
Karnataka,KODAGU,2002,Citrus Fruit,354.0
Karnataka,KODAGU,2002,Coconut ,6139.0
Karnataka,KODAGU,2002,Dry chillies,1959.0
Karnataka,KODAGU,2002,Mango,305.0
Karnataka,KODAGU,2002,Other Fresh Fruits,75.0
Karnataka,KODAGU,2002,Pome Fruit,190.0
Karnataka,KODAGU,2002,Sweet potato,62.0
Karnataka,KODAGU,2002,Tapioca,101.0
Karnataka,KODAGU,2002,Tobacco,270.0
Karnataka,KODAGU,2002,Tomato,64.0
Karnataka,KODAGU,2003,Dry ginger,43114.0
Karnataka,KODAGU,2003,Groundnut,1.0
Karnataka,KODAGU,2003,Maize,10551.0
Karnataka,KODAGU,2003,Other Kharif pulses,19.0
Karnataka,KODAGU,2003,Ragi,514.0
Karnataka,KODAGU,2003,Rice,71460.0
Karnataka,KODAGU,2003,Gram,29.0
Karnataka,KODAGU,2003,Horse-gram,39.0
Karnataka,KODAGU,2003,Other  Rabi pulses,20.0
Karnataka,KODAGU,2003,Rice,36.0
Karnataka,KODAGU,2003,Maize,88.0
Karnataka,KODAGU,2003,Rice,679.0
Karnataka,KODAGU,2003,Arecanut,1880.0
Karnataka,KODAGU,2003,Banana,510.0
Karnataka,KODAGU,2003,Beans & Mutter(Vegetable),1065.0
Karnataka,KODAGU,2003,Black pepper,11962.0
Karnataka,KODAGU,2003,Brinjal,87.0
Karnataka,KODAGU,2003,Cardamom,509.0
Karnataka,KODAGU,2003,Citrus Fruit,838.0
Karnataka,KODAGU,2003,Coconut ,6173.0
Karnataka,KODAGU,2003,Dry chillies,984.0
Karnataka,KODAGU,2003,Mango,108.0
Karnataka,KODAGU,2003,Other Fresh Fruits,69.0
Karnataka,KODAGU,2003,Pome Fruit,116.0
Karnataka,KODAGU,2003,Sweet potato,62.0
Karnataka,KODAGU,2003,Tapioca,141.0
Karnataka,KODAGU,2003,Tobacco,172.0
Karnataka,KODAGU,2003,Tomato,52.0
Karnataka,KODAGU,2004,Dry ginger,47138.0
Karnataka,KODAGU,2004,Groundnut,2.0
Karnataka,KODAGU,2004,Horse-gram,44.0
Karnataka,KODAGU,2004,Maize,11176.0
Karnataka,KODAGU,2004,Other Kharif pulses,187.0
Karnataka,KODAGU,2004,Ragi,607.0
Karnataka,KODAGU,2004,Rice,84246.51
Karnataka,KODAGU,2004,Gram,13.0
Karnataka,KODAGU,2004,Groundnut,36.0
Karnataka,KODAGU,2004,Maize,150.0
Karnataka,KODAGU,2004,Other  Rabi pulses,19.0
Karnataka,KODAGU,2004,Ragi,39.0
Karnataka,KODAGU,2004,Rice,84.0
Karnataka,KODAGU,2004,Maize,382.0
Karnataka,KODAGU,2004,Ragi,39.0
Karnataka,KODAGU,2004,Rice,4989.0
Karnataka,KODAGU,2004,Arecanut,1939.0
Karnataka,KODAGU,2004,Banana,9767.0
Karnataka,KODAGU,2004,Black pepper,15352.0
Karnataka,KODAGU,2004,Cardamom,516.0
Karnataka,KODAGU,2004,Coconut ,64234.06
Karnataka,KODAGU,2004,Dry chillies,1121.0
Karnataka,KODAGU,2004,Sweet potato,75.0
Karnataka,KODAGU,2004,Tapioca,181.0
Karnataka,KODAGU,2004,Tobacco,221.0
Karnataka,KODAGU,2004,Turmeric,38.0
Karnataka,KODAGU,2005,Arhar/Tur,10.0
Karnataka,KODAGU,2005,Castor seed,130.0
Karnataka,KODAGU,2005,Groundnut,5.0
Karnataka,KODAGU,2005,Maize,10172.0
Karnataka,KODAGU,2005,Other Kharif pulses,239.0
Karnataka,KODAGU,2005,Peas & beans (Pulses),257.0
Karnataka,KODAGU,2005,Potato,452.0
Karnataka,KODAGU,2005,Ragi,646.0
Karnataka,KODAGU,2005,Rice,78998.0
Karnataka,KODAGU,2005,Sesamum,9.0
Karnataka,KODAGU,2005,Gram,5.0
Karnataka,KODAGU,2005,Horse-gram,2.0
Karnataka,KODAGU,2005,Other  Rabi pulses,81.0
Karnataka,KODAGU,2005,Ragi,338.0
Karnataka,KODAGU,2005,Rice,144.0
Karnataka,KODAGU,2005,Dry chillies,2815.0
Karnataka,KODAGU,2005,Maize,1515.0
Karnataka,KODAGU,2005,Peas & beans (Pulses),20.0
Karnataka,KODAGU,2005,Ragi,328.0
Karnataka,KODAGU,2005,Rice,2074.0
Karnataka,KODAGU,2005,Arecanut,9582.0
Karnataka,KODAGU,2005,Banana,7440.0
Karnataka,KODAGU,2005,Black pepper,19130.0
Karnataka,KODAGU,2005,Cardamom,550.0
Karnataka,KODAGU,2005,Coconut ,6622.0
Karnataka,KODAGU,2005,Dry ginger,59909.0
Karnataka,KODAGU,2005,Sweet potato,300.0
Karnataka,KODAGU,2005,Tapioca,604.0
Karnataka,KODAGU,2005,Tobacco,165.0
Karnataka,KODAGU,2005,Turmeric,85.0
Karnataka,KODAGU,2006,Arhar/Tur,7.0
Karnataka,KODAGU,2006,Castor seed,100.0
Karnataka,KODAGU,2006,Groundnut,3.0
Karnataka,KODAGU,2006,Maize,11428.0
Karnataka,KODAGU,2006,Other Kharif pulses,384.0
Karnataka,KODAGU,2006,Ragi,450.0
Karnataka,KODAGU,2006,Rice,84576.0
Karnataka,KODAGU,2006,Sesamum,6.0
Karnataka,KODAGU,2006,Gram,4.0
Karnataka,KODAGU,2006,Horse-gram,3.0
Karnataka,KODAGU,2006,Maize,158.0
Karnataka,KODAGU,2006,Other  Rabi pulses,83.0
Karnataka,KODAGU,2006,Ragi,264.0
Karnataka,KODAGU,2006,Rice,34.0
Karnataka,KODAGU,2006,Maize,320.0
Karnataka,KODAGU,2006,Ragi,171.0
Karnataka,KODAGU,2006,Rice,707.0
Karnataka,KODAGU,2006,Arecanut,3215.0
Karnataka,KODAGU,2006,Banana,2376.0
Karnataka,KODAGU,2006,Black pepper,15525.0
Karnataka,KODAGU,2006,Cardamom,791.0
Karnataka,KODAGU,2006,Coconut ,9919.0
Karnataka,KODAGU,2006,Dry chillies,1078.0
Karnataka,KODAGU,2006,Dry ginger,50386.0
Karnataka,KODAGU,2006,Potato,787.0
Karnataka,KODAGU,2006,Sweet potato,269.0
Karnataka,KODAGU,2006,Tapioca,705.0
Karnataka,KODAGU,2006,Tobacco,116.0
Karnataka,KODAGU,2006,Turmeric,116.0
Karnataka,KODAGU,2007,Castor seed,72.0
Karnataka,KODAGU,2007,Groundnut,9.0
Karnataka,KODAGU,2007,Horse-gram,4.0
Karnataka,KODAGU,2007,Maize,11389.0
Karnataka,KODAGU,2007,Other Kharif pulses,258.0
Karnataka,KODAGU,2007,Potato,280.0
Karnataka,KODAGU,2007,Ragi,432.0
Karnataka,KODAGU,2007,Rice,94257.0
Karnataka,KODAGU,2007,Sesamum,4.0
Karnataka,KODAGU,2007,Gram,9.0
Karnataka,KODAGU,2007,Groundnut,4.0
Karnataka,KODAGU,2007,Horse-gram,6.0
Karnataka,KODAGU,2007,Maize,161.0
Karnataka,KODAGU,2007,Other  Rabi pulses,64.0
Karnataka,KODAGU,2007,Ragi,30.0
Karnataka,KODAGU,2007,Rice,54.0
Karnataka,KODAGU,2007,Dry chillies,1015.0
Karnataka,KODAGU,2007,Maize,1324.0
Karnataka,KODAGU,2007,Ragi,122.0
Karnataka,KODAGU,2007,Rice,1165.0
Karnataka,KODAGU,2007,Arecanut,19199.0
Karnataka,KODAGU,2007,Banana,8940.0
Karnataka,KODAGU,2007,Black pepper,24855.0
Karnataka,KODAGU,2007,Cardamom,1340.0
Karnataka,KODAGU,2007,Coconut ,9531.0
Karnataka,KODAGU,2007,Dry ginger,48146.0
Karnataka,KODAGU,2007,Sweet potato,537.0
Karnataka,KODAGU,2007,Tapioca,443.0
Karnataka,KODAGU,2007,Tobacco,100.0
Karnataka,KODAGU,2008,Castor seed,74.0
Karnataka,KODAGU,2008,Dry chillies,33.0
Karnataka,KODAGU,2008,Groundnut,4.0
Karnataka,KODAGU,2008,Maize,14351.0
Karnataka,KODAGU,2008,Other Kharif pulses,88.0
Karnataka,KODAGU,2008,Potato,161.0
Karnataka,KODAGU,2008,Ragi,252.0
Karnataka,KODAGU,2008,Rice,83505.11
Karnataka,KODAGU,2008,Sesamum,3.0
Karnataka,KODAGU,2008,Groundnut,21.0
Karnataka,KODAGU,2008,Horse-gram,39.0
Karnataka,KODAGU,2008,Maize,460.0
Karnataka,KODAGU,2008,Other  Rabi pulses,66.0
Karnataka,KODAGU,2008,Ragi,125.0
Karnataka,KODAGU,2008,Rice,44.0
Karnataka,KODAGU,2008,Dry chillies,1296.0
Karnataka,KODAGU,2008,Maize,2029.0
Karnataka,KODAGU,2008,Potato,80.0
Karnataka,KODAGU,2008,Ragi,130.0
Karnataka,KODAGU,2008,Rice,1162.0
Karnataka,KODAGU,2008,Arecanut,20162.0
Karnataka,KODAGU,2008,Banana,9973.0
Karnataka,KODAGU,2008,Black pepper,39385.0
Karnataka,KODAGU,2008,Cardamom,1164.0
Karnataka,KODAGU,2008,Cashewnut,1519.97
Karnataka,KODAGU,2008,Coconut ,12873.0
Karnataka,KODAGU,2008,Dry ginger,84158.0
Karnataka,KODAGU,2008,Sweet potato,1645.0
Karnataka,KODAGU,2008,Tapioca,292.0
Karnataka,KODAGU,2008,Tobacco,141.0
Karnataka,KODAGU,2009,Maize,15753.0
Karnataka,KODAGU,2009,Potato,470.0
Karnataka,KODAGU,2009,Ragi,227.0
Karnataka,KODAGU,2009,Rice,84554.03
Karnataka,KODAGU,2009,Gram,56.0
Karnataka,KODAGU,2009,Groundnut,26.0
Karnataka,KODAGU,2009,Horse-gram,56.0
Karnataka,KODAGU,2009,Maize,316.0
Karnataka,KODAGU,2009,Other  Rabi pulses,66.0
Karnataka,KODAGU,2009,Ragi,7.0
Karnataka,KODAGU,2009,Rice,22.0
Karnataka,KODAGU,2009,Dry chillies,1689.0
Karnataka,KODAGU,2009,Maize,667.0
Karnataka,KODAGU,2009,Potato,80.0
Karnataka,KODAGU,2009,Ragi,93.0
Karnataka,KODAGU,2009,Rice,536.0
Karnataka,KODAGU,2009,Arecanut,20653.0
Karnataka,KODAGU,2009,Banana,4325.0
Karnataka,KODAGU,2009,Black pepper,35210.0
Karnataka,KODAGU,2009,Cardamom,443.0
Karnataka,KODAGU,2009,Cashewnut,1354.0
Karnataka,KODAGU,2009,Coconut ,12443.0
Karnataka,KODAGU,2009,Dry ginger,89490.0
Karnataka,KODAGU,2009,Sweet potato,974.0
Karnataka,KODAGU,2009,Tapioca,322.0
Karnataka,KODAGU,2009,Tobacco,199.0
Karnataka,KODAGU,2010,Dry chillies,12.0
Karnataka,KODAGU,2010,Maize,15160.0
Karnataka,KODAGU,2010,Potato,137.0
Karnataka,KODAGU,2010,Ragi,434.0
Karnataka,KODAGU,2010,Rice,89155.0
Karnataka,KODAGU,2010,Cowpea(Lobia),74.0
Karnataka,KODAGU,2010,Groundnut,20.0
Karnataka,KODAGU,2010,Horse-gram,82.0
Karnataka,KODAGU,2010,Maize,97.0
Karnataka,KODAGU,2010,Other  Rabi pulses,14.0
Karnataka,KODAGU,2010,Peas & beans (Pulses),205.0
Karnataka,KODAGU,2010,Ragi,176.0
Karnataka,KODAGU,2010,Rice,12.0
Karnataka,KODAGU,2010,Dry chillies,1224.0
Karnataka,KODAGU,2010,Maize,442.0
Karnataka,KODAGU,2010,Peas & beans (Pulses),42.0
Karnataka,KODAGU,2010,Potato,77.0
Karnataka,KODAGU,2010,Rice,399.0
Karnataka,KODAGU,2010,Arecanut,39056.0
Karnataka,KODAGU,2010,Banana,10145.0
Karnataka,KODAGU,2010,Black pepper,6038.7
Karnataka,KODAGU,2010,Cardamom,615.0
Karnataka,KODAGU,2010,Cashewnut,2306.0
Karnataka,KODAGU,2010,Coconut ,14760.0
Karnataka,KODAGU,2010,Dry ginger,14643.2
Karnataka,KODAGU,2010,Sweet potato,503.0
Karnataka,KODAGU,2010,Tapioca,1590.0
Karnataka,KODAGU,2010,Tobacco,267.0
Karnataka,KODAGU,2011,Dry chillies,6.0
Karnataka,KODAGU,2011,Maize,13792.0
Karnataka,KODAGU,2011,Peas & beans (Pulses),294.0
Karnataka,KODAGU,2011,Potato,132.0
Karnataka,KODAGU,2011,Ragi,385.0
Karnataka,KODAGU,2011,Rice,88570.0
Karnataka,KODAGU,2011,Cowpea(Lobia),13.0
Karnataka,KODAGU,2011,Maize,113.0
Karnataka,KODAGU,2011,Ragi,33.0
Karnataka,KODAGU,2011,Rice,7.0
Karnataka,KODAGU,2011,Dry chillies,648.0
Karnataka,KODAGU,2011,Maize,147.0
Karnataka,KODAGU,2011,Rice,450.0
Karnataka,KODAGU,2011,Arecanut,31081.0
Karnataka,KODAGU,2011,Banana,13760.0
Karnataka,KODAGU,2011,Black pepper,2497.2
Karnataka,KODAGU,2011,Cardamom,481.0
Karnataka,KODAGU,2011,Cashewnut,2151.0
Karnataka,KODAGU,2011,Coconut ,16076.0
Karnataka,KODAGU,2011,Dry ginger,5990.4
Karnataka,KODAGU,2011,Sweet potato,772.0
Karnataka,KODAGU,2011,Tapioca,1136.0
Karnataka,KODAGU,2011,Tobacco,206.0
Karnataka,KODAGU,2011,Turmeric,10.0
Karnataka,KODAGU,2012,Cowpea(Lobia),2.0
Karnataka,KODAGU,2012,Groundnut,1.0
Karnataka,KODAGU,2012,Jowar,1.0
Karnataka,KODAGU,2012,Maize,17420.0
Karnataka,KODAGU,2012,Potato,45.0
Karnataka,KODAGU,2012,Ragi,10.0
Karnataka,KODAGU,2012,Rice,77621.0
Karnataka,KODAGU,2012,Sunflower,2.0
Karnataka,KODAGU,2012,Cowpea(Lobia),13.0
Karnataka,KODAGU,2012,Dry chillies,520.0
Karnataka,KODAGU,2012,Maize,86.0
Karnataka,KODAGU,2012,Rice,156.0
Karnataka,KODAGU,2012,Arecanut,31117.0
Karnataka,KODAGU,2012,Black pepper,25333.0
Karnataka,KODAGU,2012,Cardamom,478.0
Karnataka,KODAGU,2012,Cashewnut,2131.0
Karnataka,KODAGU,2012,Coconut ,15773.0
Karnataka,KODAGU,2012,Dry ginger,37985.0
Karnataka,KODAGU,2012,Sweet potato,233.0
Karnataka,KODAGU,2012,Tapioca,1063.0
Karnataka,KODAGU,2012,Tobacco,80.0
Karnataka,KODAGU,2013,Cowpea(Lobia),4.0
Karnataka,KODAGU,2013,Dry chillies,6.0
Karnataka,KODAGU,2013,Groundnut,6.0
Karnataka,KODAGU,2013,Maize,7936.0
Karnataka,KODAGU,2013,Potato,46.0
Karnataka,KODAGU,2013,Rice,91843.0
Karnataka,KODAGU,2013,Cowpea(Lobia),11.0
Karnataka,KODAGU,2013,Dry chillies,396.0
Karnataka,KODAGU,2013,Groundnut,4.0
Karnataka,KODAGU,2013,Maize,169.0
Karnataka,KODAGU,2013,Rice,366.0
Karnataka,KODAGU,2013,Arecanut,43373.0
Karnataka,KODAGU,2013,Black pepper,25814.0
Karnataka,KODAGU,2013,Cardamom,635.0
Karnataka,KODAGU,2013,Cashewnut,2229.0
Karnataka,KODAGU,2013,Coconut ,12734.0
Karnataka,KODAGU,2013,Dry ginger,32893.0
Karnataka,KODAGU,2013,Sweet potato,235.0
Karnataka,KODAGU,2013,Tapioca,1379.0
Karnataka,KODAGU,2013,Tobacco,107.0
Karnataka,KODAGU,2013,Turmeric,5.0
Karnataka,KODAGU,2014,Dry chillies,48.0
Karnataka,KODAGU,2014,Groundnut,44.0
Karnataka,KODAGU,2014,Maize,17740.0
Karnataka,KODAGU,2014,Potato,111.0
Karnataka,KODAGU,2014,Rice,86741.0
Karnataka,KODAGU,2014,Maize,51.0
Karnataka,KODAGU,2014,Rice,12.0
Karnataka,KODAGU,2014,Cowpea(Lobia),4.0
Karnataka,KODAGU,2014,Groundnut,9.0
Karnataka,KODAGU,2014,Maize,124.0
Karnataka,KODAGU,2014,Rice,147.0
Karnataka,KODAGU,2014,Arecanut,42682.0
Karnataka,KODAGU,2014,Black pepper,66531.0
Karnataka,KODAGU,2014,Cardamom,568.0
Karnataka,KODAGU,2014,Cashewnut,2275.0
Karnataka,KODAGU,2014,Coconut ,14153.0
Karnataka,KODAGU,2014,Dry ginger,59692.0
Karnataka,KODAGU,2014,Sweet potato,407.0
Karnataka,KODAGU,2014,Tapioca,1263.0
Karnataka,KODAGU,2014,Tobacco,160.0
Karnataka,KOLAR,1997,Arhar/Tur,3432.0
Karnataka,KOLAR,1997,Bajra,44.0
Karnataka,KOLAR,1997,Dry chillies,1558.0
Karnataka,KOLAR,1997,Dry ginger,5.0
Karnataka,KOLAR,1997,Groundnut,68844.0
Karnataka,KOLAR,1997,Horse-gram,2433.0
Karnataka,KOLAR,1997,Maize,40636.0
Karnataka,KOLAR,1997,Paddy,40165.0
Karnataka,KOLAR,1997,Ragi,142957.0
Karnataka,KOLAR,1997,Rice,26791.0
Karnataka,KOLAR,1997,Dry chillies,177.0
Karnataka,KOLAR,1997,Groundnut,3801.0
Karnataka,KOLAR,1997,Horse-gram,3376.0
Karnataka,KOLAR,1997,Maize,489.0
Karnataka,KOLAR,1997,Paddy,1070.0
Karnataka,KOLAR,1997,Ragi,254.0
Karnataka,KOLAR,1997,Rice,714.0
Karnataka,KOLAR,1997,Maize,1601.0
Karnataka,KOLAR,1997,Paddy,33073.0
Karnataka,KOLAR,1997,Ragi,1063.0
Karnataka,KOLAR,1997,Rice,22059.0
Karnataka,KOLAR,1997,Arecanut,155.0
Karnataka,KOLAR,1997,Coriander,7.0
Karnataka,KOLAR,1997,Garlic,14.0
Karnataka,KOLAR,1997,Sugarcane,290290.0
Karnataka,KOLAR,1997,Turmeric,22.0
Karnataka,KOLAR,1998,Arhar/Tur,11239.0
Karnataka,KOLAR,1998,Bajra,81.0
Karnataka,KOLAR,1998,Castor seed,254.0
Karnataka,KOLAR,1998,Cotton(lint),53.0
Karnataka,KOLAR,1998,Dry ginger,39.0
Karnataka,KOLAR,1998,Groundnut,69141.0
Karnataka,KOLAR,1998,Horse-gram,2879.0
Karnataka,KOLAR,1998,Maize,45983.0
Karnataka,KOLAR,1998,Moong(Green Gram),37.0
Karnataka,KOLAR,1998,Niger seed,246.0
Karnataka,KOLAR,1998,Onion,11697.0
Karnataka,KOLAR,1998,Peas & beans (Pulses),6239.0
Karnataka,KOLAR,1998,Potato,17952.0
Karnataka,KOLAR,1998,Ragi,220794.0
Karnataka,KOLAR,1998,Rapeseed &Mustard,367.0
Karnataka,KOLAR,1998,Rice,34437.0
Karnataka,KOLAR,1998,Sesamum,6.0
Karnataka,KOLAR,1998,Sunflower,575.0
Karnataka,KOLAR,1998,Gram,15.0
Karnataka,KOLAR,1998,Groundnut,2365.0
Karnataka,KOLAR,1998,Horse-gram,3320.0
Karnataka,KOLAR,1998,Maize,131.0
Karnataka,KOLAR,1998,Moong(Green Gram),1.0
Karnataka,KOLAR,1998,Onion,19450.0
Karnataka,KOLAR,1998,Peas & beans (Pulses),3299.0
Karnataka,KOLAR,1998,Potato,69974.0
Karnataka,KOLAR,1998,Ragi,218.0
Karnataka,KOLAR,1998,Rice,568.0
Karnataka,KOLAR,1998,Sunflower,25.0
Karnataka,KOLAR,1998,Maize,1080.0
Karnataka,KOLAR,1998,Onion,588.0
Karnataka,KOLAR,1998,Peas & beans (Pulses),5668.0
Karnataka,KOLAR,1998,Potato,5069.0
Karnataka,KOLAR,1998,Ragi,2022.0
Karnataka,KOLAR,1998,Rice,44823.0
Karnataka,KOLAR,1998,Sunflower,310.0
Karnataka,KOLAR,1998,Arecanut,749.0
Karnataka,KOLAR,1998,Coconut ,10030.0
Karnataka,KOLAR,1998,Coriander,6.0
Karnataka,KOLAR,1998,Dry chillies,1822.0
Karnataka,KOLAR,1998,Garlic,17.0
Karnataka,KOLAR,1998,Turmeric,5.0
Karnataka,KOLAR,1999,Arhar/Tur,5568.0
Karnataka,KOLAR,1999,Bajra,87.0
Karnataka,KOLAR,1999,Castor seed,318.0
Karnataka,KOLAR,1999,Groundnut,30583.0
Karnataka,KOLAR,1999,Horse-gram,1498.0
Karnataka,KOLAR,1999,Maize,32078.0
Karnataka,KOLAR,1999,Moong(Green Gram),52.0
Karnataka,KOLAR,1999,Niger seed,238.0
Karnataka,KOLAR,1999,Other Kharif pulses,3064.0
Karnataka,KOLAR,1999,Ragi,127105.0
Karnataka,KOLAR,1999,Rice,16842.0
Karnataka,KOLAR,1999,Small millets,516.0
Karnataka,KOLAR,1999,Sunflower,1040.0
Karnataka,KOLAR,1999,Groundnut,1206.0
Karnataka,KOLAR,1999,Horse-gram,9344.0
Karnataka,KOLAR,1999,Maize,494.0
Karnataka,KOLAR,1999,Other  Rabi pulses,17.0
Karnataka,KOLAR,1999,Ragi,140.0
Karnataka,KOLAR,1999,Rapeseed &Mustard,379.0
Karnataka,KOLAR,1999,Sunflower,55.0
Karnataka,KOLAR,1999,Maize,812.0
Karnataka,KOLAR,1999,Ragi,1715.0
Karnataka,KOLAR,1999,Rice,4191.0
Karnataka,KOLAR,1999,Sunflower,219.0
Karnataka,KOLAR,1999,Banana,9902.0
Karnataka,KOLAR,1999,Coconut ,10030.0
Karnataka,KOLAR,1999,Coriander,7.0
Karnataka,KOLAR,1999,Dry chillies,2453.0
Karnataka,KOLAR,1999,Garlic,6.0
Karnataka,KOLAR,1999,Onion,22878.0
Karnataka,KOLAR,1999,Potato,151312.0
Karnataka,KOLAR,1999,Sugarcane,483098.0
Karnataka,KOLAR,2000,Arhar/Tur,6828.0
Karnataka,KOLAR,2000,Bajra,19.0
Karnataka,KOLAR,2000,Castor seed,374.0
Karnataka,KOLAR,2000,Groundnut,75207.0
Karnataka,KOLAR,2000,Horse-gram,1811.0
Karnataka,KOLAR,2000,Maize,40280.0
Karnataka,KOLAR,2000,Moong(Green Gram),37.0
Karnataka,KOLAR,2000,Niger seed,251.0
Karnataka,KOLAR,2000,Other Kharif pulses,3921.0
Karnataka,KOLAR,2000,Ragi,241192.0
Karnataka,KOLAR,2000,Rice,29032.0
Karnataka,KOLAR,2000,Small millets,649.0
Karnataka,KOLAR,2000,Sunflower,820.0
Karnataka,KOLAR,2000,Groundnut,2697.0
Karnataka,KOLAR,2000,Horse-gram,1951.0
Karnataka,KOLAR,2000,Other  Rabi pulses,12.0
Karnataka,KOLAR,2000,Ragi,14.0
Karnataka,KOLAR,2000,Rapeseed &Mustard,444.0
Karnataka,KOLAR,2000,Sunflower,10.0
Karnataka,KOLAR,2000,Maize,2255.0
Karnataka,KOLAR,2000,Ragi,2227.0
Karnataka,KOLAR,2000,Rice,31034.0
Karnataka,KOLAR,2000,Sunflower,388.0
Karnataka,KOLAR,2000,Arecanut,120.0
Karnataka,KOLAR,2000,Banana,8842.0
Karnataka,KOLAR,2000,Coconut ,10030.0
Karnataka,KOLAR,2000,Coriander,12.0
Karnataka,KOLAR,2000,Dry chillies,1439.0
Karnataka,KOLAR,2000,Onion,15646.0
Karnataka,KOLAR,2000,Potato,170713.0
Karnataka,KOLAR,2000,Sugarcane,198256.0
Karnataka,KOLAR,2001,Arhar/Tur,1979.0
Karnataka,KOLAR,2001,Castor seed,92.0
Karnataka,KOLAR,2001,Groundnut,30857.0
Karnataka,KOLAR,2001,Horse-gram,1182.0
Karnataka,KOLAR,2001,Maize,22856.0
Karnataka,KOLAR,2001,Moong(Green Gram),11.0
Karnataka,KOLAR,2001,Niger seed,246.0
Karnataka,KOLAR,2001,Other Kharif pulses,2660.0
Karnataka,KOLAR,2001,Ragi,165110.0
Karnataka,KOLAR,2001,Rice,14118.0
Karnataka,KOLAR,2001,Small millets,536.0
Karnataka,KOLAR,2001,Sunflower,514.0
Karnataka,KOLAR,2001,Urad,15.0
Karnataka,KOLAR,2001,Gram,6.0
Karnataka,KOLAR,2001,Horse-gram,2596.0
Karnataka,KOLAR,2001,Maize,155.0
Karnataka,KOLAR,2001,Other  Rabi pulses,18.0
Karnataka,KOLAR,2001,Ragi,16.0
Karnataka,KOLAR,2001,Rapeseed &Mustard,356.0
Karnataka,KOLAR,2001,Maize,2115.0
Karnataka,KOLAR,2001,Ragi,1024.0
Karnataka,KOLAR,2001,Rice,37848.0
Karnataka,KOLAR,2001,Sunflower,434.0
Karnataka,KOLAR,2001,Arecanut,113.0
Karnataka,KOLAR,2001,Coconut ,7523.0
Karnataka,KOLAR,2001,Coriander,6.0
Karnataka,KOLAR,2001,Dry chillies,2122.0
Karnataka,KOLAR,2001,Onion,18154.0
Karnataka,KOLAR,2001,Peas & beans (Pulses),21108.0
Karnataka,KOLAR,2001,Potato,214109.0
Karnataka,KOLAR,2001,Sugarcane,123358.0
Karnataka,KOLAR,2002,Arhar/Tur,852.0
Karnataka,KOLAR,2002,Bajra,138.0
Karnataka,KOLAR,2002,Castor seed,129.0
Karnataka,KOLAR,2002,Groundnut,10445.0
Karnataka,KOLAR,2002,Horse-gram,1300.0
Karnataka,KOLAR,2002,Maize,18642.0
Karnataka,KOLAR,2002,Niger seed,92.0
Karnataka,KOLAR,2002,Other Kharif pulses,1304.0
Karnataka,KOLAR,2002,Ragi,27240.0
Karnataka,KOLAR,2002,Rice,11215.0
Karnataka,KOLAR,2002,Small millets,213.0
Karnataka,KOLAR,2002,Sunflower,662.0
Karnataka,KOLAR,2002,Groundnut,227.0
Karnataka,KOLAR,2002,Horse-gram,3152.0
Karnataka,KOLAR,2002,Maize,1681.0
Karnataka,KOLAR,2002,Other  Rabi pulses,49.0
Karnataka,KOLAR,2002,Ragi,6776.0
Karnataka,KOLAR,2002,Rapeseed &Mustard,134.0
Karnataka,KOLAR,2002,Sunflower,763.0
Karnataka,KOLAR,2002,Maize,1528.0
Karnataka,KOLAR,2002,Ragi,445.0
Karnataka,KOLAR,2002,Rice,347.0
Karnataka,KOLAR,2002,Sunflower,248.0
Karnataka,KOLAR,2002,Arcanut (Processed),101.0
Karnataka,KOLAR,2002,Atcanut (Raw),486.0
Karnataka,KOLAR,2002,Banana,14701.0
Karnataka,KOLAR,2002,Beans & Mutter(Vegetable),23457.0
Karnataka,KOLAR,2002,Brinjal,5296.0
Karnataka,KOLAR,2002,Cashewnut Processed,218.0
Karnataka,KOLAR,2002,Cashewnut Raw,856.0
Karnataka,KOLAR,2002,Citrus Fruit,1249.0
Karnataka,KOLAR,2002,Coconut ,7523.0
Karnataka,KOLAR,2002,Coriander,6.0
Karnataka,KOLAR,2002,Dry chillies,2209.0
Karnataka,KOLAR,2002,Grapes,36402.0
Karnataka,KOLAR,2002,Mango,74818.0
Karnataka,KOLAR,2002,Onion,8929.0
Karnataka,KOLAR,2002,Other Fresh Fruits,4165.0
Karnataka,KOLAR,2002,Papaya,489.0
Karnataka,KOLAR,2002,Pome Fruit,4152.0
Karnataka,KOLAR,2002,Potato,48176.0
Karnataka,KOLAR,2002,Sugarcane,104800.0
Karnataka,KOLAR,2002,Tomato,58006.0
Karnataka,KOLAR,2003,Arhar/Tur,4533.0
Karnataka,KOLAR,2003,Bajra,9.0
Karnataka,KOLAR,2003,Castor seed,602.0
Karnataka,KOLAR,2003,Groundnut,30706.0
Karnataka,KOLAR,2003,Horse-gram,450.0
Karnataka,KOLAR,2003,Maize,53583.0
Karnataka,KOLAR,2003,Niger seed,195.0
Karnataka,KOLAR,2003,Other Kharif pulses,2956.0
Karnataka,KOLAR,2003,Ragi,176361.0
Karnataka,KOLAR,2003,Rice,18998.0
Karnataka,KOLAR,2003,Small millets,1071.0
Karnataka,KOLAR,2003,Sunflower,353.0
Karnataka,KOLAR,2003,Groundnut,219.0
Karnataka,KOLAR,2003,Horse-gram,1690.0
Karnataka,KOLAR,2003,Maize,781.0
Karnataka,KOLAR,2003,Ragi,99.0
Karnataka,KOLAR,2003,Rapeseed &Mustard,403.0
Karnataka,KOLAR,2003,Sunflower,1279.0
Karnataka,KOLAR,2003,Maize,738.0
Karnataka,KOLAR,2003,Ragi,153.0
Karnataka,KOLAR,2003,Rice,1814.0
Karnataka,KOLAR,2003,Sunflower,469.0
Karnataka,KOLAR,2003,Arecanut,94.0
Karnataka,KOLAR,2003,Banana,42123.0
Karnataka,KOLAR,2003,Beans & Mutter(Vegetable),13505.0
Karnataka,KOLAR,2003,Brinjal,2964.0
Karnataka,KOLAR,2003,Citrus Fruit,1123.0
Karnataka,KOLAR,2003,Coconut ,7523.0
Karnataka,KOLAR,2003,Coriander,9.0
Karnataka,KOLAR,2003,Dry chillies,2858.0
Karnataka,KOLAR,2003,Grapes,36594.0
Karnataka,KOLAR,2003,Mango,77452.0
Karnataka,KOLAR,2003,Onion,8616.0
Karnataka,KOLAR,2003,Other Fresh Fruits,3150.0
Karnataka,KOLAR,2003,Pome Fruit,5312.0
Karnataka,KOLAR,2003,Potato,91056.0
Karnataka,KOLAR,2003,Sugarcane,46018.0
Karnataka,KOLAR,2003,Tomato,66553.0
Karnataka,KOLAR,2004,Arhar/Tur,6332.0
Karnataka,KOLAR,2004,Bajra,29.0
Karnataka,KOLAR,2004,Castor seed,258.0
Karnataka,KOLAR,2004,Groundnut,31973.0
Karnataka,KOLAR,2004,Horse-gram,1267.0
Karnataka,KOLAR,2004,Maize,46248.0
Karnataka,KOLAR,2004,Moong(Green Gram),25.0
Karnataka,KOLAR,2004,Niger seed,186.0
Karnataka,KOLAR,2004,Other Kharif pulses,2890.0
Karnataka,KOLAR,2004,Ragi,152191.0
Karnataka,KOLAR,2004,Rice,16558.5
Karnataka,KOLAR,2004,Small millets,351.0
Karnataka,KOLAR,2004,Sunflower,1310.0
Karnataka,KOLAR,2004,Urad,3.0
Karnataka,KOLAR,2004,Gram,108.0
Karnataka,KOLAR,2004,Groundnut,72.0
Karnataka,KOLAR,2004,Horse-gram,3279.0
Karnataka,KOLAR,2004,Maize,1118.0
Karnataka,KOLAR,2004,Ragi,335.0
Karnataka,KOLAR,2004,Rapeseed &Mustard,256.0
Karnataka,KOLAR,2004,Sunflower,5713.0
Karnataka,KOLAR,2004,Maize,691.0
Karnataka,KOLAR,2004,Ragi,110.0
Karnataka,KOLAR,2004,Rice,1570.0
Karnataka,KOLAR,2004,Sunflower,655.0
Karnataka,KOLAR,2004,Arecanut,76.0
Karnataka,KOLAR,2004,Banana,7498.0
Karnataka,KOLAR,2004,Coconut ,75993.17
Karnataka,KOLAR,2004,Coriander,11.0
Karnataka,KOLAR,2004,Dry chillies,1332.0
Karnataka,KOLAR,2004,Onion,17872.0
Karnataka,KOLAR,2004,Potato,72607.0
Karnataka,KOLAR,2005,Arhar/Tur,5091.0
Karnataka,KOLAR,2005,Bajra,54.0
Karnataka,KOLAR,2005,Castor seed,517.0
Karnataka,KOLAR,2005,Dry chillies,383.0
Karnataka,KOLAR,2005,Groundnut,36605.0
Karnataka,KOLAR,2005,Horse-gram,1271.0
Karnataka,KOLAR,2005,Maize,60505.0
Karnataka,KOLAR,2005,Moong(Green Gram),18.0
Karnataka,KOLAR,2005,Niger seed,123.0
Karnataka,KOLAR,2005,Onion,2814.0
Karnataka,KOLAR,2005,Other Kharif pulses,3394.0
Karnataka,KOLAR,2005,Peas & beans (Pulses),14671.0
Karnataka,KOLAR,2005,Potato,3833.0
Karnataka,KOLAR,2005,Ragi,193572.0
Karnataka,KOLAR,2005,Rice,14584.0
Karnataka,KOLAR,2005,Small millets,276.0
Karnataka,KOLAR,2005,Sunflower,660.0
Karnataka,KOLAR,2005,Urad,3.0
Karnataka,KOLAR,2005,Dry chillies,388.0
Karnataka,KOLAR,2005,Gram,36.0
Karnataka,KOLAR,2005,Groundnut,376.0
Karnataka,KOLAR,2005,Horse-gram,1845.0
Karnataka,KOLAR,2005,Maize,1916.0
Karnataka,KOLAR,2005,Onion,4157.0
Karnataka,KOLAR,2005,Other  Rabi pulses,3.0
Karnataka,KOLAR,2005,Peas & beans (Pulses),2311.0
Karnataka,KOLAR,2005,Potato,73493.0
Karnataka,KOLAR,2005,Ragi,485.0
Karnataka,KOLAR,2005,Rapeseed &Mustard,351.0
Karnataka,KOLAR,2005,Rice,55.0
Karnataka,KOLAR,2005,Sunflower,7775.0
Karnataka,KOLAR,2005,Dry chillies,473.0
Karnataka,KOLAR,2005,Maize,1747.0
Karnataka,KOLAR,2005,Onion,2281.0
Karnataka,KOLAR,2005,Peas & beans (Pulses),982.0
Karnataka,KOLAR,2005,Potato,2859.0
Karnataka,KOLAR,2005,Ragi,256.0
Karnataka,KOLAR,2005,Rice,45108.0
Karnataka,KOLAR,2005,Sunflower,3136.0
Karnataka,KOLAR,2005,Arecanut,364.0
Karnataka,KOLAR,2005,Banana,23168.0
Karnataka,KOLAR,2005,Coconut ,7523.0
Karnataka,KOLAR,2005,Coriander,8.0
Karnataka,KOLAR,2005,Sugarcane,35517.0
Karnataka,KOLAR,2006,Arhar/Tur,3321.0
Karnataka,KOLAR,2006,Bajra,45.0
Karnataka,KOLAR,2006,Castor seed,397.0
Karnataka,KOLAR,2006,Gram,2.0
Karnataka,KOLAR,2006,Groundnut,11709.0
Karnataka,KOLAR,2006,Horse-gram,1533.0
Karnataka,KOLAR,2006,Maize,39468.0
Karnataka,KOLAR,2006,Moong(Green Gram),2.0
Karnataka,KOLAR,2006,Niger seed,123.0
Karnataka,KOLAR,2006,Other Kharif pulses,7340.0
Karnataka,KOLAR,2006,Ragi,72276.0
Karnataka,KOLAR,2006,Rice,18143.0
Karnataka,KOLAR,2006,Small millets,143.0
Karnataka,KOLAR,2006,Sunflower,288.0
Karnataka,KOLAR,2006,Urad,2.0
Karnataka,KOLAR,2006,Groundnut,330.0
Karnataka,KOLAR,2006,Horse-gram,3666.0
Karnataka,KOLAR,2006,Maize,5200.0
Karnataka,KOLAR,2006,Other  Rabi pulses,47.0
Karnataka,KOLAR,2006,Ragi,160.0
Karnataka,KOLAR,2006,Sunflower,1316.0
Karnataka,KOLAR,2006,Maize,3582.0
Karnataka,KOLAR,2006,Ragi,886.0
Karnataka,KOLAR,2006,Rice,1409.0
Karnataka,KOLAR,2006,Sunflower,2508.0
Karnataka,KOLAR,2006,Arecanut,76.0
Karnataka,KOLAR,2006,Banana,63037.0
Karnataka,KOLAR,2006,Coconut ,7523.0
Karnataka,KOLAR,2006,Coriander,7.0
Karnataka,KOLAR,2006,Dry chillies,2113.0
Karnataka,KOLAR,2006,Onion,4384.0
Karnataka,KOLAR,2006,Potato,164474.0
Karnataka,KOLAR,2006,Sugarcane,28580.0
Karnataka,KOLAR,2007,Arhar/Tur,1685.0
Karnataka,KOLAR,2007,Bajra,27.0
Karnataka,KOLAR,2007,Castor seed,30.0
Karnataka,KOLAR,2007,Dry chillies,255.0
Karnataka,KOLAR,2007,Groundnut,11155.0
Karnataka,KOLAR,2007,Horse-gram,78.0
Karnataka,KOLAR,2007,Maize,2906.0
Karnataka,KOLAR,2007,Niger seed,65.0
Karnataka,KOLAR,2007,Onion,1311.0
Karnataka,KOLAR,2007,Other Kharif pulses,3853.0
Karnataka,KOLAR,2007,Potato,13259.0
Karnataka,KOLAR,2007,Ragi,72434.0
Karnataka,KOLAR,2007,Rice,7223.0
Karnataka,KOLAR,2007,Small millets,35.0
Karnataka,KOLAR,2007,Sunflower,37.0
Karnataka,KOLAR,2007,Dry chillies,346.0
Karnataka,KOLAR,2007,Groundnut,82.0
Karnataka,KOLAR,2007,Horse-gram,1610.0
Karnataka,KOLAR,2007,Onion,76.0
Karnataka,KOLAR,2007,Other  Rabi pulses,18.0
Karnataka,KOLAR,2007,Potato,9319.0
Karnataka,KOLAR,2007,Ragi,162.0
Karnataka,KOLAR,2007,Dry chillies,2904.0
Karnataka,KOLAR,2007,Maize,352.0
Karnataka,KOLAR,2007,Onion,151.0
Karnataka,KOLAR,2007,Potato,27519.0
Karnataka,KOLAR,2007,Ragi,686.0
Karnataka,KOLAR,2007,Rice,2409.0
Karnataka,KOLAR,2007,Sunflower,69.0
Karnataka,KOLAR,2007,Banana,5824.0
Karnataka,KOLAR,2007,Coconut ,7490.0
Karnataka,KOLAR,2007,Coriander,2.0
Karnataka,KOLAR,2007,Sugarcane,8455.0
Karnataka,KOLAR,2008,Arhar/Tur,2803.0
Karnataka,KOLAR,2008,Castor seed,65.0
Karnataka,KOLAR,2008,Dry chillies,366.0
Karnataka,KOLAR,2008,Groundnut,7626.0
Karnataka,KOLAR,2008,Horse-gram,49.0
Karnataka,KOLAR,2008,Maize,1672.0
Karnataka,KOLAR,2008,Niger seed,233.0
Karnataka,KOLAR,2008,Onion,960.0
Karnataka,KOLAR,2008,Other Kharif pulses,6508.0
Karnataka,KOLAR,2008,Ragi,102755.0
Karnataka,KOLAR,2008,Rice,6211.8
Karnataka,KOLAR,2008,Sunflower,23.0
Karnataka,KOLAR,2008,Dry chillies,536.0
Karnataka,KOLAR,2008,Groundnut,26.0
Karnataka,KOLAR,2008,Horse-gram,1182.0
Karnataka,KOLAR,2008,Maize,296.0
Karnataka,KOLAR,2008,Onion,187.0
Karnataka,KOLAR,2008,Other  Rabi pulses,4.0
Karnataka,KOLAR,2008,Potato,47274.0
Karnataka,KOLAR,2008,Ragi,219.0
Karnataka,KOLAR,2008,Rapeseed &Mustard,247.0
Karnataka,KOLAR,2008,Dry chillies,1592.0
Karnataka,KOLAR,2008,Maize,324.0
Karnataka,KOLAR,2008,Onion,1211.0
Karnataka,KOLAR,2008,Potato,24188.0
Karnataka,KOLAR,2008,Ragi,368.0
Karnataka,KOLAR,2008,Rice,466.0
Karnataka,KOLAR,2008,Sunflower,8.0
Karnataka,KOLAR,2008,Banana,16886.0
Karnataka,KOLAR,2008,Cashewnut,542.86
Karnataka,KOLAR,2008,Coconut ,10078.0
Karnataka,KOLAR,2008,Coriander,3.0
Karnataka,KOLAR,2009,Arhar/Tur,1510.0
Karnataka,KOLAR,2009,Castor seed,47.0
Karnataka,KOLAR,2009,Gram,75.0
Karnataka,KOLAR,2009,Groundnut,7002.0
Karnataka,KOLAR,2009,Horse-gram,75.0
Karnataka,KOLAR,2009,Maize,1257.0
Karnataka,KOLAR,2009,Niger seed,78.0
Karnataka,KOLAR,2009,Onion,318.0
Karnataka,KOLAR,2009,Other Kharif pulses,5184.0
Karnataka,KOLAR,2009,Ragi,67737.0
Karnataka,KOLAR,2009,Rice,6370.7
Karnataka,KOLAR,2009,Small millets,44.0
Karnataka,KOLAR,2009,Sunflower,16.0
Karnataka,KOLAR,2009,Dry chillies,371.0
Karnataka,KOLAR,2009,Gram,1757.0
Karnataka,KOLAR,2009,Groundnut,50.0
Karnataka,KOLAR,2009,Horse-gram,1757.0
Karnataka,KOLAR,2009,Maize,203.0
Karnataka,KOLAR,2009,Onion,350.0
Karnataka,KOLAR,2009,Other  Rabi pulses,20.0
Karnataka,KOLAR,2009,Potato,49338.0
Karnataka,KOLAR,2009,Ragi,202.0
Karnataka,KOLAR,2009,Rapeseed &Mustard,77.0
Karnataka,KOLAR,2009,Dry chillies,2221.0
Karnataka,KOLAR,2009,Maize,662.0
Karnataka,KOLAR,2009,Onion,857.0
Karnataka,KOLAR,2009,Potato,40325.0
Karnataka,KOLAR,2009,Ragi,864.0
Karnataka,KOLAR,2009,Rice,6465.0
Karnataka,KOLAR,2009,Sunflower,4.0
Karnataka,KOLAR,2009,Banana,8145.0
Karnataka,KOLAR,2009,Cashewnut,670.0
Karnataka,KOLAR,2009,Coconut ,10459.0
Karnataka,KOLAR,2009,Coriander,2.0
Karnataka,KOLAR,2010,Arhar/Tur,7503.0
Karnataka,KOLAR,2010,Castor seed,67.0
Karnataka,KOLAR,2010,Cowpea(Lobia),2027.0
Karnataka,KOLAR,2010,Dry chillies,413.0
Karnataka,KOLAR,2010,Groundnut,10313.0
Karnataka,KOLAR,2010,Horse-gram,81.0
Karnataka,KOLAR,2010,Maize,1653.0
Karnataka,KOLAR,2010,Niger seed,87.0
Karnataka,KOLAR,2010,Onion,1124.0
Karnataka,KOLAR,2010,Other Kharif pulses,10282.0
Karnataka,KOLAR,2010,Peas & beans (Pulses),4684.0
Karnataka,KOLAR,2010,Ragi,108551.0
Karnataka,KOLAR,2010,Rice,16286.0
Karnataka,KOLAR,2010,Sesamum,49.0
Karnataka,KOLAR,2010,Small millets,43.0
Karnataka,KOLAR,2010,Sunflower,18.0
Karnataka,KOLAR,2010,Cowpea(Lobia),5.0
Karnataka,KOLAR,2010,Dry chillies,782.0
Karnataka,KOLAR,2010,Gram,16.0
Karnataka,KOLAR,2010,Groundnut,13.0
Karnataka,KOLAR,2010,Horse-gram,4083.0
Karnataka,KOLAR,2010,Maize,218.0
Karnataka,KOLAR,2010,Onion,753.0
Karnataka,KOLAR,2010,Peas & beans (Pulses),3768.0
Karnataka,KOLAR,2010,Potato,19770.0
Karnataka,KOLAR,2010,Ragi,168.0
Karnataka,KOLAR,2010,Rapeseed &Mustard,109.0
Karnataka,KOLAR,2010,Dry chillies,1166.0
Karnataka,KOLAR,2010,Maize,670.0
Karnataka,KOLAR,2010,Onion,2011.0
Karnataka,KOLAR,2010,Peas & beans (Pulses),5685.0
Karnataka,KOLAR,2010,Potato,19603.0
Karnataka,KOLAR,2010,Ragi,509.0
Karnataka,KOLAR,2010,Rice,3397.0
Karnataka,KOLAR,2010,Sunflower,4.0
Karnataka,KOLAR,2010,Banana,10525.0
Karnataka,KOLAR,2010,Cashewnut,569.0
Karnataka,KOLAR,2010,Coconut ,26814.0
Karnataka,KOLAR,2010,Coriander,2.0
Karnataka,KOLAR,2010,Sugarcane,29070.0
Karnataka,KOLAR,2011,Arhar/Tur,5208.0
Karnataka,KOLAR,2011,Castor seed,73.0
Karnataka,KOLAR,2011,Cowpea(Lobia),2804.0
Karnataka,KOLAR,2011,Dry chillies,406.0
Karnataka,KOLAR,2011,Groundnut,14532.0
Karnataka,KOLAR,2011,Horse-gram,147.0
Karnataka,KOLAR,2011,Maize,1697.0
Karnataka,KOLAR,2011,Niger seed,62.0
Karnataka,KOLAR,2011,Onion,972.0
Karnataka,KOLAR,2011,Other Kharif pulses,18132.0
Karnataka,KOLAR,2011,Peas & beans (Pulses),5961.0
Karnataka,KOLAR,2011,Ragi,118044.0
Karnataka,KOLAR,2011,Rice,10063.0
Karnataka,KOLAR,2011,Sesamum,151.0
Karnataka,KOLAR,2011,Small millets,51.0
Karnataka,KOLAR,2011,Sunflower,3.0
Karnataka,KOLAR,2011,Cowpea(Lobia),7.0
Karnataka,KOLAR,2011,Dry chillies,578.0
Karnataka,KOLAR,2011,Gram,11.0
Karnataka,KOLAR,2011,Groundnut,12.0
Karnataka,KOLAR,2011,Horse-gram,4943.0
Karnataka,KOLAR,2011,Maize,258.0
Karnataka,KOLAR,2011,Onion,414.0
Karnataka,KOLAR,2011,Peas & beans (Pulses),3855.0
Karnataka,KOLAR,2011,Potato,37335.0
Karnataka,KOLAR,2011,Ragi,155.0
Karnataka,KOLAR,2011,Rapeseed &Mustard,97.0
Karnataka,KOLAR,2011,Dry chillies,428.0
Karnataka,KOLAR,2011,Maize,712.0
Karnataka,KOLAR,2011,Onion,493.0
Karnataka,KOLAR,2011,Peas & beans (Pulses),5580.0
Karnataka,KOLAR,2011,Potato,6680.0
Karnataka,KOLAR,2011,Ragi,356.0
Karnataka,KOLAR,2011,Rice,221.0
Karnataka,KOLAR,2011,Sunflower,4.0
Karnataka,KOLAR,2011,Banana,10234.0
Karnataka,KOLAR,2011,Cashewnut,2223.0
Karnataka,KOLAR,2011,Coconut ,27886.0
Karnataka,KOLAR,2011,Coriander,2.0
Karnataka,KOLAR,2011,Sugarcane,6384.0
Karnataka,KOLAR,2012,Arhar/Tur,4420.0
Karnataka,KOLAR,2012,Castor seed,65.0
Karnataka,KOLAR,2012,Cowpea(Lobia),1754.0
Karnataka,KOLAR,2012,Dry chillies,249.0
Karnataka,KOLAR,2012,Groundnut,6640.0
Karnataka,KOLAR,2012,Horse-gram,204.0
Karnataka,KOLAR,2012,Maize,1077.0
Karnataka,KOLAR,2012,Niger seed,39.0
Karnataka,KOLAR,2012,Onion,956.0
Karnataka,KOLAR,2012,Other Kharif pulses,21382.0
Karnataka,KOLAR,2012,Ragi,137406.0
Karnataka,KOLAR,2012,Rapeseed &Mustard,85.0
Karnataka,KOLAR,2012,Rice,8552.0
Karnataka,KOLAR,2012,Sesamum,83.0
Karnataka,KOLAR,2012,Small millets,34.0
Karnataka,KOLAR,2012,Cowpea(Lobia),5.0
Karnataka,KOLAR,2012,Dry chillies,672.0
Karnataka,KOLAR,2012,Gram,10.0
Karnataka,KOLAR,2012,Horse-gram,3445.0
Karnataka,KOLAR,2012,Maize,233.0
Karnataka,KOLAR,2012,Onion,360.0
Karnataka,KOLAR,2012,Potato,70043.0
Karnataka,KOLAR,2012,Ragi,110.0
Karnataka,KOLAR,2012,Dry chillies,397.0
Karnataka,KOLAR,2012,Groundnut,6.0
Karnataka,KOLAR,2012,Maize,577.0
Karnataka,KOLAR,2012,Onion,431.0
Karnataka,KOLAR,2012,Potato,7632.0
Karnataka,KOLAR,2012,Ragi,270.0
Karnataka,KOLAR,2012,Rice,155.0
Karnataka,KOLAR,2012,Sunflower,4.0
Karnataka,KOLAR,2012,Cashewnut,2151.0
Karnataka,KOLAR,2012,Coconut ,27617.0
Karnataka,KOLAR,2012,Coriander,2.0
Karnataka,KOLAR,2012,Sugarcane,7942.0
Karnataka,KOLAR,2013,Arhar/Tur,1895.0
Karnataka,KOLAR,2013,Castor seed,93.0
Karnataka,KOLAR,2013,Cowpea(Lobia),941.0
Karnataka,KOLAR,2013,Dry chillies,509.0
Karnataka,KOLAR,2013,Groundnut,6914.0
Karnataka,KOLAR,2013,Horse-gram,448.0
Karnataka,KOLAR,2013,Maize,1331.0
Karnataka,KOLAR,2013,Niger seed,30.0
Karnataka,KOLAR,2013,Onion,648.0
Karnataka,KOLAR,2013,Other Kharif pulses,4774.0
Karnataka,KOLAR,2013,Ragi,123680.0
Karnataka,KOLAR,2013,Rapeseed &Mustard,61.0
Karnataka,KOLAR,2013,Rice,3278.0
Karnataka,KOLAR,2013,Sesamum,137.0
Karnataka,KOLAR,2013,Small millets,43.0
Karnataka,KOLAR,2013,Cowpea(Lobia),6.0
Karnataka,KOLAR,2013,Dry chillies,426.0
Karnataka,KOLAR,2013,Gram,11.0
Karnataka,KOLAR,2013,Horse-gram,9826.0
Karnataka,KOLAR,2013,Maize,214.0
Karnataka,KOLAR,2013,Onion,386.0
Karnataka,KOLAR,2013,Potato,58837.0
Karnataka,KOLAR,2013,Ragi,108.0
Karnataka,KOLAR,2013,Dry chillies,664.0
Karnataka,KOLAR,2013,Maize,243.0
Karnataka,KOLAR,2013,Onion,550.0
Karnataka,KOLAR,2013,Potato,4777.0
Karnataka,KOLAR,2013,Ragi,118.0
Karnataka,KOLAR,2013,Rice,203.0
Karnataka,KOLAR,2013,Cashewnut,868.0
Karnataka,KOLAR,2013,Coconut ,22254.0
Karnataka,KOLAR,2013,Coriander,2.0
Karnataka,KOLAR,2014,Arhar/Tur,4929.0
Karnataka,KOLAR,2014,Castor seed,35.0
Karnataka,KOLAR,2014,Cowpea(Lobia),785.0
Karnataka,KOLAR,2014,Dry chillies,481.0
Karnataka,KOLAR,2014,Groundnut,5663.0
Karnataka,KOLAR,2014,Horse-gram,121.0
Karnataka,KOLAR,2014,Maize,1374.0
Karnataka,KOLAR,2014,Niger seed,19.0
Karnataka,KOLAR,2014,Onion,550.0
Karnataka,KOLAR,2014,Other Kharif pulses,7277.0
Karnataka,KOLAR,2014,Ragi,70824.0
Karnataka,KOLAR,2014,Rapeseed &Mustard,35.0
Karnataka,KOLAR,2014,Rice,873.0
Karnataka,KOLAR,2014,Sesamum,98.0
Karnataka,KOLAR,2014,Small millets,45.0
Karnataka,KOLAR,2014,Cowpea(Lobia),5.0
Karnataka,KOLAR,2014,Dry chillies,418.0
Karnataka,KOLAR,2014,Gram,6.0
Karnataka,KOLAR,2014,Horse-gram,6397.0
Karnataka,KOLAR,2014,Maize,118.0
Karnataka,KOLAR,2014,Onion,345.0
Karnataka,KOLAR,2014,Potato,60070.0
Karnataka,KOLAR,2014,Ragi,70.0
Karnataka,KOLAR,2014,Dry chillies,345.0
Karnataka,KOLAR,2014,Maize,179.0
Karnataka,KOLAR,2014,Onion,314.0
Karnataka,KOLAR,2014,Potato,4387.0
Karnataka,KOLAR,2014,Ragi,37.0
Karnataka,KOLAR,2014,Cashewnut,450.0
Karnataka,KOLAR,2014,Coconut ,22899.0
Karnataka,KOLAR,2014,Coriander,2.0
Karnataka,KOPPAL,1998,Arhar/Tur,2818.0
Karnataka,KOPPAL,1998,Bajra,26932.0
Karnataka,KOPPAL,1998,Castor seed,2375.0
Karnataka,KOPPAL,1998,Cotton(lint),18430.0
Karnataka,KOPPAL,1998,Groundnut,13592.0
Karnataka,KOPPAL,1998,Horse-gram,3674.0
Karnataka,KOPPAL,1998,Jowar,17921.0
Karnataka,KOPPAL,1998,Maize,54206.0
Karnataka,KOPPAL,1998,Moong(Green Gram),1267.0
Karnataka,KOPPAL,1998,Niger seed,192.0
Karnataka,KOPPAL,1998,Onion,1884.0
Karnataka,KOPPAL,1998,Rice,119948.0
Karnataka,KOPPAL,1998,Sesamum,2977.0
Karnataka,KOPPAL,1998,Sunflower,3828.0
Karnataka,KOPPAL,1998,Gram,5352.0
Karnataka,KOPPAL,1998,Groundnut,17929.0
Karnataka,KOPPAL,1998,Horse-gram,389.0
Karnataka,KOPPAL,1998,Jowar,23824.0
Karnataka,KOPPAL,1998,Linseed,257.0
Karnataka,KOPPAL,1998,Maize,583.0
Karnataka,KOPPAL,1998,Onion,154.0
Karnataka,KOPPAL,1998,Safflower,3454.0
Karnataka,KOPPAL,1998,Sunflower,5323.0
Karnataka,KOPPAL,1998,Wheat,4097.0
Karnataka,KOPPAL,1998,Jowar,2817.0
Karnataka,KOPPAL,1998,Maize,898.0
Karnataka,KOPPAL,1998,Onion,35.0
Karnataka,KOPPAL,1998,Rice,113461.0
Karnataka,KOPPAL,1998,Sunflower,2504.0
Karnataka,KOPPAL,1998,Coconut ,1211.0
Karnataka,KOPPAL,1998,Coriander,72.0
Karnataka,KOPPAL,1998,Dry chillies,134.0
Karnataka,KOPPAL,1999,Arhar/Tur,3745.0
Karnataka,KOPPAL,1999,Bajra,28131.0
Karnataka,KOPPAL,1999,Castor seed,1139.0
Karnataka,KOPPAL,1999,Cotton(lint),14362.0
Karnataka,KOPPAL,1999,Groundnut,22826.0
Karnataka,KOPPAL,1999,Horse-gram,2273.0
Karnataka,KOPPAL,1999,Jowar,31105.0
Karnataka,KOPPAL,1999,Maize,28185.0
Karnataka,KOPPAL,1999,Moong(Green Gram),1184.0
Karnataka,KOPPAL,1999,Niger seed,197.0
Karnataka,KOPPAL,1999,Other Kharif pulses,627.0
Karnataka,KOPPAL,1999,Rice,131751.0
Karnataka,KOPPAL,1999,Sesamum,5047.0
Karnataka,KOPPAL,1999,Small millets,1561.0
Karnataka,KOPPAL,1999,Sunflower,6252.0
Karnataka,KOPPAL,1999,Urad,15.0
Karnataka,KOPPAL,1999,Gram,3465.0
Karnataka,KOPPAL,1999,Groundnut,19907.0
Karnataka,KOPPAL,1999,Horse-gram,1433.0
Karnataka,KOPPAL,1999,Jowar,32013.0
Karnataka,KOPPAL,1999,Linseed,434.0
Karnataka,KOPPAL,1999,Maize,1848.0
Karnataka,KOPPAL,1999,Moong(Green Gram),4.0
Karnataka,KOPPAL,1999,Other  Rabi pulses,589.0
Karnataka,KOPPAL,1999,Safflower,4294.0
Karnataka,KOPPAL,1999,Sunflower,5439.0
Karnataka,KOPPAL,1999,Urad,9.0
Karnataka,KOPPAL,1999,Wheat,4909.0
Karnataka,KOPPAL,1999,Jowar,1703.0
Karnataka,KOPPAL,1999,Maize,1183.0
Karnataka,KOPPAL,1999,Rice,128590.0
Karnataka,KOPPAL,1999,Sunflower,2389.0
Karnataka,KOPPAL,1999,Banana,13374.0
Karnataka,KOPPAL,1999,Coconut ,2971.0
Karnataka,KOPPAL,1999,Coriander,62.0
Karnataka,KOPPAL,1999,Dry chillies,627.0
Karnataka,KOPPAL,1999,Onion,8912.0
Karnataka,KOPPAL,1999,Sugarcane,220936.0
Karnataka,KOPPAL,1999,Sweet potato,74.0
Karnataka,KOPPAL,2000,Arhar/Tur,4230.0
Karnataka,KOPPAL,2000,Bajra,35279.0
Karnataka,KOPPAL,2000,Castor seed,3076.0
Karnataka,KOPPAL,2000,Cotton(lint),20690.0
Karnataka,KOPPAL,2000,Groundnut,22654.0
Karnataka,KOPPAL,2000,Horse-gram,6445.0
Karnataka,KOPPAL,2000,Jowar,32764.0
Karnataka,KOPPAL,2000,Maize,42904.0
Karnataka,KOPPAL,2000,Moong(Green Gram),6059.0
Karnataka,KOPPAL,2000,Niger seed,230.0
Karnataka,KOPPAL,2000,Other Kharif pulses,709.0
Karnataka,KOPPAL,2000,Rice,124532.0
Karnataka,KOPPAL,2000,Sesamum,3617.0
Karnataka,KOPPAL,2000,Small millets,3810.0
Karnataka,KOPPAL,2000,Sunflower,3938.0
Karnataka,KOPPAL,2000,Urad,20.0
Karnataka,KOPPAL,2000,Gram,6517.0
Karnataka,KOPPAL,2000,Groundnut,23430.0
Karnataka,KOPPAL,2000,Horse-gram,663.0
Karnataka,KOPPAL,2000,Jowar,20578.0
Karnataka,KOPPAL,2000,Linseed,617.0
Karnataka,KOPPAL,2000,Maize,2373.0
Karnataka,KOPPAL,2000,Other  Rabi pulses,343.0
Karnataka,KOPPAL,2000,Safflower,4901.0
Karnataka,KOPPAL,2000,Sunflower,6181.0
Karnataka,KOPPAL,2000,Urad,45.0
Karnataka,KOPPAL,2000,Wheat,5448.0
Karnataka,KOPPAL,2000,Jowar,1242.0
Karnataka,KOPPAL,2000,Maize,827.0
Karnataka,KOPPAL,2000,Rice,129035.0
Karnataka,KOPPAL,2000,Sunflower,2752.0
Karnataka,KOPPAL,2000,Banana,11949.0
Karnataka,KOPPAL,2000,Coconut ,3205.0
Karnataka,KOPPAL,2000,Coriander,81.0
Karnataka,KOPPAL,2000,Dry chillies,842.0
Karnataka,KOPPAL,2000,Onion,5726.0
Karnataka,KOPPAL,2000,Sugarcane,154688.0
Karnataka,KOPPAL,2001,Arhar/Tur,1806.0
Karnataka,KOPPAL,2001,Bajra,15489.0
Karnataka,KOPPAL,2001,Castor seed,444.0
Karnataka,KOPPAL,2001,Cotton(lint),38735.0
Karnataka,KOPPAL,2001,Groundnut,43902.0
Karnataka,KOPPAL,2001,Horse-gram,2656.0
Karnataka,KOPPAL,2001,Jowar,13610.0
Karnataka,KOPPAL,2001,Maize,32259.0
Karnataka,KOPPAL,2001,Moong(Green Gram),488.0
Karnataka,KOPPAL,2001,Niger seed,274.0
Karnataka,KOPPAL,2001,Other Kharif pulses,485.0
Karnataka,KOPPAL,2001,Rice,135034.0
Karnataka,KOPPAL,2001,Sesamum,5143.0
Karnataka,KOPPAL,2001,Small millets,3107.0
Karnataka,KOPPAL,2001,Sunflower,8610.0
Karnataka,KOPPAL,2001,Urad,1.0
Karnataka,KOPPAL,2001,Bajra,116.0
Karnataka,KOPPAL,2001,Gram,7805.0
Karnataka,KOPPAL,2001,Horse-gram,1313.0
Karnataka,KOPPAL,2001,Jowar,18787.0
Karnataka,KOPPAL,2001,Linseed,586.0
Karnataka,KOPPAL,2001,Maize,1520.0
Karnataka,KOPPAL,2001,Other  Rabi pulses,486.0
Karnataka,KOPPAL,2001,Safflower,5957.0
Karnataka,KOPPAL,2001,Sunflower,8532.0
Karnataka,KOPPAL,2001,Wheat,2513.0
Karnataka,KOPPAL,2001,Jowar,889.0
Karnataka,KOPPAL,2001,Maize,337.0
Karnataka,KOPPAL,2001,Rice,117413.0
Karnataka,KOPPAL,2001,Sunflower,5679.0
Karnataka,KOPPAL,2001,Coconut ,5236.0
Karnataka,KOPPAL,2001,Coriander,30.0
Karnataka,KOPPAL,2001,Dry chillies,260.0
Karnataka,KOPPAL,2001,Onion,5212.0
Karnataka,KOPPAL,2001,Sugarcane,111809.0
Karnataka,KOPPAL,2002,Arhar/Tur,2159.0
Karnataka,KOPPAL,2002,Bajra,5960.0
Karnataka,KOPPAL,2002,Castor seed,582.0
Karnataka,KOPPAL,2002,Cotton(lint),4337.0
Karnataka,KOPPAL,2002,Groundnut,10837.0
Karnataka,KOPPAL,2002,Horse-gram,653.0
Karnataka,KOPPAL,2002,Jowar,14414.0
Karnataka,KOPPAL,2002,Maize,21330.0
Karnataka,KOPPAL,2002,Moong(Green Gram),1904.0
Karnataka,KOPPAL,2002,Niger seed,168.0
Karnataka,KOPPAL,2002,Other Kharif pulses,672.0
Karnataka,KOPPAL,2002,Rice,154793.0
Karnataka,KOPPAL,2002,Sesamum,1427.0
Karnataka,KOPPAL,2002,Small millets,173.0
Karnataka,KOPPAL,2002,Sunflower,8667.0
Karnataka,KOPPAL,2002,Urad,15.0
Karnataka,KOPPAL,2002,Gram,2515.0
Karnataka,KOPPAL,2002,Groundnut,12721.0
Karnataka,KOPPAL,2002,Horse-gram,694.0
Karnataka,KOPPAL,2002,Jowar,6645.0
Karnataka,KOPPAL,2002,Linseed,618.0
Karnataka,KOPPAL,2002,Maize,2387.0
Karnataka,KOPPAL,2002,Moong(Green Gram),76.0
Karnataka,KOPPAL,2002,Other  Rabi pulses,241.0
Karnataka,KOPPAL,2002,Rice,13.0
Karnataka,KOPPAL,2002,Safflower,2143.0
Karnataka,KOPPAL,2002,Sunflower,5729.0
Karnataka,KOPPAL,2002,Urad,114.0
Karnataka,KOPPAL,2002,Wheat,1899.0
Karnataka,KOPPAL,2002,Bajra,59.0
Karnataka,KOPPAL,2002,Jowar,1005.0
Karnataka,KOPPAL,2002,Maize,1786.0
Karnataka,KOPPAL,2002,Rice,13687.0
Karnataka,KOPPAL,2002,Sunflower,4711.0
Karnataka,KOPPAL,2002,Banana,8510.0
Karnataka,KOPPAL,2002,Brinjal,752.0
Karnataka,KOPPAL,2002,Citrus Fruit,1301.0
Karnataka,KOPPAL,2002,Coconut ,2346.0
Karnataka,KOPPAL,2002,Coriander,26.0
Karnataka,KOPPAL,2002,Dry chillies,251.0
Karnataka,KOPPAL,2002,Grapes,565.0
Karnataka,KOPPAL,2002,Mango,2165.0
Karnataka,KOPPAL,2002,Onion,3461.0
Karnataka,KOPPAL,2002,Other Fresh Fruits,243.0
Karnataka,KOPPAL,2002,Papaya,33.0
Karnataka,KOPPAL,2002,Pome Fruit,208.0
Karnataka,KOPPAL,2002,Sugarcane,41884.0
Karnataka,KOPPAL,2002,Tomato,1913.0
Karnataka,KOPPAL,2003,Arhar/Tur,1727.0
Karnataka,KOPPAL,2003,Bajra,48590.0
Karnataka,KOPPAL,2003,Castor seed,1027.0
Karnataka,KOPPAL,2003,Cotton(lint),5093.0
Karnataka,KOPPAL,2003,Groundnut,13614.0
Karnataka,KOPPAL,2003,Horse-gram,3563.0
Karnataka,KOPPAL,2003,Jowar,6022.0
Karnataka,KOPPAL,2003,Maize,36123.0
Karnataka,KOPPAL,2003,Moong(Green Gram),729.0
Karnataka,KOPPAL,2003,Niger seed,148.0
Karnataka,KOPPAL,2003,Other Kharif pulses,315.0
Karnataka,KOPPAL,2003,Rice,153179.0
Karnataka,KOPPAL,2003,Sesamum,5131.0
Karnataka,KOPPAL,2003,Small millets,9887.0
Karnataka,KOPPAL,2003,Sunflower,10489.0
Karnataka,KOPPAL,2003,Urad,9.0
Karnataka,KOPPAL,2003,Gram,1696.0
Karnataka,KOPPAL,2003,Groundnut,15082.0
Karnataka,KOPPAL,2003,Horse-gram,43.0
Karnataka,KOPPAL,2003,Jowar,6741.0
Karnataka,KOPPAL,2003,Linseed,139.0
Karnataka,KOPPAL,2003,Maize,908.0
Karnataka,KOPPAL,2003,Moong(Green Gram),12.0
Karnataka,KOPPAL,2003,Other  Rabi pulses,166.0
Karnataka,KOPPAL,2003,Safflower,1720.0
Karnataka,KOPPAL,2003,Sunflower,6843.0
Karnataka,KOPPAL,2003,Urad,102.0
Karnataka,KOPPAL,2003,Wheat,920.0
Karnataka,KOPPAL,2003,Bajra,2.0
Karnataka,KOPPAL,2003,Jowar,1168.0
Karnataka,KOPPAL,2003,Maize,1385.0
Karnataka,KOPPAL,2003,Rice,26966.0
Karnataka,KOPPAL,2003,Sunflower,2862.0
Karnataka,KOPPAL,2003,Banana,271.0
Karnataka,KOPPAL,2003,Brinjal,437.0
Karnataka,KOPPAL,2003,Citrus Fruit,1297.0
Karnataka,KOPPAL,2003,Coconut ,973.0
Karnataka,KOPPAL,2003,Coriander,68.0
Karnataka,KOPPAL,2003,Dry chillies,2575.0
Karnataka,KOPPAL,2003,Grapes,1320.0
Karnataka,KOPPAL,2003,Mango,5490.0
Karnataka,KOPPAL,2003,Onion,4323.0
Karnataka,KOPPAL,2003,Other Fresh Fruits,118.0
Karnataka,KOPPAL,2003,Pome Fruit,39.0
Karnataka,KOPPAL,2003,Tomato,2444.0
Karnataka,KOPPAL,2004,Arhar/Tur,2490.0
Karnataka,KOPPAL,2004,Bajra,33517.0
Karnataka,KOPPAL,2004,Castor seed,581.0
Karnataka,KOPPAL,2004,Cotton(lint),26932.0
Karnataka,KOPPAL,2004,Groundnut,13677.0
Karnataka,KOPPAL,2004,Horse-gram,3265.0
Karnataka,KOPPAL,2004,Jowar,17851.0
Karnataka,KOPPAL,2004,Maize,43116.0
Karnataka,KOPPAL,2004,Moong(Green Gram),1316.0
Karnataka,KOPPAL,2004,Niger seed,190.0
Karnataka,KOPPAL,2004,Other Kharif pulses,578.0
Karnataka,KOPPAL,2004,Rice,125369.02
Karnataka,KOPPAL,2004,Sesamum,5244.0
Karnataka,KOPPAL,2004,Small millets,1446.0
Karnataka,KOPPAL,2004,Sunflower,15821.0
Karnataka,KOPPAL,2004,Gram,3723.0
Karnataka,KOPPAL,2004,Groundnut,8821.0
Karnataka,KOPPAL,2004,Horse-gram,261.0
Karnataka,KOPPAL,2004,Jowar,13485.0
Karnataka,KOPPAL,2004,Linseed,376.0
Karnataka,KOPPAL,2004,Maize,1323.0
Karnataka,KOPPAL,2004,Moong(Green Gram),17.0
Karnataka,KOPPAL,2004,Other  Rabi pulses,165.0
Karnataka,KOPPAL,2004,Rapeseed &Mustard,49.0
Karnataka,KOPPAL,2004,Safflower,2772.0
Karnataka,KOPPAL,2004,Sunflower,12243.0
Karnataka,KOPPAL,2004,Urad,28.0
Karnataka,KOPPAL,2004,Wheat,4371.0
Karnataka,KOPPAL,2004,Jowar,2904.0
Karnataka,KOPPAL,2004,Maize,664.0
Karnataka,KOPPAL,2004,Rice,114229.0
Karnataka,KOPPAL,2004,Sunflower,6779.0
Karnataka,KOPPAL,2004,Banana,12445.0
Karnataka,KOPPAL,2004,Coconut ,16570.48
Karnataka,KOPPAL,2004,Coriander,144.0
Karnataka,KOPPAL,2004,Dry chillies,550.0
Karnataka,KOPPAL,2004,Onion,7733.0
Karnataka,KOPPAL,2004,Potato,50.0
Karnataka,KOPPAL,2005,Arhar/Tur,5860.0
Karnataka,KOPPAL,2005,Bajra,101389.0
Karnataka,KOPPAL,2005,Castor seed,2225.0
Karnataka,KOPPAL,2005,Dry chillies,364.0
Karnataka,KOPPAL,2005,Groundnut,14847.0
Karnataka,KOPPAL,2005,Horse-gram,3516.0
Karnataka,KOPPAL,2005,Jowar,22990.0
Karnataka,KOPPAL,2005,Maize,30297.0
Karnataka,KOPPAL,2005,Moong(Green Gram),13590.0
Karnataka,KOPPAL,2005,Niger seed,218.0
Karnataka,KOPPAL,2005,Onion,3761.0
Karnataka,KOPPAL,2005,Other Kharif pulses,405.0
Karnataka,KOPPAL,2005,Peas & beans (Pulses),1455.0
Karnataka,KOPPAL,2005,Rice,134083.0
Karnataka,KOPPAL,2005,Sesamum,11827.0
Karnataka,KOPPAL,2005,Small millets,2235.0
Karnataka,KOPPAL,2005,Sunflower,18648.0
Karnataka,KOPPAL,2005,Dry chillies,271.0
Karnataka,KOPPAL,2005,Gram,6486.0
Karnataka,KOPPAL,2005,Groundnut,10553.0
Karnataka,KOPPAL,2005,Horse-gram,135.0
Karnataka,KOPPAL,2005,Jowar,19205.0
Karnataka,KOPPAL,2005,Linseed,599.0
Karnataka,KOPPAL,2005,Maize,5075.0
Karnataka,KOPPAL,2005,Onion,7153.0
Karnataka,KOPPAL,2005,Other  Rabi pulses,141.0
Karnataka,KOPPAL,2005,Safflower,2468.0
Karnataka,KOPPAL,2005,Sunflower,22727.0
Karnataka,KOPPAL,2005,Wheat,3445.0
Karnataka,KOPPAL,2005,Dry chillies,633.0
Karnataka,KOPPAL,2005,Jowar,138.0
Karnataka,KOPPAL,2005,Maize,887.0
Karnataka,KOPPAL,2005,Onion,3916.0
Karnataka,KOPPAL,2005,Peas & beans (Pulses),405.0
Karnataka,KOPPAL,2005,Rice,135541.0
Karnataka,KOPPAL,2005,Sunflower,4065.0
Karnataka,KOPPAL,2005,Banana,4119.0
Karnataka,KOPPAL,2005,Coconut ,4673.0
Karnataka,KOPPAL,2005,Coriander,141.0
Karnataka,KOPPAL,2005,Cotton(lint),4788.0
Karnataka,KOPPAL,2005,Mesta,51.0
Karnataka,KOPPAL,2005,Sannhamp,19.0
Karnataka,KOPPAL,2005,Turmeric,32.0
Karnataka,KOPPAL,2006,Arhar/Tur,2003.0
Karnataka,KOPPAL,2006,Bajra,16612.0
Karnataka,KOPPAL,2006,Castor seed,1958.0
Karnataka,KOPPAL,2006,Gram,1.0
Karnataka,KOPPAL,2006,Groundnut,2786.0
Karnataka,KOPPAL,2006,Horse-gram,480.0
Karnataka,KOPPAL,2006,Jowar,10329.0
Karnataka,KOPPAL,2006,Maize,26306.0
Karnataka,KOPPAL,2006,Moong(Green Gram),619.0
Karnataka,KOPPAL,2006,Niger seed,184.0
Karnataka,KOPPAL,2006,Other Kharif pulses,808.0
Karnataka,KOPPAL,2006,Rice,141720.0
Karnataka,KOPPAL,2006,Sesamum,2084.0
Karnataka,KOPPAL,2006,Small millets,466.0
Karnataka,KOPPAL,2006,Sunflower,10211.0
Karnataka,KOPPAL,2006,Urad,1.0
Karnataka,KOPPAL,2006,Gram,2288.0
Karnataka,KOPPAL,2006,Groundnut,8198.0
Karnataka,KOPPAL,2006,Horse-gram,249.0
Karnataka,KOPPAL,2006,Jowar,3232.0
Karnataka,KOPPAL,2006,Linseed,151.0
Karnataka,KOPPAL,2006,Maize,5115.0
Karnataka,KOPPAL,2006,Other  Rabi pulses,431.0
Karnataka,KOPPAL,2006,Safflower,1021.0
Karnataka,KOPPAL,2006,Sunflower,3599.0
Karnataka,KOPPAL,2006,Urad,39.0
Karnataka,KOPPAL,2006,Wheat,764.0
Karnataka,KOPPAL,2006,Jowar,298.0
Karnataka,KOPPAL,2006,Maize,820.0
Karnataka,KOPPAL,2006,Rice,98424.0
Karnataka,KOPPAL,2006,Sunflower,3349.0
Karnataka,KOPPAL,2006,Banana,15238.0
Karnataka,KOPPAL,2006,Coconut ,2995.0
Karnataka,KOPPAL,2006,Cotton(lint),1940.0
Karnataka,KOPPAL,2006,Dry chillies,1664.0
Karnataka,KOPPAL,2006,Onion,6512.0
Karnataka,KOPPAL,2007,Arhar/Tur,5081.0
Karnataka,KOPPAL,2007,Bajra,61349.0
Karnataka,KOPPAL,2007,Castor seed,637.0
Karnataka,KOPPAL,2007,Dry chillies,641.0
Karnataka,KOPPAL,2007,Groundnut,11649.0
Karnataka,KOPPAL,2007,Horse-gram,2184.0
Karnataka,KOPPAL,2007,Jowar,26647.0
Karnataka,KOPPAL,2007,Maize,70315.0
Karnataka,KOPPAL,2007,Moong(Green Gram),4489.0
Karnataka,KOPPAL,2007,Niger seed,182.0
Karnataka,KOPPAL,2007,Onion,19416.0
Karnataka,KOPPAL,2007,Other Kharif pulses,1558.0
Karnataka,KOPPAL,2007,Rice,145069.0
Karnataka,KOPPAL,2007,Sesamum,5291.0
Karnataka,KOPPAL,2007,Small millets,1970.0
Karnataka,KOPPAL,2007,Sunflower,18176.0
Karnataka,KOPPAL,2007,Urad,5.0
Karnataka,KOPPAL,2007,Dry chillies,930.0
Karnataka,KOPPAL,2007,Gram,9311.0
Karnataka,KOPPAL,2007,Groundnut,11844.0
Karnataka,KOPPAL,2007,Horse-gram,656.0
Karnataka,KOPPAL,2007,Jowar,50603.0
Karnataka,KOPPAL,2007,Linseed,469.0
Karnataka,KOPPAL,2007,Maize,7582.0
Karnataka,KOPPAL,2007,Onion,19509.0
Karnataka,KOPPAL,2007,Other  Rabi pulses,432.0
Karnataka,KOPPAL,2007,Safflower,4161.0
Karnataka,KOPPAL,2007,Sunflower,10300.0
Karnataka,KOPPAL,2007,Urad,39.0
Karnataka,KOPPAL,2007,Wheat,4599.0
Karnataka,KOPPAL,2007,Dry chillies,687.0
Karnataka,KOPPAL,2007,Jowar,899.0
Karnataka,KOPPAL,2007,Maize,1756.0
Karnataka,KOPPAL,2007,Onion,3168.0
Karnataka,KOPPAL,2007,Rice,136130.0
Karnataka,KOPPAL,2007,Sunflower,7298.0
Karnataka,KOPPAL,2007,Banana,37339.0
Karnataka,KOPPAL,2007,Coconut ,2979.0
Karnataka,KOPPAL,2007,Coriander,61.0
Karnataka,KOPPAL,2007,Cotton(lint),9164.0
Karnataka,KOPPAL,2007,Sugarcane,77448.0
Karnataka,KOPPAL,2008,Arhar/Tur,4151.0
Karnataka,KOPPAL,2008,Bajra,35840.0
Karnataka,KOPPAL,2008,Castor seed,1028.0
Karnataka,KOPPAL,2008,Dry chillies,678.0
Karnataka,KOPPAL,2008,Groundnut,12154.0
Karnataka,KOPPAL,2008,Horse-gram,1441.0
Karnataka,KOPPAL,2008,Jowar,10755.0
Karnataka,KOPPAL,2008,Maize,64894.0
Karnataka,KOPPAL,2008,Moong(Green Gram),2317.0
Karnataka,KOPPAL,2008,Niger seed,236.0
Karnataka,KOPPAL,2008,Onion,3477.0
Karnataka,KOPPAL,2008,Other Kharif pulses,2610.0
Karnataka,KOPPAL,2008,Rice,149430.06
Karnataka,KOPPAL,2008,Sesamum,2247.0
Karnataka,KOPPAL,2008,Sunflower,14360.0
Karnataka,KOPPAL,2008,Urad,5.0
Karnataka,KOPPAL,2008,Dry chillies,1251.0
Karnataka,KOPPAL,2008,Gram,9162.0
Karnataka,KOPPAL,2008,Groundnut,13424.0
Karnataka,KOPPAL,2008,Horse-gram,1171.0
Karnataka,KOPPAL,2008,Jowar,26763.0
Karnataka,KOPPAL,2008,Linseed,548.0
Karnataka,KOPPAL,2008,Maize,8790.0
Karnataka,KOPPAL,2008,Onion,6177.0
Karnataka,KOPPAL,2008,Other  Rabi pulses,765.0
Karnataka,KOPPAL,2008,Safflower,1974.0
Karnataka,KOPPAL,2008,Sunflower,9216.0
Karnataka,KOPPAL,2008,Urad,53.0
Karnataka,KOPPAL,2008,Wheat,3785.0
Karnataka,KOPPAL,2008,Dry chillies,545.0
Karnataka,KOPPAL,2008,Jowar,769.0
Karnataka,KOPPAL,2008,Maize,1839.0
Karnataka,KOPPAL,2008,Onion,806.0
Karnataka,KOPPAL,2008,Rice,114654.0
Karnataka,KOPPAL,2008,Sunflower,5052.0
Karnataka,KOPPAL,2008,Banana,23577.0
Karnataka,KOPPAL,2008,Coconut ,4076.0
Karnataka,KOPPAL,2008,Coriander,244.0
Karnataka,KOPPAL,2008,Cotton(lint),15302.0
Karnataka,KOPPAL,2008,Sugarcane,36050.0
Karnataka,KOPPAL,2009,Arhar/Tur,2415.0
Karnataka,KOPPAL,2009,Bajra,18512.0
Karnataka,KOPPAL,2009,Castor seed,614.0
Karnataka,KOPPAL,2009,Gram,1319.0
Karnataka,KOPPAL,2009,Groundnut,7712.0
Karnataka,KOPPAL,2009,Horse-gram,1319.0
Karnataka,KOPPAL,2009,Jowar,8992.0
Karnataka,KOPPAL,2009,Maize,44074.0
Karnataka,KOPPAL,2009,Moong(Green Gram),885.0
Karnataka,KOPPAL,2009,Niger seed,491.0
Karnataka,KOPPAL,2009,Onion,2977.0
Karnataka,KOPPAL,2009,Other Kharif pulses,2650.0
Karnataka,KOPPAL,2009,Rice,114920.38
Karnataka,KOPPAL,2009,Sesamum,1508.0
Karnataka,KOPPAL,2009,Small millets,643.0
Karnataka,KOPPAL,2009,Sunflower,7901.0
Karnataka,KOPPAL,2009,Urad,2.0
Karnataka,KOPPAL,2009,Dry chillies,2573.0
Karnataka,KOPPAL,2009,Gram,843.0
Karnataka,KOPPAL,2009,Groundnut,18032.0
Karnataka,KOPPAL,2009,Horse-gram,843.0
Karnataka,KOPPAL,2009,Jowar,22063.0
Karnataka,KOPPAL,2009,Linseed,571.0
Karnataka,KOPPAL,2009,Maize,10475.0
Karnataka,KOPPAL,2009,Onion,5723.0
Karnataka,KOPPAL,2009,Other  Rabi pulses,874.0
Karnataka,KOPPAL,2009,Safflower,1763.0
Karnataka,KOPPAL,2009,Sunflower,9192.0
Karnataka,KOPPAL,2009,Urad,107.0
Karnataka,KOPPAL,2009,Wheat,5324.0
Karnataka,KOPPAL,2009,Dry chillies,728.0
Karnataka,KOPPAL,2009,Jowar,1693.0
Karnataka,KOPPAL,2009,Maize,7222.0
Karnataka,KOPPAL,2009,Onion,1534.0
Karnataka,KOPPAL,2009,Rice,130501.0
Karnataka,KOPPAL,2009,Sunflower,1885.0
Karnataka,KOPPAL,2009,Banana,50410.0
Karnataka,KOPPAL,2009,Coconut ,4394.0
Karnataka,KOPPAL,2009,Cotton(lint),7430.0
Karnataka,KOPPAL,2009,Sugarcane,32047.0
Karnataka,KOPPAL,2010,Arhar/Tur,5757.0
Karnataka,KOPPAL,2010,Bajra,82512.0
Karnataka,KOPPAL,2010,Castor seed,1359.0
Karnataka,KOPPAL,2010,Cotton(lint),5108.0
Karnataka,KOPPAL,2010,Cowpea(Lobia),3021.0
Karnataka,KOPPAL,2010,Dry chillies,1997.0
Karnataka,KOPPAL,2010,Groundnut,18681.0
Karnataka,KOPPAL,2010,Horse-gram,1904.0
Karnataka,KOPPAL,2010,Jowar,18498.0
Karnataka,KOPPAL,2010,Maize,109285.0
Karnataka,KOPPAL,2010,Moong(Green Gram),2232.0
Karnataka,KOPPAL,2010,Niger seed,350.0
Karnataka,KOPPAL,2010,Onion,5306.0
Karnataka,KOPPAL,2010,Other Kharif pulses,749.0
Karnataka,KOPPAL,2010,Rice,170981.0
Karnataka,KOPPAL,2010,Sesamum,3812.0
Karnataka,KOPPAL,2010,Small millets,1307.0
Karnataka,KOPPAL,2010,Sunflower,9291.0
Karnataka,KOPPAL,2010,Urad,4.0
Karnataka,KOPPAL,2010,Cotton(lint),23661.0
Karnataka,KOPPAL,2010,Cowpea(Lobia),991.0
Karnataka,KOPPAL,2010,Dry chillies,3430.0
Karnataka,KOPPAL,2010,Gram,25045.0
Karnataka,KOPPAL,2010,Groundnut,22836.0
Karnataka,KOPPAL,2010,Horse-gram,2771.0
Karnataka,KOPPAL,2010,Jowar,32396.0
Karnataka,KOPPAL,2010,Linseed,489.0
Karnataka,KOPPAL,2010,Maize,18457.0
Karnataka,KOPPAL,2010,Onion,5578.0
Karnataka,KOPPAL,2010,Safflower,3700.0
Karnataka,KOPPAL,2010,Sunflower,7119.0
Karnataka,KOPPAL,2010,Urad,112.0
Karnataka,KOPPAL,2010,Wheat,5958.0
Karnataka,KOPPAL,2010,Dry chillies,505.0
Karnataka,KOPPAL,2010,Jowar,1756.0
Karnataka,KOPPAL,2010,Maize,8706.0
Karnataka,KOPPAL,2010,Onion,2575.0
Karnataka,KOPPAL,2010,Rice,152810.0
Karnataka,KOPPAL,2010,Sunflower,4009.0
Karnataka,KOPPAL,2010,Banana,75163.0
Karnataka,KOPPAL,2010,Coconut ,6013.0
Karnataka,KOPPAL,2010,Sugarcane,39051.0
Karnataka,KOPPAL,2011,Arhar/Tur,3136.0
Karnataka,KOPPAL,2011,Bajra,75586.0
Karnataka,KOPPAL,2011,Castor seed,1008.0
Karnataka,KOPPAL,2011,Cotton(lint),10621.0
Karnataka,KOPPAL,2011,Cowpea(Lobia),694.0
Karnataka,KOPPAL,2011,Dry chillies,625.0
Karnataka,KOPPAL,2011,Groundnut,15435.0
Karnataka,KOPPAL,2011,Horse-gram,435.0
Karnataka,KOPPAL,2011,Jowar,9105.0
Karnataka,KOPPAL,2011,Maize,127395.0
Karnataka,KOPPAL,2011,Moong(Green Gram),3072.0
Karnataka,KOPPAL,2011,Niger seed,208.0
Karnataka,KOPPAL,2011,Onion,14861.0
Karnataka,KOPPAL,2011,Other Kharif pulses,634.0
Karnataka,KOPPAL,2011,Rice,161960.0
Karnataka,KOPPAL,2011,Sesamum,2322.0
Karnataka,KOPPAL,2011,Small millets,1035.0
Karnataka,KOPPAL,2011,Sunflower,11655.0
Karnataka,KOPPAL,2011,Urad,3.0
Karnataka,KOPPAL,2011,Cotton(lint),3128.0
Karnataka,KOPPAL,2011,Cowpea(Lobia),744.0
Karnataka,KOPPAL,2011,Dry chillies,1659.0
Karnataka,KOPPAL,2011,Gram,6299.0
Karnataka,KOPPAL,2011,Groundnut,18022.0
Karnataka,KOPPAL,2011,Horse-gram,214.0
Karnataka,KOPPAL,2011,Jowar,5545.0
Karnataka,KOPPAL,2011,Linseed,74.0
Karnataka,KOPPAL,2011,Maize,10864.0
Karnataka,KOPPAL,2011,Onion,3616.0
Karnataka,KOPPAL,2011,Safflower,616.0
Karnataka,KOPPAL,2011,Sunflower,2499.0
Karnataka,KOPPAL,2011,Urad,78.0
Karnataka,KOPPAL,2011,Wheat,1621.0
Karnataka,KOPPAL,2011,Dry chillies,777.0
Karnataka,KOPPAL,2011,Jowar,1590.0
Karnataka,KOPPAL,2011,Maize,9077.0
Karnataka,KOPPAL,2011,Onion,1386.0
Karnataka,KOPPAL,2011,Rice,115410.0
Karnataka,KOPPAL,2011,Sunflower,4585.0
Karnataka,KOPPAL,2011,Banana,97498.0
Karnataka,KOPPAL,2011,Coconut ,6482.0
Karnataka,KOPPAL,2011,Sugarcane,111720.0
Karnataka,KOPPAL,2012,Arhar/Tur,3366.0
Karnataka,KOPPAL,2012,Bajra,97196.0
Karnataka,KOPPAL,2012,Castor seed,457.0
Karnataka,KOPPAL,2012,Cotton(lint),15393.0
Karnataka,KOPPAL,2012,Cowpea(Lobia),300.0
Karnataka,KOPPAL,2012,Dry chillies,724.0
Karnataka,KOPPAL,2012,Groundnut,6559.0
Karnataka,KOPPAL,2012,Horse-gram,703.0
Karnataka,KOPPAL,2012,Jowar,4443.0
Karnataka,KOPPAL,2012,Maize,132187.0
Karnataka,KOPPAL,2012,Moong(Green Gram),279.0
Karnataka,KOPPAL,2012,Niger seed,141.0
Karnataka,KOPPAL,2012,Onion,25141.0
Karnataka,KOPPAL,2012,Other Kharif pulses,373.0
Karnataka,KOPPAL,2012,Rice,131451.0
Karnataka,KOPPAL,2012,Sesamum,2230.0
Karnataka,KOPPAL,2012,Small millets,1030.0
Karnataka,KOPPAL,2012,Sunflower,16829.0
Karnataka,KOPPAL,2012,Cotton(lint),2071.0
Karnataka,KOPPAL,2012,Dry chillies,1623.0
Karnataka,KOPPAL,2012,Gram,37397.0
Karnataka,KOPPAL,2012,Horse-gram,919.0
Karnataka,KOPPAL,2012,Jowar,50666.0
Karnataka,KOPPAL,2012,Linseed,215.0
Karnataka,KOPPAL,2012,Maize,11701.0
Karnataka,KOPPAL,2012,Onion,4542.0
Karnataka,KOPPAL,2012,Safflower,831.0
Karnataka,KOPPAL,2012,Sunflower,20945.0
Karnataka,KOPPAL,2012,Wheat,3945.0
Karnataka,KOPPAL,2012,Cowpea(Lobia),578.0
Karnataka,KOPPAL,2012,Dry chillies,469.0
Karnataka,KOPPAL,2012,Groundnut,10937.0
Karnataka,KOPPAL,2012,Jowar,2789.0
Karnataka,KOPPAL,2012,Maize,10079.0
Karnataka,KOPPAL,2012,Onion,1373.0
Karnataka,KOPPAL,2012,Rice,133102.0
Karnataka,KOPPAL,2012,Sunflower,3814.0
Karnataka,KOPPAL,2012,Coconut ,6419.0
Karnataka,KOPPAL,2012,Sugarcane,175560.0
Karnataka,KOPPAL,2013,Arhar/Tur,4809.0
Karnataka,KOPPAL,2013,Bajra,99363.0
Karnataka,KOPPAL,2013,Castor seed,560.0
Karnataka,KOPPAL,2013,Cotton(lint),12077.0
Karnataka,KOPPAL,2013,Cowpea(Lobia),494.0
Karnataka,KOPPAL,2013,Dry chillies,899.0
Karnataka,KOPPAL,2013,Groundnut,11627.0
Karnataka,KOPPAL,2013,Horse-gram,631.0
Karnataka,KOPPAL,2013,Jowar,8767.0
Karnataka,KOPPAL,2013,Maize,212637.0
Karnataka,KOPPAL,2013,Moong(Green Gram),3923.0
Karnataka,KOPPAL,2013,Niger seed,102.0
Karnataka,KOPPAL,2013,Onion,38224.0
Karnataka,KOPPAL,2013,Other Kharif pulses,487.0
Karnataka,KOPPAL,2013,Rice,134099.0
Karnataka,KOPPAL,2013,Sesamum,5063.0
Karnataka,KOPPAL,2013,Small millets,1239.0
Karnataka,KOPPAL,2013,Sunflower,19132.0
Karnataka,KOPPAL,2013,Cotton(lint),14112.0
Karnataka,KOPPAL,2013,Dry chillies,1351.0
Karnataka,KOPPAL,2013,Gram,32528.0
Karnataka,KOPPAL,2013,Horse-gram,1849.0
Karnataka,KOPPAL,2013,Jowar,25822.0
Karnataka,KOPPAL,2013,Linseed,358.0
Karnataka,KOPPAL,2013,Maize,17808.0
Karnataka,KOPPAL,2013,Onion,6020.0
Karnataka,KOPPAL,2013,Safflower,4409.0
Karnataka,KOPPAL,2013,Sunflower,21758.0
Karnataka,KOPPAL,2013,Urad,122.0
Karnataka,KOPPAL,2013,Wheat,5932.0
Karnataka,KOPPAL,2013,Cowpea(Lobia),1059.0
Karnataka,KOPPAL,2013,Dry chillies,508.0
Karnataka,KOPPAL,2013,Groundnut,17396.0
Karnataka,KOPPAL,2013,Jowar,1001.0
Karnataka,KOPPAL,2013,Maize,5192.0
Karnataka,KOPPAL,2013,Onion,1861.0
Karnataka,KOPPAL,2013,Rice,128944.0
Karnataka,KOPPAL,2013,Sunflower,5691.0
Karnataka,KOPPAL,2013,Coconut ,5522.0
Karnataka,KOPPAL,2013,Sugarcane,231555.0
Karnataka,KOPPAL,2014,Arhar/Tur,8472.0
Karnataka,KOPPAL,2014,Bajra,88910.0
Karnataka,KOPPAL,2014,Castor seed,659.0
Karnataka,KOPPAL,2014,Cotton(lint),36529.0
Karnataka,KOPPAL,2014,Cowpea(Lobia),733.0
Karnataka,KOPPAL,2014,Dry chillies,4525.0
Karnataka,KOPPAL,2014,Groundnut,10750.0
Karnataka,KOPPAL,2014,Horse-gram,1814.0
Karnataka,KOPPAL,2014,Jowar,4420.0
Karnataka,KOPPAL,2014,Maize,172189.0
Karnataka,KOPPAL,2014,Moong(Green Gram),2204.0
Karnataka,KOPPAL,2014,Niger seed,267.0
Karnataka,KOPPAL,2014,Onion,45458.0
Karnataka,KOPPAL,2014,Other Kharif pulses,443.0
Karnataka,KOPPAL,2014,Rice,145559.0
Karnataka,KOPPAL,2014,Sesamum,6902.0
Karnataka,KOPPAL,2014,Small millets,1019.0
Karnataka,KOPPAL,2014,Sunflower,12286.0
Karnataka,KOPPAL,2014,Cotton(lint),13182.0
Karnataka,KOPPAL,2014,Dry chillies,1109.0
Karnataka,KOPPAL,2014,Gram,31352.0
Karnataka,KOPPAL,2014,Horse-gram,4570.0
Karnataka,KOPPAL,2014,Jowar,43161.0
Karnataka,KOPPAL,2014,Linseed,455.0
Karnataka,KOPPAL,2014,Maize,16948.0
Karnataka,KOPPAL,2014,Onion,1409.0
Karnataka,KOPPAL,2014,Safflower,5439.0
Karnataka,KOPPAL,2014,Sunflower,19516.0
Karnataka,KOPPAL,2014,Urad,95.0
Karnataka,KOPPAL,2014,Wheat,8164.0
Karnataka,KOPPAL,2014,Cowpea(Lobia),705.0
Karnataka,KOPPAL,2014,Dry chillies,393.0
Karnataka,KOPPAL,2014,Groundnut,19197.0
Karnataka,KOPPAL,2014,Jowar,998.0
Karnataka,KOPPAL,2014,Maize,4324.0
Karnataka,KOPPAL,2014,Onion,1055.0
Karnataka,KOPPAL,2014,Rice,95208.0
Karnataka,KOPPAL,2014,Sunflower,5075.0
Karnataka,KOPPAL,2014,Coconut ,7246.0
Karnataka,KOPPAL,2014,Coriander,415.0
Karnataka,KOPPAL,2014,Sugarcane,217330.0
Karnataka,MANDYA,1997,Arhar/Tur,422.0
Karnataka,MANDYA,1997,Dry chillies,150.0
Karnataka,MANDYA,1997,Groundnut,4372.0
Karnataka,MANDYA,1997,Horse-gram,11851.0
Karnataka,MANDYA,1997,Jowar,6001.0
Karnataka,MANDYA,1997,Maize,251.0
Karnataka,MANDYA,1997,Paddy,226249.0
Karnataka,MANDYA,1997,Ragi,137349.0
Karnataka,MANDYA,1997,Rice,150905.0
Karnataka,MANDYA,1997,Dry chillies,242.0
Karnataka,MANDYA,1997,Groundnut,108.0
Karnataka,MANDYA,1997,Horse-gram,6214.0
Karnataka,MANDYA,1997,Paddy,5249.0
Karnataka,MANDYA,1997,Ragi,4006.0
Karnataka,MANDYA,1997,Rice,3502.0
Karnataka,MANDYA,1997,Paddy,126767.0
Karnataka,MANDYA,1997,Ragi,7000.0
Karnataka,MANDYA,1997,Rice,84560.0
Karnataka,MANDYA,1997,Arecanut,881.0
Karnataka,MANDYA,1997,Sugarcane,2958429.0
Karnataka,MANDYA,1997,Turmeric,453.0
Karnataka,MANDYA,1998,Arhar/Tur,959.0
Karnataka,MANDYA,1998,Bajra,2.0
Karnataka,MANDYA,1998,Castor seed,1765.0
Karnataka,MANDYA,1998,Cotton(lint),65.0
Karnataka,MANDYA,1998,Dry ginger,66.0
Karnataka,MANDYA,1998,Groundnut,7657.0
Karnataka,MANDYA,1998,Horse-gram,10819.0
Karnataka,MANDYA,1998,Jowar,3618.0
Karnataka,MANDYA,1998,Maize,77.0
Karnataka,MANDYA,1998,Moong(Green Gram),134.0
Karnataka,MANDYA,1998,Niger seed,579.0
Karnataka,MANDYA,1998,Onion,367.0
Karnataka,MANDYA,1998,Peas & beans (Pulses),780.0
Karnataka,MANDYA,1998,Potato,871.0
Karnataka,MANDYA,1998,Ragi,156027.0
Karnataka,MANDYA,1998,Rice,178974.0
Karnataka,MANDYA,1998,Sesamum,2348.0
Karnataka,MANDYA,1998,Soyabean,47.0
Karnataka,MANDYA,1998,Sunflower,22.0
Karnataka,MANDYA,1998,Gram,38.0
Karnataka,MANDYA,1998,Groundnut,148.0
Karnataka,MANDYA,1998,Horse-gram,4966.0
Karnataka,MANDYA,1998,Moong(Green Gram),51.0
Karnataka,MANDYA,1998,Onion,718.0
Karnataka,MANDYA,1998,Peas & beans (Pulses),652.0
Karnataka,MANDYA,1998,Potato,335.0
Karnataka,MANDYA,1998,Ragi,3488.0
Karnataka,MANDYA,1998,Sunflower,5.0
Karnataka,MANDYA,1998,Onion,404.0
Karnataka,MANDYA,1998,Peas & beans (Pulses),182.0
Karnataka,MANDYA,1998,Ragi,5244.0
Karnataka,MANDYA,1998,Rice,66689.0
Karnataka,MANDYA,1998,Sunflower,1.0
Karnataka,MANDYA,1998,Arecanut,4539.0
Karnataka,MANDYA,1998,Black pepper,7.0
Karnataka,MANDYA,1998,Coconut ,80063.0
Karnataka,MANDYA,1998,Dry chillies,1298.0
Karnataka,MANDYA,1998,Turmeric,401.0
Karnataka,MANDYA,1999,Arhar/Tur,695.0
Karnataka,MANDYA,1999,Castor seed,1294.0
Karnataka,MANDYA,1999,Cotton(lint),121.0
Karnataka,MANDYA,1999,Dry ginger,53.0
Karnataka,MANDYA,1999,Groundnut,5086.0
Karnataka,MANDYA,1999,Horse-gram,4445.0
Karnataka,MANDYA,1999,Jowar,2365.0
Karnataka,MANDYA,1999,Maize,127.0
Karnataka,MANDYA,1999,Moong(Green Gram),151.0
Karnataka,MANDYA,1999,Niger seed,408.0
Karnataka,MANDYA,1999,Other Kharif pulses,3215.0
Karnataka,MANDYA,1999,Ragi,98795.0
Karnataka,MANDYA,1999,Rice,186017.0
Karnataka,MANDYA,1999,Sesamum,1259.0
Karnataka,MANDYA,1999,Small millets,4.0
Karnataka,MANDYA,1999,Soyabean,44.0
Karnataka,MANDYA,1999,Sunflower,6.0
Karnataka,MANDYA,1999,Urad,133.0
Karnataka,MANDYA,1999,Gram,117.0
Karnataka,MANDYA,1999,Groundnut,144.0
Karnataka,MANDYA,1999,Horse-gram,15010.0
Karnataka,MANDYA,1999,Moong(Green Gram),66.0
Karnataka,MANDYA,1999,Other  Rabi pulses,239.0
Karnataka,MANDYA,1999,Ragi,5933.0
Karnataka,MANDYA,1999,Rice,616.0
Karnataka,MANDYA,1999,Sunflower,23.0
Karnataka,MANDYA,1999,Urad,86.0
Karnataka,MANDYA,1999,Ragi,6748.0
Karnataka,MANDYA,1999,Rice,59722.0
Karnataka,MANDYA,1999,Banana,23788.0
Karnataka,MANDYA,1999,Black pepper,7.0
Karnataka,MANDYA,1999,Coconut ,80995.0
Karnataka,MANDYA,1999,Dry chillies,808.0
Karnataka,MANDYA,1999,Onion,2420.0
Karnataka,MANDYA,1999,Potato,1080.0
Karnataka,MANDYA,1999,Sugarcane,4113525.0
Karnataka,MANDYA,1999,Sweet potato,63.0
Karnataka,MANDYA,1999,Turmeric,407.0
Karnataka,MANDYA,2000,Arhar/Tur,547.0
Karnataka,MANDYA,2000,Castor seed,1900.0
Karnataka,MANDYA,2000,Cotton(lint),32.0
Karnataka,MANDYA,2000,Dry ginger,66.0
Karnataka,MANDYA,2000,Groundnut,6231.0
Karnataka,MANDYA,2000,Horse-gram,8135.0
Karnataka,MANDYA,2000,Jowar,3725.0
Karnataka,MANDYA,2000,Maize,1029.0
Karnataka,MANDYA,2000,Moong(Green Gram),194.0
Karnataka,MANDYA,2000,Niger seed,507.0
Karnataka,MANDYA,2000,Other Kharif pulses,3623.0
Karnataka,MANDYA,2000,Ragi,150532.0
Karnataka,MANDYA,2000,Rice,175903.0
Karnataka,MANDYA,2000,Sesamum,1182.0
Karnataka,MANDYA,2000,Small millets,5.0
Karnataka,MANDYA,2000,Soyabean,57.0
Karnataka,MANDYA,2000,Sunflower,5.0
Karnataka,MANDYA,2000,Urad,181.0
Karnataka,MANDYA,2000,Groundnut,66.0
Karnataka,MANDYA,2000,Horse-gram,8779.0
Karnataka,MANDYA,2000,Moong(Green Gram),22.0
Karnataka,MANDYA,2000,Other  Rabi pulses,37.0
Karnataka,MANDYA,2000,Ragi,3904.0
Karnataka,MANDYA,2000,Rice,64.0
Karnataka,MANDYA,2000,Sunflower,5.0
Karnataka,MANDYA,2000,Urad,46.0
Karnataka,MANDYA,2000,Ragi,3898.0
Karnataka,MANDYA,2000,Rice,57541.0
Karnataka,MANDYA,2000,Sunflower,4.0
Karnataka,MANDYA,2000,Arecanut,979.0
Karnataka,MANDYA,2000,Banana,30034.0
Karnataka,MANDYA,2000,Black pepper,10.0
Karnataka,MANDYA,2000,Coconut ,81429.0
Karnataka,MANDYA,2000,Dry chillies,767.0
Karnataka,MANDYA,2000,Onion,2402.0
Karnataka,MANDYA,2000,Potato,1309.0
Karnataka,MANDYA,2000,Sugarcane,3632519.0
Karnataka,MANDYA,2000,Turmeric,625.0
Karnataka,MANDYA,2001,Arhar/Tur,198.0
Karnataka,MANDYA,2001,Castor seed,383.0
Karnataka,MANDYA,2001,Cotton(lint),2.0
Karnataka,MANDYA,2001,Dry ginger,66.0
Karnataka,MANDYA,2001,Groundnut,4537.0
Karnataka,MANDYA,2001,Horse-gram,8402.0
Karnataka,MANDYA,2001,Jowar,1211.0
Karnataka,MANDYA,2001,Moong(Green Gram),86.0
Karnataka,MANDYA,2001,Niger seed,535.0
Karnataka,MANDYA,2001,Other Kharif pulses,2637.0
Karnataka,MANDYA,2001,Ragi,127803.0
Karnataka,MANDYA,2001,Rice,176998.0
Karnataka,MANDYA,2001,Sesamum,1023.0
Karnataka,MANDYA,2001,Small millets,7.0
Karnataka,MANDYA,2001,Soyabean,9.0
Karnataka,MANDYA,2001,Sunflower,3.0
Karnataka,MANDYA,2001,Urad,129.0
Karnataka,MANDYA,2001,Horse-gram,11349.0
Karnataka,MANDYA,2001,Moong(Green Gram),24.0
Karnataka,MANDYA,2001,Other  Rabi pulses,45.0
Karnataka,MANDYA,2001,Ragi,8858.0
Karnataka,MANDYA,2001,Rice,36.0
Karnataka,MANDYA,2001,Sunflower,3.0
Karnataka,MANDYA,2001,Urad,30.0
Karnataka,MANDYA,2001,Ragi,1934.0
Karnataka,MANDYA,2001,Rice,36458.0
Karnataka,MANDYA,2001,Sunflower,1.0
Karnataka,MANDYA,2001,Arecanut,1023.0
Karnataka,MANDYA,2001,Black pepper,10.0
Karnataka,MANDYA,2001,Coconut ,61076.0
Karnataka,MANDYA,2001,Coriander,
Karnataka,MANDYA,2001,Dry chillies,1899.0
Karnataka,MANDYA,2001,Onion,2646.0
Karnataka,MANDYA,2001,Peas & beans (Pulses),2526.0
Karnataka,MANDYA,2001,Potato,2137.0
Karnataka,MANDYA,2001,Sugarcane,4263661.0
Karnataka,MANDYA,2001,Turmeric,319.0
Karnataka,MANDYA,2002,Arhar/Tur,330.0
Karnataka,MANDYA,2002,Castor seed,245.0
Karnataka,MANDYA,2002,Cotton(lint),2.0
Karnataka,MANDYA,2002,Dry ginger,26.0
Karnataka,MANDYA,2002,Groundnut,1707.0
Karnataka,MANDYA,2002,Horse-gram,2445.0
Karnataka,MANDYA,2002,Jowar,503.0
Karnataka,MANDYA,2002,Maize,4704.0
Karnataka,MANDYA,2002,Moong(Green Gram),20.0
Karnataka,MANDYA,2002,Niger seed,212.0
Karnataka,MANDYA,2002,Other Kharif pulses,1733.0
Karnataka,MANDYA,2002,Ragi,47439.0
Karnataka,MANDYA,2002,Rice,110983.0
Karnataka,MANDYA,2002,Sesamum,531.0
Karnataka,MANDYA,2002,Small millets,0.1
Karnataka,MANDYA,2002,Soyabean,24.0
Karnataka,MANDYA,2002,Urad,41.0
Karnataka,MANDYA,2002,Gram,90.0
Karnataka,MANDYA,2002,Groundnut,30.0
Karnataka,MANDYA,2002,Horse-gram,6496.0
Karnataka,MANDYA,2002,Jowar,100.0
Karnataka,MANDYA,2002,Maize,627.0
Karnataka,MANDYA,2002,Moong(Green Gram),40.0
Karnataka,MANDYA,2002,Other  Rabi pulses,119.0
Karnataka,MANDYA,2002,Ragi,9617.0
Karnataka,MANDYA,2002,Rice,4176.0
Karnataka,MANDYA,2002,Sunflower,2.0
Karnataka,MANDYA,2002,Urad,29.0
Karnataka,MANDYA,2002,Jowar,25.0
Karnataka,MANDYA,2002,Maize,616.0
Karnataka,MANDYA,2002,Ragi,1154.0
Karnataka,MANDYA,2002,Rice,7201.0
Karnataka,MANDYA,2002,Sunflower,1.0
Karnataka,MANDYA,2002,Arcanut (Processed),1124.0
Karnataka,MANDYA,2002,Atcanut (Raw),5415.0
Karnataka,MANDYA,2002,Banana,23642.0
Karnataka,MANDYA,2002,Beans & Mutter(Vegetable),327.0
Karnataka,MANDYA,2002,Black pepper,5.0
Karnataka,MANDYA,2002,Brinjal,4166.0
Karnataka,MANDYA,2002,Cashewnut Processed,23.0
Karnataka,MANDYA,2002,Cashewnut Raw,91.0
Karnataka,MANDYA,2002,Citrus Fruit,607.0
Karnataka,MANDYA,2002,Coconut ,64068.0
Karnataka,MANDYA,2002,Dry chillies,711.0
Karnataka,MANDYA,2002,Garlic,1.0
Karnataka,MANDYA,2002,Mango,7533.0
Karnataka,MANDYA,2002,Onion,2537.0
Karnataka,MANDYA,2002,Other Fresh Fruits,1273.0
Karnataka,MANDYA,2002,Papaya,33.0
Karnataka,MANDYA,2002,Pome Fruit,83.0
Karnataka,MANDYA,2002,Potato,2010.0
Karnataka,MANDYA,2002,Sugarcane,3356002.0
Karnataka,MANDYA,2002,Sweet potato,25.0
Karnataka,MANDYA,2002,Tomato,10260.0
Karnataka,MANDYA,2002,Turmeric,81.0
Karnataka,MANDYA,2003,Arhar/Tur,244.0
Karnataka,MANDYA,2003,Castor seed,799.0
Karnataka,MANDYA,2003,Cotton(lint),5.0
Karnataka,MANDYA,2003,Dry ginger,13.0
Karnataka,MANDYA,2003,Groundnut,3194.0
Karnataka,MANDYA,2003,Horse-gram,1220.0
Karnataka,MANDYA,2003,Jowar,286.0
Karnataka,MANDYA,2003,Maize,5806.0
Karnataka,MANDYA,2003,Moong(Green Gram),79.0
Karnataka,MANDYA,2003,Niger seed,255.0
Karnataka,MANDYA,2003,Other Kharif pulses,2676.0
Karnataka,MANDYA,2003,Ragi,67520.0
Karnataka,MANDYA,2003,Rice,167381.0
Karnataka,MANDYA,2003,Sesamum,759.0
Karnataka,MANDYA,2003,Small millets,0.0
Karnataka,MANDYA,2003,Soyabean,10.0
Karnataka,MANDYA,2003,Sunflower,5.0
Karnataka,MANDYA,2003,Urad,118.0
Karnataka,MANDYA,2003,Gram,77.0
Karnataka,MANDYA,2003,Groundnut,49.0
Karnataka,MANDYA,2003,Horse-gram,7170.0
Karnataka,MANDYA,2003,Jowar,18.0
Karnataka,MANDYA,2003,Maize,1681.0
Karnataka,MANDYA,2003,Moong(Green Gram),30.0
Karnataka,MANDYA,2003,Other  Rabi pulses,89.0
Karnataka,MANDYA,2003,Ragi,4726.0
Karnataka,MANDYA,2003,Rice,2650.0
Karnataka,MANDYA,2003,Sunflower,2.0
Karnataka,MANDYA,2003,Urad,62.0
Karnataka,MANDYA,2003,Maize,179.0
Karnataka,MANDYA,2003,Ragi,1543.0
Karnataka,MANDYA,2003,Rice,6829.0
Karnataka,MANDYA,2003,Arecanut,1141.0
Karnataka,MANDYA,2003,Banana,9569.0
Karnataka,MANDYA,2003,Beans & Mutter(Vegetable),1054.0
Karnataka,MANDYA,2003,Black pepper,5.0
Karnataka,MANDYA,2003,Brinjal,2356.0
Karnataka,MANDYA,2003,Citrus Fruit,554.0
Karnataka,MANDYA,2003,Coconut ,64437.0
Karnataka,MANDYA,2003,Dry chillies,1512.0
Karnataka,MANDYA,2003,Garlic,1.0
Karnataka,MANDYA,2003,Mango,11618.0
Karnataka,MANDYA,2003,Onion,2103.0
Karnataka,MANDYA,2003,Other Fresh Fruits,607.0
Karnataka,MANDYA,2003,Pome Fruit,95.0
Karnataka,MANDYA,2003,Potato,1474.0
Karnataka,MANDYA,2003,Sugarcane,1474398.0
Karnataka,MANDYA,2003,Sweet potato,31.0
Karnataka,MANDYA,2003,Tomato,6613.0
Karnataka,MANDYA,2003,Turmeric,28.0
Karnataka,MANDYA,2004,Arhar/Tur,645.0
Karnataka,MANDYA,2004,Castor seed,1334.0
Karnataka,MANDYA,2004,Cotton(lint),5.0
Karnataka,MANDYA,2004,Dry ginger,66.0
Karnataka,MANDYA,2004,Groundnut,4651.0
Karnataka,MANDYA,2004,Horse-gram,3802.0
Karnataka,MANDYA,2004,Jowar,952.0
Karnataka,MANDYA,2004,Maize,13676.0
Karnataka,MANDYA,2004,Moong(Green Gram),87.0
Karnataka,MANDYA,2004,Niger seed,403.0
Karnataka,MANDYA,2004,Other Kharif pulses,4182.0
Karnataka,MANDYA,2004,Ragi,125121.0
Karnataka,MANDYA,2004,Rice,243926.75
Karnataka,MANDYA,2004,Sesamum,8447.0
Karnataka,MANDYA,2004,Soyabean,39.0
Karnataka,MANDYA,2004,Sunflower,15.0
Karnataka,MANDYA,2004,Urad,66.0
Karnataka,MANDYA,2004,Gram,37.0
Karnataka,MANDYA,2004,Groundnut,118.0
Karnataka,MANDYA,2004,Horse-gram,8570.0
Karnataka,MANDYA,2004,Jowar,14.0
Karnataka,MANDYA,2004,Maize,280.0
Karnataka,MANDYA,2004,Moong(Green Gram),14.0
Karnataka,MANDYA,2004,Other  Rabi pulses,67.0
Karnataka,MANDYA,2004,Ragi,3212.0
Karnataka,MANDYA,2004,Rice,703.0
Karnataka,MANDYA,2004,Sunflower,3.0
Karnataka,MANDYA,2004,Urad,27.0
Karnataka,MANDYA,2004,Wheat,1.0
Karnataka,MANDYA,2004,Maize,465.0
Karnataka,MANDYA,2004,Ragi,4272.0
Karnataka,MANDYA,2004,Rice,95156.0
Karnataka,MANDYA,2004,Sunflower,1.0
Karnataka,MANDYA,2004,Arecanut,1229.0
Karnataka,MANDYA,2004,Banana,15496.0
Karnataka,MANDYA,2004,Black pepper,5.0
Karnataka,MANDYA,2004,Coconut ,657391.35
Karnataka,MANDYA,2004,Dry chillies,430.0
Karnataka,MANDYA,2004,Garlic,2.0
Karnataka,MANDYA,2004,Onion,3237.0
Karnataka,MANDYA,2004,Potato,1196.0
Karnataka,MANDYA,2004,Sweet potato,88.0
Karnataka,MANDYA,2004,Tapioca,32.0
Karnataka,MANDYA,2004,Turmeric,90.0
Karnataka,MANDYA,2005,Arhar/Tur,775.0
Karnataka,MANDYA,2005,Castor seed,1140.0
Karnataka,MANDYA,2005,Dry chillies,421.0
Karnataka,MANDYA,2005,Groundnut,2519.0
Karnataka,MANDYA,2005,Horse-gram,2407.0
Karnataka,MANDYA,2005,Jowar,813.0
Karnataka,MANDYA,2005,Maize,5952.0
Karnataka,MANDYA,2005,Moong(Green Gram),184.0
Karnataka,MANDYA,2005,Niger seed,398.0
Karnataka,MANDYA,2005,Onion,1321.0
Karnataka,MANDYA,2005,Other Kharif pulses,3063.0
Karnataka,MANDYA,2005,Peas & beans (Pulses),529.0
Karnataka,MANDYA,2005,Potato,268.0
Karnataka,MANDYA,2005,Ragi,140026.0
Karnataka,MANDYA,2005,Rice,180615.0
Karnataka,MANDYA,2005,Sesamum,8923.0
Karnataka,MANDYA,2005,Soyabean,47.0
Karnataka,MANDYA,2005,Sunflower,26.0
Karnataka,MANDYA,2005,Urad,96.0
Karnataka,MANDYA,2005,Dry chillies,31.0
Karnataka,MANDYA,2005,Gram,2.0
Karnataka,MANDYA,2005,Groundnut,48.0
Karnataka,MANDYA,2005,Horse-gram,7500.0
Karnataka,MANDYA,2005,Jowar,6.0
Karnataka,MANDYA,2005,Maize,64.0
Karnataka,MANDYA,2005,Moong(Green Gram),21.0
Karnataka,MANDYA,2005,Onion,1524.0
Karnataka,MANDYA,2005,Other  Rabi pulses,52.0
Karnataka,MANDYA,2005,Peas & beans (Pulses),225.0
Karnataka,MANDYA,2005,Potato,723.0
Karnataka,MANDYA,2005,Ragi,5300.0
Karnataka,MANDYA,2005,Rapeseed &Mustard,1.0
Karnataka,MANDYA,2005,Rice,30.0
Karnataka,MANDYA,2005,Sunflower,2.0
Karnataka,MANDYA,2005,Urad,37.0
Karnataka,MANDYA,2005,Dry chillies,50.0
Karnataka,MANDYA,2005,Maize,254.0
Karnataka,MANDYA,2005,Onion,599.0
Karnataka,MANDYA,2005,Peas & beans (Pulses),182.0
Karnataka,MANDYA,2005,Potato,158.0
Karnataka,MANDYA,2005,Ragi,4660.0
Karnataka,MANDYA,2005,Rice,76100.0
Karnataka,MANDYA,2005,Arecanut,5610.0
Karnataka,MANDYA,2005,Banana,52714.0
Karnataka,MANDYA,2005,Black pepper,5.0
Karnataka,MANDYA,2005,Coconut ,68475.0
Karnataka,MANDYA,2005,Cotton(lint),15.0
Karnataka,MANDYA,2005,Dry ginger,210.0
Karnataka,MANDYA,2005,Garlic,2.0
Karnataka,MANDYA,2005,Sugarcane,1384664.0
Karnataka,MANDYA,2005,Sweet potato,25.0
Karnataka,MANDYA,2005,Turmeric,208.0
Karnataka,MANDYA,2006,Arhar/Tur,328.0
Karnataka,MANDYA,2006,Castor seed,538.0
Karnataka,MANDYA,2006,Gram,61.0
Karnataka,MANDYA,2006,Groundnut,1021.0
Karnataka,MANDYA,2006,Horse-gram,1444.0
Karnataka,MANDYA,2006,Jowar,202.0
Karnataka,MANDYA,2006,Maize,4584.0
Karnataka,MANDYA,2006,Moong(Green Gram),72.0
Karnataka,MANDYA,2006,Niger seed,103.0
Karnataka,MANDYA,2006,Other Kharif pulses,1745.0
Karnataka,MANDYA,2006,Ragi,16051.0
Karnataka,MANDYA,2006,Rice,170969.0
Karnataka,MANDYA,2006,Sesamum,3879.0
Karnataka,MANDYA,2006,Soyabean,8.0
Karnataka,MANDYA,2006,Sunflower,10.0
Karnataka,MANDYA,2006,Urad,61.0
Karnataka,MANDYA,2006,Gram,32.0
Karnataka,MANDYA,2006,Groundnut,17.0
Karnataka,MANDYA,2006,Horse-gram,9597.0
Karnataka,MANDYA,2006,Maize,1615.0
Karnataka,MANDYA,2006,Moong(Green Gram),20.0
Karnataka,MANDYA,2006,Other  Rabi pulses,242.0
Karnataka,MANDYA,2006,Ragi,9761.0
Karnataka,MANDYA,2006,Rice,37.0
Karnataka,MANDYA,2006,Urad,26.0
Karnataka,MANDYA,2006,Maize,465.0
Karnataka,MANDYA,2006,Ragi,4648.0
Karnataka,MANDYA,2006,Rice,38667.0
Karnataka,MANDYA,2006,Arecanut,1213.0
Karnataka,MANDYA,2006,Banana,53254.0
Karnataka,MANDYA,2006,Coconut ,65555.0
Karnataka,MANDYA,2006,Dry chillies,554.0
Karnataka,MANDYA,2006,Dry ginger,250.0
Karnataka,MANDYA,2006,Garlic,2.0
Karnataka,MANDYA,2006,Onion,2013.0
Karnataka,MANDYA,2006,Potato,2612.0
Karnataka,MANDYA,2006,Sugarcane,2076939.0
Karnataka,MANDYA,2006,Sweet potato,169.0
Karnataka,MANDYA,2006,Turmeric,217.0
Karnataka,MANDYA,2007,Arhar/Tur,598.0
Karnataka,MANDYA,2007,Castor seed,644.0
Karnataka,MANDYA,2007,Dry chillies,403.0
Karnataka,MANDYA,2007,Groundnut,1910.0
Karnataka,MANDYA,2007,Horse-gram,4772.0
Karnataka,MANDYA,2007,Jowar,201.0
Karnataka,MANDYA,2007,Maize,6948.0
Karnataka,MANDYA,2007,Moong(Green Gram),111.0
Karnataka,MANDYA,2007,Niger seed,514.0
Karnataka,MANDYA,2007,Onion,1103.0
Karnataka,MANDYA,2007,Other Kharif pulses,6495.0
Karnataka,MANDYA,2007,Potato,495.0
Karnataka,MANDYA,2007,Ragi,113067.0
Karnataka,MANDYA,2007,Rice,209714.0
Karnataka,MANDYA,2007,Sesamum,4357.0
Karnataka,MANDYA,2007,Soyabean,5.0
Karnataka,MANDYA,2007,Sunflower,11.0
Karnataka,MANDYA,2007,Urad,171.0
Karnataka,MANDYA,2007,Dry chillies,35.0
Karnataka,MANDYA,2007,Gram,139.0
Karnataka,MANDYA,2007,Groundnut,10.0
Karnataka,MANDYA,2007,Horse-gram,8571.0
Karnataka,MANDYA,2007,Maize,43.0
Karnataka,MANDYA,2007,Moong(Green Gram),37.0
Karnataka,MANDYA,2007,Onion,1204.0
Karnataka,MANDYA,2007,Other  Rabi pulses,127.0
Karnataka,MANDYA,2007,Potato,1046.0
Karnataka,MANDYA,2007,Ragi,7372.0
Karnataka,MANDYA,2007,Rice,134.0
Karnataka,MANDYA,2007,Urad,46.0
Karnataka,MANDYA,2007,Dry chillies,98.0
Karnataka,MANDYA,2007,Maize,178.0
Karnataka,MANDYA,2007,Onion,718.0
Karnataka,MANDYA,2007,Potato,2845.0
Karnataka,MANDYA,2007,Ragi,7267.0
Karnataka,MANDYA,2007,Rice,68188.0
Karnataka,MANDYA,2007,Arecanut,4176.0
Karnataka,MANDYA,2007,Banana,58409.0
Karnataka,MANDYA,2007,Coconut ,113446.0
Karnataka,MANDYA,2007,Coriander,
Karnataka,MANDYA,2007,Dry ginger,472.0
Karnataka,MANDYA,2007,Garlic,7.0
Karnataka,MANDYA,2007,Sugarcane,2335092.0
Karnataka,MANDYA,2007,Sweet potato,213.0
Karnataka,MANDYA,2007,Turmeric,397.0
Karnataka,MANDYA,2008,Arhar/Tur,612.0
Karnataka,MANDYA,2008,Castor seed,1025.0
Karnataka,MANDYA,2008,Dry chillies,428.0
Karnataka,MANDYA,2008,Groundnut,1113.0
Karnataka,MANDYA,2008,Horse-gram,4267.0
Karnataka,MANDYA,2008,Maize,9452.0
Karnataka,MANDYA,2008,Moong(Green Gram),39.0
Karnataka,MANDYA,2008,Niger seed,619.0
Karnataka,MANDYA,2008,Onion,814.0
Karnataka,MANDYA,2008,Other Kharif pulses,6000.0
Karnataka,MANDYA,2008,Potato,76.0
Karnataka,MANDYA,2008,Ragi,94933.0
Karnataka,MANDYA,2008,Rice,217652.9
Karnataka,MANDYA,2008,Sesamum,4072.0
Karnataka,MANDYA,2008,Urad,74.0
Karnataka,MANDYA,2008,Dry chillies,54.0
Karnataka,MANDYA,2008,Gram,1.0
Karnataka,MANDYA,2008,Groundnut,35.0
Karnataka,MANDYA,2008,Horse-gram,4830.0
Karnataka,MANDYA,2008,Moong(Green Gram),24.0
Karnataka,MANDYA,2008,Onion,1222.0
Karnataka,MANDYA,2008,Other  Rabi pulses,143.0
Karnataka,MANDYA,2008,Potato,1653.0
Karnataka,MANDYA,2008,Ragi,6078.0
Karnataka,MANDYA,2008,Rice,44.0
Karnataka,MANDYA,2008,Urad,37.0
Karnataka,MANDYA,2008,Dry chillies,187.0
Karnataka,MANDYA,2008,Maize,466.0
Karnataka,MANDYA,2008,Onion,491.0
Karnataka,MANDYA,2008,Potato,3288.0
Karnataka,MANDYA,2008,Ragi,7474.0
Karnataka,MANDYA,2008,Rice,68153.0
Karnataka,MANDYA,2008,Arecanut,4398.0
Karnataka,MANDYA,2008,Banana,24016.0
Karnataka,MANDYA,2008,Cashewnut,2.46
Karnataka,MANDYA,2008,Coconut ,145348.0
Karnataka,MANDYA,2008,Coriander,3.0
Karnataka,MANDYA,2008,Dry ginger,701.0
Karnataka,MANDYA,2008,Garlic,9.0
Karnataka,MANDYA,2008,Sugarcane,2643019.0
Karnataka,MANDYA,2008,Sweet potato,466.0
Karnataka,MANDYA,2008,Turmeric,270.0
Karnataka,MANDYA,2009,Arhar/Tur,609.0
Karnataka,MANDYA,2009,Castor seed,583.0
Karnataka,MANDYA,2009,Gram,6898.0
Karnataka,MANDYA,2009,Groundnut,1403.0
Karnataka,MANDYA,2009,Horse-gram,6898.0
Karnataka,MANDYA,2009,Maize,5106.0
Karnataka,MANDYA,2009,Moong(Green Gram),38.0
Karnataka,MANDYA,2009,Niger seed,796.0
Karnataka,MANDYA,2009,Onion,413.0
Karnataka,MANDYA,2009,Other Kharif pulses,2985.0
Karnataka,MANDYA,2009,Potato,495.0
Karnataka,MANDYA,2009,Ragi,86392.0
Karnataka,MANDYA,2009,Rice,199001.25
Karnataka,MANDYA,2009,Sesamum,3175.0
Karnataka,MANDYA,2009,Urad,22.0
Karnataka,MANDYA,2009,Dry chillies,83.0
Karnataka,MANDYA,2009,Gram,5408.0
Karnataka,MANDYA,2009,Groundnut,24.0
Karnataka,MANDYA,2009,Horse-gram,5408.0
Karnataka,MANDYA,2009,Maize,51.0
Karnataka,MANDYA,2009,Moong(Green Gram),39.0
Karnataka,MANDYA,2009,Onion,1055.0
Karnataka,MANDYA,2009,Other  Rabi pulses,262.0
Karnataka,MANDYA,2009,Potato,1846.0
Karnataka,MANDYA,2009,Ragi,7730.0
Karnataka,MANDYA,2009,Urad,54.0
Karnataka,MANDYA,2009,Dry chillies,433.0
Karnataka,MANDYA,2009,Maize,104.0
Karnataka,MANDYA,2009,Onion,580.0
Karnataka,MANDYA,2009,Potato,2845.0
Karnataka,MANDYA,2009,Ragi,5832.0
Karnataka,MANDYA,2009,Rice,64276.0
Karnataka,MANDYA,2009,Arecanut,5731.0
Karnataka,MANDYA,2009,Banana,47095.0
Karnataka,MANDYA,2009,Cashewnut,2.0
Karnataka,MANDYA,2009,Coconut ,255056.0
Karnataka,MANDYA,2009,Coriander,3.0
Karnataka,MANDYA,2009,Dry ginger,661.0
Karnataka,MANDYA,2009,Sugarcane,2682488.0
Karnataka,MANDYA,2009,Sweet potato,342.0
Karnataka,MANDYA,2009,Turmeric,194.0
Karnataka,MANDYA,2010,Arhar/Tur,907.0
Karnataka,MANDYA,2010,Castor seed,1134.0
Karnataka,MANDYA,2010,Cowpea(Lobia),6423.0
Karnataka,MANDYA,2010,Dry chillies,354.0
Karnataka,MANDYA,2010,Groundnut,1220.0
Karnataka,MANDYA,2010,Horse-gram,4676.0
Karnataka,MANDYA,2010,Jowar,16.0
Karnataka,MANDYA,2010,Maize,7619.0
Karnataka,MANDYA,2010,Moong(Green Gram),161.0
Karnataka,MANDYA,2010,Niger seed,959.0
Karnataka,MANDYA,2010,Onion,780.0
Karnataka,MANDYA,2010,Other Kharif pulses,2295.0
Karnataka,MANDYA,2010,Peas & beans (Pulses),2128.0
Karnataka,MANDYA,2010,Potato,653.0
Karnataka,MANDYA,2010,Ragi,151162.0
Karnataka,MANDYA,2010,Rice,225761.0
Karnataka,MANDYA,2010,Sesamum,4326.0
Karnataka,MANDYA,2010,Soyabean,12.0
Karnataka,MANDYA,2010,Urad,128.0
Karnataka,MANDYA,2010,Cowpea(Lobia),266.0
Karnataka,MANDYA,2010,Dry chillies,139.0
Karnataka,MANDYA,2010,Gram,9.0
Karnataka,MANDYA,2010,Groundnut,45.0
Karnataka,MANDYA,2010,Horse-gram,8295.0
Karnataka,MANDYA,2010,Maize,115.0
Karnataka,MANDYA,2010,Moong(Green Gram),29.0
Karnataka,MANDYA,2010,Onion,1096.0
Karnataka,MANDYA,2010,Other  Rabi pulses,4.0
Karnataka,MANDYA,2010,Peas & beans (Pulses),596.0
Karnataka,MANDYA,2010,Potato,931.0
Karnataka,MANDYA,2010,Ragi,7567.0
Karnataka,MANDYA,2010,Urad,46.0
Karnataka,MANDYA,2010,Dry chillies,344.0
Karnataka,MANDYA,2010,Maize,136.0
Karnataka,MANDYA,2010,Onion,915.0
Karnataka,MANDYA,2010,Peas & beans (Pulses),1104.0
Karnataka,MANDYA,2010,Ragi,6784.0
Karnataka,MANDYA,2010,Rice,71103.0
Karnataka,MANDYA,2010,Sunflower,3.0
Karnataka,MANDYA,2010,Arecanut,9440.0
Karnataka,MANDYA,2010,Banana,51345.0
Karnataka,MANDYA,2010,Cashewnut,2.0
Karnataka,MANDYA,2010,Coconut ,328112.0
Karnataka,MANDYA,2010,Dry ginger,108.6
Karnataka,MANDYA,2010,Sugarcane,5021994.0
Karnataka,MANDYA,2010,Sweet potato,552.0
Karnataka,MANDYA,2010,Turmeric,5.0
Karnataka,MANDYA,2011,Arhar/Tur,499.0
Karnataka,MANDYA,2011,Castor seed,714.0
Karnataka,MANDYA,2011,Cowpea(Lobia),4494.0
Karnataka,MANDYA,2011,Dry chillies,216.0
Karnataka,MANDYA,2011,Groundnut,956.0
Karnataka,MANDYA,2011,Horse-gram,1844.0
Karnataka,MANDYA,2011,Jowar,47.0
Karnataka,MANDYA,2011,Maize,9662.0
Karnataka,MANDYA,2011,Moong(Green Gram),82.0
Karnataka,MANDYA,2011,Niger seed,447.0
Karnataka,MANDYA,2011,Onion,750.0
Karnataka,MANDYA,2011,Other Kharif pulses,1915.0
Karnataka,MANDYA,2011,Peas & beans (Pulses),2878.0
Karnataka,MANDYA,2011,Potato,248.0
Karnataka,MANDYA,2011,Ragi,82707.0
Karnataka,MANDYA,2011,Rice,225491.0
Karnataka,MANDYA,2011,Sesamum,3906.0
Karnataka,MANDYA,2011,Soyabean,1.0
Karnataka,MANDYA,2011,Urad,116.0
Karnataka,MANDYA,2011,Cowpea(Lobia),333.0
Karnataka,MANDYA,2011,Dry chillies,144.0
Karnataka,MANDYA,2011,Groundnut,18.0
Karnataka,MANDYA,2011,Horse-gram,9454.0
Karnataka,MANDYA,2011,Maize,581.0
Karnataka,MANDYA,2011,Moong(Green Gram),43.0
Karnataka,MANDYA,2011,Onion,1218.0
Karnataka,MANDYA,2011,Other  Rabi pulses,19.0
Karnataka,MANDYA,2011,Peas & beans (Pulses),482.0
Karnataka,MANDYA,2011,Potato,790.0
Karnataka,MANDYA,2011,Ragi,6421.0
Karnataka,MANDYA,2011,Urad,42.0
Karnataka,MANDYA,2011,Dry chillies,371.0
Karnataka,MANDYA,2011,Maize,1980.0
Karnataka,MANDYA,2011,Onion,462.0
Karnataka,MANDYA,2011,Peas & beans (Pulses),901.0
Karnataka,MANDYA,2011,Potato,1226.0
Karnataka,MANDYA,2011,Ragi,6598.0
Karnataka,MANDYA,2011,Rice,53322.0
Karnataka,MANDYA,2011,Arecanut,7151.0
Karnataka,MANDYA,2011,Banana,62005.0
Karnataka,MANDYA,2011,Cashewnut,2.0
Karnataka,MANDYA,2011,Coconut ,345458.0
Karnataka,MANDYA,2011,Dry ginger,149.5
Karnataka,MANDYA,2011,Sugarcane,4089060.0
Karnataka,MANDYA,2011,Sweet potato,2055.0
Karnataka,MANDYA,2011,Turmeric,763.0
Karnataka,MANDYA,2012,Arhar/Tur,531.0
Karnataka,MANDYA,2012,Castor seed,433.0
Karnataka,MANDYA,2012,Cowpea(Lobia),3760.0
Karnataka,MANDYA,2012,Dry chillies,81.0
Karnataka,MANDYA,2012,Groundnut,767.0
Karnataka,MANDYA,2012,Horse-gram,4084.0
Karnataka,MANDYA,2012,Jowar,1029.0
Karnataka,MANDYA,2012,Maize,6350.0
Karnataka,MANDYA,2012,Moong(Green Gram),74.0
Karnataka,MANDYA,2012,Niger seed,247.0
Karnataka,MANDYA,2012,Onion,1189.0
Karnataka,MANDYA,2012,Other Kharif pulses,1415.0
Karnataka,MANDYA,2012,Potato,645.0
Karnataka,MANDYA,2012,Ragi,61575.0
Karnataka,MANDYA,2012,Rice,148389.0
Karnataka,MANDYA,2012,Sesamum,895.0
Karnataka,MANDYA,2012,Sunflower,4.0
Karnataka,MANDYA,2012,Urad,85.0
Karnataka,MANDYA,2012,Cowpea(Lobia),161.0
Karnataka,MANDYA,2012,Dry chillies,79.0
Karnataka,MANDYA,2012,Gram,27.0
Karnataka,MANDYA,2012,Horse-gram,3385.0
Karnataka,MANDYA,2012,Maize,1105.0
Karnataka,MANDYA,2012,Moong(Green Gram),5.0
Karnataka,MANDYA,2012,Onion,458.0
Karnataka,MANDYA,2012,Potato,340.0
Karnataka,MANDYA,2012,Ragi,13343.0
Karnataka,MANDYA,2012,Rice,1083.0
Karnataka,MANDYA,2012,Urad,14.0
Karnataka,MANDYA,2012,Cowpea(Lobia),64.0
Karnataka,MANDYA,2012,Dry chillies,127.0
Karnataka,MANDYA,2012,Jowar,3.0
Karnataka,MANDYA,2012,Maize,265.0
Karnataka,MANDYA,2012,Onion,425.0
Karnataka,MANDYA,2012,Potato,2268.0
Karnataka,MANDYA,2012,Ragi,1053.0
Karnataka,MANDYA,2012,Rice,6189.0
Karnataka,MANDYA,2012,Arecanut,8676.0
Karnataka,MANDYA,2012,Cashewnut,4.0
Karnataka,MANDYA,2012,Coconut ,276837.0
Karnataka,MANDYA,2012,Coriander,17.0
Karnataka,MANDYA,2012,Dry ginger,1242.0
Karnataka,MANDYA,2012,Garlic,9.0
Karnataka,MANDYA,2012,Sugarcane,3468808.0
Karnataka,MANDYA,2012,Sweet potato,7585.0
Karnataka,MANDYA,2012,Tapioca,275.0
Karnataka,MANDYA,2012,Tobacco,1.0
Karnataka,MANDYA,2012,Turmeric,188.0
Karnataka,MANDYA,2013,Arhar/Tur,359.0
Karnataka,MANDYA,2013,Castor seed,404.0
Karnataka,MANDYA,2013,Cotton(lint),12.0
Karnataka,MANDYA,2013,Cowpea(Lobia),2824.0
Karnataka,MANDYA,2013,Dry chillies,531.0
Karnataka,MANDYA,2013,Groundnut,1030.0
Karnataka,MANDYA,2013,Horse-gram,4340.0
Karnataka,MANDYA,2013,Jowar,1238.0
Karnataka,MANDYA,2013,Maize,9937.0
Karnataka,MANDYA,2013,Moong(Green Gram),112.0
Karnataka,MANDYA,2013,Niger seed,286.0
Karnataka,MANDYA,2013,Onion,364.0
Karnataka,MANDYA,2013,Other Kharif pulses,1560.0
Karnataka,MANDYA,2013,Potato,112.0
Karnataka,MANDYA,2013,Ragi,80042.0
Karnataka,MANDYA,2013,Rapeseed &Mustard,
Karnataka,MANDYA,2013,Rice,183107.0
Karnataka,MANDYA,2013,Sesamum,2610.0
Karnataka,MANDYA,2013,Sunflower,5.0
Karnataka,MANDYA,2013,Urad,166.0
Karnataka,MANDYA,2013,Cowpea(Lobia),209.0
Karnataka,MANDYA,2013,Dry chillies,163.0
Karnataka,MANDYA,2013,Gram,159.0
Karnataka,MANDYA,2013,Horse-gram,4797.0
Karnataka,MANDYA,2013,Maize,441.0
Karnataka,MANDYA,2013,Moong(Green Gram),3.0
Karnataka,MANDYA,2013,Onion,436.0
Karnataka,MANDYA,2013,Other  Rabi pulses,120.0
Karnataka,MANDYA,2013,Potato,335.0
Karnataka,MANDYA,2013,Ragi,10682.0
Karnataka,MANDYA,2013,Rice,5089.0
Karnataka,MANDYA,2013,Sunflower,1.0
Karnataka,MANDYA,2013,Urad,12.0
Karnataka,MANDYA,2013,Cowpea(Lobia),134.0
Karnataka,MANDYA,2013,Dry chillies,223.0
Karnataka,MANDYA,2013,Jowar,11.0
Karnataka,MANDYA,2013,Maize,522.0
Karnataka,MANDYA,2013,Onion,298.0
Karnataka,MANDYA,2013,Potato,323.0
Karnataka,MANDYA,2013,Ragi,6553.0
Karnataka,MANDYA,2013,Rice,40957.0
Karnataka,MANDYA,2013,Arecanut,10983.0
Karnataka,MANDYA,2013,Coconut ,149354.0
Karnataka,MANDYA,2013,Coriander,1.0
Karnataka,MANDYA,2013,Dry ginger,525.0
Karnataka,MANDYA,2013,Sugarcane,2496002.0
Karnataka,MANDYA,2013,Sweet potato,7103.0
Karnataka,MANDYA,2013,Tapioca,17.0
Karnataka,MANDYA,2013,Tobacco,5.0
Karnataka,MANDYA,2013,Turmeric,129.0
Karnataka,MANDYA,2014,Arhar/Tur,315.0
Karnataka,MANDYA,2014,Bajra,37.0
Karnataka,MANDYA,2014,Castor seed,406.0
Karnataka,MANDYA,2014,Cotton(lint),14.0
Karnataka,MANDYA,2014,Cowpea(Lobia),1616.0
Karnataka,MANDYA,2014,Dry chillies,990.0
Karnataka,MANDYA,2014,Groundnut,824.0
Karnataka,MANDYA,2014,Horse-gram,3717.0
Karnataka,MANDYA,2014,Jowar,1788.0
Karnataka,MANDYA,2014,Maize,15978.0
Karnataka,MANDYA,2014,Moong(Green Gram),37.0
Karnataka,MANDYA,2014,Niger seed,189.0
Karnataka,MANDYA,2014,Onion,1089.0
Karnataka,MANDYA,2014,Other Kharif pulses,1745.0
Karnataka,MANDYA,2014,Potato,117.0
Karnataka,MANDYA,2014,Ragi,89492.0
Karnataka,MANDYA,2014,Rice,189916.0
Karnataka,MANDYA,2014,Sesamum,954.0
Karnataka,MANDYA,2014,Sunflower,7.0
Karnataka,MANDYA,2014,Urad,50.0
Karnataka,MANDYA,2014,Cowpea(Lobia),99.0
Karnataka,MANDYA,2014,Dry chillies,317.0
Karnataka,MANDYA,2014,Gram,152.0
Karnataka,MANDYA,2014,Horse-gram,9783.0
Karnataka,MANDYA,2014,Jowar,1.0
Karnataka,MANDYA,2014,Maize,1388.0
Karnataka,MANDYA,2014,Moong(Green Gram),8.0
Karnataka,MANDYA,2014,Onion,431.0
Karnataka,MANDYA,2014,Other  Rabi pulses,101.0
Karnataka,MANDYA,2014,Potato,970.0
Karnataka,MANDYA,2014,Ragi,12231.0
Karnataka,MANDYA,2014,Rice,2628.0
Karnataka,MANDYA,2014,Urad,13.0
Karnataka,MANDYA,2014,Cowpea(Lobia),65.0
Karnataka,MANDYA,2014,Dry chillies,87.0
Karnataka,MANDYA,2014,Maize,564.0
Karnataka,MANDYA,2014,Onion,5.0
Karnataka,MANDYA,2014,Potato,110.0
Karnataka,MANDYA,2014,Ragi,5381.0
Karnataka,MANDYA,2014,Rice,52912.0
Karnataka,MANDYA,2014,Arecanut,6236.0
Karnataka,MANDYA,2014,Cashewnut,1.0
Karnataka,MANDYA,2014,Coconut ,273682.0
Karnataka,MANDYA,2014,Coriander,4.0
Karnataka,MANDYA,2014,Dry ginger,784.0
Karnataka,MANDYA,2014,Sugarcane,2543538.0
Karnataka,MANDYA,2014,Sweet potato,5959.0
Karnataka,MANDYA,2014,Tapioca,18.0
Karnataka,MANDYA,2014,Turmeric,70.0
Karnataka,MYSORE,1997,Arhar/Tur,1812.0
Karnataka,MYSORE,1997,Bajra,161.0
Karnataka,MYSORE,1997,Black pepper,3.0
Karnataka,MYSORE,1997,Dry chillies,768.0
Karnataka,MYSORE,1997,Dry ginger,80.0
Karnataka,MYSORE,1997,Groundnut,36705.0
Karnataka,MYSORE,1997,Horse-gram,11115.0
Karnataka,MYSORE,1997,Jowar,35995.0
Karnataka,MYSORE,1997,Maize,65080.0
Karnataka,MYSORE,1997,Paddy,459876.0
Karnataka,MYSORE,1997,Ragi,133034.0
Karnataka,MYSORE,1997,Rice,306717.0
Karnataka,MYSORE,1997,Dry chillies,272.0
Karnataka,MYSORE,1997,Groundnut,2153.0
Karnataka,MYSORE,1997,Horse-gram,13069.0
Karnataka,MYSORE,1997,Jowar,462.0
Karnataka,MYSORE,1997,Maize,2712.0
Karnataka,MYSORE,1997,Paddy,2649.0
Karnataka,MYSORE,1997,Ragi,7875.0
Karnataka,MYSORE,1997,Rice,1767.0
Karnataka,MYSORE,1997,Wheat,4.0
Karnataka,MYSORE,1997,Jowar,1208.0
Karnataka,MYSORE,1997,Maize,2045.0
Karnataka,MYSORE,1997,Paddy,85453.0
Karnataka,MYSORE,1997,Ragi,8407.0
Karnataka,MYSORE,1997,Rice,56994.0
Karnataka,MYSORE,1997,Arecanut,426.0
Karnataka,MYSORE,1997,Cardamom,1.0
Karnataka,MYSORE,1997,Coriander,86.0
Karnataka,MYSORE,1997,Garlic,201.0
Karnataka,MYSORE,1997,Sugarcane,2058734.0
Karnataka,MYSORE,1997,Turmeric,15147.0
Karnataka,MYSORE,1998,Arhar/Tur,1957.0
Karnataka,MYSORE,1998,Bajra,3.0
Karnataka,MYSORE,1998,Castor seed,1146.0
Karnataka,MYSORE,1998,Cotton(lint),153042.0
Karnataka,MYSORE,1998,Dry ginger,1830.0
Karnataka,MYSORE,1998,Groundnut,12051.0
Karnataka,MYSORE,1998,Horse-gram,11611.0
Karnataka,MYSORE,1998,Jowar,16502.0
Karnataka,MYSORE,1998,Maize,74847.0
Karnataka,MYSORE,1998,Moong(Green Gram),454.0
Karnataka,MYSORE,1998,Niger seed,578.0
Karnataka,MYSORE,1998,Onion,54.0
Karnataka,MYSORE,1998,Peas & beans (Pulses),202.0
Karnataka,MYSORE,1998,Potato,309.0
Karnataka,MYSORE,1998,Ragi,115488.0
Karnataka,MYSORE,1998,Rice,291632.0
Karnataka,MYSORE,1998,Sesamum,3593.0
Karnataka,MYSORE,1998,Soyabean,9.0
Karnataka,MYSORE,1998,Sunflower,778.0
Karnataka,MYSORE,1998,Gram,213.0
Karnataka,MYSORE,1998,Groundnut,1098.0
Karnataka,MYSORE,1998,Horse-gram,10110.0
Karnataka,MYSORE,1998,Jowar,777.0
Karnataka,MYSORE,1998,Maize,215.0
Karnataka,MYSORE,1998,Moong(Green Gram),349.0
Karnataka,MYSORE,1998,Peas & beans (Pulses),168.0
Karnataka,MYSORE,1998,Ragi,14587.0
Karnataka,MYSORE,1998,Rice,1336.0
Karnataka,MYSORE,1998,Sunflower,36.0
Karnataka,MYSORE,1998,Jowar,2979.0
Karnataka,MYSORE,1998,Maize,77.0
Karnataka,MYSORE,1998,Peas & beans (Pulses),1048.0
Karnataka,MYSORE,1998,Ragi,3085.0
Karnataka,MYSORE,1998,Rice,40058.0
Karnataka,MYSORE,1998,Sunflower,3.0
Karnataka,MYSORE,1998,Arecanut,1589.0
Karnataka,MYSORE,1998,Black pepper,13.0
Karnataka,MYSORE,1998,Coconut ,42095.0
Karnataka,MYSORE,1998,Coriander,63.0
Karnataka,MYSORE,1998,Dry chillies,564.0
Karnataka,MYSORE,1998,Turmeric,1092.0
Karnataka,MYSORE,1999,Arhar/Tur,3617.0
Karnataka,MYSORE,1999,Bajra,29.0
Karnataka,MYSORE,1999,Castor seed,1583.0
Karnataka,MYSORE,1999,Cotton(lint),154105.0
Karnataka,MYSORE,1999,Dry ginger,1893.0
Karnataka,MYSORE,1999,Groundnut,5646.0
Karnataka,MYSORE,1999,Horse-gram,18986.0
Karnataka,MYSORE,1999,Jowar,20711.0
Karnataka,MYSORE,1999,Maize,41903.0
Karnataka,MYSORE,1999,Moong(Green Gram),774.0
Karnataka,MYSORE,1999,Niger seed,597.0
Karnataka,MYSORE,1999,Other Kharif pulses,8282.0
Karnataka,MYSORE,1999,Ragi,59440.0
Karnataka,MYSORE,1999,Rice,264324.0
Karnataka,MYSORE,1999,Sesamum,2786.0
Karnataka,MYSORE,1999,Small millets,1.0
Karnataka,MYSORE,1999,Soyabean,15.0
Karnataka,MYSORE,1999,Sunflower,615.0
Karnataka,MYSORE,1999,Urad,600.0
Karnataka,MYSORE,1999,Gram,694.0
Karnataka,MYSORE,1999,Groundnut,708.0
Karnataka,MYSORE,1999,Horse-gram,15084.0
Karnataka,MYSORE,1999,Jowar,744.0
Karnataka,MYSORE,1999,Maize,28.0
Karnataka,MYSORE,1999,Moong(Green Gram),400.0
Karnataka,MYSORE,1999,Other  Rabi pulses,2133.0
Karnataka,MYSORE,1999,Ragi,18860.0
Karnataka,MYSORE,1999,Rapeseed &Mustard,2.0
Karnataka,MYSORE,1999,Rice,3438.0
Karnataka,MYSORE,1999,Sunflower,102.0
Karnataka,MYSORE,1999,Urad,360.0
Karnataka,MYSORE,1999,Jowar,427.0
Karnataka,MYSORE,1999,Maize,15.0
Karnataka,MYSORE,1999,Ragi,2406.0
Karnataka,MYSORE,1999,Rice,47691.0
Karnataka,MYSORE,1999,Banana,20468.0
Karnataka,MYSORE,1999,Black pepper,41.0
Karnataka,MYSORE,1999,Coconut ,40172.0
Karnataka,MYSORE,1999,Coriander,62.0
Karnataka,MYSORE,1999,Dry chillies,1100.0
Karnataka,MYSORE,1999,Onion,47.0
Karnataka,MYSORE,1999,Sugarcane,1288576.0
Karnataka,MYSORE,1999,Tobacco,18879.0
Karnataka,MYSORE,1999,Turmeric,1928.0
Karnataka,MYSORE,2000,Arhar/Tur,1694.0
Karnataka,MYSORE,2000,Bajra,15.0
Karnataka,MYSORE,2000,Castor seed,3837.0
Karnataka,MYSORE,2000,Cotton(lint),130909.0
Karnataka,MYSORE,2000,Dry ginger,5210.0
Karnataka,MYSORE,2000,Groundnut,6483.0
Karnataka,MYSORE,2000,Horse-gram,21242.0
Karnataka,MYSORE,2000,Jowar,11948.0
Karnataka,MYSORE,2000,Maize,64028.0
Karnataka,MYSORE,2000,Moong(Green Gram),1216.0
Karnataka,MYSORE,2000,Niger seed,627.0
Karnataka,MYSORE,2000,Other Kharif pulses,10433.0
Karnataka,MYSORE,2000,Ragi,102662.0
Karnataka,MYSORE,2000,Rice,275479.0
Karnataka,MYSORE,2000,Sesamum,2621.0
Karnataka,MYSORE,2000,Soyabean,45.0
Karnataka,MYSORE,2000,Sunflower,251.0
Karnataka,MYSORE,2000,Urad,1023.0
Karnataka,MYSORE,2000,Gram,804.0
Karnataka,MYSORE,2000,Groundnut,534.0
Karnataka,MYSORE,2000,Horse-gram,14398.0
Karnataka,MYSORE,2000,Jowar,899.0
Karnataka,MYSORE,2000,Maize,555.0
Karnataka,MYSORE,2000,Moong(Green Gram),250.0
Karnataka,MYSORE,2000,Other  Rabi pulses,511.0
Karnataka,MYSORE,2000,Ragi,10852.0
Karnataka,MYSORE,2000,Rapeseed &Mustard,1.0
Karnataka,MYSORE,2000,Rice,2356.0
Karnataka,MYSORE,2000,Sunflower,2.0
Karnataka,MYSORE,2000,Urad,271.0
Karnataka,MYSORE,2000,Jowar,581.0
Karnataka,MYSORE,2000,Maize,219.0
Karnataka,MYSORE,2000,Ragi,3311.0
Karnataka,MYSORE,2000,Rice,46416.0
Karnataka,MYSORE,2000,Sunflower,24.0
Karnataka,MYSORE,2000,Arecanut,284.0
Karnataka,MYSORE,2000,Banana,30423.0
Karnataka,MYSORE,2000,Black pepper,36.0
Karnataka,MYSORE,2000,Coconut ,44556.0
Karnataka,MYSORE,2000,Coriander,1.0
Karnataka,MYSORE,2000,Dry chillies,1838.0
Karnataka,MYSORE,2000,Onion,80.0
Karnataka,MYSORE,2000,Potato,282.0
Karnataka,MYSORE,2000,Sugarcane,698296.0
Karnataka,MYSORE,2000,Tobacco,17058.0
Karnataka,MYSORE,2000,Turmeric,2918.0
Karnataka,MYSORE,2001,Arhar/Tur,2651.0
Karnataka,MYSORE,2001,Castor seed,1091.0
Karnataka,MYSORE,2001,Cotton(lint),76555.0
Karnataka,MYSORE,2001,Dry ginger,17237.0
Karnataka,MYSORE,2001,Groundnut,6958.0
Karnataka,MYSORE,2001,Horse-gram,29538.0
Karnataka,MYSORE,2001,Jowar,9029.0
Karnataka,MYSORE,2001,Maize,65459.0
Karnataka,MYSORE,2001,Moong(Green Gram),1790.0
Karnataka,MYSORE,2001,Niger seed,675.0
Karnataka,MYSORE,2001,Other Kharif pulses,13212.0
Karnataka,MYSORE,2001,Ragi,109676.0
Karnataka,MYSORE,2001,Rice,327885.0
Karnataka,MYSORE,2001,Sesamum,3660.0
Karnataka,MYSORE,2001,Soyabean,56.0
Karnataka,MYSORE,2001,Sunflower,435.0
Karnataka,MYSORE,2001,Urad,1916.0
Karnataka,MYSORE,2001,Gram,1090.0
Karnataka,MYSORE,2001,Horse-gram,10805.0
Karnataka,MYSORE,2001,Jowar,747.0
Karnataka,MYSORE,2001,Maize,1225.0
Karnataka,MYSORE,2001,Moong(Green Gram),336.0
Karnataka,MYSORE,2001,Other  Rabi pulses,580.0
Karnataka,MYSORE,2001,Ragi,17457.0
Karnataka,MYSORE,2001,Rice,436.0
Karnataka,MYSORE,2001,Sunflower,5.0
Karnataka,MYSORE,2001,Urad,288.0
Karnataka,MYSORE,2001,Maize,539.0
Karnataka,MYSORE,2001,Ragi,1159.0
Karnataka,MYSORE,2001,Rice,33574.0
Karnataka,MYSORE,2001,Arecanut,566.0
Karnataka,MYSORE,2001,Black pepper,51.0
Karnataka,MYSORE,2001,Coconut ,50122.0
Karnataka,MYSORE,2001,Coriander,21.0
Karnataka,MYSORE,2001,Dry chillies,1573.0
Karnataka,MYSORE,2001,Onion,21.0
Karnataka,MYSORE,2001,Peas & beans (Pulses),763.0
Karnataka,MYSORE,2001,Potato,448.0
Karnataka,MYSORE,2001,Sugarcane,983104.0
Karnataka,MYSORE,2001,Turmeric,2594.0
Karnataka,MYSORE,2002,Arhar/Tur,2697.0
Karnataka,MYSORE,2002,Castor seed,1289.0
Karnataka,MYSORE,2002,Cotton(lint),31900.0
Karnataka,MYSORE,2002,Dry ginger,14429.0
Karnataka,MYSORE,2002,Groundnut,4563.0
Karnataka,MYSORE,2002,Horse-gram,8603.0
Karnataka,MYSORE,2002,Jowar,4464.0
Karnataka,MYSORE,2002,Maize,28164.0
Karnataka,MYSORE,2002,Moong(Green Gram),734.0
Karnataka,MYSORE,2002,Niger seed,874.0
Karnataka,MYSORE,2002,Other Kharif pulses,10156.0
Karnataka,MYSORE,2002,Ragi,45080.0
Karnataka,MYSORE,2002,Rice,217716.0
Karnataka,MYSORE,2002,Sesamum,1947.0
Karnataka,MYSORE,2002,Sunflower,730.0
Karnataka,MYSORE,2002,Urad,556.0
Karnataka,MYSORE,2002,Gram,545.0
Karnataka,MYSORE,2002,Groundnut,333.0
Karnataka,MYSORE,2002,Horse-gram,9306.0
Karnataka,MYSORE,2002,Jowar,1059.0
Karnataka,MYSORE,2002,Maize,13379.0
Karnataka,MYSORE,2002,Moong(Green Gram),274.0
Karnataka,MYSORE,2002,Other  Rabi pulses,963.0
Karnataka,MYSORE,2002,Ragi,19920.0
Karnataka,MYSORE,2002,Rice,1309.0
Karnataka,MYSORE,2002,Sunflower,92.0
Karnataka,MYSORE,2002,Urad,229.0
Karnataka,MYSORE,2002,Jowar,127.0
Karnataka,MYSORE,2002,Maize,1316.0
Karnataka,MYSORE,2002,Ragi,751.0
Karnataka,MYSORE,2002,Rice,6355.0
Karnataka,MYSORE,2002,Sunflower,38.0
Karnataka,MYSORE,2002,Arcanut (Processed),482.0
Karnataka,MYSORE,2002,Atcanut (Raw),2382.0
Karnataka,MYSORE,2002,Banana,32041.0
Karnataka,MYSORE,2002,Beans & Mutter(Vegetable),950.0
Karnataka,MYSORE,2002,Black pepper,317.0
Karnataka,MYSORE,2002,Brinjal,5377.0
Karnataka,MYSORE,2002,Cashewnut Processed,15.0
Karnataka,MYSORE,2002,Cashewnut Raw,59.0
Karnataka,MYSORE,2002,Citrus Fruit,35.0
Karnataka,MYSORE,2002,Coconut ,52889.0
Karnataka,MYSORE,2002,Coriander,3.0
Karnataka,MYSORE,2002,Dry chillies,1634.0
Karnataka,MYSORE,2002,Mango,18639.0
Karnataka,MYSORE,2002,Onion,17.0
Karnataka,MYSORE,2002,Other Fresh Fruits,2062.0
Karnataka,MYSORE,2002,Papaya,3.0
Karnataka,MYSORE,2002,Pome Fruit,289.0
Karnataka,MYSORE,2002,Potato,104.0
Karnataka,MYSORE,2002,Sugarcane,1351120.0
Karnataka,MYSORE,2002,Tobacco,29563.0
Karnataka,MYSORE,2002,Tomato,20801.0
Karnataka,MYSORE,2002,Turmeric,2009.0
Karnataka,MYSORE,2003,Arhar/Tur,2111.0
Karnataka,MYSORE,2003,Castor seed,699.0
Karnataka,MYSORE,2003,Cotton(lint),33251.0
Karnataka,MYSORE,2003,Dry ginger,5040.0
Karnataka,MYSORE,2003,Groundnut,2933.0
Karnataka,MYSORE,2003,Horse-gram,3575.0
Karnataka,MYSORE,2003,Jowar,4631.0
Karnataka,MYSORE,2003,Maize,39107.0
Karnataka,MYSORE,2003,Moong(Green Gram),612.0
Karnataka,MYSORE,2003,Niger seed,743.0
Karnataka,MYSORE,2003,Other Kharif pulses,11493.0
Karnataka,MYSORE,2003,Ragi,74870.0
Karnataka,MYSORE,2003,Rice,228647.0
Karnataka,MYSORE,2003,Sesamum,1783.0
Karnataka,MYSORE,2003,Sunflower,380.0
Karnataka,MYSORE,2003,Urad,1321.0
Karnataka,MYSORE,2003,Gram,416.0
Karnataka,MYSORE,2003,Groundnut,42.0
Karnataka,MYSORE,2003,Horse-gram,6463.0
Karnataka,MYSORE,2003,Jowar,567.0
Karnataka,MYSORE,2003,Maize,2850.0
Karnataka,MYSORE,2003,Moong(Green Gram),173.0
Karnataka,MYSORE,2003,Other  Rabi pulses,422.0
Karnataka,MYSORE,2003,Ragi,3701.0
Karnataka,MYSORE,2003,Rice,7363.0
Karnataka,MYSORE,2003,Sunflower,63.0
Karnataka,MYSORE,2003,Urad,244.0
Karnataka,MYSORE,2003,Jowar,190.0
Karnataka,MYSORE,2003,Maize,997.0
Karnataka,MYSORE,2003,Ragi,736.0
Karnataka,MYSORE,2003,Rice,9449.0
Karnataka,MYSORE,2003,Arecanut,458.0
Karnataka,MYSORE,2003,Banana,27931.0
Karnataka,MYSORE,2003,Beans & Mutter(Vegetable),2644.0
Karnataka,MYSORE,2003,Black pepper,64.0
Karnataka,MYSORE,2003,Brinjal,5707.0
Karnataka,MYSORE,2003,Citrus Fruit,63.0
Karnataka,MYSORE,2003,Coconut ,48092.0
Karnataka,MYSORE,2003,Coriander,7.0
Karnataka,MYSORE,2003,Dry chillies,1931.0
Karnataka,MYSORE,2003,Mango,10897.0
Karnataka,MYSORE,2003,Onion,13.0
Karnataka,MYSORE,2003,Other Fresh Fruits,1521.0
Karnataka,MYSORE,2003,Pome Fruit,210.0
Karnataka,MYSORE,2003,Potato,257.0
Karnataka,MYSORE,2003,Sugarcane,1253778.0
Karnataka,MYSORE,2003,Tobacco,32176.0
Karnataka,MYSORE,2003,Tomato,14951.0
Karnataka,MYSORE,2003,Turmeric,4183.0
Karnataka,MYSORE,2004,Arhar/Tur,3214.0
Karnataka,MYSORE,2004,Castor seed,1564.0
Karnataka,MYSORE,2004,Cotton(lint),83989.0
Karnataka,MYSORE,2004,Dry ginger,2063.0
Karnataka,MYSORE,2004,Groundnut,5640.0
Karnataka,MYSORE,2004,Horse-gram,8796.0
Karnataka,MYSORE,2004,Jowar,32450.0
Karnataka,MYSORE,2004,Maize,50799.0
Karnataka,MYSORE,2004,Moong(Green Gram),2216.0
Karnataka,MYSORE,2004,Niger seed,768.0
Karnataka,MYSORE,2004,Other Kharif pulses,18310.0
Karnataka,MYSORE,2004,Ragi,106653.0
Karnataka,MYSORE,2004,Rice,312198.54
Karnataka,MYSORE,2004,Sesamum,11252.0
Karnataka,MYSORE,2004,Soyabean,11.0
Karnataka,MYSORE,2004,Sunflower,425.0
Karnataka,MYSORE,2004,Urad,1185.0
Karnataka,MYSORE,2004,Gram,379.0
Karnataka,MYSORE,2004,Groundnut,669.0
Karnataka,MYSORE,2004,Horse-gram,7973.0
Karnataka,MYSORE,2004,Jowar,369.0
Karnataka,MYSORE,2004,Maize,8616.0
Karnataka,MYSORE,2004,Moong(Green Gram),113.0
Karnataka,MYSORE,2004,Other  Rabi pulses,724.0
Karnataka,MYSORE,2004,Ragi,15766.0
Karnataka,MYSORE,2004,Rice,162.0
Karnataka,MYSORE,2004,Sunflower,24.0
Karnataka,MYSORE,2004,Urad,199.0
Karnataka,MYSORE,2004,Jowar,1.0
Karnataka,MYSORE,2004,Maize,1548.0
Karnataka,MYSORE,2004,Ragi,3895.0
Karnataka,MYSORE,2004,Rice,84113.0
Karnataka,MYSORE,2004,Sunflower,106.0
Karnataka,MYSORE,2004,Arecanut,480.0
Karnataka,MYSORE,2004,Banana,34482.0
Karnataka,MYSORE,2004,Black pepper,72.0
Karnataka,MYSORE,2004,Coconut ,523519.92
Karnataka,MYSORE,2004,Coriander,2.0
Karnataka,MYSORE,2004,Dry chillies,2653.0
Karnataka,MYSORE,2004,Onion,29.0
Karnataka,MYSORE,2004,Potato,93.0
Karnataka,MYSORE,2004,Tobacco,38821.0
Karnataka,MYSORE,2004,Turmeric,3450.0
Karnataka,MYSORE,2005,Arhar/Tur,2513.0
Karnataka,MYSORE,2005,Castor seed,2604.0
Karnataka,MYSORE,2005,Dry chillies,382.0
Karnataka,MYSORE,2005,Groundnut,8771.0
Karnataka,MYSORE,2005,Horse-gram,12114.0
Karnataka,MYSORE,2005,Jowar,17122.0
Karnataka,MYSORE,2005,Maize,77852.0
Karnataka,MYSORE,2005,Moong(Green Gram),986.0
Karnataka,MYSORE,2005,Niger seed,1012.0
Karnataka,MYSORE,2005,Onion,111.0
Karnataka,MYSORE,2005,Other Kharif pulses,16765.0
Karnataka,MYSORE,2005,Peas & beans (Pulses),550.0
Karnataka,MYSORE,2005,Potato,33.0
Karnataka,MYSORE,2005,Ragi,171342.0
Karnataka,MYSORE,2005,Rice,294884.0
Karnataka,MYSORE,2005,Sesamum,11713.0
Karnataka,MYSORE,2005,Soyabean,6.0
Karnataka,MYSORE,2005,Sunflower,696.0
Karnataka,MYSORE,2005,Urad,1034.0
Karnataka,MYSORE,2005,Dry chillies,470.0
Karnataka,MYSORE,2005,Gram,722.0
Karnataka,MYSORE,2005,Groundnut,152.0
Karnataka,MYSORE,2005,Horse-gram,12358.0
Karnataka,MYSORE,2005,Jowar,220.0
Karnataka,MYSORE,2005,Maize,5173.0
Karnataka,MYSORE,2005,Moong(Green Gram),137.0
Karnataka,MYSORE,2005,Other  Rabi pulses,1056.0
Karnataka,MYSORE,2005,Peas & beans (Pulses),49.0
Karnataka,MYSORE,2005,Ragi,49286.0
Karnataka,MYSORE,2005,Rapeseed &Mustard,7.0
Karnataka,MYSORE,2005,Rice,78.0
Karnataka,MYSORE,2005,Sunflower,21.0
Karnataka,MYSORE,2005,Urad,248.0
Karnataka,MYSORE,2005,Dry chillies,1178.0
Karnataka,MYSORE,2005,Jowar,587.0
Karnataka,MYSORE,2005,Maize,1716.0
Karnataka,MYSORE,2005,Peas & beans (Pulses),111.0
Karnataka,MYSORE,2005,Ragi,4617.0
Karnataka,MYSORE,2005,Rice,64086.0
Karnataka,MYSORE,2005,Sunflower,18.0
Karnataka,MYSORE,2005,Arecanut,1950.0
Karnataka,MYSORE,2005,Banana,44669.0
Karnataka,MYSORE,2005,Black pepper,64.0
Karnataka,MYSORE,2005,Coconut ,35145.0
Karnataka,MYSORE,2005,Coriander,2.0
Karnataka,MYSORE,2005,Cotton(lint),78651.0
Karnataka,MYSORE,2005,Dry ginger,1763.0
Karnataka,MYSORE,2005,Sugarcane,988509.0
Karnataka,MYSORE,2005,Tobacco,35779.0
Karnataka,MYSORE,2005,Turmeric,2588.0
Karnataka,MYSORE,2006,Arhar/Tur,5025.0
Karnataka,MYSORE,2006,Castor seed,2618.0
Karnataka,MYSORE,2006,Gram,1547.0
Karnataka,MYSORE,2006,Groundnut,3747.0
Karnataka,MYSORE,2006,Horse-gram,7446.0
Karnataka,MYSORE,2006,Jowar,21862.0
Karnataka,MYSORE,2006,Maize,94829.0
Karnataka,MYSORE,2006,Moong(Green Gram),1239.0
Karnataka,MYSORE,2006,Niger seed,584.0
Karnataka,MYSORE,2006,Other Kharif pulses,22195.0
Karnataka,MYSORE,2006,Ragi,78258.0
Karnataka,MYSORE,2006,Rice,276379.0
Karnataka,MYSORE,2006,Sesamum,13997.0
Karnataka,MYSORE,2006,Soyabean,17.0
Karnataka,MYSORE,2006,Sunflower,692.0
Karnataka,MYSORE,2006,Urad,1547.0
Karnataka,MYSORE,2006,Gram,983.0
Karnataka,MYSORE,2006,Groundnut,131.0
Karnataka,MYSORE,2006,Horse-gram,13545.0
Karnataka,MYSORE,2006,Jowar,218.0
Karnataka,MYSORE,2006,Maize,7439.0
Karnataka,MYSORE,2006,Moong(Green Gram),108.0
Karnataka,MYSORE,2006,Other  Rabi pulses,2937.0
Karnataka,MYSORE,2006,Ragi,24358.0
Karnataka,MYSORE,2006,Rice,465.0
Karnataka,MYSORE,2006,Sunflower,4.0
Karnataka,MYSORE,2006,Urad,241.0
Karnataka,MYSORE,2006,Jowar,15.0
Karnataka,MYSORE,2006,Maize,1198.0
Karnataka,MYSORE,2006,Ragi,1406.0
Karnataka,MYSORE,2006,Rice,40624.0
Karnataka,MYSORE,2006,Sunflower,4.0
Karnataka,MYSORE,2006,Arecanut,728.0
Karnataka,MYSORE,2006,Banana,44570.0
Karnataka,MYSORE,2006,Black pepper,66.0
Karnataka,MYSORE,2006,Coconut ,49312.0
Karnataka,MYSORE,2006,Coriander,4.0
Karnataka,MYSORE,2006,Cotton(lint),50468.0
Karnataka,MYSORE,2006,Dry chillies,2513.0
Karnataka,MYSORE,2006,Dry ginger,14103.0
Karnataka,MYSORE,2006,Onion,28.0
Karnataka,MYSORE,2006,Potato,1190.0
Karnataka,MYSORE,2006,Sugarcane,1592865.0
Karnataka,MYSORE,2006,Tapioca,126.0
Karnataka,MYSORE,2006,Tobacco,25444.0
Karnataka,MYSORE,2006,Turmeric,3272.0
Karnataka,MYSORE,2007,Arhar/Tur,1420.0
Karnataka,MYSORE,2007,Castor seed,1989.0
Karnataka,MYSORE,2007,Dry chillies,477.0
Karnataka,MYSORE,2007,Groundnut,6569.0
Karnataka,MYSORE,2007,Horse-gram,7592.0
Karnataka,MYSORE,2007,Jowar,13363.0
Karnataka,MYSORE,2007,Maize,87986.0
Karnataka,MYSORE,2007,Moong(Green Gram),1087.0
Karnataka,MYSORE,2007,Niger seed,3401.0
Karnataka,MYSORE,2007,Onion,42.0
Karnataka,MYSORE,2007,Other Kharif pulses,23980.0
Karnataka,MYSORE,2007,Potato,627.0
Karnataka,MYSORE,2007,Ragi,108905.0
Karnataka,MYSORE,2007,Rice,315901.0
Karnataka,MYSORE,2007,Sesamum,5810.0
Karnataka,MYSORE,2007,Soyabean,42.0
Karnataka,MYSORE,2007,Sunflower,888.0
Karnataka,MYSORE,2007,Urad,1358.0
Karnataka,MYSORE,2007,Dry chillies,344.0
Karnataka,MYSORE,2007,Gram,1842.0
Karnataka,MYSORE,2007,Groundnut,238.0
Karnataka,MYSORE,2007,Horse-gram,12359.0
Karnataka,MYSORE,2007,Jowar,82.0
Karnataka,MYSORE,2007,Maize,8409.0
Karnataka,MYSORE,2007,Moong(Green Gram),168.0
Karnataka,MYSORE,2007,Other  Rabi pulses,3688.0
Karnataka,MYSORE,2007,Ragi,31549.0
Karnataka,MYSORE,2007,Rice,435.0
Karnataka,MYSORE,2007,Sunflower,12.0
Karnataka,MYSORE,2007,Urad,195.0
Karnataka,MYSORE,2007,Dry chillies,1432.0
Karnataka,MYSORE,2007,Jowar,29.0
Karnataka,MYSORE,2007,Maize,655.0
Karnataka,MYSORE,2007,Ragi,1235.0
Karnataka,MYSORE,2007,Rice,53740.0
Karnataka,MYSORE,2007,Arecanut,3195.0
Karnataka,MYSORE,2007,Banana,67366.0
Karnataka,MYSORE,2007,Black pepper,184.0
Karnataka,MYSORE,2007,Coconut ,112636.0
Karnataka,MYSORE,2007,Coriander,9.0
Karnataka,MYSORE,2007,Cotton(lint),35750.0
Karnataka,MYSORE,2007,Dry ginger,20502.0
Karnataka,MYSORE,2007,Sugarcane,1178236.0
Karnataka,MYSORE,2007,Sweet potato,125.0
Karnataka,MYSORE,2007,Tobacco,27482.0
Karnataka,MYSORE,2007,Turmeric,3905.0
Karnataka,MYSORE,2008,Arhar/Tur,1335.0
Karnataka,MYSORE,2008,Castor seed,883.0
Karnataka,MYSORE,2008,Dry chillies,584.0
Karnataka,MYSORE,2008,Groundnut,2744.0
Karnataka,MYSORE,2008,Horse-gram,8270.0
Karnataka,MYSORE,2008,Jowar,10598.0
Karnataka,MYSORE,2008,Maize,83658.0
Karnataka,MYSORE,2008,Moong(Green Gram),1382.0
Karnataka,MYSORE,2008,Niger seed,1046.0
Karnataka,MYSORE,2008,Onion,36.0
Karnataka,MYSORE,2008,Other Kharif pulses,18422.0
Karnataka,MYSORE,2008,Potato,220.0
Karnataka,MYSORE,2008,Ragi,103766.0
Karnataka,MYSORE,2008,Rice,327791.72
Karnataka,MYSORE,2008,Sesamum,4463.0
Karnataka,MYSORE,2008,Soyabean,12.0
Karnataka,MYSORE,2008,Sunflower,1065.0
Karnataka,MYSORE,2008,Urad,1286.0
Karnataka,MYSORE,2008,Dry chillies,225.0
Karnataka,MYSORE,2008,Gram,655.0
Karnataka,MYSORE,2008,Groundnut,139.0
Karnataka,MYSORE,2008,Horse-gram,10464.0
Karnataka,MYSORE,2008,Jowar,106.0
Karnataka,MYSORE,2008,Maize,8461.0
Karnataka,MYSORE,2008,Moong(Green Gram),135.0
Karnataka,MYSORE,2008,Other  Rabi pulses,3751.0
Karnataka,MYSORE,2008,Ragi,18336.0
Karnataka,MYSORE,2008,Sunflower,1.0
Karnataka,MYSORE,2008,Urad,213.0
Karnataka,MYSORE,2008,Dry chillies,1493.0
Karnataka,MYSORE,2008,Jowar,171.0
Karnataka,MYSORE,2008,Maize,1013.0
Karnataka,MYSORE,2008,Ragi,830.0
Karnataka,MYSORE,2008,Rice,37629.0
Karnataka,MYSORE,2008,Arecanut,3890.0
Karnataka,MYSORE,2008,Banana,60286.0
Karnataka,MYSORE,2008,Black pepper,263.0
Karnataka,MYSORE,2008,Cashewnut,122.96
Karnataka,MYSORE,2008,Coconut ,193857.0
Karnataka,MYSORE,2008,Coriander,34.0
Karnataka,MYSORE,2008,Cotton(lint),34863.0
Karnataka,MYSORE,2008,Dry ginger,65855.0
Karnataka,MYSORE,2008,Sugarcane,637032.0
Karnataka,MYSORE,2008,Sweet potato,162.0
Karnataka,MYSORE,2008,Tapioca,906.0
Karnataka,MYSORE,2008,Tobacco,21229.0
Karnataka,MYSORE,2008,Turmeric,9356.0
Karnataka,MYSORE,2009,Arhar/Tur,1766.0
Karnataka,MYSORE,2009,Castor seed,906.0
Karnataka,MYSORE,2009,Gram,25112.0
Karnataka,MYSORE,2009,Groundnut,4330.0
Karnataka,MYSORE,2009,Horse-gram,25112.0
Karnataka,MYSORE,2009,Jowar,9880.0
Karnataka,MYSORE,2009,Maize,85131.0
Karnataka,MYSORE,2009,Moong(Green Gram),2346.0
Karnataka,MYSORE,2009,Niger seed,1153.0
Karnataka,MYSORE,2009,Onion,35.0
Karnataka,MYSORE,2009,Other Kharif pulses,19019.0
Karnataka,MYSORE,2009,Potato,718.0
Karnataka,MYSORE,2009,Ragi,99941.0
Karnataka,MYSORE,2009,Rice,341277.01
Karnataka,MYSORE,2009,Sesamum,7095.0
Karnataka,MYSORE,2009,Sunflower,1151.0
Karnataka,MYSORE,2009,Urad,3419.0
Karnataka,MYSORE,2009,Dry chillies,692.0
Karnataka,MYSORE,2009,Gram,8900.0
Karnataka,MYSORE,2009,Groundnut,13.0
Karnataka,MYSORE,2009,Horse-gram,8900.0
Karnataka,MYSORE,2009,Jowar,229.0
Karnataka,MYSORE,2009,Maize,6463.0
Karnataka,MYSORE,2009,Moong(Green Gram),38.0
Karnataka,MYSORE,2009,Other  Rabi pulses,3918.0
Karnataka,MYSORE,2009,Ragi,20148.0
Karnataka,MYSORE,2009,Sunflower,38.0
Karnataka,MYSORE,2009,Urad,81.0
Karnataka,MYSORE,2009,Dry chillies,2155.0
Karnataka,MYSORE,2009,Jowar,394.0
Karnataka,MYSORE,2009,Maize,906.0
Karnataka,MYSORE,2009,Ragi,802.0
Karnataka,MYSORE,2009,Rice,40747.0
Karnataka,MYSORE,2009,Arecanut,3739.0
Karnataka,MYSORE,2009,Banana,131054.0
Karnataka,MYSORE,2009,Black pepper,616.0
Karnataka,MYSORE,2009,Cashewnut,144.0
Karnataka,MYSORE,2009,Coconut ,130899.0
Karnataka,MYSORE,2009,Coriander,30.0
Karnataka,MYSORE,2009,Cotton(lint),54175.0
Karnataka,MYSORE,2009,Dry ginger,65507.0
Karnataka,MYSORE,2009,Sugarcane,897484.0
Karnataka,MYSORE,2009,Sweet potato,105.0
Karnataka,MYSORE,2009,Tapioca,965.0
Karnataka,MYSORE,2009,Tobacco,58700.0
Karnataka,MYSORE,2009,Turmeric,9896.0
Karnataka,MYSORE,2010,Arhar/Tur,3561.0
Karnataka,MYSORE,2010,Castor seed,2824.0
Karnataka,MYSORE,2010,Cotton(lint),62164.0
Karnataka,MYSORE,2010,Cowpea(Lobia),9910.0
Karnataka,MYSORE,2010,Dry chillies,760.0
Karnataka,MYSORE,2010,Groundnut,3638.0
Karnataka,MYSORE,2010,Horse-gram,10692.0
Karnataka,MYSORE,2010,Jowar,14165.0
Karnataka,MYSORE,2010,Maize,106277.0
Karnataka,MYSORE,2010,Moong(Green Gram),3291.0
Karnataka,MYSORE,2010,Niger seed,796.0
Karnataka,MYSORE,2010,Onion,94.0
Karnataka,MYSORE,2010,Other Kharif pulses,9203.0
Karnataka,MYSORE,2010,Peas & beans (Pulses),2288.0
Karnataka,MYSORE,2010,Potato,782.0
Karnataka,MYSORE,2010,Ragi,66557.0
Karnataka,MYSORE,2010,Rice,337247.0
Karnataka,MYSORE,2010,Sesamum,9099.0
Karnataka,MYSORE,2010,Sunflower,1818.0
Karnataka,MYSORE,2010,Urad,3835.0
Karnataka,MYSORE,2010,Cotton(lint),288.0
Karnataka,MYSORE,2010,Cowpea(Lobia),2001.0
Karnataka,MYSORE,2010,Dry chillies,685.0
Karnataka,MYSORE,2010,Gram,861.0
Karnataka,MYSORE,2010,Groundnut,62.0
Karnataka,MYSORE,2010,Horse-gram,16136.0
Karnataka,MYSORE,2010,Jowar,124.0
Karnataka,MYSORE,2010,Maize,10860.0
Karnataka,MYSORE,2010,Moong(Green Gram),61.0
Karnataka,MYSORE,2010,Other  Rabi pulses,1411.0
Karnataka,MYSORE,2010,Peas & beans (Pulses),971.0
Karnataka,MYSORE,2010,Ragi,19310.0
Karnataka,MYSORE,2010,Sunflower,2.0
Karnataka,MYSORE,2010,Urad,140.0
Karnataka,MYSORE,2010,Dry chillies,1284.0
Karnataka,MYSORE,2010,Maize,697.0
Karnataka,MYSORE,2010,Peas & beans (Pulses),505.0
Karnataka,MYSORE,2010,Ragi,501.0
Karnataka,MYSORE,2010,Rice,56724.0
Karnataka,MYSORE,2010,Arecanut,14868.0
Karnataka,MYSORE,2010,Banana,142523.0
Karnataka,MYSORE,2010,Black pepper,38.0
Karnataka,MYSORE,2010,Cashewnut,135.0
Karnataka,MYSORE,2010,Coconut ,324630.0
Karnataka,MYSORE,2010,Coriander,17.0
Karnataka,MYSORE,2010,Dry ginger,5368.6
Karnataka,MYSORE,2010,Sugarcane,1367478.0
Karnataka,MYSORE,2010,Tapioca,144.0
Karnataka,MYSORE,2010,Tobacco,93343.0
Karnataka,MYSORE,2010,Turmeric,14927.0
Karnataka,MYSORE,2011,Arhar/Tur,2142.0
Karnataka,MYSORE,2011,Castor seed,1520.0
Karnataka,MYSORE,2011,Cotton(lint),100051.0
Karnataka,MYSORE,2011,Cowpea(Lobia),11638.0
Karnataka,MYSORE,2011,Dry chillies,743.0
Karnataka,MYSORE,2011,Groundnut,3051.0
Karnataka,MYSORE,2011,Horse-gram,6514.0
Karnataka,MYSORE,2011,Jowar,18323.0
Karnataka,MYSORE,2011,Maize,77629.0
Karnataka,MYSORE,2011,Moong(Green Gram),3316.0
Karnataka,MYSORE,2011,Niger seed,751.0
Karnataka,MYSORE,2011,Onion,84.0
Karnataka,MYSORE,2011,Other Kharif pulses,6967.0
Karnataka,MYSORE,2011,Peas & beans (Pulses),2210.0
Karnataka,MYSORE,2011,Potato,868.0
Karnataka,MYSORE,2011,Ragi,51570.0
Karnataka,MYSORE,2011,Rice,349693.0
Karnataka,MYSORE,2011,Sesamum,6052.0
Karnataka,MYSORE,2011,Sunflower,803.0
Karnataka,MYSORE,2011,Urad,5027.0
Karnataka,MYSORE,2011,Cowpea(Lobia),3159.0
Karnataka,MYSORE,2011,Dry chillies,790.0
Karnataka,MYSORE,2011,Gram,758.0
Karnataka,MYSORE,2011,Groundnut,129.0
Karnataka,MYSORE,2011,Horse-gram,13766.0
Karnataka,MYSORE,2011,Maize,13516.0
Karnataka,MYSORE,2011,Moong(Green Gram),56.0
Karnataka,MYSORE,2011,Other  Rabi pulses,5894.0
Karnataka,MYSORE,2011,Peas & beans (Pulses),926.0
Karnataka,MYSORE,2011,Ragi,23774.0
Karnataka,MYSORE,2011,Rice,9.0
Karnataka,MYSORE,2011,Urad,101.0
Karnataka,MYSORE,2011,Dry chillies,1187.0
Karnataka,MYSORE,2011,Maize,634.0
Karnataka,MYSORE,2011,Peas & beans (Pulses),531.0
Karnataka,MYSORE,2011,Ragi,207.0
Karnataka,MYSORE,2011,Rice,45113.0
Karnataka,MYSORE,2011,Arecanut,11532.0
Karnataka,MYSORE,2011,Banana,154656.0
Karnataka,MYSORE,2011,Black pepper,20.7
Karnataka,MYSORE,2011,Cashewnut,147.0
Karnataka,MYSORE,2011,Coconut ,238760.0
Karnataka,MYSORE,2011,Coriander,8.0
Karnataka,MYSORE,2011,Dry ginger,7782.4
Karnataka,MYSORE,2011,Garlic,6.0
Karnataka,MYSORE,2011,Sugarcane,1190825.0
Karnataka,MYSORE,2011,Sweet potato,29.0
Karnataka,MYSORE,2011,Tapioca,243.0
Karnataka,MYSORE,2011,Tobacco,72185.0
Karnataka,MYSORE,2011,Turmeric,20372.0
Karnataka,MYSORE,2012,Arhar/Tur,3551.0
Karnataka,MYSORE,2012,Castor seed,1238.0
Karnataka,MYSORE,2012,Cotton(lint),50145.0
Karnataka,MYSORE,2012,Cowpea(Lobia),4846.0
Karnataka,MYSORE,2012,Dry chillies,1219.0
Karnataka,MYSORE,2012,Groundnut,1903.0
Karnataka,MYSORE,2012,Horse-gram,416.0
Karnataka,MYSORE,2012,Jowar,1126.0
Karnataka,MYSORE,2012,Maize,61982.0
Karnataka,MYSORE,2012,Moong(Green Gram),765.0
Karnataka,MYSORE,2012,Niger seed,240.0
Karnataka,MYSORE,2012,Onion,85.0
Karnataka,MYSORE,2012,Other Kharif pulses,6405.0
Karnataka,MYSORE,2012,Potato,888.0
Karnataka,MYSORE,2012,Ragi,18965.0
Karnataka,MYSORE,2012,Rice,276550.0
Karnataka,MYSORE,2012,Sesamum,1357.0
Karnataka,MYSORE,2012,Sunflower,407.0
Karnataka,MYSORE,2012,Urad,1559.0
Karnataka,MYSORE,2012,Cowpea(Lobia),668.0
Karnataka,MYSORE,2012,Dry chillies,926.0
Karnataka,MYSORE,2012,Gram,172.0
Karnataka,MYSORE,2012,Groundnut,27.0
Karnataka,MYSORE,2012,Horse-gram,11558.0
Karnataka,MYSORE,2012,Jowar,205.0
Karnataka,MYSORE,2012,Maize,19810.0
Karnataka,MYSORE,2012,Other  Rabi pulses,615.0
Karnataka,MYSORE,2012,Ragi,20960.0
Karnataka,MYSORE,2012,Rice,579.0
Karnataka,MYSORE,2012,Cotton(lint),186.0
Karnataka,MYSORE,2012,Cowpea(Lobia),78.0
Karnataka,MYSORE,2012,Dry chillies,277.0
Karnataka,MYSORE,2012,Maize,392.0
Karnataka,MYSORE,2012,Ragi,153.0
Karnataka,MYSORE,2012,Rice,2709.0
Karnataka,MYSORE,2012,Arecanut,12256.0
Karnataka,MYSORE,2012,Black pepper,130.0
Karnataka,MYSORE,2012,Cashewnut,176.0
Karnataka,MYSORE,2012,Coconut ,196286.0
Karnataka,MYSORE,2012,Coriander,13.0
Karnataka,MYSORE,2012,Dry ginger,68379.0
Karnataka,MYSORE,2012,Sugarcane,547162.0
Karnataka,MYSORE,2012,Sweet potato,248.0
Karnataka,MYSORE,2012,Tapioca,349.0
Karnataka,MYSORE,2012,Tobacco,35558.0
Karnataka,MYSORE,2012,Turmeric,21884.0
Karnataka,MYSORE,2013,Arhar/Tur,2291.0
Karnataka,MYSORE,2013,Bajra,5.0
Karnataka,MYSORE,2013,Castor seed,748.0
Karnataka,MYSORE,2013,Cotton(lint),136724.0
Karnataka,MYSORE,2013,Cowpea(Lobia),11578.0
Karnataka,MYSORE,2013,Dry chillies,975.0
Karnataka,MYSORE,2013,Groundnut,1710.0
Karnataka,MYSORE,2013,Horse-gram,295.0
Karnataka,MYSORE,2013,Jowar,7058.0
Karnataka,MYSORE,2013,Maize,92060.0
Karnataka,MYSORE,2013,Moong(Green Gram),1961.0
Karnataka,MYSORE,2013,Niger seed,585.0
Karnataka,MYSORE,2013,Onion,13.0
Karnataka,MYSORE,2013,Other Kharif pulses,4930.0
Karnataka,MYSORE,2013,Potato,783.0
Karnataka,MYSORE,2013,Ragi,46875.0
Karnataka,MYSORE,2013,Rice,311039.0
Karnataka,MYSORE,2013,Sesamum,3457.0
Karnataka,MYSORE,2013,Small millets,1.0
Karnataka,MYSORE,2013,Sunflower,647.0
Karnataka,MYSORE,2013,Urad,3225.0
Karnataka,MYSORE,2013,Cowpea(Lobia),2259.0
Karnataka,MYSORE,2013,Dry chillies,419.0
Karnataka,MYSORE,2013,Gram,421.0
Karnataka,MYSORE,2013,Horse-gram,12430.0
Karnataka,MYSORE,2013,Jowar,231.0
Karnataka,MYSORE,2013,Maize,12874.0
Karnataka,MYSORE,2013,Moong(Green Gram),13.0
Karnataka,MYSORE,2013,Other  Rabi pulses,3151.0
Karnataka,MYSORE,2013,Ragi,13609.0
Karnataka,MYSORE,2013,Rice,125.0
Karnataka,MYSORE,2013,Urad,61.0
Karnataka,MYSORE,2013,Cotton(lint),36.0
Karnataka,MYSORE,2013,Cowpea(Lobia),63.0
Karnataka,MYSORE,2013,Dry chillies,821.0
Karnataka,MYSORE,2013,Groundnut,44.0
Karnataka,MYSORE,2013,Jowar,2.0
Karnataka,MYSORE,2013,Maize,2855.0
Karnataka,MYSORE,2013,Onion,16.0
Karnataka,MYSORE,2013,Ragi,1030.0
Karnataka,MYSORE,2013,Rice,39236.0
Karnataka,MYSORE,2013,Arecanut,18011.0
Karnataka,MYSORE,2013,Black pepper,52.0
Karnataka,MYSORE,2013,Cashewnut,113.0
Karnataka,MYSORE,2013,Coconut ,177853.0
Karnataka,MYSORE,2013,Coriander,16.0
Karnataka,MYSORE,2013,Dry ginger,82771.0
Karnataka,MYSORE,2013,Sugarcane,683572.0
Karnataka,MYSORE,2013,Sweet potato,29.0
Karnataka,MYSORE,2013,Tapioca,17.0
Karnataka,MYSORE,2013,Tobacco,61282.0
Karnataka,MYSORE,2013,Turmeric,21870.0
Karnataka,MYSORE,2014,Arhar/Tur,1617.0
Karnataka,MYSORE,2014,Castor seed,679.0
Karnataka,MYSORE,2014,Cotton(lint),85874.0
Karnataka,MYSORE,2014,Cowpea(Lobia),8948.0
Karnataka,MYSORE,2014,Dry chillies,1200.0
Karnataka,MYSORE,2014,Groundnut,1853.0
Karnataka,MYSORE,2014,Jowar,8038.0
Karnataka,MYSORE,2014,Maize,101259.0
Karnataka,MYSORE,2014,Moong(Green Gram),2247.0
Karnataka,MYSORE,2014,Niger seed,493.0
Karnataka,MYSORE,2014,Other Kharif pulses,6091.0
Karnataka,MYSORE,2014,Potato,1231.0
Karnataka,MYSORE,2014,Ragi,60430.0
Karnataka,MYSORE,2014,Rice,319929.0
Karnataka,MYSORE,2014,Sesamum,2669.0
Karnataka,MYSORE,2014,Sunflower,827.0
Karnataka,MYSORE,2014,Urad,3007.0
Karnataka,MYSORE,2014,Cowpea(Lobia),1331.0
Karnataka,MYSORE,2014,Dry chillies,537.0
Karnataka,MYSORE,2014,Gram,1551.0
Karnataka,MYSORE,2014,Horse-gram,14965.0
Karnataka,MYSORE,2014,Jowar,157.0
Karnataka,MYSORE,2014,Linseed,3.0
Karnataka,MYSORE,2014,Maize,22704.0
Karnataka,MYSORE,2014,Moong(Green Gram),25.0
Karnataka,MYSORE,2014,Onion,33.0
Karnataka,MYSORE,2014,Other  Rabi pulses,2764.0
Karnataka,MYSORE,2014,Potato,478.0
Karnataka,MYSORE,2014,Ragi,22361.0
Karnataka,MYSORE,2014,Urad,322.0
Karnataka,MYSORE,2014,Cowpea(Lobia),77.0
Karnataka,MYSORE,2014,Dry chillies,520.0
Karnataka,MYSORE,2014,Maize,776.0
Karnataka,MYSORE,2014,Potato,14.0
Karnataka,MYSORE,2014,Ragi,676.0
Karnataka,MYSORE,2014,Rice,30349.0
Karnataka,MYSORE,2014,Arecanut,16525.0
Karnataka,MYSORE,2014,Black pepper,305.0
Karnataka,MYSORE,2014,Cardamom,
Karnataka,MYSORE,2014,Cashewnut,29.0
Karnataka,MYSORE,2014,Coconut ,197674.0
Karnataka,MYSORE,2014,Coriander,3.0
Karnataka,MYSORE,2014,Dry ginger,110622.0
Karnataka,MYSORE,2014,Garlic,111.0
Karnataka,MYSORE,2014,Mesta,54.0
Karnataka,MYSORE,2014,Sugarcane,374285.0
Karnataka,MYSORE,2014,Sweet potato,475.0
Karnataka,MYSORE,2014,Tapioca,27.0
Karnataka,MYSORE,2014,Tobacco,44721.0
Karnataka,MYSORE,2014,Turmeric,23234.0
Karnataka,RAICHUR,1997,Arhar/Tur,3156.0
Karnataka,RAICHUR,1997,Bajra,26777.0
Karnataka,RAICHUR,1997,Dry chillies,2491.0
Karnataka,RAICHUR,1997,Groundnut,22818.0
Karnataka,RAICHUR,1997,Horse-gram,4001.0
Karnataka,RAICHUR,1997,Jowar,25101.0
Karnataka,RAICHUR,1997,Maize,34724.0
Karnataka,RAICHUR,1997,Paddy,431073.0
Karnataka,RAICHUR,1997,Rice,287526.0
Karnataka,RAICHUR,1997,Dry chillies,453.0
Karnataka,RAICHUR,1997,Groundnut,20511.0
Karnataka,RAICHUR,1997,Horse-gram,1601.0
Karnataka,RAICHUR,1997,Jowar,94518.0
Karnataka,RAICHUR,1997,Maize,658.0
Karnataka,RAICHUR,1997,Wheat,3725.0
Karnataka,RAICHUR,1997,Jowar,6656.0
Karnataka,RAICHUR,1997,Maize,734.0
Karnataka,RAICHUR,1997,Paddy,285001.0
Karnataka,RAICHUR,1997,Rice,190102.0
Karnataka,RAICHUR,1997,Coriander,7.0
Karnataka,RAICHUR,1997,Sugarcane,122641.0
Karnataka,RAICHUR,1998,Arhar/Tur,3429.0
Karnataka,RAICHUR,1998,Bajra,42536.0
Karnataka,RAICHUR,1998,Castor seed,493.0
Karnataka,RAICHUR,1998,Cotton(lint),58421.0
Karnataka,RAICHUR,1998,Dry ginger,13.0
Karnataka,RAICHUR,1998,Groundnut,14179.0
Karnataka,RAICHUR,1998,Horse-gram,597.0
Karnataka,RAICHUR,1998,Jowar,1943.0
Karnataka,RAICHUR,1998,Maize,741.0
Karnataka,RAICHUR,1998,Moong(Green Gram),2031.0
Karnataka,RAICHUR,1998,Niger seed,1.0
Karnataka,RAICHUR,1998,Onion,1141.0
Karnataka,RAICHUR,1998,Rice,225260.0
Karnataka,RAICHUR,1998,Sesamum,1142.0
Karnataka,RAICHUR,1998,Sunflower,10824.0
Karnataka,RAICHUR,1998,Gram,10077.0
Karnataka,RAICHUR,1998,Groundnut,14836.0
Karnataka,RAICHUR,1998,Horse-gram,326.0
Karnataka,RAICHUR,1998,Jowar,125732.0
Karnataka,RAICHUR,1998,Linseed,128.0
Karnataka,RAICHUR,1998,Onion,777.0
Karnataka,RAICHUR,1998,Safflower,5151.0
Karnataka,RAICHUR,1998,Sunflower,13614.0
Karnataka,RAICHUR,1998,Wheat,1772.0
Karnataka,RAICHUR,1998,Jowar,2912.0
Karnataka,RAICHUR,1998,Maize,75.0
Karnataka,RAICHUR,1998,Onion,669.0
Karnataka,RAICHUR,1998,Rice,170193.0
Karnataka,RAICHUR,1998,Sunflower,5359.0
Karnataka,RAICHUR,1998,Coconut ,429.0
Karnataka,RAICHUR,1998,Dry chillies,1081.0
Karnataka,RAICHUR,1998,Turmeric,56.0
Karnataka,RAICHUR,1999,Arhar/Tur,2499.0
Karnataka,RAICHUR,1999,Bajra,21834.0
Karnataka,RAICHUR,1999,Castor seed,977.0
Karnataka,RAICHUR,1999,Cotton(lint),35606.0
Karnataka,RAICHUR,1999,Dry ginger,13.0
Karnataka,RAICHUR,1999,Groundnut,14921.0
Karnataka,RAICHUR,1999,Horse-gram,421.0
Karnataka,RAICHUR,1999,Jowar,4231.0
Karnataka,RAICHUR,1999,Maize,420.0
Karnataka,RAICHUR,1999,Moong(Green Gram),1243.0
Karnataka,RAICHUR,1999,Niger seed,5.0
Karnataka,RAICHUR,1999,Other Kharif pulses,54.0
Karnataka,RAICHUR,1999,Rice,278618.0
Karnataka,RAICHUR,1999,Sesamum,1502.0
Karnataka,RAICHUR,1999,Small millets,518.0
Karnataka,RAICHUR,1999,Soyabean,3.0
Karnataka,RAICHUR,1999,Sunflower,5874.0
Karnataka,RAICHUR,1999,Gram,7262.0
Karnataka,RAICHUR,1999,Groundnut,10547.0
Karnataka,RAICHUR,1999,Horse-gram,642.0
Karnataka,RAICHUR,1999,Jowar,165312.0
Karnataka,RAICHUR,1999,Linseed,86.0
Karnataka,RAICHUR,1999,Safflower,6012.0
Karnataka,RAICHUR,1999,Sunflower,14651.0
Karnataka,RAICHUR,1999,Wheat,1473.0
Karnataka,RAICHUR,1999,Jowar,4787.0
Karnataka,RAICHUR,1999,Maize,20.0
Karnataka,RAICHUR,1999,Rice,180417.0
Karnataka,RAICHUR,1999,Sunflower,3234.0
Karnataka,RAICHUR,1999,Banana,469.0
Karnataka,RAICHUR,1999,Coconut ,849.0
Karnataka,RAICHUR,1999,Dry chillies,3331.0
Karnataka,RAICHUR,1999,Onion,8583.0
Karnataka,RAICHUR,1999,Sugarcane,8862.0
Karnataka,RAICHUR,1999,Sweet potato,59.0
Karnataka,RAICHUR,1999,Tobacco,479.0
Karnataka,RAICHUR,2000,Arhar/Tur,2920.0
Karnataka,RAICHUR,2000,Bajra,44190.0
Karnataka,RAICHUR,2000,Castor seed,4098.0
Karnataka,RAICHUR,2000,Cotton(lint),43909.0
Karnataka,RAICHUR,2000,Dry ginger,79.0
Karnataka,RAICHUR,2000,Groundnut,20610.0
Karnataka,RAICHUR,2000,Horse-gram,449.0
Karnataka,RAICHUR,2000,Jowar,3746.0
Karnataka,RAICHUR,2000,Maize,622.0
Karnataka,RAICHUR,2000,Moong(Green Gram),3466.0
Karnataka,RAICHUR,2000,Niger seed,9.0
Karnataka,RAICHUR,2000,Other Kharif pulses,137.0
Karnataka,RAICHUR,2000,Rice,294349.0
Karnataka,RAICHUR,2000,Sesamum,4140.0
Karnataka,RAICHUR,2000,Small millets,519.0
Karnataka,RAICHUR,2000,Sunflower,14760.0
Karnataka,RAICHUR,2000,Urad,12.0
Karnataka,RAICHUR,2000,Gram,11094.0
Karnataka,RAICHUR,2000,Groundnut,21342.0
Karnataka,RAICHUR,2000,Horse-gram,1241.0
Karnataka,RAICHUR,2000,Jowar,140604.0
Karnataka,RAICHUR,2000,Linseed,19.0
Karnataka,RAICHUR,2000,Other  Rabi pulses,9.0
Karnataka,RAICHUR,2000,Safflower,10176.0
Karnataka,RAICHUR,2000,Sunflower,17023.0
Karnataka,RAICHUR,2000,Wheat,2045.0
Karnataka,RAICHUR,2000,Jowar,1985.0
Karnataka,RAICHUR,2000,Rice,151023.0
Karnataka,RAICHUR,2000,Sunflower,5376.0
Karnataka,RAICHUR,2000,Banana,423.0
Karnataka,RAICHUR,2000,Coconut ,529.0
Karnataka,RAICHUR,2000,Coriander,4.0
Karnataka,RAICHUR,2000,Dry chillies,1350.0
Karnataka,RAICHUR,2000,Onion,8402.0
Karnataka,RAICHUR,2000,Sugarcane,5233.0
Karnataka,RAICHUR,2000,Sweet potato,74.0
Karnataka,RAICHUR,2001,Arhar/Tur,2581.0
Karnataka,RAICHUR,2001,Bajra,12900.0
Karnataka,RAICHUR,2001,Castor seed,405.0
Karnataka,RAICHUR,2001,Cotton(lint),41939.0
Karnataka,RAICHUR,2001,Dry ginger,118.0
Karnataka,RAICHUR,2001,Groundnut,28282.0
Karnataka,RAICHUR,2001,Horse-gram,1293.0
Karnataka,RAICHUR,2001,Jowar,1004.0
Karnataka,RAICHUR,2001,Maize,368.0
Karnataka,RAICHUR,2001,Moong(Green Gram),983.0
Karnataka,RAICHUR,2001,Niger seed,2.0
Karnataka,RAICHUR,2001,Other Kharif pulses,31.0
Karnataka,RAICHUR,2001,Rice,245184.0
Karnataka,RAICHUR,2001,Sesamum,267.0
Karnataka,RAICHUR,2001,Small millets,395.0
Karnataka,RAICHUR,2001,Sunflower,4829.0
Karnataka,RAICHUR,2001,Urad,16.0
Karnataka,RAICHUR,2001,Gram,18760.0
Karnataka,RAICHUR,2001,Horse-gram,437.0
Karnataka,RAICHUR,2001,Jowar,114503.0
Karnataka,RAICHUR,2001,Linseed,52.0
Karnataka,RAICHUR,2001,Other  Rabi pulses,2.0
Karnataka,RAICHUR,2001,Rapeseed &Mustard,8.0
Karnataka,RAICHUR,2001,Safflower,12376.0
Karnataka,RAICHUR,2001,Sunflower,23715.0
Karnataka,RAICHUR,2001,Wheat,1231.0
Karnataka,RAICHUR,2001,Jowar,1829.0
Karnataka,RAICHUR,2001,Rice,108088.0
Karnataka,RAICHUR,2001,Sunflower,12801.0
Karnataka,RAICHUR,2001,Coconut ,992.0
Karnataka,RAICHUR,2001,Coriander,48.0
Karnataka,RAICHUR,2001,Dry chillies,1294.0
Karnataka,RAICHUR,2001,Onion,11068.0
Karnataka,RAICHUR,2001,Peas & beans (Pulses),338.0
Karnataka,RAICHUR,2001,Sugarcane,3311.0
Karnataka,RAICHUR,2001,Turmeric,119.0
Karnataka,RAICHUR,2002,Arhar/Tur,3403.0
Karnataka,RAICHUR,2002,Bajra,18369.0
Karnataka,RAICHUR,2002,Castor seed,140.0
Karnataka,RAICHUR,2002,Cotton(lint),21270.0
Karnataka,RAICHUR,2002,Groundnut,10245.0
Karnataka,RAICHUR,2002,Horse-gram,722.0
Karnataka,RAICHUR,2002,Jowar,1914.0
Karnataka,RAICHUR,2002,Maize,155.0
Karnataka,RAICHUR,2002,Moong(Green Gram),460.0
Karnataka,RAICHUR,2002,Niger seed,10.0
Karnataka,RAICHUR,2002,Other Kharif pulses,81.0
Karnataka,RAICHUR,2002,Rice,271989.0
Karnataka,RAICHUR,2002,Sesamum,3264.0
Karnataka,RAICHUR,2002,Small millets,179.0
Karnataka,RAICHUR,2002,Sunflower,13923.0
Karnataka,RAICHUR,2002,Urad,2.0
Karnataka,RAICHUR,2002,Gram,13094.0
Karnataka,RAICHUR,2002,Groundnut,18940.0
Karnataka,RAICHUR,2002,Horse-gram,359.0
Karnataka,RAICHUR,2002,Jowar,109308.0
Karnataka,RAICHUR,2002,Linseed,117.0
Karnataka,RAICHUR,2002,Moong(Green Gram),29.0
Karnataka,RAICHUR,2002,Other  Rabi pulses,7.0
Karnataka,RAICHUR,2002,Rapeseed &Mustard,89.0
Karnataka,RAICHUR,2002,Safflower,5487.0
Karnataka,RAICHUR,2002,Sunflower,30990.0
Karnataka,RAICHUR,2002,Urad,95.0
Karnataka,RAICHUR,2002,Wheat,978.0
Karnataka,RAICHUR,2002,Jowar,1082.0
Karnataka,RAICHUR,2002,Maize,54.0
Karnataka,RAICHUR,2002,Rice,13383.0
Karnataka,RAICHUR,2002,Sunflower,2870.0
Karnataka,RAICHUR,2002,Banana,616.0
Karnataka,RAICHUR,2002,Brinjal,1194.0
Karnataka,RAICHUR,2002,Citrus Fruit,6247.0
Karnataka,RAICHUR,2002,Coconut ,2494.0
Karnataka,RAICHUR,2002,Coriander,18.0
Karnataka,RAICHUR,2002,Dry chillies,1839.0
Karnataka,RAICHUR,2002,Grapes,89.0
Karnataka,RAICHUR,2002,Mango,896.0
Karnataka,RAICHUR,2002,Onion,11856.0
Karnataka,RAICHUR,2002,Other Fresh Fruits,364.0
Karnataka,RAICHUR,2002,Papaya,74.0
Karnataka,RAICHUR,2002,Pome Fruit,275.0
Karnataka,RAICHUR,2002,Sugarcane,12006.0
Karnataka,RAICHUR,2002,Tobacco,6.0
Karnataka,RAICHUR,2002,Tomato,2363.0
Karnataka,RAICHUR,2002,Turmeric,91.0
Karnataka,RAICHUR,2003,Arhar/Tur,3719.0
Karnataka,RAICHUR,2003,Bajra,29978.0
Karnataka,RAICHUR,2003,Castor seed,437.0
Karnataka,RAICHUR,2003,Cotton(lint),30941.0
Karnataka,RAICHUR,2003,Groundnut,10247.0
Karnataka,RAICHUR,2003,Horse-gram,144.0
Karnataka,RAICHUR,2003,Jowar,1448.0
Karnataka,RAICHUR,2003,Maize,1268.0
Karnataka,RAICHUR,2003,Moong(Green Gram),866.0
Karnataka,RAICHUR,2003,Niger seed,7.0
Karnataka,RAICHUR,2003,Other Kharif pulses,46.0
Karnataka,RAICHUR,2003,Rice,172865.0
Karnataka,RAICHUR,2003,Sesamum,710.0
Karnataka,RAICHUR,2003,Small millets,355.0
Karnataka,RAICHUR,2003,Sunflower,27419.0
Karnataka,RAICHUR,2003,Gram,14265.0
Karnataka,RAICHUR,2003,Groundnut,14385.0
Karnataka,RAICHUR,2003,Horse-gram,195.0
Karnataka,RAICHUR,2003,Jowar,98682.0
Karnataka,RAICHUR,2003,Linseed,12.0
Karnataka,RAICHUR,2003,Maize,67.0
Karnataka,RAICHUR,2003,Moong(Green Gram),2.0
Karnataka,RAICHUR,2003,Other  Rabi pulses,0.0
Karnataka,RAICHUR,2003,Rapeseed &Mustard,9.0
Karnataka,RAICHUR,2003,Rice,20920.0
Karnataka,RAICHUR,2003,Safflower,4509.0
Karnataka,RAICHUR,2003,Sunflower,26556.0
Karnataka,RAICHUR,2003,Wheat,587.0
Karnataka,RAICHUR,2003,Bajra,13.0
Karnataka,RAICHUR,2003,Jowar,2429.0
Karnataka,RAICHUR,2003,Maize,133.0
Karnataka,RAICHUR,2003,Rice,18738.0
Karnataka,RAICHUR,2003,Sunflower,1446.0
Karnataka,RAICHUR,2003,Banana,325.0
Karnataka,RAICHUR,2003,Brinjal,540.0
Karnataka,RAICHUR,2003,Citrus Fruit,4349.0
Karnataka,RAICHUR,2003,Coconut ,2365.0
Karnataka,RAICHUR,2003,Coriander,3.0
Karnataka,RAICHUR,2003,Dry chillies,1229.0
Karnataka,RAICHUR,2003,Mango,2018.0
Karnataka,RAICHUR,2003,Onion,4531.0
Karnataka,RAICHUR,2003,Other Fresh Fruits,130.0
Karnataka,RAICHUR,2003,Sugarcane,459.0
Karnataka,RAICHUR,2003,Tobacco,36.0
Karnataka,RAICHUR,2003,Tomato,2444.0
Karnataka,RAICHUR,2003,Turmeric,20.0
Karnataka,RAICHUR,2004,Arhar/Tur,8569.0
Karnataka,RAICHUR,2004,Bajra,32237.0
Karnataka,RAICHUR,2004,Castor seed,1386.0
Karnataka,RAICHUR,2004,Cotton(lint),32681.0
Karnataka,RAICHUR,2004,Groundnut,10880.0
Karnataka,RAICHUR,2004,Horse-gram,342.0
Karnataka,RAICHUR,2004,Jowar,746.0
Karnataka,RAICHUR,2004,Maize,1311.0
Karnataka,RAICHUR,2004,Moong(Green Gram),1802.0
Karnataka,RAICHUR,2004,Niger seed,3.0
Karnataka,RAICHUR,2004,Other Kharif pulses,80.0
Karnataka,RAICHUR,2004,Rice,240662.61
Karnataka,RAICHUR,2004,Sesamum,692.0
Karnataka,RAICHUR,2004,Small millets,178.0
Karnataka,RAICHUR,2004,Sunflower,21923.0
Karnataka,RAICHUR,2004,Urad,6.0
Karnataka,RAICHUR,2004,Gram,8823.0
Karnataka,RAICHUR,2004,Groundnut,18076.0
Karnataka,RAICHUR,2004,Horse-gram,315.0
Karnataka,RAICHUR,2004,Jowar,80001.0
Karnataka,RAICHUR,2004,Linseed,34.0
Karnataka,RAICHUR,2004,Moong(Green Gram),2.0
Karnataka,RAICHUR,2004,Other  Rabi pulses,13.0
Karnataka,RAICHUR,2004,Rapeseed &Mustard,62.0
Karnataka,RAICHUR,2004,Rice,1872.0
Karnataka,RAICHUR,2004,Safflower,2037.0
Karnataka,RAICHUR,2004,Sunflower,25308.0
Karnataka,RAICHUR,2004,Urad,2.0
Karnataka,RAICHUR,2004,Wheat,756.0
Karnataka,RAICHUR,2004,Bajra,621.0
Karnataka,RAICHUR,2004,Jowar,5895.0
Karnataka,RAICHUR,2004,Maize,147.0
Karnataka,RAICHUR,2004,Rice,53376.0
Karnataka,RAICHUR,2004,Sunflower,3616.0
Karnataka,RAICHUR,2004,Banana,276.0
Karnataka,RAICHUR,2004,Coconut ,21242.97
Karnataka,RAICHUR,2004,Coriander,3.0
Karnataka,RAICHUR,2004,Dry chillies,1641.0
Karnataka,RAICHUR,2004,Onion,12466.0
Karnataka,RAICHUR,2004,Tobacco,61.0
Karnataka,RAICHUR,2004,Turmeric,14.0
Karnataka,RAICHUR,2005,Arhar/Tur,9387.0
Karnataka,RAICHUR,2005,Bajra,69299.0
Karnataka,RAICHUR,2005,Castor seed,550.0
Karnataka,RAICHUR,2005,Dry chillies,678.0
Karnataka,RAICHUR,2005,Groundnut,16726.0
Karnataka,RAICHUR,2005,Horse-gram,528.0
Karnataka,RAICHUR,2005,Jowar,1432.0
Karnataka,RAICHUR,2005,Maize,1285.0
Karnataka,RAICHUR,2005,Moong(Green Gram),787.0
Karnataka,RAICHUR,2005,Niger seed,1.0
Karnataka,RAICHUR,2005,Onion,22135.0
Karnataka,RAICHUR,2005,Other Kharif pulses,104.0
Karnataka,RAICHUR,2005,Rice,273862.0
Karnataka,RAICHUR,2005,Sesamum,1832.0
Karnataka,RAICHUR,2005,Small millets,106.0
Karnataka,RAICHUR,2005,Sunflower,42968.0
Karnataka,RAICHUR,2005,Urad,
Karnataka,RAICHUR,2005,Dry chillies,18.0
Karnataka,RAICHUR,2005,Gram,12447.0
Karnataka,RAICHUR,2005,Groundnut,17976.0
Karnataka,RAICHUR,2005,Horse-gram,277.0
Karnataka,RAICHUR,2005,Jowar,102423.0
Karnataka,RAICHUR,2005,Linseed,37.0
Karnataka,RAICHUR,2005,Moong(Green Gram),1.0
Karnataka,RAICHUR,2005,Onion,466.0
Karnataka,RAICHUR,2005,Other  Rabi pulses,17.0
Karnataka,RAICHUR,2005,Safflower,6705.0
Karnataka,RAICHUR,2005,Sunflower,47485.0
Karnataka,RAICHUR,2005,Wheat,1041.0
Karnataka,RAICHUR,2005,Bajra,5.0
Karnataka,RAICHUR,2005,Dry chillies,259.0
Karnataka,RAICHUR,2005,Jowar,3076.0
Karnataka,RAICHUR,2005,Maize,1063.0
Karnataka,RAICHUR,2005,Onion,5540.0
Karnataka,RAICHUR,2005,Rice,155308.0
Karnataka,RAICHUR,2005,Sunflower,4310.0
Karnataka,RAICHUR,2005,Banana,95.0
Karnataka,RAICHUR,2005,Coconut ,658.0
Karnataka,RAICHUR,2005,Coriander,1.0
Karnataka,RAICHUR,2005,Cotton(lint),31534.0
Karnataka,RAICHUR,2005,Sannhamp,21.0
Karnataka,RAICHUR,2005,Sugarcane,265.0
Karnataka,RAICHUR,2005,Tobacco,127.0
Karnataka,RAICHUR,2005,Turmeric,192.0
Karnataka,RAICHUR,2006,Arhar/Tur,4688.0
Karnataka,RAICHUR,2006,Bajra,17692.0
Karnataka,RAICHUR,2006,Castor seed,209.0
Karnataka,RAICHUR,2006,Gram,3.0
Karnataka,RAICHUR,2006,Groundnut,5747.0
Karnataka,RAICHUR,2006,Horse-gram,154.0
Karnataka,RAICHUR,2006,Jowar,1162.0
Karnataka,RAICHUR,2006,Maize,2278.0
Karnataka,RAICHUR,2006,Moong(Green Gram),184.0
Karnataka,RAICHUR,2006,Niger seed,9.0
Karnataka,RAICHUR,2006,Other Kharif pulses,273.0
Karnataka,RAICHUR,2006,Rapeseed &Mustard,11.0
Karnataka,RAICHUR,2006,Rice,285068.0
Karnataka,RAICHUR,2006,Sesamum,809.0
Karnataka,RAICHUR,2006,Small millets,53.0
Karnataka,RAICHUR,2006,Sunflower,15997.0
Karnataka,RAICHUR,2006,Urad,3.0
Karnataka,RAICHUR,2006,Gram,31152.0
Karnataka,RAICHUR,2006,Groundnut,23420.0
Karnataka,RAICHUR,2006,Horse-gram,565.0
Karnataka,RAICHUR,2006,Jowar,88504.0
Karnataka,RAICHUR,2006,Linseed,26.0
Karnataka,RAICHUR,2006,Maize,126.0
Karnataka,RAICHUR,2006,Moong(Green Gram),14.0
Karnataka,RAICHUR,2006,Other  Rabi pulses,21.0
Karnataka,RAICHUR,2006,Safflower,5486.0
Karnataka,RAICHUR,2006,Sunflower,30489.0
Karnataka,RAICHUR,2006,Urad,48.0
Karnataka,RAICHUR,2006,Wheat,2214.0
Karnataka,RAICHUR,2006,Bajra,30.0
Karnataka,RAICHUR,2006,Jowar,1983.0
Karnataka,RAICHUR,2006,Maize,452.0
Karnataka,RAICHUR,2006,Rice,130306.0
Karnataka,RAICHUR,2006,Sunflower,9058.0
Karnataka,RAICHUR,2006,Banana,160.0
Karnataka,RAICHUR,2006,Coconut ,753.0
Karnataka,RAICHUR,2006,Cotton(lint),24291.0
Karnataka,RAICHUR,2006,Dry chillies,1788.0
Karnataka,RAICHUR,2006,Onion,23100.0
Karnataka,RAICHUR,2006,Sugarcane,1311.0
Karnataka,RAICHUR,2006,Tobacco,410.0
Karnataka,RAICHUR,2006,Turmeric,419.0
Karnataka,RAICHUR,2007,Arhar/Tur,6245.0
Karnataka,RAICHUR,2007,Bajra,43211.0
Karnataka,RAICHUR,2007,Castor seed,287.0
Karnataka,RAICHUR,2007,Dry chillies,1761.0
Karnataka,RAICHUR,2007,Groundnut,9497.0
Karnataka,RAICHUR,2007,Horse-gram,628.0
Karnataka,RAICHUR,2007,Jowar,2602.0
Karnataka,RAICHUR,2007,Maize,1188.0
Karnataka,RAICHUR,2007,Moong(Green Gram),962.0
Karnataka,RAICHUR,2007,Onion,17156.0
Karnataka,RAICHUR,2007,Other Kharif pulses,322.0
Karnataka,RAICHUR,2007,Rice,286365.0
Karnataka,RAICHUR,2007,Sesamum,1446.0
Karnataka,RAICHUR,2007,Small millets,24.0
Karnataka,RAICHUR,2007,Sunflower,45008.0
Karnataka,RAICHUR,2007,Urad,13.0
Karnataka,RAICHUR,2007,Dry chillies,26.0
Karnataka,RAICHUR,2007,Gram,35870.0
Karnataka,RAICHUR,2007,Groundnut,28193.0
Karnataka,RAICHUR,2007,Horse-gram,367.0
Karnataka,RAICHUR,2007,Jowar,149896.0
Karnataka,RAICHUR,2007,Linseed,94.0
Karnataka,RAICHUR,2007,Maize,1312.0
Karnataka,RAICHUR,2007,Moong(Green Gram),11.0
Karnataka,RAICHUR,2007,Onion,168.0
Karnataka,RAICHUR,2007,Other  Rabi pulses,18.0
Karnataka,RAICHUR,2007,Safflower,5491.0
Karnataka,RAICHUR,2007,Sunflower,40141.0
Karnataka,RAICHUR,2007,Wheat,1908.0
Karnataka,RAICHUR,2007,Bajra,8.0
Karnataka,RAICHUR,2007,Dry chillies,34.0
Karnataka,RAICHUR,2007,Jowar,3256.0
Karnataka,RAICHUR,2007,Maize,623.0
Karnataka,RAICHUR,2007,Onion,819.0
Karnataka,RAICHUR,2007,Rice,175509.0
Karnataka,RAICHUR,2007,Sunflower,6246.0
Karnataka,RAICHUR,2007,Banana,1645.0
Karnataka,RAICHUR,2007,Coconut ,2184.0
Karnataka,RAICHUR,2007,Cotton(lint),51779.0
Karnataka,RAICHUR,2007,Sannhamp,3.0
Karnataka,RAICHUR,2007,Sugarcane,6849.0
Karnataka,RAICHUR,2007,Tobacco,273.0
Karnataka,RAICHUR,2008,Arhar/Tur,3432.0
Karnataka,RAICHUR,2008,Bajra,36280.0
Karnataka,RAICHUR,2008,Castor seed,376.0
Karnataka,RAICHUR,2008,Dry chillies,2480.0
Karnataka,RAICHUR,2008,Groundnut,7451.0
Karnataka,RAICHUR,2008,Horse-gram,355.0
Karnataka,RAICHUR,2008,Jowar,343.0
Karnataka,RAICHUR,2008,Maize,1103.0
Karnataka,RAICHUR,2008,Moong(Green Gram),9.0
Karnataka,RAICHUR,2008,Niger seed,4.0
Karnataka,RAICHUR,2008,Onion,16574.0
Karnataka,RAICHUR,2008,Other Kharif pulses,234.0
Karnataka,RAICHUR,2008,Rice,334587.9
Karnataka,RAICHUR,2008,Sesamum,815.0
Karnataka,RAICHUR,2008,Sunflower,30631.0
Karnataka,RAICHUR,2008,Urad,3.0
Karnataka,RAICHUR,2008,Dry chillies,10.0
Karnataka,RAICHUR,2008,Gram,27376.0
Karnataka,RAICHUR,2008,Groundnut,22285.0
Karnataka,RAICHUR,2008,Horse-gram,261.0
Karnataka,RAICHUR,2008,Jowar,125493.0
Karnataka,RAICHUR,2008,Linseed,17.0
Karnataka,RAICHUR,2008,Maize,366.0
Karnataka,RAICHUR,2008,Onion,93.0
Karnataka,RAICHUR,2008,Other  Rabi pulses,33.0
Karnataka,RAICHUR,2008,Safflower,2900.0
Karnataka,RAICHUR,2008,Sunflower,27868.0
Karnataka,RAICHUR,2008,Wheat,802.0
Karnataka,RAICHUR,2008,Bajra,7.0
Karnataka,RAICHUR,2008,Dry chillies,33.0
Karnataka,RAICHUR,2008,Jowar,831.0
Karnataka,RAICHUR,2008,Maize,623.0
Karnataka,RAICHUR,2008,Onion,2212.0
Karnataka,RAICHUR,2008,Rice,188205.0
Karnataka,RAICHUR,2008,Sunflower,2092.0
Karnataka,RAICHUR,2008,Banana,1025.0
Karnataka,RAICHUR,2008,Coconut ,1569.0
Karnataka,RAICHUR,2008,Cotton(lint),73442.0
Karnataka,RAICHUR,2008,Sannhamp,3.0
Karnataka,RAICHUR,2008,Tobacco,469.0
Karnataka,RAICHUR,2008,Turmeric,6.0
Karnataka,RAICHUR,2009,Arhar/Tur,3626.0
Karnataka,RAICHUR,2009,Bajra,24202.0
Karnataka,RAICHUR,2009,Castor seed,249.0
Karnataka,RAICHUR,2009,Gram,187.0
Karnataka,RAICHUR,2009,Groundnut,3879.0
Karnataka,RAICHUR,2009,Horse-gram,187.0
Karnataka,RAICHUR,2009,Jowar,432.0
Karnataka,RAICHUR,2009,Maize,662.0
Karnataka,RAICHUR,2009,Moong(Green Gram),54.0
Karnataka,RAICHUR,2009,Onion,8274.0
Karnataka,RAICHUR,2009,Other Kharif pulses,96.0
Karnataka,RAICHUR,2009,Rice,252315.06
Karnataka,RAICHUR,2009,Sesamum,335.0
Karnataka,RAICHUR,2009,Small millets,4.0
Karnataka,RAICHUR,2009,Sunflower,14681.0
Karnataka,RAICHUR,2009,Urad,3.0
Karnataka,RAICHUR,2009,Dry chillies,203.0
Karnataka,RAICHUR,2009,Gram,202.0
Karnataka,RAICHUR,2009,Groundnut,21869.0
Karnataka,RAICHUR,2009,Horse-gram,202.0
Karnataka,RAICHUR,2009,Jowar,144492.0
Karnataka,RAICHUR,2009,Linseed,61.0
Karnataka,RAICHUR,2009,Maize,287.0
Karnataka,RAICHUR,2009,Onion,59.0
Karnataka,RAICHUR,2009,Other  Rabi pulses,43.0
Karnataka,RAICHUR,2009,Safflower,1909.0
Karnataka,RAICHUR,2009,Sunflower,12404.0
Karnataka,RAICHUR,2009,Urad,18.0
Karnataka,RAICHUR,2009,Wheat,941.0
Karnataka,RAICHUR,2009,Dry chillies,46.0
Karnataka,RAICHUR,2009,Jowar,834.0
Karnataka,RAICHUR,2009,Maize,906.0
Karnataka,RAICHUR,2009,Onion,2225.0
Karnataka,RAICHUR,2009,Rice,240181.0
Karnataka,RAICHUR,2009,Sunflower,2378.0
Karnataka,RAICHUR,2009,Banana,1442.0
Karnataka,RAICHUR,2009,Coconut ,1244.0
Karnataka,RAICHUR,2009,Cotton(lint),53381.0
Karnataka,RAICHUR,2009,Sugarcane,2879.0
Karnataka,RAICHUR,2009,Tobacco,53.0
Karnataka,RAICHUR,2009,Turmeric,257.0
Karnataka,RAICHUR,2010,Arhar/Tur,20986.0
Karnataka,RAICHUR,2010,Bajra,47919.0
Karnataka,RAICHUR,2010,Castor seed,510.0
Karnataka,RAICHUR,2010,Cotton(lint),55465.0
Karnataka,RAICHUR,2010,Cowpea(Lobia),97.0
Karnataka,RAICHUR,2010,Dry chillies,2780.0
Karnataka,RAICHUR,2010,Groundnut,6106.0
Karnataka,RAICHUR,2010,Horse-gram,50.0
Karnataka,RAICHUR,2010,Jowar,413.0
Karnataka,RAICHUR,2010,Maize,1029.0
Karnataka,RAICHUR,2010,Moong(Green Gram),2362.0
Karnataka,RAICHUR,2010,Niger seed,8.0
Karnataka,RAICHUR,2010,Onion,11457.0
Karnataka,RAICHUR,2010,Other Kharif pulses,20.0
Karnataka,RAICHUR,2010,Rice,309529.0
Karnataka,RAICHUR,2010,Sesamum,2254.0
Karnataka,RAICHUR,2010,Small millets,7.0
Karnataka,RAICHUR,2010,Sunflower,15180.0
Karnataka,RAICHUR,2010,Urad,15.0
Karnataka,RAICHUR,2010,Cotton(lint),657.0
Karnataka,RAICHUR,2010,Cowpea(Lobia),60.0
Karnataka,RAICHUR,2010,Dry chillies,168.0
Karnataka,RAICHUR,2010,Gram,45180.0
Karnataka,RAICHUR,2010,Groundnut,24766.0
Karnataka,RAICHUR,2010,Horse-gram,338.0
Karnataka,RAICHUR,2010,Jowar,162948.0
Karnataka,RAICHUR,2010,Linseed,75.0
Karnataka,RAICHUR,2010,Maize,999.0
Karnataka,RAICHUR,2010,Onion,103.0
Karnataka,RAICHUR,2010,Safflower,2967.0
Karnataka,RAICHUR,2010,Sunflower,10846.0
Karnataka,RAICHUR,2010,Wheat,2112.0
Karnataka,RAICHUR,2010,Bajra,98.0
Karnataka,RAICHUR,2010,Dry chillies,116.0
Karnataka,RAICHUR,2010,Jowar,1997.0
Karnataka,RAICHUR,2010,Maize,1075.0
Karnataka,RAICHUR,2010,Onion,2670.0
Karnataka,RAICHUR,2010,Rice,212420.0
Karnataka,RAICHUR,2010,Sunflower,1954.0
Karnataka,RAICHUR,2010,Banana,1855.0
Karnataka,RAICHUR,2010,Coconut ,287.0
Karnataka,RAICHUR,2010,Sugarcane,12985.0
Karnataka,RAICHUR,2011,Arhar/Tur,11808.0
Karnataka,RAICHUR,2011,Bajra,40543.0
Karnataka,RAICHUR,2011,Castor seed,194.0
Karnataka,RAICHUR,2011,Cotton(lint),69268.0
Karnataka,RAICHUR,2011,Cowpea(Lobia),96.0
Karnataka,RAICHUR,2011,Dry chillies,3595.0
Karnataka,RAICHUR,2011,Groundnut,5472.0
Karnataka,RAICHUR,2011,Horse-gram,31.0
Karnataka,RAICHUR,2011,Jowar,425.0
Karnataka,RAICHUR,2011,Maize,1074.0
Karnataka,RAICHUR,2011,Moong(Green Gram),485.0
Karnataka,RAICHUR,2011,Niger seed,12.0
Karnataka,RAICHUR,2011,Onion,8317.0
Karnataka,RAICHUR,2011,Other Kharif pulses,25.0
Karnataka,RAICHUR,2011,Rice,346950.0
Karnataka,RAICHUR,2011,Sesamum,850.0
Karnataka,RAICHUR,2011,Small millets,9.0
Karnataka,RAICHUR,2011,Sunflower,12848.0
Karnataka,RAICHUR,2011,Urad,7.0
Karnataka,RAICHUR,2011,Cowpea(Lobia),28.0
Karnataka,RAICHUR,2011,Dry chillies,108.0
Karnataka,RAICHUR,2011,Gram,26348.0
Karnataka,RAICHUR,2011,Groundnut,21661.0
Karnataka,RAICHUR,2011,Horse-gram,74.0
Karnataka,RAICHUR,2011,Jowar,61297.0
Karnataka,RAICHUR,2011,Linseed,164.0
Karnataka,RAICHUR,2011,Maize,642.0
Karnataka,RAICHUR,2011,Onion,3104.0
Karnataka,RAICHUR,2011,Safflower,1911.0
Karnataka,RAICHUR,2011,Sunflower,4563.0
Karnataka,RAICHUR,2011,Urad,14.0
Karnataka,RAICHUR,2011,Wheat,1294.0
Karnataka,RAICHUR,2011,Bajra,744.0
Karnataka,RAICHUR,2011,Jowar,1745.0
Karnataka,RAICHUR,2011,Maize,542.0
Karnataka,RAICHUR,2011,Onion,831.0
Karnataka,RAICHUR,2011,Rice,108244.0
Karnataka,RAICHUR,2011,Sunflower,495.0
Karnataka,RAICHUR,2011,Banana,1774.0
Karnataka,RAICHUR,2011,Coconut ,268.0
Karnataka,RAICHUR,2011,Turmeric,281.0
Karnataka,RAICHUR,2012,Arhar/Tur,12103.0
Karnataka,RAICHUR,2012,Bajra,51281.0
Karnataka,RAICHUR,2012,Castor seed,185.0
Karnataka,RAICHUR,2012,Cotton(lint),174109.0
Karnataka,RAICHUR,2012,Cowpea(Lobia),17.0
Karnataka,RAICHUR,2012,Dry chillies,4895.0
Karnataka,RAICHUR,2012,Groundnut,3831.0
Karnataka,RAICHUR,2012,Horse-gram,28.0
Karnataka,RAICHUR,2012,Jowar,115.0
Karnataka,RAICHUR,2012,Maize,311.0
Karnataka,RAICHUR,2012,Moong(Green Gram),62.0
Karnataka,RAICHUR,2012,Onion,9869.0
Karnataka,RAICHUR,2012,Other Kharif pulses,9.0
Karnataka,RAICHUR,2012,Rice,354865.0
Karnataka,RAICHUR,2012,Sesamum,220.0
Karnataka,RAICHUR,2012,Sunflower,13698.0
Karnataka,RAICHUR,2012,Cotton(lint),235.0
Karnataka,RAICHUR,2012,Dry chillies,142.0
Karnataka,RAICHUR,2012,Gram,103113.0
Karnataka,RAICHUR,2012,Horse-gram,144.0
Karnataka,RAICHUR,2012,Jowar,141813.0
Karnataka,RAICHUR,2012,Linseed,15.0
Karnataka,RAICHUR,2012,Maize,1023.0
Karnataka,RAICHUR,2012,Onion,812.0
Karnataka,RAICHUR,2012,Safflower,596.0
Karnataka,RAICHUR,2012,Sunflower,20418.0
Karnataka,RAICHUR,2012,Wheat,1172.0
Karnataka,RAICHUR,2012,Cowpea(Lobia),28.0
Karnataka,RAICHUR,2012,Dry chillies,71.0
Karnataka,RAICHUR,2012,Groundnut,34629.0
Karnataka,RAICHUR,2012,Jowar,884.0
Karnataka,RAICHUR,2012,Maize,588.0
Karnataka,RAICHUR,2012,Rice,115881.0
Karnataka,RAICHUR,2012,Sunflower,2066.0
Karnataka,RAICHUR,2012,Coconut ,354.0
Karnataka,RAICHUR,2012,Sugarcane,31935.0
Karnataka,RAICHUR,2012,Turmeric,133.0
Karnataka,RAICHUR,2013,Arhar/Tur,16965.0
Karnataka,RAICHUR,2013,Bajra,56876.0
Karnataka,RAICHUR,2013,Castor seed,284.0
Karnataka,RAICHUR,2013,Cotton(lint),165126.0
Karnataka,RAICHUR,2013,Cowpea(Lobia),73.0
Karnataka,RAICHUR,2013,Dry chillies,4676.0
Karnataka,RAICHUR,2013,Groundnut,2888.0
Karnataka,RAICHUR,2013,Horse-gram,34.0
Karnataka,RAICHUR,2013,Jowar,450.0
Karnataka,RAICHUR,2013,Maize,870.0
Karnataka,RAICHUR,2013,Moong(Green Gram),761.0
Karnataka,RAICHUR,2013,Onion,6572.0
Karnataka,RAICHUR,2013,Rice,347511.0
Karnataka,RAICHUR,2013,Sesamum,704.0
Karnataka,RAICHUR,2013,Sunflower,18920.0
Karnataka,RAICHUR,2013,Dry chillies,85.0
Karnataka,RAICHUR,2013,Gram,127170.0
Karnataka,RAICHUR,2013,Horse-gram,194.0
Karnataka,RAICHUR,2013,Jowar,133821.0
Karnataka,RAICHUR,2013,Linseed,21.0
Karnataka,RAICHUR,2013,Maize,315.0
Karnataka,RAICHUR,2013,Onion,984.0
Karnataka,RAICHUR,2013,Safflower,683.0
Karnataka,RAICHUR,2013,Sunflower,16997.0
Karnataka,RAICHUR,2013,Wheat,1047.0
Karnataka,RAICHUR,2013,Dry chillies,58.0
Karnataka,RAICHUR,2013,Groundnut,44231.0
Karnataka,RAICHUR,2013,Maize,107.0
Karnataka,RAICHUR,2013,Onion,345.0
Karnataka,RAICHUR,2013,Rice,225452.0
Karnataka,RAICHUR,2013,Sunflower,644.0
Karnataka,RAICHUR,2013,Coconut ,500.0
Karnataka,RAICHUR,2013,Sugarcane,30808.0
Karnataka,RAICHUR,2013,Turmeric,238.0
Karnataka,RAICHUR,2014,Arhar/Tur,24929.0
Karnataka,RAICHUR,2014,Bajra,33806.0
Karnataka,RAICHUR,2014,Castor seed,285.0
Karnataka,RAICHUR,2014,Cotton(lint),302671.0
Karnataka,RAICHUR,2014,Cowpea(Lobia),75.0
Karnataka,RAICHUR,2014,Dry chillies,7990.0
Karnataka,RAICHUR,2014,Groundnut,1571.0
Karnataka,RAICHUR,2014,Horse-gram,10.0
Karnataka,RAICHUR,2014,Maize,293.0
Karnataka,RAICHUR,2014,Moong(Green Gram),10.0
Karnataka,RAICHUR,2014,Onion,7150.0
Karnataka,RAICHUR,2014,Rice,320982.0
Karnataka,RAICHUR,2014,Sesamum,173.0
Karnataka,RAICHUR,2014,Sunflower,6048.0
Karnataka,RAICHUR,2014,Dry chillies,143.0
Karnataka,RAICHUR,2014,Gram,57474.0
Karnataka,RAICHUR,2014,Horse-gram,215.0
Karnataka,RAICHUR,2014,Jowar,107465.0
Karnataka,RAICHUR,2014,Linseed,44.0
Karnataka,RAICHUR,2014,Maize,399.0
Karnataka,RAICHUR,2014,Onion,908.0
Karnataka,RAICHUR,2014,Safflower,979.0
Karnataka,RAICHUR,2014,Sunflower,8157.0
Karnataka,RAICHUR,2014,Wheat,589.0
Karnataka,RAICHUR,2014,Groundnut,29081.0
Karnataka,RAICHUR,2014,Onion,147.0
Karnataka,RAICHUR,2014,Rice,171894.0
Karnataka,RAICHUR,2014,Sunflower,649.0
Karnataka,RAICHUR,2014,Coconut ,714.0
Karnataka,RAICHUR,2014,Sugarcane,26904.0
Karnataka,RAICHUR,2014,Turmeric,210.0
Karnataka,RAMANAGARA,2007,Arhar/Tur,3115.0
Karnataka,RAMANAGARA,2007,Castor seed,3478.0
Karnataka,RAMANAGARA,2007,Dry chillies,551.0
Karnataka,RAMANAGARA,2007,Groundnut,5750.0
Karnataka,RAMANAGARA,2007,Horse-gram,3208.0
Karnataka,RAMANAGARA,2007,Maize,12220.0
Karnataka,RAMANAGARA,2007,Moong(Green Gram),19.0
Karnataka,RAMANAGARA,2007,Niger seed,383.0
Karnataka,RAMANAGARA,2007,Onion,12.0
Karnataka,RAMANAGARA,2007,Other Kharif pulses,7706.0
Karnataka,RAMANAGARA,2007,Ragi,164366.0
Karnataka,RAMANAGARA,2007,Rapeseed &Mustard,229.0
Karnataka,RAMANAGARA,2007,Rice,15901.0
Karnataka,RAMANAGARA,2007,Sesamum,147.0
Karnataka,RAMANAGARA,2007,Small millets,65.0
Karnataka,RAMANAGARA,2007,Sunflower,33.0
Karnataka,RAMANAGARA,2007,Urad,35.0
Karnataka,RAMANAGARA,2007,Gram,13.0
Karnataka,RAMANAGARA,2007,Groundnut,17.0
Karnataka,RAMANAGARA,2007,Horse-gram,2223.0
Karnataka,RAMANAGARA,2007,Maize,214.0
Karnataka,RAMANAGARA,2007,Other  Rabi pulses,4.0
Karnataka,RAMANAGARA,2007,Ragi,71.0
Karnataka,RAMANAGARA,2007,Maize,471.0
Karnataka,RAMANAGARA,2007,Ragi,359.0
Karnataka,RAMANAGARA,2007,Rice,905.0
Karnataka,RAMANAGARA,2007,Sunflower,1.0
Karnataka,RAMANAGARA,2007,Arecanut,5846.0
Karnataka,RAMANAGARA,2007,Banana,72962.0
Karnataka,RAMANAGARA,2007,Coconut ,70391.0
Karnataka,RAMANAGARA,2007,Dry ginger,82.0
Karnataka,RAMANAGARA,2007,Sugarcane,13338.0
Karnataka,RAMANAGARA,2007,Sweet potato,25.0
Karnataka,RAMANAGARA,2007,Tapioca,15.0
Karnataka,RAMANAGARA,2007,Turmeric,117.0
Karnataka,RAMANAGARA,2008,Arhar/Tur,2407.0
Karnataka,RAMANAGARA,2008,Castor seed,3541.0
Karnataka,RAMANAGARA,2008,Dry chillies,491.0
Karnataka,RAMANAGARA,2008,Groundnut,3903.0
Karnataka,RAMANAGARA,2008,Horse-gram,1970.0
Karnataka,RAMANAGARA,2008,Maize,5374.0
Karnataka,RAMANAGARA,2008,Moong(Green Gram),11.0
Karnataka,RAMANAGARA,2008,Niger seed,416.0
Karnataka,RAMANAGARA,2008,Onion,119.0
Karnataka,RAMANAGARA,2008,Other Kharif pulses,7849.0
Karnataka,RAMANAGARA,2008,Ragi,137659.0
Karnataka,RAMANAGARA,2008,Rice,16531.0
Karnataka,RAMANAGARA,2008,Sesamum,836.0
Karnataka,RAMANAGARA,2008,Sunflower,49.0
Karnataka,RAMANAGARA,2008,Urad,20.0
Karnataka,RAMANAGARA,2008,Dry chillies,42.0
Karnataka,RAMANAGARA,2008,Groundnut,39.0
Karnataka,RAMANAGARA,2008,Horse-gram,1979.0
Karnataka,RAMANAGARA,2008,Maize,315.0
Karnataka,RAMANAGARA,2008,Other  Rabi pulses,17.0
Karnataka,RAMANAGARA,2008,Ragi,23.0
Karnataka,RAMANAGARA,2008,Rapeseed &Mustard,322.0
Karnataka,RAMANAGARA,2008,Dry chillies,23.0
Karnataka,RAMANAGARA,2008,Maize,459.0
Karnataka,RAMANAGARA,2008,Ragi,354.0
Karnataka,RAMANAGARA,2008,Rice,1130.0
Karnataka,RAMANAGARA,2008,Arecanut,13813.0
Karnataka,RAMANAGARA,2008,Banana,136649.0
Karnataka,RAMANAGARA,2008,Cashewnut,12.3
Karnataka,RAMANAGARA,2008,Coconut ,92242.0
Karnataka,RAMANAGARA,2008,Dry ginger,127.0
Karnataka,RAMANAGARA,2008,Sugarcane,86252.0
Karnataka,RAMANAGARA,2008,Sweet potato,101.0
Karnataka,RAMANAGARA,2008,Tapioca,39.0
Karnataka,RAMANAGARA,2008,Turmeric,76.0
Karnataka,RAMANAGARA,2009,Arhar/Tur,2700.0
Karnataka,RAMANAGARA,2009,Castor seed,2056.0
Karnataka,RAMANAGARA,2009,Gram,1758.0
Karnataka,RAMANAGARA,2009,Groundnut,5368.0
Karnataka,RAMANAGARA,2009,Horse-gram,1758.0
Karnataka,RAMANAGARA,2009,Maize,6845.0
Karnataka,RAMANAGARA,2009,Moong(Green Gram),8.0
Karnataka,RAMANAGARA,2009,Niger seed,434.0
Karnataka,RAMANAGARA,2009,Onion,71.0
Karnataka,RAMANAGARA,2009,Other Kharif pulses,7015.0
Karnataka,RAMANAGARA,2009,Ragi,138869.0
Karnataka,RAMANAGARA,2009,Rice,21277.0
Karnataka,RAMANAGARA,2009,Sesamum,1382.0
Karnataka,RAMANAGARA,2009,Small millets,42.0
Karnataka,RAMANAGARA,2009,Sunflower,18.0
Karnataka,RAMANAGARA,2009,Urad,6.0
Karnataka,RAMANAGARA,2009,Dry chillies,54.0
Karnataka,RAMANAGARA,2009,Gram,1821.0
Karnataka,RAMANAGARA,2009,Groundnut,60.0
Karnataka,RAMANAGARA,2009,Horse-gram,1821.0
Karnataka,RAMANAGARA,2009,Maize,224.0
Karnataka,RAMANAGARA,2009,Other  Rabi pulses,9.0
Karnataka,RAMANAGARA,2009,Ragi,59.0
Karnataka,RAMANAGARA,2009,Rapeseed &Mustard,393.0
Karnataka,RAMANAGARA,2009,Maize,717.0
Karnataka,RAMANAGARA,2009,Ragi,522.0
Karnataka,RAMANAGARA,2009,Rice,2738.0
Karnataka,RAMANAGARA,2009,Arecanut,13894.0
Karnataka,RAMANAGARA,2009,Banana,100865.0
Karnataka,RAMANAGARA,2009,Cashewnut,14.0
Karnataka,RAMANAGARA,2009,Coconut ,101875.0
Karnataka,RAMANAGARA,2009,Dry ginger,189.0
Karnataka,RAMANAGARA,2009,Sugarcane,87724.0
Karnataka,RAMANAGARA,2009,Sweet potato,53.0
Karnataka,RAMANAGARA,2009,Tapioca,37.0
Karnataka,RAMANAGARA,2009,Turmeric,438.0
Karnataka,RAMANAGARA,2010,Arhar/Tur,1444.0
Karnataka,RAMANAGARA,2010,Castor seed,2121.0
Karnataka,RAMANAGARA,2010,Cowpea(Lobia),1157.0
Karnataka,RAMANAGARA,2010,Dry chillies,399.0
Karnataka,RAMANAGARA,2010,Groundnut,4521.0
Karnataka,RAMANAGARA,2010,Horse-gram,3319.0
Karnataka,RAMANAGARA,2010,Maize,5367.0
Karnataka,RAMANAGARA,2010,Moong(Green Gram),2.0
Karnataka,RAMANAGARA,2010,Niger seed,291.0
Karnataka,RAMANAGARA,2010,Onion,31.0
Karnataka,RAMANAGARA,2010,Other Kharif pulses,3938.0
Karnataka,RAMANAGARA,2010,Peas & beans (Pulses),435.0
Karnataka,RAMANAGARA,2010,Ragi,165230.0
Karnataka,RAMANAGARA,2010,Rice,19794.0
Karnataka,RAMANAGARA,2010,Sesamum,1816.0
Karnataka,RAMANAGARA,2010,Small millets,2.0
Karnataka,RAMANAGARA,2010,Sunflower,11.0
Karnataka,RAMANAGARA,2010,Urad,3.0
Karnataka,RAMANAGARA,2010,Cowpea(Lobia),6.0
Karnataka,RAMANAGARA,2010,Dry chillies,35.0
Karnataka,RAMANAGARA,2010,Groundnut,83.0
Karnataka,RAMANAGARA,2010,Horse-gram,3711.0
Karnataka,RAMANAGARA,2010,Maize,589.0
Karnataka,RAMANAGARA,2010,Other  Rabi pulses,7.0
Karnataka,RAMANAGARA,2010,Peas & beans (Pulses),43.0
Karnataka,RAMANAGARA,2010,Ragi,139.0
Karnataka,RAMANAGARA,2010,Rapeseed &Mustard,274.0
Karnataka,RAMANAGARA,2010,Maize,1330.0
Karnataka,RAMANAGARA,2010,Peas & beans (Pulses),26.0
Karnataka,RAMANAGARA,2010,Ragi,861.0
Karnataka,RAMANAGARA,2010,Rice,1744.0
Karnataka,RAMANAGARA,2010,Arecanut,25194.0
Karnataka,RAMANAGARA,2010,Banana,64046.0
Karnataka,RAMANAGARA,2010,Cashewnut,1.0
Karnataka,RAMANAGARA,2010,Coconut ,143220.0
Karnataka,RAMANAGARA,2010,Sugarcane,100947.0
Karnataka,RAMANAGARA,2010,Sweet potato,1089.0
Karnataka,RAMANAGARA,2010,Tapioca,99.0
Karnataka,RAMANAGARA,2010,Turmeric,5.0
Karnataka,RAMANAGARA,2011,Arhar/Tur,2531.0
Karnataka,RAMANAGARA,2011,Castor seed,3402.0
Karnataka,RAMANAGARA,2011,Cowpea(Lobia),2585.0
Karnataka,RAMANAGARA,2011,Dry chillies,486.0
Karnataka,RAMANAGARA,2011,Groundnut,4401.0
Karnataka,RAMANAGARA,2011,Horse-gram,3828.0
Karnataka,RAMANAGARA,2011,Maize,6797.0
Karnataka,RAMANAGARA,2011,Moong(Green Gram),5.0
Karnataka,RAMANAGARA,2011,Niger seed,249.0
Karnataka,RAMANAGARA,2011,Onion,148.0
Karnataka,RAMANAGARA,2011,Other Kharif pulses,5342.0
Karnataka,RAMANAGARA,2011,Peas & beans (Pulses),232.0
Karnataka,RAMANAGARA,2011,Ragi,165450.0
Karnataka,RAMANAGARA,2011,Rice,19461.0
Karnataka,RAMANAGARA,2011,Sesamum,2852.0
Karnataka,RAMANAGARA,2011,Small millets,61.0
Karnataka,RAMANAGARA,2011,Sunflower,11.0
Karnataka,RAMANAGARA,2011,Urad,22.0
Karnataka,RAMANAGARA,2011,Cowpea(Lobia),4.0
Karnataka,RAMANAGARA,2011,Groundnut,20.0
Karnataka,RAMANAGARA,2011,Horse-gram,2305.0
Karnataka,RAMANAGARA,2011,Maize,482.0
Karnataka,RAMANAGARA,2011,Other  Rabi pulses,57.0
Karnataka,RAMANAGARA,2011,Peas & beans (Pulses),38.0
Karnataka,RAMANAGARA,2011,Ragi,20.0
Karnataka,RAMANAGARA,2011,Rapeseed &Mustard,146.0
Karnataka,RAMANAGARA,2011,Maize,1019.0
Karnataka,RAMANAGARA,2011,Peas & beans (Pulses),9.0
Karnataka,RAMANAGARA,2011,Ragi,645.0
Karnataka,RAMANAGARA,2011,Rice,802.0
Karnataka,RAMANAGARA,2011,Arecanut,18877.0
Karnataka,RAMANAGARA,2011,Banana,71083.0
Karnataka,RAMANAGARA,2011,Black pepper,0.6
Karnataka,RAMANAGARA,2011,Cashewnut,1.0
Karnataka,RAMANAGARA,2011,Coconut ,168554.0
Karnataka,RAMANAGARA,2011,Coriander,4.0
Karnataka,RAMANAGARA,2011,Dry ginger,28.6
Karnataka,RAMANAGARA,2011,Garlic,2.0
Karnataka,RAMANAGARA,2011,Sugarcane,74066.0
Karnataka,RAMANAGARA,2011,Sweet potato,219.0
Karnataka,RAMANAGARA,2011,Tapioca,53.0
Karnataka,RAMANAGARA,2011,Tobacco,16.0
Karnataka,RAMANAGARA,2011,Turmeric,30.0
Karnataka,RAMANAGARA,2012,Arhar/Tur,2008.0
Karnataka,RAMANAGARA,2012,Bajra,12.0
Karnataka,RAMANAGARA,2012,Castor seed,1447.0
Karnataka,RAMANAGARA,2012,Cowpea(Lobia),724.0
Karnataka,RAMANAGARA,2012,Dry chillies,417.0
Karnataka,RAMANAGARA,2012,Groundnut,2387.0
Karnataka,RAMANAGARA,2012,Horse-gram,2698.0
Karnataka,RAMANAGARA,2012,Maize,10784.0
Karnataka,RAMANAGARA,2012,Moong(Green Gram),12.0
Karnataka,RAMANAGARA,2012,Niger seed,148.0
Karnataka,RAMANAGARA,2012,Onion,53.0
Karnataka,RAMANAGARA,2012,Other Kharif pulses,1765.0
Karnataka,RAMANAGARA,2012,Ragi,127654.0
Karnataka,RAMANAGARA,2012,Rapeseed &Mustard,91.0
Karnataka,RAMANAGARA,2012,Rice,15407.0
Karnataka,RAMANAGARA,2012,Sesamum,23.0
Karnataka,RAMANAGARA,2012,Small millets,37.0
Karnataka,RAMANAGARA,2012,Sunflower,20.0
Karnataka,RAMANAGARA,2012,Urad,12.0
Karnataka,RAMANAGARA,2012,Gram,35.0
Karnataka,RAMANAGARA,2012,Horse-gram,1575.0
Karnataka,RAMANAGARA,2012,Maize,550.0
Karnataka,RAMANAGARA,2012,Other  Rabi pulses,18.0
Karnataka,RAMANAGARA,2012,Ragi,1.0
Karnataka,RAMANAGARA,2012,Groundnut,4.0
Karnataka,RAMANAGARA,2012,Maize,900.0
Karnataka,RAMANAGARA,2012,Ragi,431.0
Karnataka,RAMANAGARA,2012,Rice,849.0
Karnataka,RAMANAGARA,2012,Arecanut,10666.0
Karnataka,RAMANAGARA,2012,Black pepper,54.0
Karnataka,RAMANAGARA,2012,Cashewnut,2.0
Karnataka,RAMANAGARA,2012,Coconut ,162546.0
Karnataka,RAMANAGARA,2012,Coriander,1.0
Karnataka,RAMANAGARA,2012,Dry ginger,223.0
Karnataka,RAMANAGARA,2012,Garlic,3.0
Karnataka,RAMANAGARA,2012,Sugarcane,66256.0
Karnataka,RAMANAGARA,2012,Sweet potato,527.0
Karnataka,RAMANAGARA,2012,Tapioca,21.0
Karnataka,RAMANAGARA,2012,Turmeric,38.0
Karnataka,RAMANAGARA,2013,Arhar/Tur,4654.0
Karnataka,RAMANAGARA,2013,Bajra,80.0
Karnataka,RAMANAGARA,2013,Castor seed,3563.0
Karnataka,RAMANAGARA,2013,Cowpea(Lobia),495.0
Karnataka,RAMANAGARA,2013,Dry chillies,537.0
Karnataka,RAMANAGARA,2013,Groundnut,7342.0
Karnataka,RAMANAGARA,2013,Horse-gram,5996.0
Karnataka,RAMANAGARA,2013,Maize,18323.0
Karnataka,RAMANAGARA,2013,Moong(Green Gram),2.0
Karnataka,RAMANAGARA,2013,Niger seed,213.0
Karnataka,RAMANAGARA,2013,Onion,33.0
Karnataka,RAMANAGARA,2013,Other Kharif pulses,6088.0
Karnataka,RAMANAGARA,2013,Potato,26.0
Karnataka,RAMANAGARA,2013,Ragi,175912.0
Karnataka,RAMANAGARA,2013,Rapeseed &Mustard,136.0
Karnataka,RAMANAGARA,2013,Rice,13931.0
Karnataka,RAMANAGARA,2013,Sesamum,920.0
Karnataka,RAMANAGARA,2013,Small millets,3.0
Karnataka,RAMANAGARA,2013,Sunflower,51.0
Karnataka,RAMANAGARA,2013,Urad,56.0
Karnataka,RAMANAGARA,2013,Dry chillies,2.0
Karnataka,RAMANAGARA,2013,Gram,27.0
Karnataka,RAMANAGARA,2013,Horse-gram,1839.0
Karnataka,RAMANAGARA,2013,Maize,391.0
Karnataka,RAMANAGARA,2013,Other  Rabi pulses,87.0
Karnataka,RAMANAGARA,2013,Ragi,6.0
Karnataka,RAMANAGARA,2013,Groundnut,34.0
Karnataka,RAMANAGARA,2013,Maize,986.0
Karnataka,RAMANAGARA,2013,Ragi,648.0
Karnataka,RAMANAGARA,2013,Rice,799.0
Karnataka,RAMANAGARA,2013,Arecanut,14190.0
Karnataka,RAMANAGARA,2013,Black pepper,25.0
Karnataka,RAMANAGARA,2013,Cashewnut,2.0
Karnataka,RAMANAGARA,2013,Coconut ,108194.0
Karnataka,RAMANAGARA,2013,Dry ginger,55.0
Karnataka,RAMANAGARA,2013,Garlic,1.0
Karnataka,RAMANAGARA,2013,Sugarcane,14697.0
Karnataka,RAMANAGARA,2013,Sweet potato,690.0
Karnataka,RAMANAGARA,2013,Tapioca,35.0
Karnataka,RAMANAGARA,2013,Turmeric,100.0
Karnataka,RAMANAGARA,2014,Arhar/Tur,1564.0
Karnataka,RAMANAGARA,2014,Bajra,3.0
Karnataka,RAMANAGARA,2014,Castor seed,888.0
Karnataka,RAMANAGARA,2014,Cotton(lint),3.0
Karnataka,RAMANAGARA,2014,Cowpea(Lobia),1697.0
Karnataka,RAMANAGARA,2014,Dry chillies,548.0
Karnataka,RAMANAGARA,2014,Groundnut,4332.0
Karnataka,RAMANAGARA,2014,Horse-gram,3182.0
Karnataka,RAMANAGARA,2014,Maize,8262.0
Karnataka,RAMANAGARA,2014,Moong(Green Gram),1.0
Karnataka,RAMANAGARA,2014,Niger seed,152.0
Karnataka,RAMANAGARA,2014,Onion,36.0
Karnataka,RAMANAGARA,2014,Other Kharif pulses,7958.0
Karnataka,RAMANAGARA,2014,Potato,74.0
Karnataka,RAMANAGARA,2014,Ragi,136049.0
Karnataka,RAMANAGARA,2014,Rapeseed &Mustard,102.0
Karnataka,RAMANAGARA,2014,Rice,10759.0
Karnataka,RAMANAGARA,2014,Sesamum,521.0
Karnataka,RAMANAGARA,2014,Small millets,4.0
Karnataka,RAMANAGARA,2014,Sunflower,1.0
Karnataka,RAMANAGARA,2014,Urad,6.0
Karnataka,RAMANAGARA,2014,Dry chillies,4.0
Karnataka,RAMANAGARA,2014,Gram,13.0
Karnataka,RAMANAGARA,2014,Horse-gram,1512.0
Karnataka,RAMANAGARA,2014,Maize,467.0
Karnataka,RAMANAGARA,2014,Other  Rabi pulses,58.0
Karnataka,RAMANAGARA,2014,Ragi,41.0
Karnataka,RAMANAGARA,2014,Rice,5.0
Karnataka,RAMANAGARA,2014,Groundnut,36.0
Karnataka,RAMANAGARA,2014,Maize,1729.0
Karnataka,RAMANAGARA,2014,Ragi,896.0
Karnataka,RAMANAGARA,2014,Rice,1887.0
Karnataka,RAMANAGARA,2014,Arecanut,13435.0
Karnataka,RAMANAGARA,2014,Black pepper,65.0
Karnataka,RAMANAGARA,2014,Cashewnut,1.0
Karnataka,RAMANAGARA,2014,Coconut ,167850.0
Karnataka,RAMANAGARA,2014,Coriander,1.0
Karnataka,RAMANAGARA,2014,Dry ginger,87.0
Karnataka,RAMANAGARA,2014,Garlic,1.0
Karnataka,RAMANAGARA,2014,Sugarcane,67320.0
Karnataka,RAMANAGARA,2014,Sweet potato,305.0
Karnataka,RAMANAGARA,2014,Tapioca,162.0
Karnataka,RAMANAGARA,2014,Turmeric,126.0
Karnataka,SHIMOGA,1997,Arhar/Tur,456.0
Karnataka,SHIMOGA,1997,Black pepper,189.0
Karnataka,SHIMOGA,1997,Dry chillies,3933.0
Karnataka,SHIMOGA,1997,Dry ginger,1840.0
Karnataka,SHIMOGA,1997,Groundnut,7075.0
Karnataka,SHIMOGA,1997,Horse-gram,1459.0
Karnataka,SHIMOGA,1997,Jowar,18271.0
Karnataka,SHIMOGA,1997,Maize,131489.0
Karnataka,SHIMOGA,1997,Paddy,555483.0
Karnataka,SHIMOGA,1997,Ragi,19094.0
Karnataka,SHIMOGA,1997,Rice,370499.0
Karnataka,SHIMOGA,1997,Dry chillies,47.0
Karnataka,SHIMOGA,1997,Groundnut,10639.0
Karnataka,SHIMOGA,1997,Horse-gram,1258.0
Karnataka,SHIMOGA,1997,Jowar,1239.0
Karnataka,SHIMOGA,1997,Maize,4.0
Karnataka,SHIMOGA,1997,Wheat,60.0
Karnataka,SHIMOGA,1997,Jowar,409.0
Karnataka,SHIMOGA,1997,Maize,13.0
Karnataka,SHIMOGA,1997,Paddy,178942.0
Karnataka,SHIMOGA,1997,Ragi,109.0
Karnataka,SHIMOGA,1997,Rice,119344.0
Karnataka,SHIMOGA,1997,Arecanut,40010.0
Karnataka,SHIMOGA,1997,Cardamom,20.0
Karnataka,SHIMOGA,1997,Coriander,8.0
Karnataka,SHIMOGA,1997,Sugarcane,1614753.0
Karnataka,SHIMOGA,1997,Turmeric,38.0
Karnataka,SHIMOGA,1998,Arhar/Tur,236.0
Karnataka,SHIMOGA,1998,Castor seed,141.0
Karnataka,SHIMOGA,1998,Cotton(lint),42405.0
Karnataka,SHIMOGA,1998,Dry ginger,18857.0
Karnataka,SHIMOGA,1998,Groundnut,2791.0
Karnataka,SHIMOGA,1998,Horse-gram,2035.0
Karnataka,SHIMOGA,1998,Jowar,3515.0
Karnataka,SHIMOGA,1998,Maize,32073.0
Karnataka,SHIMOGA,1998,Moong(Green Gram),27.0
Karnataka,SHIMOGA,1998,Niger seed,46.0
Karnataka,SHIMOGA,1998,Peas & beans (Pulses),266.0
Karnataka,SHIMOGA,1998,Ragi,12441.0
Karnataka,SHIMOGA,1998,Rapeseed &Mustard,6.0
Karnataka,SHIMOGA,1998,Rice,315137.0
Karnataka,SHIMOGA,1998,Sesamum,96.0
Karnataka,SHIMOGA,1998,Soyabean,34.0
Karnataka,SHIMOGA,1998,Sunflower,120.0
Karnataka,SHIMOGA,1998,Gram,186.0
Karnataka,SHIMOGA,1998,Groundnut,3689.0
Karnataka,SHIMOGA,1998,Horse-gram,327.0
Karnataka,SHIMOGA,1998,Jowar,69.0
Karnataka,SHIMOGA,1998,Linseed,10.0
Karnataka,SHIMOGA,1998,Maize,2.0
Karnataka,SHIMOGA,1998,Moong(Green Gram),1729.0
Karnataka,SHIMOGA,1998,Sunflower,57.0
Karnataka,SHIMOGA,1998,Wheat,2.0
Karnataka,SHIMOGA,1998,Jowar,146.0
Karnataka,SHIMOGA,1998,Maize,59.0
Karnataka,SHIMOGA,1998,Ragi,108.0
Karnataka,SHIMOGA,1998,Rice,68480.0
Karnataka,SHIMOGA,1998,Sunflower,173.0
Karnataka,SHIMOGA,1998,Arecanut,137087.0
Karnataka,SHIMOGA,1998,Black pepper,2073.0
Karnataka,SHIMOGA,1998,Cardamom,18.0
Karnataka,SHIMOGA,1998,Coconut ,23434.0
Karnataka,SHIMOGA,1998,Dry chillies,1634.0
Karnataka,SHIMOGA,1998,Turmeric,25.0
Karnataka,SHIMOGA,1999,Arhar/Tur,431.0
Karnataka,SHIMOGA,1999,Castor seed,109.0
Karnataka,SHIMOGA,1999,Cotton(lint),27147.0
Karnataka,SHIMOGA,1999,Dry ginger,28654.0
Karnataka,SHIMOGA,1999,Groundnut,1852.0
Karnataka,SHIMOGA,1999,Horse-gram,1465.0
Karnataka,SHIMOGA,1999,Jowar,3201.0
Karnataka,SHIMOGA,1999,Maize,40172.0
Karnataka,SHIMOGA,1999,Moong(Green Gram),44.0
Karnataka,SHIMOGA,1999,Niger seed,71.0
Karnataka,SHIMOGA,1999,Other Kharif pulses,226.0
Karnataka,SHIMOGA,1999,Ragi,9348.0
Karnataka,SHIMOGA,1999,Rice,314020.0
Karnataka,SHIMOGA,1999,Sesamum,118.0
Karnataka,SHIMOGA,1999,Small millets,33.0
Karnataka,SHIMOGA,1999,Soyabean,15.0
Karnataka,SHIMOGA,1999,Sunflower,38.0
Karnataka,SHIMOGA,1999,Urad,36.0
Karnataka,SHIMOGA,1999,Gram,194.0
Karnataka,SHIMOGA,1999,Groundnut,3280.0
Karnataka,SHIMOGA,1999,Horse-gram,224.0
Karnataka,SHIMOGA,1999,Jowar,52.0
Karnataka,SHIMOGA,1999,Linseed,10.0
Karnataka,SHIMOGA,1999,Maize,129.0
Karnataka,SHIMOGA,1999,Moong(Green Gram),1246.0
Karnataka,SHIMOGA,1999,Other  Rabi pulses,153.0
Karnataka,SHIMOGA,1999,Ragi,5.0
Karnataka,SHIMOGA,1999,Rapeseed &Mustard,8.0
Karnataka,SHIMOGA,1999,Sunflower,27.0
Karnataka,SHIMOGA,1999,Urad,255.0
Karnataka,SHIMOGA,1999,Wheat,6.0
Karnataka,SHIMOGA,1999,Jowar,117.0
Karnataka,SHIMOGA,1999,Maize,711.0
Karnataka,SHIMOGA,1999,Ragi,172.0
Karnataka,SHIMOGA,1999,Rice,69311.0
Karnataka,SHIMOGA,1999,Sunflower,82.0
Karnataka,SHIMOGA,1999,Banana,76338.0
Karnataka,SHIMOGA,1999,Black pepper,2036.0
Karnataka,SHIMOGA,1999,Cardamom,21.0
Karnataka,SHIMOGA,1999,Coconut ,23862.0
Karnataka,SHIMOGA,1999,Coriander,1.0
Karnataka,SHIMOGA,1999,Dry chillies,3174.0
Karnataka,SHIMOGA,1999,Onion,70.0
Karnataka,SHIMOGA,1999,Sannhamp,1.0
Karnataka,SHIMOGA,1999,Sugarcane,1342684.0
Karnataka,SHIMOGA,1999,Tapioca,170.0
Karnataka,SHIMOGA,1999,Tobacco,252.0
Karnataka,SHIMOGA,1999,Turmeric,43.0
Karnataka,SHIMOGA,2000,Arhar/Tur,167.0
Karnataka,SHIMOGA,2000,Castor seed,142.0
Karnataka,SHIMOGA,2000,Cotton(lint),13958.0
Karnataka,SHIMOGA,2000,Dry ginger,40390.0
Karnataka,SHIMOGA,2000,Groundnut,2814.0
Karnataka,SHIMOGA,2000,Horse-gram,832.0
Karnataka,SHIMOGA,2000,Jowar,1566.0
Karnataka,SHIMOGA,2000,Maize,61571.0
Karnataka,SHIMOGA,2000,Mesta,2.0
Karnataka,SHIMOGA,2000,Moong(Green Gram),54.0
Karnataka,SHIMOGA,2000,Niger seed,44.0
Karnataka,SHIMOGA,2000,Other Kharif pulses,265.0
Karnataka,SHIMOGA,2000,Ragi,8007.0
Karnataka,SHIMOGA,2000,Rice,309306.0
Karnataka,SHIMOGA,2000,Sesamum,57.0
Karnataka,SHIMOGA,2000,Small millets,25.0
Karnataka,SHIMOGA,2000,Soyabean,47.0
Karnataka,SHIMOGA,2000,Sunflower,28.0
Karnataka,SHIMOGA,2000,Urad,45.0
Karnataka,SHIMOGA,2000,Gram,99.0
Karnataka,SHIMOGA,2000,Groundnut,2967.0
Karnataka,SHIMOGA,2000,Horse-gram,368.0
Karnataka,SHIMOGA,2000,Jowar,35.0
Karnataka,SHIMOGA,2000,Linseed,2.0
Karnataka,SHIMOGA,2000,Moong(Green Gram),657.0
Karnataka,SHIMOGA,2000,Other  Rabi pulses,79.0
Karnataka,SHIMOGA,2000,Ragi,2.0
Karnataka,SHIMOGA,2000,Rapeseed &Mustard,13.0
Karnataka,SHIMOGA,2000,Sunflower,3.0
Karnataka,SHIMOGA,2000,Urad,158.0
Karnataka,SHIMOGA,2000,Wheat,3.0
Karnataka,SHIMOGA,2000,Jowar,144.0
Karnataka,SHIMOGA,2000,Maize,127.0
Karnataka,SHIMOGA,2000,Ragi,157.0
Karnataka,SHIMOGA,2000,Rice,61673.0
Karnataka,SHIMOGA,2000,Sunflower,49.0
Karnataka,SHIMOGA,2000,Arecanut,36005.0
Karnataka,SHIMOGA,2000,Banana,52825.0
Karnataka,SHIMOGA,2000,Black pepper,2376.0
Karnataka,SHIMOGA,2000,Cardamom,21.0
Karnataka,SHIMOGA,2000,Coconut ,24493.0
Karnataka,SHIMOGA,2000,Dry chillies,1197.0
Karnataka,SHIMOGA,2000,Onion,51.0
Karnataka,SHIMOGA,2000,Sugarcane,1278225.0
Karnataka,SHIMOGA,2000,Tapioca,163.0
Karnataka,SHIMOGA,2000,Tobacco,245.0
Karnataka,SHIMOGA,2000,Turmeric,62.0
Karnataka,SHIMOGA,2001,Arhar/Tur,221.0
Karnataka,SHIMOGA,2001,Bajra,2.0
Karnataka,SHIMOGA,2001,Castor seed,80.0
Karnataka,SHIMOGA,2001,Cotton(lint),13537.0
Karnataka,SHIMOGA,2001,Dry ginger,36610.0
Karnataka,SHIMOGA,2001,Groundnut,2251.0
Karnataka,SHIMOGA,2001,Horse-gram,430.0
Karnataka,SHIMOGA,2001,Jowar,2166.0
Karnataka,SHIMOGA,2001,Maize,49533.0
Karnataka,SHIMOGA,2001,Moong(Green Gram),25.0
Karnataka,SHIMOGA,2001,Niger seed,58.0
Karnataka,SHIMOGA,2001,Other Kharif pulses,160.0
Karnataka,SHIMOGA,2001,Ragi,6688.0
Karnataka,SHIMOGA,2001,Rice,197149.0
Karnataka,SHIMOGA,2001,Sesamum,45.0
Karnataka,SHIMOGA,2001,Small millets,15.0
Karnataka,SHIMOGA,2001,Sunflower,9.0
Karnataka,SHIMOGA,2001,Urad,41.0
Karnataka,SHIMOGA,2001,Gram,25.0
Karnataka,SHIMOGA,2001,Horse-gram,144.0
Karnataka,SHIMOGA,2001,Jowar,113.0
Karnataka,SHIMOGA,2001,Linseed,2.0
Karnataka,SHIMOGA,2001,Maize,162.0
Karnataka,SHIMOGA,2001,Moong(Green Gram),618.0
Karnataka,SHIMOGA,2001,Other  Rabi pulses,79.0
Karnataka,SHIMOGA,2001,Ragi,1.0
Karnataka,SHIMOGA,2001,Rapeseed &Mustard,10.0
Karnataka,SHIMOGA,2001,Sunflower,18.0
Karnataka,SHIMOGA,2001,Urad,107.0
Karnataka,SHIMOGA,2001,Jowar,171.0
Karnataka,SHIMOGA,2001,Maize,676.0
Karnataka,SHIMOGA,2001,Ragi,178.0
Karnataka,SHIMOGA,2001,Rice,47441.0
Karnataka,SHIMOGA,2001,Sunflower,60.0
Karnataka,SHIMOGA,2001,Arecanut,39665.0
Karnataka,SHIMOGA,2001,Black pepper,2316.0
Karnataka,SHIMOGA,2001,Coconut ,18339.0
Karnataka,SHIMOGA,2001,Dry chillies,1034.0
Karnataka,SHIMOGA,2001,Onion,86.0
Karnataka,SHIMOGA,2001,Peas & beans (Pulses),397.0
Karnataka,SHIMOGA,2001,Sugarcane,1020967.0
Karnataka,SHIMOGA,2001,Turmeric,113.0
Karnataka,SHIMOGA,2002,Arhar/Tur,269.0
Karnataka,SHIMOGA,2002,Bajra,12.0
Karnataka,SHIMOGA,2002,Castor seed,55.0
Karnataka,SHIMOGA,2002,Cotton(lint),11023.0
Karnataka,SHIMOGA,2002,Dry ginger,31797.0
Karnataka,SHIMOGA,2002,Groundnut,1449.0
Karnataka,SHIMOGA,2002,Horse-gram,491.0
Karnataka,SHIMOGA,2002,Jowar,716.0
Karnataka,SHIMOGA,2002,Maize,95297.0
Karnataka,SHIMOGA,2002,Moong(Green Gram),14.0
Karnataka,SHIMOGA,2002,Niger seed,47.0
Karnataka,SHIMOGA,2002,Other Kharif pulses,255.0
Karnataka,SHIMOGA,2002,Ragi,5524.0
Karnataka,SHIMOGA,2002,Rice,195445.0
Karnataka,SHIMOGA,2002,Sesamum,59.0
Karnataka,SHIMOGA,2002,Small millets,11.0
Karnataka,SHIMOGA,2002,Soyabean,2.0
Karnataka,SHIMOGA,2002,Sunflower,31.0
Karnataka,SHIMOGA,2002,Urad,17.0
Karnataka,SHIMOGA,2002,Gram,45.0
Karnataka,SHIMOGA,2002,Groundnut,1489.0
Karnataka,SHIMOGA,2002,Horse-gram,31.0
Karnataka,SHIMOGA,2002,Jowar,39.0
Karnataka,SHIMOGA,2002,Linseed,2.0
Karnataka,SHIMOGA,2002,Maize,22.0
Karnataka,SHIMOGA,2002,Moong(Green Gram),277.0
Karnataka,SHIMOGA,2002,Other  Rabi pulses,81.0
Karnataka,SHIMOGA,2002,Rapeseed &Mustard,11.0
Karnataka,SHIMOGA,2002,Sunflower,22.0
Karnataka,SHIMOGA,2002,Urad,41.0
Karnataka,SHIMOGA,2002,Jowar,198.0
Karnataka,SHIMOGA,2002,Maize,1278.0
Karnataka,SHIMOGA,2002,Ragi,441.0
Karnataka,SHIMOGA,2002,Rice,19038.0
Karnataka,SHIMOGA,2002,Sunflower,143.0
Karnataka,SHIMOGA,2002,Arcanut (Processed),40216.0
Karnataka,SHIMOGA,2002,Atcanut (Raw),191184.0
Karnataka,SHIMOGA,2002,Banana,39788.0
Karnataka,SHIMOGA,2002,Beans & Mutter(Vegetable),221.0
Karnataka,SHIMOGA,2002,Black pepper,2305.0
Karnataka,SHIMOGA,2002,Brinjal,350.0
Karnataka,SHIMOGA,2002,Cardamom,22.0
Karnataka,SHIMOGA,2002,Cashewnut Processed,54.0
Karnataka,SHIMOGA,2002,Cashewnut Raw,220.0
Karnataka,SHIMOGA,2002,Citrus Fruit,104.0
Karnataka,SHIMOGA,2002,Coconut ,18061.0
Karnataka,SHIMOGA,2002,Dry chillies,1318.0
Karnataka,SHIMOGA,2002,Mango,11389.0
Karnataka,SHIMOGA,2002,Onion,44.0
Karnataka,SHIMOGA,2002,Other Fresh Fruits,473.0
Karnataka,SHIMOGA,2002,Pome Fruit,122.0
Karnataka,SHIMOGA,2002,Sugarcane,1305887.0
Karnataka,SHIMOGA,2002,Tapioca,78.0
Karnataka,SHIMOGA,2002,Tobacco,184.0
Karnataka,SHIMOGA,2002,Tomato,905.0
Karnataka,SHIMOGA,2002,Turmeric,43.0
Karnataka,SHIMOGA,2003,Arhar/Tur,221.0
Karnataka,SHIMOGA,2003,Castor seed,30.0
Karnataka,SHIMOGA,2003,Cotton(lint),7901.0
Karnataka,SHIMOGA,2003,Dry ginger,23557.0
Karnataka,SHIMOGA,2003,Groundnut,1622.0
Karnataka,SHIMOGA,2003,Horse-gram,283.0
Karnataka,SHIMOGA,2003,Jowar,852.0
Karnataka,SHIMOGA,2003,Maize,142715.0
Karnataka,SHIMOGA,2003,Moong(Green Gram),17.0
Karnataka,SHIMOGA,2003,Niger seed,32.0
Karnataka,SHIMOGA,2003,Other Kharif pulses,290.0
Karnataka,SHIMOGA,2003,Ragi,6698.0
Karnataka,SHIMOGA,2003,Rice,217783.0
Karnataka,SHIMOGA,2003,Sesamum,42.0
Karnataka,SHIMOGA,2003,Sunflower,93.0
Karnataka,SHIMOGA,2003,Urad,19.0
Karnataka,SHIMOGA,2003,Gram,28.0
Karnataka,SHIMOGA,2003,Groundnut,2408.0
Karnataka,SHIMOGA,2003,Horse-gram,26.0
Karnataka,SHIMOGA,2003,Jowar,56.0
Karnataka,SHIMOGA,2003,Linseed,0.0
Karnataka,SHIMOGA,2003,Maize,78.0
Karnataka,SHIMOGA,2003,Moong(Green Gram),555.0
Karnataka,SHIMOGA,2003,Other  Rabi pulses,93.0
Karnataka,SHIMOGA,2003,Rapeseed &Mustard,7.0
Karnataka,SHIMOGA,2003,Rice,15.0
Karnataka,SHIMOGA,2003,Sunflower,218.0
Karnataka,SHIMOGA,2003,Urad,163.0
Karnataka,SHIMOGA,2003,Jowar,144.0
Karnataka,SHIMOGA,2003,Maize,753.0
Karnataka,SHIMOGA,2003,Ragi,398.0
Karnataka,SHIMOGA,2003,Rice,24164.0
Karnataka,SHIMOGA,2003,Sunflower,212.0
Karnataka,SHIMOGA,2003,Arecanut,42193.0
Karnataka,SHIMOGA,2003,Banana,2239.0
Karnataka,SHIMOGA,2003,Beans & Mutter(Vegetable),1597.0
Karnataka,SHIMOGA,2003,Black pepper,2415.0
Karnataka,SHIMOGA,2003,Brinjal,1381.0
Karnataka,SHIMOGA,2003,Cardamom,21.0
Karnataka,SHIMOGA,2003,Citrus Fruit,95.0
Karnataka,SHIMOGA,2003,Coconut ,17743.0
Karnataka,SHIMOGA,2003,Dry chillies,2180.0
Karnataka,SHIMOGA,2003,Garlic,1.0
Karnataka,SHIMOGA,2003,Mango,10332.0
Karnataka,SHIMOGA,2003,Onion,43.0
Karnataka,SHIMOGA,2003,Other Fresh Fruits,567.0
Karnataka,SHIMOGA,2003,Pome Fruit,66.0
Karnataka,SHIMOGA,2003,Sugarcane,1029126.0
Karnataka,SHIMOGA,2003,Tapioca,72.0
Karnataka,SHIMOGA,2003,Tobacco,153.0
Karnataka,SHIMOGA,2003,Tomato,1182.0
Karnataka,SHIMOGA,2003,Turmeric,20.0
Karnataka,SHIMOGA,2004,Arhar/Tur,168.0
Karnataka,SHIMOGA,2004,Castor seed,10.0
Karnataka,SHIMOGA,2004,Cotton(lint),12067.0
Karnataka,SHIMOGA,2004,Dry ginger,21858.0
Karnataka,SHIMOGA,2004,Groundnut,2340.0
Karnataka,SHIMOGA,2004,Horse-gram,191.0
Karnataka,SHIMOGA,2004,Jowar,1012.0
Karnataka,SHIMOGA,2004,Maize,220658.0
Karnataka,SHIMOGA,2004,Moong(Green Gram),11.0
Karnataka,SHIMOGA,2004,Niger seed,32.0
Karnataka,SHIMOGA,2004,Other Kharif pulses,163.0
Karnataka,SHIMOGA,2004,Ragi,4692.0
Karnataka,SHIMOGA,2004,Rice,249260.43
Karnataka,SHIMOGA,2004,Sesamum,67.0
Karnataka,SHIMOGA,2004,Soyabean,3.0
Karnataka,SHIMOGA,2004,Sunflower,24.0
Karnataka,SHIMOGA,2004,Urad,7.0
Karnataka,SHIMOGA,2004,Gram,20.0
Karnataka,SHIMOGA,2004,Groundnut,2839.0
Karnataka,SHIMOGA,2004,Horse-gram,22.0
Karnataka,SHIMOGA,2004,Jowar,9.0
Karnataka,SHIMOGA,2004,Linseed,6.0
Karnataka,SHIMOGA,2004,Maize,12.0
Karnataka,SHIMOGA,2004,Moong(Green Gram),254.0
Karnataka,SHIMOGA,2004,Other  Rabi pulses,39.0
Karnataka,SHIMOGA,2004,Rapeseed &Mustard,8.0
Karnataka,SHIMOGA,2004,Safflower,2.0
Karnataka,SHIMOGA,2004,Sunflower,636.0
Karnataka,SHIMOGA,2004,Urad,83.0
Karnataka,SHIMOGA,2004,Jowar,12.0
Karnataka,SHIMOGA,2004,Maize,474.0
Karnataka,SHIMOGA,2004,Ragi,266.0
Karnataka,SHIMOGA,2004,Rice,64219.0
Karnataka,SHIMOGA,2004,Sunflower,420.0
Karnataka,SHIMOGA,2004,Arecanut,43865.0
Karnataka,SHIMOGA,2004,Banana,19485.0
Karnataka,SHIMOGA,2004,Black pepper,2305.0
Karnataka,SHIMOGA,2004,Cardamom,22.0
Karnataka,SHIMOGA,2004,Coconut ,176897.75
Karnataka,SHIMOGA,2004,Dry chillies,807.0
Karnataka,SHIMOGA,2004,Onion,126.0
Karnataka,SHIMOGA,2004,Tapioca,65.0
Karnataka,SHIMOGA,2004,Tobacco,86.0
Karnataka,SHIMOGA,2004,Turmeric,105.0
Karnataka,SHIMOGA,2005,Arhar/Tur,228.0
Karnataka,SHIMOGA,2005,Castor seed,62.0
Karnataka,SHIMOGA,2005,Dry chillies,494.0
Karnataka,SHIMOGA,2005,Groundnut,989.0
Karnataka,SHIMOGA,2005,Horse-gram,150.0
Karnataka,SHIMOGA,2005,Jowar,820.0
Karnataka,SHIMOGA,2005,Maize,160869.0
Karnataka,SHIMOGA,2005,Moong(Green Gram),25.0
Karnataka,SHIMOGA,2005,Niger seed,25.0
Karnataka,SHIMOGA,2005,Onion,95.0
Karnataka,SHIMOGA,2005,Other Kharif pulses,95.0
Karnataka,SHIMOGA,2005,Peas & beans (Pulses),306.0
Karnataka,SHIMOGA,2005,Ragi,2843.0
Karnataka,SHIMOGA,2005,Rice,275507.0
Karnataka,SHIMOGA,2005,Sesamum,122.0
Karnataka,SHIMOGA,2005,Small millets,1.0
Karnataka,SHIMOGA,2005,Sunflower,16.0
Karnataka,SHIMOGA,2005,Urad,12.0
Karnataka,SHIMOGA,2005,Dry chillies,106.0
Karnataka,SHIMOGA,2005,Gram,70.0
Karnataka,SHIMOGA,2005,Groundnut,2356.0
Karnataka,SHIMOGA,2005,Horse-gram,97.0
Karnataka,SHIMOGA,2005,Jowar,15.0
Karnataka,SHIMOGA,2005,Linseed,6.0
Karnataka,SHIMOGA,2005,Maize,36.0
Karnataka,SHIMOGA,2005,Moong(Green Gram),225.0
Karnataka,SHIMOGA,2005,Other  Rabi pulses,49.0
Karnataka,SHIMOGA,2005,Peas & beans (Pulses),7.0
Karnataka,SHIMOGA,2005,Rapeseed &Mustard,3.0
Karnataka,SHIMOGA,2005,Safflower,2.0
Karnataka,SHIMOGA,2005,Sunflower,1301.0
Karnataka,SHIMOGA,2005,Urad,113.0
Karnataka,SHIMOGA,2005,Dry chillies,1053.0
Karnataka,SHIMOGA,2005,Jowar,49.0
Karnataka,SHIMOGA,2005,Maize,479.0
Karnataka,SHIMOGA,2005,Peas & beans (Pulses),10.0
Karnataka,SHIMOGA,2005,Ragi,183.0
Karnataka,SHIMOGA,2005,Rice,57617.0
Karnataka,SHIMOGA,2005,Sunflower,1919.0
Karnataka,SHIMOGA,2005,Arecanut,222961.0
Karnataka,SHIMOGA,2005,Banana,28335.0
Karnataka,SHIMOGA,2005,Black pepper,2107.0
Karnataka,SHIMOGA,2005,Cardamom,21.0
Karnataka,SHIMOGA,2005,Coconut ,18122.0
Karnataka,SHIMOGA,2005,Cotton(lint),11764.0
Karnataka,SHIMOGA,2005,Dry ginger,30876.0
Karnataka,SHIMOGA,2005,Sugarcane,580554.0
Karnataka,SHIMOGA,2005,Tapioca,59.0
Karnataka,SHIMOGA,2005,Tobacco,77.0
Karnataka,SHIMOGA,2005,Turmeric,123.0
Karnataka,SHIMOGA,2006,Arhar/Tur,197.0
Karnataka,SHIMOGA,2006,Castor seed,42.0
Karnataka,SHIMOGA,2006,Gram,4.0
Karnataka,SHIMOGA,2006,Groundnut,992.0
Karnataka,SHIMOGA,2006,Horse-gram,134.0
Karnataka,SHIMOGA,2006,Jowar,693.0
Karnataka,SHIMOGA,2006,Maize,179506.0
Karnataka,SHIMOGA,2006,Moong(Green Gram),11.0
Karnataka,SHIMOGA,2006,Niger seed,29.0
Karnataka,SHIMOGA,2006,Other Kharif pulses,241.0
Karnataka,SHIMOGA,2006,Ragi,3173.0
Karnataka,SHIMOGA,2006,Rapeseed &Mustard,1.0
Karnataka,SHIMOGA,2006,Rice,267405.0
Karnataka,SHIMOGA,2006,Sesamum,45.0
Karnataka,SHIMOGA,2006,Sunflower,4.0
Karnataka,SHIMOGA,2006,Urad,4.0
Karnataka,SHIMOGA,2006,Gram,18.0
Karnataka,SHIMOGA,2006,Groundnut,1240.0
Karnataka,SHIMOGA,2006,Horse-gram,40.0
Karnataka,SHIMOGA,2006,Jowar,10.0
Karnataka,SHIMOGA,2006,Linseed,2.0
Karnataka,SHIMOGA,2006,Maize,69.0
Karnataka,SHIMOGA,2006,Moong(Green Gram),200.0
Karnataka,SHIMOGA,2006,Other  Rabi pulses,61.0
Karnataka,SHIMOGA,2006,Sunflower,1608.0
Karnataka,SHIMOGA,2006,Urad,76.0
Karnataka,SHIMOGA,2006,Jowar,8.0
Karnataka,SHIMOGA,2006,Maize,3490.0
Karnataka,SHIMOGA,2006,Ragi,66.0
Karnataka,SHIMOGA,2006,Rice,47313.0
Karnataka,SHIMOGA,2006,Sunflower,2458.0
Karnataka,SHIMOGA,2006,Arecanut,49565.0
Karnataka,SHIMOGA,2006,Banana,26416.0
Karnataka,SHIMOGA,2006,Black pepper,1996.0
Karnataka,SHIMOGA,2006,Cardamom,21.0
Karnataka,SHIMOGA,2006,Coconut ,18178.0
Karnataka,SHIMOGA,2006,Cotton(lint),18836.0
Karnataka,SHIMOGA,2006,Dry chillies,1178.0
Karnataka,SHIMOGA,2006,Dry ginger,38705.0
Karnataka,SHIMOGA,2006,Onion,106.0
Karnataka,SHIMOGA,2006,Sugarcane,808380.0
Karnataka,SHIMOGA,2006,Tapioca,52.0
Karnataka,SHIMOGA,2006,Tobacco,35.0
Karnataka,SHIMOGA,2006,Turmeric,81.0
Karnataka,SHIMOGA,2007,Arhar/Tur,260.0
Karnataka,SHIMOGA,2007,Castor seed,4.0
Karnataka,SHIMOGA,2007,Dry chillies,493.0
Karnataka,SHIMOGA,2007,Groundnut,739.0
Karnataka,SHIMOGA,2007,Horse-gram,151.0
Karnataka,SHIMOGA,2007,Jowar,795.0
Karnataka,SHIMOGA,2007,Maize,119668.0
Karnataka,SHIMOGA,2007,Moong(Green Gram),20.0
Karnataka,SHIMOGA,2007,Niger seed,29.0
Karnataka,SHIMOGA,2007,Onion,119.0
Karnataka,SHIMOGA,2007,Other Kharif pulses,224.0
Karnataka,SHIMOGA,2007,Ragi,2727.0
Karnataka,SHIMOGA,2007,Rapeseed &Mustard,
Karnataka,SHIMOGA,2007,Rice,279602.0
Karnataka,SHIMOGA,2007,Sesamum,13.0
Karnataka,SHIMOGA,2007,Sunflower,15.0
Karnataka,SHIMOGA,2007,Urad,31.0
Karnataka,SHIMOGA,2007,Dry chillies,126.0
Karnataka,SHIMOGA,2007,Gram,37.0
Karnataka,SHIMOGA,2007,Groundnut,1131.0
Karnataka,SHIMOGA,2007,Horse-gram,109.0
Karnataka,SHIMOGA,2007,Jowar,7.0
Karnataka,SHIMOGA,2007,Linseed,4.0
Karnataka,SHIMOGA,2007,Maize,68.0
Karnataka,SHIMOGA,2007,Moong(Green Gram),473.0
Karnataka,SHIMOGA,2007,Other  Rabi pulses,109.0
Karnataka,SHIMOGA,2007,Sunflower,1480.0
Karnataka,SHIMOGA,2007,Urad,74.0
Karnataka,SHIMOGA,2007,Dry chillies,271.0
Karnataka,SHIMOGA,2007,Jowar,35.0
Karnataka,SHIMOGA,2007,Maize,3617.0
Karnataka,SHIMOGA,2007,Ragi,92.0
Karnataka,SHIMOGA,2007,Rice,44260.0
Karnataka,SHIMOGA,2007,Sunflower,4667.0
Karnataka,SHIMOGA,2007,Arecanut,253901.0
Karnataka,SHIMOGA,2007,Banana,65618.0
Karnataka,SHIMOGA,2007,Black pepper,2660.0
Karnataka,SHIMOGA,2007,Cardamom,24.0
Karnataka,SHIMOGA,2007,Coconut ,33167.0
Karnataka,SHIMOGA,2007,Cotton(lint),8923.0
Karnataka,SHIMOGA,2007,Dry ginger,44740.0
Karnataka,SHIMOGA,2007,Sugarcane,790446.0
Karnataka,SHIMOGA,2007,Tobacco,33.0
Karnataka,SHIMOGA,2007,Turmeric,148.0
Karnataka,SHIMOGA,2008,Arhar/Tur,279.0
Karnataka,SHIMOGA,2008,Castor seed,29.0
Karnataka,SHIMOGA,2008,Dry chillies,289.0
Karnataka,SHIMOGA,2008,Groundnut,985.0
Karnataka,SHIMOGA,2008,Horse-gram,115.0
Karnataka,SHIMOGA,2008,Jowar,415.0
Karnataka,SHIMOGA,2008,Maize,203967.0
Karnataka,SHIMOGA,2008,Moong(Green Gram),16.0
Karnataka,SHIMOGA,2008,Niger seed,25.0
Karnataka,SHIMOGA,2008,Onion,52.0
Karnataka,SHIMOGA,2008,Other Kharif pulses,222.0
Karnataka,SHIMOGA,2008,Potato,2.0
Karnataka,SHIMOGA,2008,Ragi,2134.0
Karnataka,SHIMOGA,2008,Rice,267887.97
Karnataka,SHIMOGA,2008,Sesamum,38.0
Karnataka,SHIMOGA,2008,Sunflower,12.0
Karnataka,SHIMOGA,2008,Urad,11.0
Karnataka,SHIMOGA,2008,Dry chillies,86.0
Karnataka,SHIMOGA,2008,Gram,27.0
Karnataka,SHIMOGA,2008,Groundnut,907.0
Karnataka,SHIMOGA,2008,Horse-gram,54.0
Karnataka,SHIMOGA,2008,Jowar,38.0
Karnataka,SHIMOGA,2008,Linseed,2.0
Karnataka,SHIMOGA,2008,Maize,378.0
Karnataka,SHIMOGA,2008,Moong(Green Gram),378.0
Karnataka,SHIMOGA,2008,Onion,7.0
Karnataka,SHIMOGA,2008,Other  Rabi pulses,120.0
Karnataka,SHIMOGA,2008,Sunflower,742.0
Karnataka,SHIMOGA,2008,Urad,83.0
Karnataka,SHIMOGA,2008,Dry chillies,873.0
Karnataka,SHIMOGA,2008,Jowar,148.0
Karnataka,SHIMOGA,2008,Maize,8138.0
Karnataka,SHIMOGA,2008,Onion,33.0
Karnataka,SHIMOGA,2008,Ragi,167.0
Karnataka,SHIMOGA,2008,Rice,52677.0
Karnataka,SHIMOGA,2008,Sunflower,2618.0
Karnataka,SHIMOGA,2008,Arecanut,269202.0
Karnataka,SHIMOGA,2008,Banana,68972.0
Karnataka,SHIMOGA,2008,Black pepper,2433.0
Karnataka,SHIMOGA,2008,Cardamom,40.0
Karnataka,SHIMOGA,2008,Cashewnut,899.44
Karnataka,SHIMOGA,2008,Coconut ,55567.0
Karnataka,SHIMOGA,2008,Cotton(lint),8596.0
Karnataka,SHIMOGA,2008,Dry ginger,122047.0
Karnataka,SHIMOGA,2008,Sugarcane,261844.0
Karnataka,SHIMOGA,2008,Tobacco,18.0
Karnataka,SHIMOGA,2008,Turmeric,24.0
Karnataka,SHIMOGA,2009,Arhar/Tur,167.0
Karnataka,SHIMOGA,2009,Castor seed,14.0
Karnataka,SHIMOGA,2009,Gram,82.0
Karnataka,SHIMOGA,2009,Groundnut,375.0
Karnataka,SHIMOGA,2009,Horse-gram,82.0
Karnataka,SHIMOGA,2009,Jowar,933.0
Karnataka,SHIMOGA,2009,Maize,191274.0
Karnataka,SHIMOGA,2009,Moong(Green Gram),5.0
Karnataka,SHIMOGA,2009,Niger seed,17.0
Karnataka,SHIMOGA,2009,Onion,4.0
Karnataka,SHIMOGA,2009,Other Kharif pulses,126.0
Karnataka,SHIMOGA,2009,Ragi,2129.0
Karnataka,SHIMOGA,2009,Rice,265763.75
Karnataka,SHIMOGA,2009,Sesamum,24.0
Karnataka,SHIMOGA,2009,Sunflower,5.0
Karnataka,SHIMOGA,2009,Urad,1.0
Karnataka,SHIMOGA,2009,Dry chillies,137.0
Karnataka,SHIMOGA,2009,Gram,165.0
Karnataka,SHIMOGA,2009,Groundnut,525.0
Karnataka,SHIMOGA,2009,Horse-gram,165.0
Karnataka,SHIMOGA,2009,Jowar,8.0
Karnataka,SHIMOGA,2009,Linseed,6.0
Karnataka,SHIMOGA,2009,Maize,1096.0
Karnataka,SHIMOGA,2009,Moong(Green Gram),401.0
Karnataka,SHIMOGA,2009,Other  Rabi pulses,81.0
Karnataka,SHIMOGA,2009,Rapeseed &Mustard,1.0
Karnataka,SHIMOGA,2009,Safflower,2.0
Karnataka,SHIMOGA,2009,Sunflower,985.0
Karnataka,SHIMOGA,2009,Urad,68.0
Karnataka,SHIMOGA,2009,Dry chillies,668.0
Karnataka,SHIMOGA,2009,Jowar,59.0
Karnataka,SHIMOGA,2009,Maize,7562.0
Karnataka,SHIMOGA,2009,Ragi,66.0
Karnataka,SHIMOGA,2009,Rice,54388.0
Karnataka,SHIMOGA,2009,Sunflower,1288.0
Karnataka,SHIMOGA,2009,Arecanut,294627.0
Karnataka,SHIMOGA,2009,Banana,102399.0
Karnataka,SHIMOGA,2009,Black pepper,2349.0
Karnataka,SHIMOGA,2009,Cardamom,40.0
Karnataka,SHIMOGA,2009,Cashewnut,833.0
Karnataka,SHIMOGA,2009,Coconut ,45071.0
Karnataka,SHIMOGA,2009,Cotton(lint),2460.0
Karnataka,SHIMOGA,2009,Dry ginger,102709.0
Karnataka,SHIMOGA,2009,Sugarcane,454662.0
Karnataka,SHIMOGA,2009,Tobacco,48.0
Karnataka,SHIMOGA,2009,Turmeric,75.0
Karnataka,SHIMOGA,2010,Arhar/Tur,165.0
Karnataka,SHIMOGA,2010,Castor seed,2.0
Karnataka,SHIMOGA,2010,Cotton(lint),2942.0
Karnataka,SHIMOGA,2010,Cowpea(Lobia),43.0
Karnataka,SHIMOGA,2010,Dry chillies,148.0
Karnataka,SHIMOGA,2010,Groundnut,751.0
Karnataka,SHIMOGA,2010,Horse-gram,45.0
Karnataka,SHIMOGA,2010,Jowar,660.0
Karnataka,SHIMOGA,2010,Maize,256876.0
Karnataka,SHIMOGA,2010,Moong(Green Gram),17.0
Karnataka,SHIMOGA,2010,Niger seed,17.0
Karnataka,SHIMOGA,2010,Other Kharif pulses,63.0
Karnataka,SHIMOGA,2010,Peas & beans (Pulses),98.0
Karnataka,SHIMOGA,2010,Ragi,1890.0
Karnataka,SHIMOGA,2010,Rice,307516.0
Karnataka,SHIMOGA,2010,Sesamum,36.0
Karnataka,SHIMOGA,2010,Soyabean,40.0
Karnataka,SHIMOGA,2010,Urad,7.0
Karnataka,SHIMOGA,2010,Cowpea(Lobia),87.0
Karnataka,SHIMOGA,2010,Dry chillies,79.0
Karnataka,SHIMOGA,2010,Gram,48.0
Karnataka,SHIMOGA,2010,Groundnut,355.0
Karnataka,SHIMOGA,2010,Horse-gram,51.0
Karnataka,SHIMOGA,2010,Jowar,6.0
Karnataka,SHIMOGA,2010,Linseed,4.0
Karnataka,SHIMOGA,2010,Maize,1158.0
Karnataka,SHIMOGA,2010,Moong(Green Gram),641.0
Karnataka,SHIMOGA,2010,Other  Rabi pulses,7.0
Karnataka,SHIMOGA,2010,Rapeseed &Mustard,1.0
Karnataka,SHIMOGA,2010,Sunflower,362.0
Karnataka,SHIMOGA,2010,Urad,80.0
Karnataka,SHIMOGA,2010,Wheat,3.0
Karnataka,SHIMOGA,2010,Dry chillies,383.0
Karnataka,SHIMOGA,2010,Jowar,57.0
Karnataka,SHIMOGA,2010,Maize,15965.0
Karnataka,SHIMOGA,2010,Peas & beans (Pulses),69.0
Karnataka,SHIMOGA,2010,Ragi,86.0
Karnataka,SHIMOGA,2010,Rice,67802.0
Karnataka,SHIMOGA,2010,Sunflower,1551.0
Karnataka,SHIMOGA,2010,Arecanut,373631.0
Karnataka,SHIMOGA,2010,Banana,97341.0
Karnataka,SHIMOGA,2010,Black pepper,492.2
Karnataka,SHIMOGA,2010,Cardamom,69.0
Karnataka,SHIMOGA,2010,Cashewnut,1125.0
Karnataka,SHIMOGA,2010,Coconut ,60712.0
Karnataka,SHIMOGA,2010,Dry ginger,18744.7
Karnataka,SHIMOGA,2010,Sugarcane,650180.0
Karnataka,SHIMOGA,2010,Tapioca,177.0
Karnataka,SHIMOGA,2010,Tobacco,52.0
Karnataka,SHIMOGA,2010,Turmeric,5.0
Karnataka,SHIMOGA,2011,Arhar/Tur,213.0
Karnataka,SHIMOGA,2011,Castor seed,2.0
Karnataka,SHIMOGA,2011,Cotton(lint),4786.0
Karnataka,SHIMOGA,2011,Cowpea(Lobia),60.0
Karnataka,SHIMOGA,2011,Dry chillies,149.0
Karnataka,SHIMOGA,2011,Groundnut,565.0
Karnataka,SHIMOGA,2011,Horse-gram,45.0
Karnataka,SHIMOGA,2011,Jowar,397.0
Karnataka,SHIMOGA,2011,Maize,241810.0
Karnataka,SHIMOGA,2011,Moong(Green Gram),11.0
Karnataka,SHIMOGA,2011,Niger seed,5.0
Karnataka,SHIMOGA,2011,Other Kharif pulses,36.0
Karnataka,SHIMOGA,2011,Peas & beans (Pulses),169.0
Karnataka,SHIMOGA,2011,Ragi,1538.0
Karnataka,SHIMOGA,2011,Rice,324594.0
Karnataka,SHIMOGA,2011,Sesamum,14.0
Karnataka,SHIMOGA,2011,Sunflower,1.0
Karnataka,SHIMOGA,2011,Urad,4.0
Karnataka,SHIMOGA,2011,Cowpea(Lobia),97.0
Karnataka,SHIMOGA,2011,Dry chillies,80.0
Karnataka,SHIMOGA,2011,Gram,27.0
Karnataka,SHIMOGA,2011,Groundnut,257.0
Karnataka,SHIMOGA,2011,Horse-gram,32.0
Karnataka,SHIMOGA,2011,Jowar,13.0
Karnataka,SHIMOGA,2011,Linseed,7.0
Karnataka,SHIMOGA,2011,Maize,4598.0
Karnataka,SHIMOGA,2011,Moong(Green Gram),518.0
Karnataka,SHIMOGA,2011,Other  Rabi pulses,9.0
Karnataka,SHIMOGA,2011,Ragi,2.0
Karnataka,SHIMOGA,2011,Rapeseed &Mustard,2.0
Karnataka,SHIMOGA,2011,Safflower,6.0
Karnataka,SHIMOGA,2011,Sunflower,1288.0
Karnataka,SHIMOGA,2011,Urad,85.0
Karnataka,SHIMOGA,2011,Dry chillies,308.0
Karnataka,SHIMOGA,2011,Jowar,163.0
Karnataka,SHIMOGA,2011,Maize,22012.0
Karnataka,SHIMOGA,2011,Peas & beans (Pulses),63.0
Karnataka,SHIMOGA,2011,Ragi,81.0
Karnataka,SHIMOGA,2011,Rice,60060.0
Karnataka,SHIMOGA,2011,Sunflower,1089.0
Karnataka,SHIMOGA,2011,Arecanut,243442.0
Karnataka,SHIMOGA,2011,Banana,112031.0
Karnataka,SHIMOGA,2011,Black pepper,237.3
Karnataka,SHIMOGA,2011,Cardamom,22.0
Karnataka,SHIMOGA,2011,Cashewnut,1077.0
Karnataka,SHIMOGA,2011,Coconut ,59286.0
Karnataka,SHIMOGA,2011,Dry ginger,24438.3
Karnataka,SHIMOGA,2011,Sugarcane,442574.0
Karnataka,SHIMOGA,2011,Tapioca,63.0
Karnataka,SHIMOGA,2011,Tobacco,36.0
Karnataka,SHIMOGA,2011,Turmeric,1165.0
Karnataka,SHIMOGA,2012,Arhar/Tur,471.0
Karnataka,SHIMOGA,2012,Castor seed,64.0
Karnataka,SHIMOGA,2012,Cotton(lint),2265.0
Karnataka,SHIMOGA,2012,Cowpea(Lobia),66.0
Karnataka,SHIMOGA,2012,Dry chillies,149.0
Karnataka,SHIMOGA,2012,Groundnut,266.0
Karnataka,SHIMOGA,2012,Horse-gram,22.0
Karnataka,SHIMOGA,2012,Jowar,664.0
Karnataka,SHIMOGA,2012,Maize,260977.0
Karnataka,SHIMOGA,2012,Moong(Green Gram),14.0
Karnataka,SHIMOGA,2012,Niger seed,2.0
Karnataka,SHIMOGA,2012,Other Kharif pulses,10.0
Karnataka,SHIMOGA,2012,Ragi,1698.0
Karnataka,SHIMOGA,2012,Rice,279757.0
Karnataka,SHIMOGA,2012,Sesamum,2.0
Karnataka,SHIMOGA,2012,Sunflower,13.0
Karnataka,SHIMOGA,2012,Urad,2.0
Karnataka,SHIMOGA,2012,Cowpea(Lobia),17.0
Karnataka,SHIMOGA,2012,Dry chillies,235.0
Karnataka,SHIMOGA,2012,Gram,41.0
Karnataka,SHIMOGA,2012,Groundnut,91.0
Karnataka,SHIMOGA,2012,Horse-gram,11.0
Karnataka,SHIMOGA,2012,Jowar,35.0
Karnataka,SHIMOGA,2012,Linseed,1.0
Karnataka,SHIMOGA,2012,Maize,1975.0
Karnataka,SHIMOGA,2012,Moong(Green Gram),53.0
Karnataka,SHIMOGA,2012,Other  Rabi pulses,13.0
Karnataka,SHIMOGA,2012,Ragi,6.0
Karnataka,SHIMOGA,2012,Safflower,9.0
Karnataka,SHIMOGA,2012,Sunflower,1318.0
Karnataka,SHIMOGA,2012,Urad,34.0
Karnataka,SHIMOGA,2012,Cowpea(Lobia),61.0
Karnataka,SHIMOGA,2012,Dry chillies,164.0
Karnataka,SHIMOGA,2012,Groundnut,128.0
Karnataka,SHIMOGA,2012,Jowar,48.0
Karnataka,SHIMOGA,2012,Maize,24285.0
Karnataka,SHIMOGA,2012,Ragi,73.0
Karnataka,SHIMOGA,2012,Rice,49147.0
Karnataka,SHIMOGA,2012,Sunflower,1202.0
Karnataka,SHIMOGA,2012,Arecanut,254522.0
Karnataka,SHIMOGA,2012,Black pepper,2755.0
Karnataka,SHIMOGA,2012,Cardamom,21.0
Karnataka,SHIMOGA,2012,Cashewnut,1122.0
Karnataka,SHIMOGA,2012,Coconut ,57116.0
Karnataka,SHIMOGA,2012,Coriander,1.0
Karnataka,SHIMOGA,2012,Dry ginger,178537.0
Karnataka,SHIMOGA,2012,Sugarcane,449502.0
Karnataka,SHIMOGA,2012,Tobacco,9.0
Karnataka,SHIMOGA,2012,Turmeric,1130.0
Karnataka,SHIMOGA,2013,Arhar/Tur,231.0
Karnataka,SHIMOGA,2013,Bajra,5.0
Karnataka,SHIMOGA,2013,Castor seed,4.0
Karnataka,SHIMOGA,2013,Cotton(lint),1905.0
Karnataka,SHIMOGA,2013,Cowpea(Lobia),13.0
Karnataka,SHIMOGA,2013,Dry chillies,114.0
Karnataka,SHIMOGA,2013,Groundnut,290.0
Karnataka,SHIMOGA,2013,Horse-gram,13.0
Karnataka,SHIMOGA,2013,Jowar,633.0
Karnataka,SHIMOGA,2013,Maize,169247.0
Karnataka,SHIMOGA,2013,Moong(Green Gram),
Karnataka,SHIMOGA,2013,Niger seed,24.0
Karnataka,SHIMOGA,2013,Other Kharif pulses,18.0
Karnataka,SHIMOGA,2013,Ragi,1114.0
Karnataka,SHIMOGA,2013,Rice,326666.0
Karnataka,SHIMOGA,2013,Sesamum,7.0
Karnataka,SHIMOGA,2013,Sunflower,1.0
Karnataka,SHIMOGA,2013,Cowpea(Lobia),9.0
Karnataka,SHIMOGA,2013,Dry chillies,190.0
Karnataka,SHIMOGA,2013,Gram,36.0
Karnataka,SHIMOGA,2013,Horse-gram,6.0
Karnataka,SHIMOGA,2013,Jowar,28.0
Karnataka,SHIMOGA,2013,Linseed,1.0
Karnataka,SHIMOGA,2013,Maize,1885.0
Karnataka,SHIMOGA,2013,Moong(Green Gram),182.0
Karnataka,SHIMOGA,2013,Other  Rabi pulses,22.0
Karnataka,SHIMOGA,2013,Safflower,6.0
Karnataka,SHIMOGA,2013,Sunflower,1004.0
Karnataka,SHIMOGA,2013,Urad,32.0
Karnataka,SHIMOGA,2013,Cotton(lint),4.0
Karnataka,SHIMOGA,2013,Cowpea(Lobia),68.0
Karnataka,SHIMOGA,2013,Dry chillies,133.0
Karnataka,SHIMOGA,2013,Groundnut,118.0
Karnataka,SHIMOGA,2013,Jowar,23.0
Karnataka,SHIMOGA,2013,Maize,20210.0
Karnataka,SHIMOGA,2013,Potato,14.0
Karnataka,SHIMOGA,2013,Ragi,26.0
Karnataka,SHIMOGA,2013,Rice,54144.0
Karnataka,SHIMOGA,2013,Sunflower,988.0
Karnataka,SHIMOGA,2013,Arecanut,538587.0
Karnataka,SHIMOGA,2013,Black pepper,2773.0
Karnataka,SHIMOGA,2013,Cardamom,42.0
Karnataka,SHIMOGA,2013,Cashewnut,363.0
Karnataka,SHIMOGA,2013,Coconut ,42994.0
Karnataka,SHIMOGA,2013,Dry ginger,115436.0
Karnataka,SHIMOGA,2013,Sugarcane,471594.0
Karnataka,SHIMOGA,2013,Tobacco,2.0
Karnataka,SHIMOGA,2013,Turmeric,329.0
Karnataka,SHIMOGA,2014,Arhar/Tur,163.0
Karnataka,SHIMOGA,2014,Bajra,2.0
Karnataka,SHIMOGA,2014,Cotton(lint),2111.0
Karnataka,SHIMOGA,2014,Cowpea(Lobia),64.0
Karnataka,SHIMOGA,2014,Dry chillies,129.0
Karnataka,SHIMOGA,2014,Groundnut,181.0
Karnataka,SHIMOGA,2014,Horse-gram,10.0
Karnataka,SHIMOGA,2014,Jowar,662.0
Karnataka,SHIMOGA,2014,Maize,209831.0
Karnataka,SHIMOGA,2014,Moong(Green Gram),1.0
Karnataka,SHIMOGA,2014,Niger seed,1.0
Karnataka,SHIMOGA,2014,Other Kharif pulses,19.0
Karnataka,SHIMOGA,2014,Ragi,1039.0
Karnataka,SHIMOGA,2014,Rice,313744.0
Karnataka,SHIMOGA,2014,Sesamum,2.0
Karnataka,SHIMOGA,2014,Sunflower,7.0
Karnataka,SHIMOGA,2014,Urad,3.0
Karnataka,SHIMOGA,2014,Cowpea(Lobia),1.0
Karnataka,SHIMOGA,2014,Dry chillies,107.0
Karnataka,SHIMOGA,2014,Gram,9.0
Karnataka,SHIMOGA,2014,Horse-gram,22.0
Karnataka,SHIMOGA,2014,Jowar,46.0
Karnataka,SHIMOGA,2014,Maize,1367.0
Karnataka,SHIMOGA,2014,Moong(Green Gram),277.0
Karnataka,SHIMOGA,2014,Other  Rabi pulses,40.0
Karnataka,SHIMOGA,2014,Safflower,9.0
Karnataka,SHIMOGA,2014,Sunflower,1177.0
Karnataka,SHIMOGA,2014,Urad,33.0
Karnataka,SHIMOGA,2014,Cowpea(Lobia),46.0
Karnataka,SHIMOGA,2014,Dry chillies,79.0
Karnataka,SHIMOGA,2014,Groundnut,16.0
Karnataka,SHIMOGA,2014,Jowar,74.0
Karnataka,SHIMOGA,2014,Rice,56262.0
Karnataka,SHIMOGA,2014,Arecanut,386605.0
Karnataka,SHIMOGA,2014,Black pepper,5293.0
Karnataka,SHIMOGA,2014,Cardamom,54.0
Karnataka,SHIMOGA,2014,Cashewnut,285.0
Karnataka,SHIMOGA,2014,Coconut ,48216.0
Karnataka,SHIMOGA,2014,Coriander,1.0
Karnataka,SHIMOGA,2014,Dry ginger,124744.0
Karnataka,SHIMOGA,2014,Sugarcane,393015.0
Karnataka,SHIMOGA,2014,Tobacco,4.0
Karnataka,SHIMOGA,2014,Turmeric,149.0
Karnataka,TUMKUR,1997,Arhar/Tur,3427.0
Karnataka,TUMKUR,1997,Bajra,47.0
Karnataka,TUMKUR,1997,Dry chillies,5998.0
Karnataka,TUMKUR,1997,Dry ginger,12.0
Karnataka,TUMKUR,1997,Groundnut,47699.0
Karnataka,TUMKUR,1997,Horse-gram,11701.0
Karnataka,TUMKUR,1997,Jowar,2380.0
Karnataka,TUMKUR,1997,Maize,7239.0
Karnataka,TUMKUR,1997,Paddy,86756.0
Karnataka,TUMKUR,1997,Ragi,195029.0
Karnataka,TUMKUR,1997,Rice,57865.0
Karnataka,TUMKUR,1997,Dry chillies,19.0
Karnataka,TUMKUR,1997,Groundnut,17846.0
Karnataka,TUMKUR,1997,Horse-gram,8197.0
Karnataka,TUMKUR,1997,Jowar,1218.0
Karnataka,TUMKUR,1997,Maize,2239.0
Karnataka,TUMKUR,1997,Paddy,2943.0
Karnataka,TUMKUR,1997,Ragi,1286.0
Karnataka,TUMKUR,1997,Rice,1963.0
Karnataka,TUMKUR,1997,Wheat,2.0
Karnataka,TUMKUR,1997,Maize,820.0
Karnataka,TUMKUR,1997,Paddy,47284.0
Karnataka,TUMKUR,1997,Ragi,1111.0
Karnataka,TUMKUR,1997,Rice,31535.0
Karnataka,TUMKUR,1997,Arecanut,8932.0
Karnataka,TUMKUR,1997,Coriander,3.0
Karnataka,TUMKUR,1997,Garlic,2.0
Karnataka,TUMKUR,1997,Sugarcane,171122.0
Karnataka,TUMKUR,1997,Turmeric,17.0
Karnataka,TUMKUR,1998,Arhar/Tur,6787.0
Karnataka,TUMKUR,1998,Bajra,176.0
Karnataka,TUMKUR,1998,Castor seed,6709.0
Karnataka,TUMKUR,1998,Cotton(lint),2020.0
Karnataka,TUMKUR,1998,Dry ginger,81.0
Karnataka,TUMKUR,1998,Groundnut,237842.0
Karnataka,TUMKUR,1998,Horse-gram,11839.0
Karnataka,TUMKUR,1998,Jowar,4431.0
Karnataka,TUMKUR,1998,Maize,15450.0
Karnataka,TUMKUR,1998,Moong(Green Gram),1117.0
Karnataka,TUMKUR,1998,Niger seed,923.0
Karnataka,TUMKUR,1998,Onion,376.0
Karnataka,TUMKUR,1998,Peas & beans (Pulses),506.0
Karnataka,TUMKUR,1998,Potato,44.0
Karnataka,TUMKUR,1998,Ragi,294692.0
Karnataka,TUMKUR,1998,Rapeseed &Mustard,344.0
Karnataka,TUMKUR,1998,Rice,81706.0
Karnataka,TUMKUR,1998,Sesamum,278.0
Karnataka,TUMKUR,1998,Soyabean,25.0
Karnataka,TUMKUR,1998,Sunflower,3887.0
Karnataka,TUMKUR,1998,Gram,260.0
Karnataka,TUMKUR,1998,Groundnut,26342.0
Karnataka,TUMKUR,1998,Horse-gram,1270.0
Karnataka,TUMKUR,1998,Jowar,339.0
Karnataka,TUMKUR,1998,Maize,444.0
Karnataka,TUMKUR,1998,Moong(Green Gram),35.0
Karnataka,TUMKUR,1998,Peas & beans (Pulses),69.0
Karnataka,TUMKUR,1998,Ragi,221.0
Karnataka,TUMKUR,1998,Rice,2828.0
Karnataka,TUMKUR,1998,Sunflower,397.0
Karnataka,TUMKUR,1998,Wheat,8.0
Karnataka,TUMKUR,1998,Maize,250.0
Karnataka,TUMKUR,1998,Onion,335.0
Karnataka,TUMKUR,1998,Peas & beans (Pulses),1879.0
Karnataka,TUMKUR,1998,Potato,256.0
Karnataka,TUMKUR,1998,Ragi,1437.0
Karnataka,TUMKUR,1998,Rice,52369.0
Karnataka,TUMKUR,1998,Sunflower,295.0
Karnataka,TUMKUR,1998,Arecanut,43262.0
Karnataka,TUMKUR,1998,Coconut ,551484.0
Karnataka,TUMKUR,1998,Coriander,6.0
Karnataka,TUMKUR,1998,Dry chillies,4467.0
Karnataka,TUMKUR,1998,Garlic,1.0
Karnataka,TUMKUR,1998,Turmeric,10.0
Karnataka,TUMKUR,1999,Arhar/Tur,3566.0
Karnataka,TUMKUR,1999,Bajra,79.0
Karnataka,TUMKUR,1999,Castor seed,4169.0
Karnataka,TUMKUR,1999,Cotton(lint),920.0
Karnataka,TUMKUR,1999,Dry ginger,95.0
Karnataka,TUMKUR,1999,Groundnut,72917.0
Karnataka,TUMKUR,1999,Horse-gram,7122.0
Karnataka,TUMKUR,1999,Jowar,2794.0
Karnataka,TUMKUR,1999,Maize,16262.0
Karnataka,TUMKUR,1999,Moong(Green Gram),2122.0
Karnataka,TUMKUR,1999,Niger seed,648.0
Karnataka,TUMKUR,1999,Other Kharif pulses,5526.0
Karnataka,TUMKUR,1999,Ragi,220106.0
Karnataka,TUMKUR,1999,Rice,72363.0
Karnataka,TUMKUR,1999,Sesamum,544.0
Karnataka,TUMKUR,1999,Small millets,1103.0
Karnataka,TUMKUR,1999,Soyabean,1.0
Karnataka,TUMKUR,1999,Sunflower,953.0
Karnataka,TUMKUR,1999,Urad,271.0
Karnataka,TUMKUR,1999,Gram,287.0
Karnataka,TUMKUR,1999,Groundnut,22576.0
Karnataka,TUMKUR,1999,Horse-gram,7014.0
Karnataka,TUMKUR,1999,Jowar,846.0
Karnataka,TUMKUR,1999,Maize,1312.0
Karnataka,TUMKUR,1999,Moong(Green Gram),6.0
Karnataka,TUMKUR,1999,Other  Rabi pulses,194.0
Karnataka,TUMKUR,1999,Ragi,6917.0
Karnataka,TUMKUR,1999,Rapeseed &Mustard,292.0
Karnataka,TUMKUR,1999,Rice,3265.0
Karnataka,TUMKUR,1999,Sunflower,1021.0
Karnataka,TUMKUR,1999,Urad,4.0
Karnataka,TUMKUR,1999,Wheat,7.0
Karnataka,TUMKUR,1999,Jowar,92.0
Karnataka,TUMKUR,1999,Maize,581.0
Karnataka,TUMKUR,1999,Ragi,8527.0
Karnataka,TUMKUR,1999,Rice,31360.0
Karnataka,TUMKUR,1999,Sunflower,302.0
Karnataka,TUMKUR,1999,Banana,48766.0
Karnataka,TUMKUR,1999,Coconut ,580927.0
Karnataka,TUMKUR,1999,Coriander,8.0
Karnataka,TUMKUR,1999,Dry chillies,6407.0
Karnataka,TUMKUR,1999,Garlic,1.0
Karnataka,TUMKUR,1999,Onion,1201.0
Karnataka,TUMKUR,1999,Sugarcane,197197.0
Karnataka,TUMKUR,1999,Sweet potato,114.0
Karnataka,TUMKUR,1999,Tapioca,210.0
Karnataka,TUMKUR,1999,Tobacco,57.0
Karnataka,TUMKUR,1999,Turmeric,9.0
Karnataka,TUMKUR,2000,Arhar/Tur,6012.0
Karnataka,TUMKUR,2000,Bajra,136.0
Karnataka,TUMKUR,2000,Castor seed,5692.0
Karnataka,TUMKUR,2000,Cotton(lint),1493.0
Karnataka,TUMKUR,2000,Dry ginger,27.0
Karnataka,TUMKUR,2000,Groundnut,215651.0
Karnataka,TUMKUR,2000,Horse-gram,10704.0
Karnataka,TUMKUR,2000,Jowar,7119.0
Karnataka,TUMKUR,2000,Maize,27997.0
Karnataka,TUMKUR,2000,Moong(Green Gram),1334.0
Karnataka,TUMKUR,2000,Niger seed,703.0
Karnataka,TUMKUR,2000,Other Kharif pulses,5585.0
Karnataka,TUMKUR,2000,Ragi,308091.0
Karnataka,TUMKUR,2000,Rice,88230.0
Karnataka,TUMKUR,2000,Sesamum,204.0
Karnataka,TUMKUR,2000,Small millets,1752.0
Karnataka,TUMKUR,2000,Soyabean,5.0
Karnataka,TUMKUR,2000,Sunflower,1074.0
Karnataka,TUMKUR,2000,Urad,255.0
Karnataka,TUMKUR,2000,Gram,208.0
Karnataka,TUMKUR,2000,Groundnut,20612.0
Karnataka,TUMKUR,2000,Horse-gram,668.0
Karnataka,TUMKUR,2000,Jowar,55.0
Karnataka,TUMKUR,2000,Linseed,1.0
Karnataka,TUMKUR,2000,Maize,50.0
Karnataka,TUMKUR,2000,Moong(Green Gram),3.0
Karnataka,TUMKUR,2000,Other  Rabi pulses,50.0
Karnataka,TUMKUR,2000,Ragi,178.0
Karnataka,TUMKUR,2000,Rapeseed &Mustard,307.0
Karnataka,TUMKUR,2000,Rice,5409.0
Karnataka,TUMKUR,2000,Sunflower,674.0
Karnataka,TUMKUR,2000,Urad,1.0
Karnataka,TUMKUR,2000,Maize,1116.0
Karnataka,TUMKUR,2000,Ragi,2659.0
Karnataka,TUMKUR,2000,Rice,58576.0
Karnataka,TUMKUR,2000,Sunflower,208.0
Karnataka,TUMKUR,2000,Arecanut,12791.0
Karnataka,TUMKUR,2000,Banana,47840.0
Karnataka,TUMKUR,2000,Coconut ,663283.0
Karnataka,TUMKUR,2000,Coriander,6.0
Karnataka,TUMKUR,2000,Dry chillies,6584.0
Karnataka,TUMKUR,2000,Garlic,1.0
Karnataka,TUMKUR,2000,Onion,3998.0
Karnataka,TUMKUR,2000,Potato,203.0
Karnataka,TUMKUR,2000,Sugarcane,238750.0
Karnataka,TUMKUR,2000,Sweet potato,158.0
Karnataka,TUMKUR,2000,Tapioca,131.0
Karnataka,TUMKUR,2000,Tobacco,17.0
Karnataka,TUMKUR,2000,Turmeric,13.0
Karnataka,TUMKUR,2001,Arhar/Tur,5033.0
Karnataka,TUMKUR,2001,Bajra,102.0
Karnataka,TUMKUR,2001,Castor seed,3023.0
Karnataka,TUMKUR,2001,Cotton(lint),1809.0
Karnataka,TUMKUR,2001,Dry ginger,54.0
Karnataka,TUMKUR,2001,Groundnut,53139.0
Karnataka,TUMKUR,2001,Horse-gram,12002.0
Karnataka,TUMKUR,2001,Jowar,5654.0
Karnataka,TUMKUR,2001,Maize,18686.0
Karnataka,TUMKUR,2001,Moong(Green Gram),1971.0
Karnataka,TUMKUR,2001,Niger seed,620.0
Karnataka,TUMKUR,2001,Other Kharif pulses,4622.0
Karnataka,TUMKUR,2001,Ragi,216119.0
Karnataka,TUMKUR,2001,Rice,58974.0
Karnataka,TUMKUR,2001,Sesamum,120.0
Karnataka,TUMKUR,2001,Small millets,2080.0
Karnataka,TUMKUR,2001,Soyabean,4.0
Karnataka,TUMKUR,2001,Sunflower,782.0
Karnataka,TUMKUR,2001,Urad,181.0
Karnataka,TUMKUR,2001,Gram,285.0
Karnataka,TUMKUR,2001,Horse-gram,3999.0
Karnataka,TUMKUR,2001,Jowar,195.0
Karnataka,TUMKUR,2001,Maize,519.0
Karnataka,TUMKUR,2001,Moong(Green Gram),11.0
Karnataka,TUMKUR,2001,Other  Rabi pulses,51.0
Karnataka,TUMKUR,2001,Ragi,1845.0
Karnataka,TUMKUR,2001,Rapeseed &Mustard,249.0
Karnataka,TUMKUR,2001,Rice,3273.0
Karnataka,TUMKUR,2001,Safflower,16.0
Karnataka,TUMKUR,2001,Sunflower,856.0
Karnataka,TUMKUR,2001,Urad,2.0
Karnataka,TUMKUR,2001,Wheat,3.0
Karnataka,TUMKUR,2001,Jowar,8.0
Karnataka,TUMKUR,2001,Maize,1265.0
Karnataka,TUMKUR,2001,Ragi,3667.0
Karnataka,TUMKUR,2001,Rice,70221.0
Karnataka,TUMKUR,2001,Sunflower,1203.0
Karnataka,TUMKUR,2001,Arecanut,15490.0
Karnataka,TUMKUR,2001,Black pepper,2.0
Karnataka,TUMKUR,2001,Coconut ,547767.0
Karnataka,TUMKUR,2001,Coriander,2.0
Karnataka,TUMKUR,2001,Dry chillies,7101.0
Karnataka,TUMKUR,2001,Onion,2824.0
Karnataka,TUMKUR,2001,Peas & beans (Pulses),443.0
Karnataka,TUMKUR,2001,Potato,96.0
Karnataka,TUMKUR,2001,Sugarcane,140182.0
Karnataka,TUMKUR,2001,Turmeric,15.0
Karnataka,TUMKUR,2002,Arhar/Tur,3947.0
Karnataka,TUMKUR,2002,Bajra,89.0
Karnataka,TUMKUR,2002,Castor seed,3190.0
Karnataka,TUMKUR,2002,Cotton(lint),1576.0
Karnataka,TUMKUR,2002,Dry ginger,54.0
Karnataka,TUMKUR,2002,Groundnut,62636.0
Karnataka,TUMKUR,2002,Horse-gram,11752.0
Karnataka,TUMKUR,2002,Jowar,3799.0
Karnataka,TUMKUR,2002,Maize,15547.0
Karnataka,TUMKUR,2002,Moong(Green Gram),514.0
Karnataka,TUMKUR,2002,Niger seed,422.0
Karnataka,TUMKUR,2002,Other Kharif pulses,3654.0
Karnataka,TUMKUR,2002,Ragi,116029.0
Karnataka,TUMKUR,2002,Rice,34214.0
Karnataka,TUMKUR,2002,Sesamum,179.0
Karnataka,TUMKUR,2002,Small millets,1496.0
Karnataka,TUMKUR,2002,Sunflower,3291.0
Karnataka,TUMKUR,2002,Urad,58.0
Karnataka,TUMKUR,2002,Gram,932.0
Karnataka,TUMKUR,2002,Groundnut,4641.0
Karnataka,TUMKUR,2002,Horse-gram,2291.0
Karnataka,TUMKUR,2002,Jowar,2402.0
Karnataka,TUMKUR,2002,Maize,4109.0
Karnataka,TUMKUR,2002,Moong(Green Gram),6.0
Karnataka,TUMKUR,2002,Other  Rabi pulses,141.0
Karnataka,TUMKUR,2002,Ragi,4481.0
Karnataka,TUMKUR,2002,Rapeseed &Mustard,164.0
Karnataka,TUMKUR,2002,Rice,1623.0
Karnataka,TUMKUR,2002,Sunflower,2753.0
Karnataka,TUMKUR,2002,Maize,2088.0
Karnataka,TUMKUR,2002,Ragi,1553.0
Karnataka,TUMKUR,2002,Rice,8041.0
Karnataka,TUMKUR,2002,Sunflower,1439.0
Karnataka,TUMKUR,2002,Arcanut (Processed),17450.0
Karnataka,TUMKUR,2002,Atcanut (Raw),80460.0
Karnataka,TUMKUR,2002,Banana,29662.0
Karnataka,TUMKUR,2002,Beans & Mutter(Vegetable),439.0
Karnataka,TUMKUR,2002,Black pepper,18.0
Karnataka,TUMKUR,2002,Brinjal,2427.0
Karnataka,TUMKUR,2002,Cashewnut Processed,6.0
Karnataka,TUMKUR,2002,Cashewnut Raw,26.0
Karnataka,TUMKUR,2002,Citrus Fruit,538.0
Karnataka,TUMKUR,2002,Coconut ,549026.0
Karnataka,TUMKUR,2002,Coriander,1.0
Karnataka,TUMKUR,2002,Dry chillies,1806.0
Karnataka,TUMKUR,2002,Grapes,387.0
Karnataka,TUMKUR,2002,Mango,29125.0
Karnataka,TUMKUR,2002,Onion,1085.0
Karnataka,TUMKUR,2002,Other Fresh Fruits,644.0
Karnataka,TUMKUR,2002,Papaya,83.0
Karnataka,TUMKUR,2002,Pome Fruit,509.0
Karnataka,TUMKUR,2002,Potato,16.0
Karnataka,TUMKUR,2002,Sugarcane,131406.0
Karnataka,TUMKUR,2002,Sweet potato,120.0
Karnataka,TUMKUR,2002,Tapioca,79.0
Karnataka,TUMKUR,2002,Tobacco,126.0
Karnataka,TUMKUR,2002,Tomato,4442.0
Karnataka,TUMKUR,2002,Turmeric,13.0
Karnataka,TUMKUR,2003,Arhar/Tur,2906.0
Karnataka,TUMKUR,2003,Bajra,88.0
Karnataka,TUMKUR,2003,Castor seed,1150.0
Karnataka,TUMKUR,2003,Cotton(lint),698.0
Karnataka,TUMKUR,2003,Dry ginger,27.0
Karnataka,TUMKUR,2003,Groundnut,42297.0
Karnataka,TUMKUR,2003,Horse-gram,9076.0
Karnataka,TUMKUR,2003,Jowar,1591.0
Karnataka,TUMKUR,2003,Maize,19286.0
Karnataka,TUMKUR,2003,Moong(Green Gram),362.0
Karnataka,TUMKUR,2003,Niger seed,472.0
Karnataka,TUMKUR,2003,Other Kharif pulses,4332.0
Karnataka,TUMKUR,2003,Ragi,184374.0
Karnataka,TUMKUR,2003,Rice,27546.0
Karnataka,TUMKUR,2003,Sesamum,114.0
Karnataka,TUMKUR,2003,Small millets,1641.0
Karnataka,TUMKUR,2003,Soyabean,5.0
Karnataka,TUMKUR,2003,Sunflower,2874.0
Karnataka,TUMKUR,2003,Urad,100.0
Karnataka,TUMKUR,2003,Gram,452.0
Karnataka,TUMKUR,2003,Groundnut,3530.0
Karnataka,TUMKUR,2003,Horse-gram,1709.0
Karnataka,TUMKUR,2003,Jowar,1164.0
Karnataka,TUMKUR,2003,Maize,756.0
Karnataka,TUMKUR,2003,Other  Rabi pulses,12.0
Karnataka,TUMKUR,2003,Ragi,365.0
Karnataka,TUMKUR,2003,Rapeseed &Mustard,213.0
Karnataka,TUMKUR,2003,Rice,917.0
Karnataka,TUMKUR,2003,Sunflower,1035.0
Karnataka,TUMKUR,2003,Maize,1193.0
Karnataka,TUMKUR,2003,Ragi,1035.0
Karnataka,TUMKUR,2003,Rice,5685.0
Karnataka,TUMKUR,2003,Sunflower,1586.0
Karnataka,TUMKUR,2003,Arecanut,18962.0
Karnataka,TUMKUR,2003,Banana,27210.0
Karnataka,TUMKUR,2003,Beans & Mutter(Vegetable),3761.0
Karnataka,TUMKUR,2003,Black pepper,23.0
Karnataka,TUMKUR,2003,Brinjal,2481.0
Karnataka,TUMKUR,2003,Citrus Fruit,474.0
Karnataka,TUMKUR,2003,Coconut ,540118.0
Karnataka,TUMKUR,2003,Coriander,1.0
Karnataka,TUMKUR,2003,Dry chillies,806.0
Karnataka,TUMKUR,2003,Garlic,2.0
Karnataka,TUMKUR,2003,Grapes,264.0
Karnataka,TUMKUR,2003,Mango,34602.0
Karnataka,TUMKUR,2003,Onion,1125.0
Karnataka,TUMKUR,2003,Other Fresh Fruits,649.0
Karnataka,TUMKUR,2003,Pome Fruit,685.0
Karnataka,TUMKUR,2003,Potato,172.0
Karnataka,TUMKUR,2003,Sannhamp,0.0
Karnataka,TUMKUR,2003,Sugarcane,38171.0
Karnataka,TUMKUR,2003,Sweet potato,146.0
Karnataka,TUMKUR,2003,Tapioca,158.0
Karnataka,TUMKUR,2003,Tobacco,64.0
Karnataka,TUMKUR,2003,Tomato,5591.0
Karnataka,TUMKUR,2003,Turmeric,10.0
Karnataka,TUMKUR,2004,Arhar/Tur,9465.0
Karnataka,TUMKUR,2004,Bajra,97.0
Karnataka,TUMKUR,2004,Castor seed,3920.0
Karnataka,TUMKUR,2004,Cotton(lint),1186.0
Karnataka,TUMKUR,2004,Dry ginger,41.0
Karnataka,TUMKUR,2004,Groundnut,99138.0
Karnataka,TUMKUR,2004,Horse-gram,10119.0
Karnataka,TUMKUR,2004,Jowar,3401.0
Karnataka,TUMKUR,2004,Maize,31659.0
Karnataka,TUMKUR,2004,Moong(Green Gram),1794.0
Karnataka,TUMKUR,2004,Niger seed,530.0
Karnataka,TUMKUR,2004,Other Kharif pulses,5006.0
Karnataka,TUMKUR,2004,Ragi,321090.0
Karnataka,TUMKUR,2004,Rice,60221.02
Karnataka,TUMKUR,2004,Sesamum,519.0
Karnataka,TUMKUR,2004,Small millets,2370.0
Karnataka,TUMKUR,2004,Soyabean,9.0
Karnataka,TUMKUR,2004,Sunflower,15834.0
Karnataka,TUMKUR,2004,Urad,130.0
Karnataka,TUMKUR,2004,Gram,564.0
Karnataka,TUMKUR,2004,Groundnut,2758.0
Karnataka,TUMKUR,2004,Horse-gram,1327.0
Karnataka,TUMKUR,2004,Jowar,255.0
Karnataka,TUMKUR,2004,Linseed,5.0
Karnataka,TUMKUR,2004,Maize,1258.0
Karnataka,TUMKUR,2004,Moong(Green Gram),1.0
Karnataka,TUMKUR,2004,Other  Rabi pulses,14.0
Karnataka,TUMKUR,2004,Ragi,764.0
Karnataka,TUMKUR,2004,Rapeseed &Mustard,245.0
Karnataka,TUMKUR,2004,Rice,5356.0
Karnataka,TUMKUR,2004,Safflower,7.0
Karnataka,TUMKUR,2004,Sunflower,2616.0
Karnataka,TUMKUR,2004,Maize,318.0
Karnataka,TUMKUR,2004,Ragi,723.0
Karnataka,TUMKUR,2004,Rice,12809.0
Karnataka,TUMKUR,2004,Sunflower,1928.0
Karnataka,TUMKUR,2004,Arecanut,19867.0
Karnataka,TUMKUR,2004,Banana,30779.0
Karnataka,TUMKUR,2004,Black pepper,27.0
Karnataka,TUMKUR,2004,Coconut ,5530209.45
Karnataka,TUMKUR,2004,Coriander,2.0
Karnataka,TUMKUR,2004,Dry chillies,2487.0
Karnataka,TUMKUR,2004,Garlic,2.0
Karnataka,TUMKUR,2004,Onion,1325.0
Karnataka,TUMKUR,2004,Potato,290.0
Karnataka,TUMKUR,2004,Sweet potato,114.0
Karnataka,TUMKUR,2004,Tapioca,184.0
Karnataka,TUMKUR,2004,Tobacco,55.0
Karnataka,TUMKUR,2004,Turmeric,10.0
Karnataka,TUMKUR,2005,Arhar/Tur,8778.0
Karnataka,TUMKUR,2005,Bajra,212.0
Karnataka,TUMKUR,2005,Castor seed,3382.0
Karnataka,TUMKUR,2005,Dry chillies,2429.0
Karnataka,TUMKUR,2005,Groundnut,69921.0
Karnataka,TUMKUR,2005,Horse-gram,14707.0
Karnataka,TUMKUR,2005,Jowar,4168.0
Karnataka,TUMKUR,2005,Maize,47362.0
Karnataka,TUMKUR,2005,Moong(Green Gram),1147.0
Karnataka,TUMKUR,2005,Niger seed,490.0
Karnataka,TUMKUR,2005,Onion,1265.0
Karnataka,TUMKUR,2005,Other Kharif pulses,4982.0
Karnataka,TUMKUR,2005,Peas & beans (Pulses),740.0
Karnataka,TUMKUR,2005,Potato,10.0
Karnataka,TUMKUR,2005,Ragi,290027.0
Karnataka,TUMKUR,2005,Rice,69045.0
Karnataka,TUMKUR,2005,Sesamum,366.0
Karnataka,TUMKUR,2005,Small millets,1493.0
Karnataka,TUMKUR,2005,Soyabean,2.0
Karnataka,TUMKUR,2005,Sunflower,9716.0
Karnataka,TUMKUR,2005,Urad,108.0
Karnataka,TUMKUR,2005,Dry chillies,42.0
Karnataka,TUMKUR,2005,Gram,324.0
Karnataka,TUMKUR,2005,Groundnut,7384.0
Karnataka,TUMKUR,2005,Horse-gram,1029.0
Karnataka,TUMKUR,2005,Jowar,36.0
Karnataka,TUMKUR,2005,Linseed,11.0
Karnataka,TUMKUR,2005,Maize,300.0
Karnataka,TUMKUR,2005,Moong(Green Gram),1.0
Karnataka,TUMKUR,2005,Onion,41.0
Karnataka,TUMKUR,2005,Other  Rabi pulses,25.0
Karnataka,TUMKUR,2005,Peas & beans (Pulses),183.0
Karnataka,TUMKUR,2005,Potato,18.0
Karnataka,TUMKUR,2005,Ragi,443.0
Karnataka,TUMKUR,2005,Rapeseed &Mustard,236.0
Karnataka,TUMKUR,2005,Rice,934.0
Karnataka,TUMKUR,2005,Safflower,11.0
Karnataka,TUMKUR,2005,Sunflower,321.0
Karnataka,TUMKUR,2005,Dry chillies,77.0
Karnataka,TUMKUR,2005,Maize,742.0
Karnataka,TUMKUR,2005,Onion,770.0
Karnataka,TUMKUR,2005,Peas & beans (Pulses),268.0
Karnataka,TUMKUR,2005,Potato,164.0
Karnataka,TUMKUR,2005,Ragi,1592.0
Karnataka,TUMKUR,2005,Rice,35851.0
Karnataka,TUMKUR,2005,Sunflower,2358.0
Karnataka,TUMKUR,2005,Arecanut,107710.0
Karnataka,TUMKUR,2005,Banana,26890.0
Karnataka,TUMKUR,2005,Black pepper,27.0
Karnataka,TUMKUR,2005,Coconut ,605494.0
Karnataka,TUMKUR,2005,Coriander,1.0
Karnataka,TUMKUR,2005,Cotton(lint),1609.0
Karnataka,TUMKUR,2005,Dry ginger,27.0
Karnataka,TUMKUR,2005,Garlic,1.0
Karnataka,TUMKUR,2005,Sugarcane,23589.0
Karnataka,TUMKUR,2005,Sweet potato,380.0
Karnataka,TUMKUR,2005,Tapioca,99.0
Karnataka,TUMKUR,2005,Tobacco,34.0
Karnataka,TUMKUR,2005,Turmeric,11.0
Karnataka,TUMKUR,2006,Arhar/Tur,3579.0
Karnataka,TUMKUR,2006,Bajra,51.0
Karnataka,TUMKUR,2006,Castor seed,1637.0
Karnataka,TUMKUR,2006,Gram,82.0
Karnataka,TUMKUR,2006,Groundnut,21263.0
Karnataka,TUMKUR,2006,Horse-gram,10119.0
Karnataka,TUMKUR,2006,Jowar,1372.0
Karnataka,TUMKUR,2006,Maize,21857.0
Karnataka,TUMKUR,2006,Moong(Green Gram),1725.0
Karnataka,TUMKUR,2006,Niger seed,301.0
Karnataka,TUMKUR,2006,Other Kharif pulses,6288.0
Karnataka,TUMKUR,2006,Ragi,76930.0
Karnataka,TUMKUR,2006,Rapeseed &Mustard,139.0
Karnataka,TUMKUR,2006,Rice,56459.0
Karnataka,TUMKUR,2006,Sesamum,388.0
Karnataka,TUMKUR,2006,Small millets,1082.0
Karnataka,TUMKUR,2006,Soyabean,4.0
Karnataka,TUMKUR,2006,Sunflower,7583.0
Karnataka,TUMKUR,2006,Urad,82.0
Karnataka,TUMKUR,2006,Gram,386.0
Karnataka,TUMKUR,2006,Groundnut,3463.0
Karnataka,TUMKUR,2006,Horse-gram,3510.0
Karnataka,TUMKUR,2006,Jowar,931.0
Karnataka,TUMKUR,2006,Maize,2637.0
Karnataka,TUMKUR,2006,Moong(Green Gram),8.0
Karnataka,TUMKUR,2006,Other  Rabi pulses,40.0
Karnataka,TUMKUR,2006,Ragi,809.0
Karnataka,TUMKUR,2006,Rice,322.0
Karnataka,TUMKUR,2006,Safflower,10.0
Karnataka,TUMKUR,2006,Sunflower,478.0
Karnataka,TUMKUR,2006,Maize,1106.0
Karnataka,TUMKUR,2006,Ragi,1815.0
Karnataka,TUMKUR,2006,Rice,18023.0
Karnataka,TUMKUR,2006,Sunflower,1460.0
Karnataka,TUMKUR,2006,Arecanut,24022.0
Karnataka,TUMKUR,2006,Banana,23357.0
Karnataka,TUMKUR,2006,Black pepper,16.0
Karnataka,TUMKUR,2006,Coconut ,619416.0
Karnataka,TUMKUR,2006,Coriander,
Karnataka,TUMKUR,2006,Cotton(lint),1761.0
Karnataka,TUMKUR,2006,Dry chillies,2895.0
Karnataka,TUMKUR,2006,Dry ginger,27.0
Karnataka,TUMKUR,2006,Garlic,1.0
Karnataka,TUMKUR,2006,Onion,1006.0
Karnataka,TUMKUR,2006,Potato,609.0
Karnataka,TUMKUR,2006,Sannhamp,
Karnataka,TUMKUR,2006,Sugarcane,136344.0
Karnataka,TUMKUR,2006,Sweet potato,190.0
Karnataka,TUMKUR,2006,Tapioca,72.0
Karnataka,TUMKUR,2006,Tobacco,34.0
Karnataka,TUMKUR,2006,Turmeric,10.0
Karnataka,TUMKUR,2007,Arhar/Tur,11386.0
Karnataka,TUMKUR,2007,Bajra,135.0
Karnataka,TUMKUR,2007,Castor seed,2955.0
Karnataka,TUMKUR,2007,Dry chillies,3475.0
Karnataka,TUMKUR,2007,Groundnut,131100.0
Karnataka,TUMKUR,2007,Horse-gram,12904.0
Karnataka,TUMKUR,2007,Jowar,2471.0
Karnataka,TUMKUR,2007,Maize,58445.0
Karnataka,TUMKUR,2007,Moong(Green Gram),2681.0
Karnataka,TUMKUR,2007,Niger seed,512.0
Karnataka,TUMKUR,2007,Onion,2414.0
Karnataka,TUMKUR,2007,Other Kharif pulses,17394.0
Karnataka,TUMKUR,2007,Potato,26.0
Karnataka,TUMKUR,2007,Ragi,306575.0
Karnataka,TUMKUR,2007,Rapeseed &Mustard,255.0
Karnataka,TUMKUR,2007,Rice,54575.0
Karnataka,TUMKUR,2007,Sesamum,352.0
Karnataka,TUMKUR,2007,Small millets,960.0
Karnataka,TUMKUR,2007,Soyabean,36.0
Karnataka,TUMKUR,2007,Sunflower,7893.0
Karnataka,TUMKUR,2007,Urad,256.0
Karnataka,TUMKUR,2007,Dry chillies,110.0
Karnataka,TUMKUR,2007,Gram,511.0
Karnataka,TUMKUR,2007,Groundnut,4317.0
Karnataka,TUMKUR,2007,Horse-gram,1733.0
Karnataka,TUMKUR,2007,Jowar,158.0
Karnataka,TUMKUR,2007,Maize,159.0
Karnataka,TUMKUR,2007,Onion,210.0
Karnataka,TUMKUR,2007,Other  Rabi pulses,83.0
Karnataka,TUMKUR,2007,Ragi,861.0
Karnataka,TUMKUR,2007,Rice,3315.0
Karnataka,TUMKUR,2007,Sunflower,135.0
Karnataka,TUMKUR,2007,Dry chillies,68.0
Karnataka,TUMKUR,2007,Maize,1098.0
Karnataka,TUMKUR,2007,Onion,237.0
Karnataka,TUMKUR,2007,Potato,224.0
Karnataka,TUMKUR,2007,Ragi,2317.0
Karnataka,TUMKUR,2007,Rice,27506.0
Karnataka,TUMKUR,2007,Sunflower,1104.0
Karnataka,TUMKUR,2007,Arecanut,112761.0
Karnataka,TUMKUR,2007,Banana,44285.0
Karnataka,TUMKUR,2007,Black pepper,37.0
Karnataka,TUMKUR,2007,Coconut ,683765.0
Karnataka,TUMKUR,2007,Coriander,6.0
Karnataka,TUMKUR,2007,Cotton(lint),2848.0
Karnataka,TUMKUR,2007,Dry ginger,205.0
Karnataka,TUMKUR,2007,Garlic,1.0
Karnataka,TUMKUR,2007,Sugarcane,169354.0
Karnataka,TUMKUR,2007,Sweet potato,197.0
Karnataka,TUMKUR,2007,Tapioca,20.0
Karnataka,TUMKUR,2007,Tobacco,17.0
Karnataka,TUMKUR,2007,Turmeric,16.0
Karnataka,TUMKUR,2008,Arhar/Tur,13558.0
Karnataka,TUMKUR,2008,Bajra,70.0
Karnataka,TUMKUR,2008,Castor seed,4029.0
Karnataka,TUMKUR,2008,Dry chillies,2349.0
Karnataka,TUMKUR,2008,Groundnut,41434.0
Karnataka,TUMKUR,2008,Horse-gram,11584.0
Karnataka,TUMKUR,2008,Jowar,3174.0
Karnataka,TUMKUR,2008,Maize,37071.0
Karnataka,TUMKUR,2008,Moong(Green Gram),844.0
Karnataka,TUMKUR,2008,Niger seed,655.0
Karnataka,TUMKUR,2008,Onion,3088.0
Karnataka,TUMKUR,2008,Other Kharif pulses,21733.0
Karnataka,TUMKUR,2008,Potato,17.0
Karnataka,TUMKUR,2008,Ragi,207853.0
Karnataka,TUMKUR,2008,Rice,61512.23
Karnataka,TUMKUR,2008,Sesamum,264.0
Karnataka,TUMKUR,2008,Soyabean,12.0
Karnataka,TUMKUR,2008,Sunflower,8508.0
Karnataka,TUMKUR,2008,Urad,110.0
Karnataka,TUMKUR,2008,Dry chillies,88.0
Karnataka,TUMKUR,2008,Gram,515.0
Karnataka,TUMKUR,2008,Groundnut,4737.0
Karnataka,TUMKUR,2008,Horse-gram,989.0
Karnataka,TUMKUR,2008,Jowar,88.0
Karnataka,TUMKUR,2008,Maize,91.0
Karnataka,TUMKUR,2008,Moong(Green Gram),2.0
Karnataka,TUMKUR,2008,Onion,100.0
Karnataka,TUMKUR,2008,Other  Rabi pulses,68.0
Karnataka,TUMKUR,2008,Potato,101.0
Karnataka,TUMKUR,2008,Ragi,361.0
Karnataka,TUMKUR,2008,Rapeseed &Mustard,299.0
Karnataka,TUMKUR,2008,Rice,4253.0
Karnataka,TUMKUR,2008,Sunflower,162.0
Karnataka,TUMKUR,2008,Dry chillies,161.0
Karnataka,TUMKUR,2008,Maize,2325.0
Karnataka,TUMKUR,2008,Onion,93.0
Karnataka,TUMKUR,2008,Potato,179.0
Karnataka,TUMKUR,2008,Ragi,3861.0
Karnataka,TUMKUR,2008,Rice,41168.0
Karnataka,TUMKUR,2008,Sunflower,1108.0
Karnataka,TUMKUR,2008,Arecanut,124757.0
Karnataka,TUMKUR,2008,Banana,41298.0
Karnataka,TUMKUR,2008,Black pepper,30.0
Karnataka,TUMKUR,2008,Cashewnut,79.92
Karnataka,TUMKUR,2008,Coconut ,994566.0
Karnataka,TUMKUR,2008,Coriander,15.0
Karnataka,TUMKUR,2008,Cotton(lint),2529.0
Karnataka,TUMKUR,2008,Dry ginger,32.0
Karnataka,TUMKUR,2008,Garlic,2.0
Karnataka,TUMKUR,2008,Sugarcane,178346.0
Karnataka,TUMKUR,2008,Sweet potato,162.0
Karnataka,TUMKUR,2008,Tapioca,58.0
Karnataka,TUMKUR,2008,Tobacco,10.0
Karnataka,TUMKUR,2008,Turmeric,5.0
Karnataka,TUMKUR,2009,Arhar/Tur,7098.0
Karnataka,TUMKUR,2009,Bajra,42.0
Karnataka,TUMKUR,2009,Castor seed,2629.0
Karnataka,TUMKUR,2009,Gram,11168.0
Karnataka,TUMKUR,2009,Groundnut,31215.0
Karnataka,TUMKUR,2009,Horse-gram,11168.0
Karnataka,TUMKUR,2009,Jowar,5298.0
Karnataka,TUMKUR,2009,Maize,36836.0
Karnataka,TUMKUR,2009,Moong(Green Gram),2119.0
Karnataka,TUMKUR,2009,Niger seed,504.0
Karnataka,TUMKUR,2009,Onion,1576.0
Karnataka,TUMKUR,2009,Other Kharif pulses,12286.0
Karnataka,TUMKUR,2009,Potato,74.0
Karnataka,TUMKUR,2009,Ragi,248170.0
Karnataka,TUMKUR,2009,Rice,65355.76
Karnataka,TUMKUR,2009,Sesamum,323.0
Karnataka,TUMKUR,2009,Small millets,2026.0
Karnataka,TUMKUR,2009,Soyabean,2.0
Karnataka,TUMKUR,2009,Sunflower,5139.0
Karnataka,TUMKUR,2009,Urad,56.0
Karnataka,TUMKUR,2009,Dry chillies,119.0
Karnataka,TUMKUR,2009,Gram,2767.0
Karnataka,TUMKUR,2009,Groundnut,4917.0
Karnataka,TUMKUR,2009,Horse-gram,2767.0
Karnataka,TUMKUR,2009,Jowar,638.0
Karnataka,TUMKUR,2009,Maize,1600.0
Karnataka,TUMKUR,2009,Moong(Green Gram),1.0
Karnataka,TUMKUR,2009,Onion,195.0
Karnataka,TUMKUR,2009,Other  Rabi pulses,57.0
Karnataka,TUMKUR,2009,Potato,59.0
Karnataka,TUMKUR,2009,Ragi,1290.0
Karnataka,TUMKUR,2009,Rapeseed &Mustard,241.0
Karnataka,TUMKUR,2009,Rice,1764.0
Karnataka,TUMKUR,2009,Sunflower,81.0
Karnataka,TUMKUR,2009,Dry chillies,124.0
Karnataka,TUMKUR,2009,Jowar,4.0
Karnataka,TUMKUR,2009,Maize,912.0
Karnataka,TUMKUR,2009,Onion,351.0
Karnataka,TUMKUR,2009,Potato,373.0
Karnataka,TUMKUR,2009,Ragi,3028.0
Karnataka,TUMKUR,2009,Rice,25925.0
Karnataka,TUMKUR,2009,Sunflower,288.0
Karnataka,TUMKUR,2009,Arecanut,141651.0
Karnataka,TUMKUR,2009,Banana,105748.0
Karnataka,TUMKUR,2009,Black pepper,59.0
Karnataka,TUMKUR,2009,Cashewnut,121.0
Karnataka,TUMKUR,2009,Coconut ,985898.0
Karnataka,TUMKUR,2009,Coriander,2.0
Karnataka,TUMKUR,2009,Cotton(lint),2114.0
Karnataka,TUMKUR,2009,Dry ginger,31.0
Karnataka,TUMKUR,2009,Garlic,1.0
Karnataka,TUMKUR,2009,Sugarcane,188664.0
Karnataka,TUMKUR,2009,Sweet potato,184.0
Karnataka,TUMKUR,2009,Tapioca,130.0
Karnataka,TUMKUR,2009,Tobacco,4.0
Karnataka,TUMKUR,2010,Arhar/Tur,5604.0
Karnataka,TUMKUR,2010,Bajra,108.0
Karnataka,TUMKUR,2010,Castor seed,2031.0
Karnataka,TUMKUR,2010,Cotton(lint),2659.0
Karnataka,TUMKUR,2010,Cowpea(Lobia),2972.0
Karnataka,TUMKUR,2010,Dry chillies,3652.0
Karnataka,TUMKUR,2010,Groundnut,64549.0
Karnataka,TUMKUR,2010,Horse-gram,10779.0
Karnataka,TUMKUR,2010,Jowar,329.0
Karnataka,TUMKUR,2010,Maize,55194.0
Karnataka,TUMKUR,2010,Moong(Green Gram),3332.0
Karnataka,TUMKUR,2010,Niger seed,308.0
Karnataka,TUMKUR,2010,Onion,1811.0
Karnataka,TUMKUR,2010,Other Kharif pulses,8613.0
Karnataka,TUMKUR,2010,Peas & beans (Pulses),765.0
Karnataka,TUMKUR,2010,Potato,122.0
Karnataka,TUMKUR,2010,Ragi,304510.0
Karnataka,TUMKUR,2010,Rice,66025.0
Karnataka,TUMKUR,2010,Sesamum,453.0
Karnataka,TUMKUR,2010,Small millets,1494.0
Karnataka,TUMKUR,2010,Soyabean,13.0
Karnataka,TUMKUR,2010,Sunflower,3824.0
Karnataka,TUMKUR,2010,Urad,224.0
Karnataka,TUMKUR,2010,Cotton(lint),219.0
Karnataka,TUMKUR,2010,Cowpea(Lobia),21.0
Karnataka,TUMKUR,2010,Dry chillies,76.0
Karnataka,TUMKUR,2010,Gram,633.0
Karnataka,TUMKUR,2010,Groundnut,3374.0
Karnataka,TUMKUR,2010,Horse-gram,1961.0
Karnataka,TUMKUR,2010,Maize,1138.0
Karnataka,TUMKUR,2010,Moong(Green Gram),2.0
Karnataka,TUMKUR,2010,Onion,55.0
Karnataka,TUMKUR,2010,Peas & beans (Pulses),454.0
Karnataka,TUMKUR,2010,Potato,70.0
Karnataka,TUMKUR,2010,Ragi,828.0
Karnataka,TUMKUR,2010,Rapeseed &Mustard,82.0
Karnataka,TUMKUR,2010,Rice,1421.0
Karnataka,TUMKUR,2010,Sunflower,82.0
Karnataka,TUMKUR,2010,Dry chillies,164.0
Karnataka,TUMKUR,2010,Maize,1062.0
Karnataka,TUMKUR,2010,Onion,511.0
Karnataka,TUMKUR,2010,Peas & beans (Pulses),360.0
Karnataka,TUMKUR,2010,Potato,15.0
Karnataka,TUMKUR,2010,Ragi,2970.0
Karnataka,TUMKUR,2010,Rice,31186.0
Karnataka,TUMKUR,2010,Sunflower,101.0
Karnataka,TUMKUR,2010,Arecanut,259664.0
Karnataka,TUMKUR,2010,Banana,102257.0
Karnataka,TUMKUR,2010,Black pepper,6.6
Karnataka,TUMKUR,2010,Cardamom,
Karnataka,TUMKUR,2010,Cashewnut,120.0
Karnataka,TUMKUR,2010,Coconut ,1347700.0
Karnataka,TUMKUR,2010,Coriander,3.0
Karnataka,TUMKUR,2010,Dry ginger,10.9
Karnataka,TUMKUR,2010,Garlic,1.0
Karnataka,TUMKUR,2010,Sugarcane,161452.0
Karnataka,TUMKUR,2010,Sweet potato,297.0
Karnataka,TUMKUR,2010,Tapioca,221.0
Karnataka,TUMKUR,2010,Tobacco,4.0
Karnataka,TUMKUR,2011,Arhar/Tur,4868.0
Karnataka,TUMKUR,2011,Bajra,64.0
Karnataka,TUMKUR,2011,Castor seed,2735.0
Karnataka,TUMKUR,2011,Cotton(lint),4046.0
Karnataka,TUMKUR,2011,Cowpea(Lobia),2196.0
Karnataka,TUMKUR,2011,Dry chillies,3288.0
Karnataka,TUMKUR,2011,Groundnut,20326.0
Karnataka,TUMKUR,2011,Horse-gram,9615.0
Karnataka,TUMKUR,2011,Jowar,160.0
Karnataka,TUMKUR,2011,Maize,57843.0
Karnataka,TUMKUR,2011,Moong(Green Gram),2490.0
Karnataka,TUMKUR,2011,Niger seed,267.0
Karnataka,TUMKUR,2011,Onion,4166.0
Karnataka,TUMKUR,2011,Other Kharif pulses,6546.0
Karnataka,TUMKUR,2011,Peas & beans (Pulses),358.0
Karnataka,TUMKUR,2011,Potato,190.0
Karnataka,TUMKUR,2011,Ragi,226360.0
Karnataka,TUMKUR,2011,Rice,56895.0
Karnataka,TUMKUR,2011,Sesamum,370.0
Karnataka,TUMKUR,2011,Small millets,815.0
Karnataka,TUMKUR,2011,Soyabean,1.0
Karnataka,TUMKUR,2011,Sunflower,2160.0
Karnataka,TUMKUR,2011,Urad,224.0
Karnataka,TUMKUR,2011,Cotton(lint),38.0
Karnataka,TUMKUR,2011,Cowpea(Lobia),32.0
Karnataka,TUMKUR,2011,Dry chillies,38.0
Karnataka,TUMKUR,2011,Gram,302.0
Karnataka,TUMKUR,2011,Groundnut,2177.0
Karnataka,TUMKUR,2011,Horse-gram,2025.0
Karnataka,TUMKUR,2011,Maize,583.0
Karnataka,TUMKUR,2011,Moong(Green Gram),16.0
Karnataka,TUMKUR,2011,Onion,40.0
Karnataka,TUMKUR,2011,Peas & beans (Pulses),193.0
Karnataka,TUMKUR,2011,Potato,24.0
Karnataka,TUMKUR,2011,Ragi,562.0
Karnataka,TUMKUR,2011,Rapeseed &Mustard,115.0
Karnataka,TUMKUR,2011,Rice,772.0
Karnataka,TUMKUR,2011,Sunflower,43.0
Karnataka,TUMKUR,2011,Urad,6.0
Karnataka,TUMKUR,2011,Dry chillies,25.0
Karnataka,TUMKUR,2011,Maize,1707.0
Karnataka,TUMKUR,2011,Onion,117.0
Karnataka,TUMKUR,2011,Peas & beans (Pulses),335.0
Karnataka,TUMKUR,2011,Potato,43.0
Karnataka,TUMKUR,2011,Ragi,2368.0
Karnataka,TUMKUR,2011,Rice,19498.0
Karnataka,TUMKUR,2011,Sunflower,68.0
Karnataka,TUMKUR,2011,Arecanut,217923.0
Karnataka,TUMKUR,2011,Banana,95339.0
Karnataka,TUMKUR,2011,Black pepper,0.3
Karnataka,TUMKUR,2011,Cashewnut,120.0
Karnataka,TUMKUR,2011,Coconut ,1351758.0
Karnataka,TUMKUR,2011,Coriander,24.0
Karnataka,TUMKUR,2011,Dry ginger,28.6
Karnataka,TUMKUR,2011,Sannhamp,2.0
Karnataka,TUMKUR,2011,Sugarcane,178606.0
Karnataka,TUMKUR,2011,Sweet potato,262.0
Karnataka,TUMKUR,2011,Tapioca,201.0
Karnataka,TUMKUR,2011,Tobacco,2.0
Karnataka,TUMKUR,2011,Turmeric,10.0
Karnataka,TUMKUR,2012,Arhar/Tur,3100.0
Karnataka,TUMKUR,2012,Bajra,94.0
Karnataka,TUMKUR,2012,Castor seed,1260.0
Karnataka,TUMKUR,2012,Cotton(lint),3167.0
Karnataka,TUMKUR,2012,Cowpea(Lobia),751.0
Karnataka,TUMKUR,2012,Dry chillies,1701.0
Karnataka,TUMKUR,2012,Groundnut,23699.0
Karnataka,TUMKUR,2012,Horse-gram,7754.0
Karnataka,TUMKUR,2012,Maize,56714.0
Karnataka,TUMKUR,2012,Moong(Green Gram),410.0
Karnataka,TUMKUR,2012,Niger seed,274.0
Karnataka,TUMKUR,2012,Onion,3624.0
Karnataka,TUMKUR,2012,Other Kharif pulses,4596.0
Karnataka,TUMKUR,2012,Potato,236.0
Karnataka,TUMKUR,2012,Ragi,149551.0
Karnataka,TUMKUR,2012,Rapeseed &Mustard,48.0
Karnataka,TUMKUR,2012,Rice,36131.0
Karnataka,TUMKUR,2012,Sesamum,145.0
Karnataka,TUMKUR,2012,Small millets,675.0
Karnataka,TUMKUR,2012,Sunflower,1493.0
Karnataka,TUMKUR,2012,Urad,3.0
Karnataka,TUMKUR,2012,Cowpea(Lobia),77.0
Karnataka,TUMKUR,2012,Dry chillies,22.0
Karnataka,TUMKUR,2012,Gram,182.0
Karnataka,TUMKUR,2012,Groundnut,29.0
Karnataka,TUMKUR,2012,Horse-gram,1582.0
Karnataka,TUMKUR,2012,Jowar,3291.0
Karnataka,TUMKUR,2012,Linseed,6.0
Karnataka,TUMKUR,2012,Maize,687.0
Karnataka,TUMKUR,2012,Other  Rabi pulses,3.0
Karnataka,TUMKUR,2012,Potato,51.0
Karnataka,TUMKUR,2012,Ragi,491.0
Karnataka,TUMKUR,2012,Rice,387.0
Karnataka,TUMKUR,2012,Sunflower,22.0
Karnataka,TUMKUR,2012,Cotton(lint),14.0
Karnataka,TUMKUR,2012,Dry chillies,6.0
Karnataka,TUMKUR,2012,Groundnut,1302.0
Karnataka,TUMKUR,2012,Jowar,119.0
Karnataka,TUMKUR,2012,Maize,1083.0
Karnataka,TUMKUR,2012,Onion,28.0
Karnataka,TUMKUR,2012,Potato,44.0
Karnataka,TUMKUR,2012,Ragi,1536.0
Karnataka,TUMKUR,2012,Rice,1201.0
Karnataka,TUMKUR,2012,Sunflower,70.0
Karnataka,TUMKUR,2012,Arecanut,226039.0
Karnataka,TUMKUR,2012,Black pepper,3.0
Karnataka,TUMKUR,2012,Cashewnut,117.0
Karnataka,TUMKUR,2012,Coconut ,1393593.0
Karnataka,TUMKUR,2012,Coriander,17.0
Karnataka,TUMKUR,2012,Dry ginger,478.0
Karnataka,TUMKUR,2012,Sannhamp,1.0
Karnataka,TUMKUR,2012,Sugarcane,147709.0
Karnataka,TUMKUR,2012,Sweet potato,512.0
Karnataka,TUMKUR,2012,Tapioca,116.0
Karnataka,TUMKUR,2012,Turmeric,38.0
Karnataka,TUMKUR,2013,Arhar/Tur,4240.0
Karnataka,TUMKUR,2013,Bajra,109.0
Karnataka,TUMKUR,2013,Castor seed,1478.0
Karnataka,TUMKUR,2013,Cotton(lint),1675.0
Karnataka,TUMKUR,2013,Cowpea(Lobia),1531.0
Karnataka,TUMKUR,2013,Dry chillies,2202.0
Karnataka,TUMKUR,2013,Groundnut,35230.0
Karnataka,TUMKUR,2013,Horse-gram,7885.0
Karnataka,TUMKUR,2013,Jowar,994.0
Karnataka,TUMKUR,2013,Maize,53678.0
Karnataka,TUMKUR,2013,Moong(Green Gram),607.0
Karnataka,TUMKUR,2013,Niger seed,153.0
Karnataka,TUMKUR,2013,Onion,3466.0
Karnataka,TUMKUR,2013,Other Kharif pulses,3571.0
Karnataka,TUMKUR,2013,Potato,99.0
Karnataka,TUMKUR,2013,Ragi,231462.0
Karnataka,TUMKUR,2013,Rapeseed &Mustard,66.0
Karnataka,TUMKUR,2013,Rice,34225.0
Karnataka,TUMKUR,2013,Sesamum,148.0
Karnataka,TUMKUR,2013,Small millets,903.0
Karnataka,TUMKUR,2013,Sunflower,818.0
Karnataka,TUMKUR,2013,Urad,19.0
Karnataka,TUMKUR,2013,Cotton(lint),4.0
Karnataka,TUMKUR,2013,Cowpea(Lobia),23.0
Karnataka,TUMKUR,2013,Dry chillies,27.0
Karnataka,TUMKUR,2013,Gram,185.0
Karnataka,TUMKUR,2013,Horse-gram,509.0
Karnataka,TUMKUR,2013,Linseed,
Karnataka,TUMKUR,2013,Maize,121.0
Karnataka,TUMKUR,2013,Moong(Green Gram),
Karnataka,TUMKUR,2013,Onion,162.0
Karnataka,TUMKUR,2013,Potato,122.0
Karnataka,TUMKUR,2013,Ragi,457.0
Karnataka,TUMKUR,2013,Rice,274.0
Karnataka,TUMKUR,2013,Safflower,21.0
Karnataka,TUMKUR,2013,Cotton(lint),25.0
Karnataka,TUMKUR,2013,Cowpea(Lobia),20.0
Karnataka,TUMKUR,2013,Dry chillies,106.0
Karnataka,TUMKUR,2013,Groundnut,1090.0
Karnataka,TUMKUR,2013,Jowar,93.0
Karnataka,TUMKUR,2013,Maize,487.0
Karnataka,TUMKUR,2013,Onion,911.0
Karnataka,TUMKUR,2013,Potato,14.0
Karnataka,TUMKUR,2013,Ragi,1837.0
Karnataka,TUMKUR,2013,Rice,3994.0
Karnataka,TUMKUR,2013,Sunflower,3.0
Karnataka,TUMKUR,2013,Arecanut,241183.0
Karnataka,TUMKUR,2013,Black pepper,2.0
Karnataka,TUMKUR,2013,Cashewnut,43.0
Karnataka,TUMKUR,2013,Coconut ,1139718.0
Karnataka,TUMKUR,2013,Dry ginger,221.0
Karnataka,TUMKUR,2013,Sugarcane,122691.0
Karnataka,TUMKUR,2013,Sweet potato,59.0
Karnataka,TUMKUR,2013,Tapioca,175.0
Karnataka,TUMKUR,2014,Arhar/Tur,2337.0
Karnataka,TUMKUR,2014,Bajra,358.0
Karnataka,TUMKUR,2014,Castor seed,1660.0
Karnataka,TUMKUR,2014,Cotton(lint),4507.0
Karnataka,TUMKUR,2014,Cowpea(Lobia),1530.0
Karnataka,TUMKUR,2014,Dry chillies,3262.0
Karnataka,TUMKUR,2014,Groundnut,42056.0
Karnataka,TUMKUR,2014,Horse-gram,8450.0
Karnataka,TUMKUR,2014,Jowar,14.0
Karnataka,TUMKUR,2014,Maize,66721.0
Karnataka,TUMKUR,2014,Moong(Green Gram),729.0
Karnataka,TUMKUR,2014,Niger seed,73.0
Karnataka,TUMKUR,2014,Onion,2844.0
Karnataka,TUMKUR,2014,Other Kharif pulses,4532.0
Karnataka,TUMKUR,2014,Potato,314.0
Karnataka,TUMKUR,2014,Ragi,323016.0
Karnataka,TUMKUR,2014,Rapeseed &Mustard,29.0
Karnataka,TUMKUR,2014,Rice,22713.0
Karnataka,TUMKUR,2014,Sesamum,27.0
Karnataka,TUMKUR,2014,Small millets,1009.0
Karnataka,TUMKUR,2014,Sunflower,1045.0
Karnataka,TUMKUR,2014,Urad,51.0
Karnataka,TUMKUR,2014,Cotton(lint),3.0
Karnataka,TUMKUR,2014,Cowpea(Lobia),35.0
Karnataka,TUMKUR,2014,Dry chillies,28.0
Karnataka,TUMKUR,2014,Gram,1359.0
Karnataka,TUMKUR,2014,Horse-gram,570.0
Karnataka,TUMKUR,2014,Jowar,1728.0
Karnataka,TUMKUR,2014,Linseed,10.0
Karnataka,TUMKUR,2014,Maize,246.0
Karnataka,TUMKUR,2014,Onion,99.0
Karnataka,TUMKUR,2014,Other  Rabi pulses,2.0
Karnataka,TUMKUR,2014,Potato,493.0
Karnataka,TUMKUR,2014,Ragi,378.0
Karnataka,TUMKUR,2014,Rice,165.0
Karnataka,TUMKUR,2014,Cotton(lint),17.0
Karnataka,TUMKUR,2014,Cowpea(Lobia),7.0
Karnataka,TUMKUR,2014,Dry chillies,44.0
Karnataka,TUMKUR,2014,Groundnut,2400.0
Karnataka,TUMKUR,2014,Jowar,955.0
Karnataka,TUMKUR,2014,Maize,476.0
Karnataka,TUMKUR,2014,Onion,74.0
Karnataka,TUMKUR,2014,Potato,110.0
Karnataka,TUMKUR,2014,Ragi,1075.0
Karnataka,TUMKUR,2014,Rice,4054.0
Karnataka,TUMKUR,2014,Sunflower,6.0
Karnataka,TUMKUR,2014,Arecanut,314901.0
Karnataka,TUMKUR,2014,Black pepper,182.0
Karnataka,TUMKUR,2014,Cashewnut,58.0
Karnataka,TUMKUR,2014,Coconut ,1283692.0
Karnataka,TUMKUR,2014,Coriander,1.0
Karnataka,TUMKUR,2014,Dry ginger,668.0
Karnataka,TUMKUR,2014,Garlic,7.0
Karnataka,TUMKUR,2014,Sugarcane,174515.0
Karnataka,TUMKUR,2014,Sweet potato,458.0
Karnataka,TUMKUR,2014,Tobacco,27.0
Karnataka,TUMKUR,2014,Turmeric,6.0
Karnataka,UDUPI,1998,Dry ginger,1507.0
Karnataka,UDUPI,1998,Groundnut,12.0
Karnataka,UDUPI,1998,Horse-gram,1554.0
Karnataka,UDUPI,1998,Moong(Green Gram),99.0
Karnataka,UDUPI,1998,Rice,94221.0
Karnataka,UDUPI,1998,Sesamum,166.0
Karnataka,UDUPI,1998,Groundnut,5885.0
Karnataka,UDUPI,1998,Horse-gram,102.0
Karnataka,UDUPI,1998,Moong(Green Gram),391.0
Karnataka,UDUPI,1998,Onion,62.0
Karnataka,UDUPI,1998,Rice,24573.0
Karnataka,UDUPI,1998,Rice,3312.0
Karnataka,UDUPI,1998,Arecanut,30376.0
Karnataka,UDUPI,1998,Black pepper,517.0
Karnataka,UDUPI,1998,Coconut ,55508.0
Karnataka,UDUPI,1998,Dry chillies,705.0
Karnataka,UDUPI,1998,Turmeric,458.0
Karnataka,UDUPI,1999,Rice,93170.0
Karnataka,UDUPI,1999,Rice,27686.0
Karnataka,UDUPI,1999,Rice,3052.0
Karnataka,UDUPI,2000,Dry ginger,1566.0
Karnataka,UDUPI,2000,Groundnut,4.0
Karnataka,UDUPI,2000,Rice,106050.0
Karnataka,UDUPI,2000,Sesamum,144.0
Karnataka,UDUPI,2000,Groundnut,3961.0
Karnataka,UDUPI,2000,Horse-gram,2783.0
Karnataka,UDUPI,2000,Moong(Green Gram),393.0
Karnataka,UDUPI,2000,Other  Rabi pulses,85.0
Karnataka,UDUPI,2000,Rice,27170.0
Karnataka,UDUPI,2000,Urad,2089.0
Karnataka,UDUPI,2000,Rice,2570.0
Karnataka,UDUPI,2000,Arecanut,7157.0
Karnataka,UDUPI,2000,Banana,20308.0
Karnataka,UDUPI,2000,Black pepper,563.0
Karnataka,UDUPI,2000,Coconut ,58637.0
Karnataka,UDUPI,2000,Dry chillies,571.0
Karnataka,UDUPI,2000,Onion,41.0
Karnataka,UDUPI,2000,Sugarcane,127919.0
Karnataka,UDUPI,2000,Sweet potato,3647.0
Karnataka,UDUPI,2000,Tapioca,573.0
Karnataka,UDUPI,2000,Turmeric,339.0
Karnataka,UDUPI,2001,Dry ginger,1495.0
Karnataka,UDUPI,2001,Groundnut,4247.0
Karnataka,UDUPI,2001,Rice,114744.0
Karnataka,UDUPI,2001,Sesamum,95.0
Karnataka,UDUPI,2001,Horse-gram,1533.0
Karnataka,UDUPI,2001,Moong(Green Gram),167.0
Karnataka,UDUPI,2001,Other  Rabi pulses,79.0
Karnataka,UDUPI,2001,Rice,23456.0
Karnataka,UDUPI,2001,Urad,2810.0
Karnataka,UDUPI,2001,Rice,1402.0
Karnataka,UDUPI,2001,Arecanut,8700.0
Karnataka,UDUPI,2001,Black pepper,598.0
Karnataka,UDUPI,2001,Coconut ,59777.0
Karnataka,UDUPI,2001,Dry chillies,457.0
Karnataka,UDUPI,2001,Onion,86.0
Karnataka,UDUPI,2001,Sugarcane,75340.0
Karnataka,UDUPI,2001,Turmeric,320.0
Karnataka,UDUPI,2002,Dry ginger,1283.0
Karnataka,UDUPI,2002,Rice,107809.0
Karnataka,UDUPI,2002,Sesamum,70.0
Karnataka,UDUPI,2002,Groundnut,3290.0
Karnataka,UDUPI,2002,Horse-gram,1647.0
Karnataka,UDUPI,2002,Moong(Green Gram),71.0
Karnataka,UDUPI,2002,Rice,23960.0
Karnataka,UDUPI,2002,Urad,841.0
Karnataka,UDUPI,2002,Rice,1132.0
Karnataka,UDUPI,2002,Arcanut (Processed),8795.0
Karnataka,UDUPI,2002,Atcanut (Raw),41266.0
Karnataka,UDUPI,2002,Banana,17924.0
Karnataka,UDUPI,2002,Black pepper,600.0
Karnataka,UDUPI,2002,Brinjal,2365.0
Karnataka,UDUPI,2002,Cashewnut Processed,2863.0
Karnataka,UDUPI,2002,Cashewnut Raw,11414.0
Karnataka,UDUPI,2002,Citrus Fruit,1232.0
Karnataka,UDUPI,2002,Coconut ,60528.0
Karnataka,UDUPI,2002,Dry chillies,599.0
Karnataka,UDUPI,2002,Mango,4648.0
Karnataka,UDUPI,2002,Onion,66.0
Karnataka,UDUPI,2002,Other Fresh Fruits,2521.0
Karnataka,UDUPI,2002,Papaya,124.0
Karnataka,UDUPI,2002,Pome Fruit,92.0
Karnataka,UDUPI,2002,Sugarcane,29170.0
Karnataka,UDUPI,2002,Sweet potato,3430.0
Karnataka,UDUPI,2002,Tapioca,542.0
Karnataka,UDUPI,2002,Turmeric,392.0
Karnataka,UDUPI,2003,Dry ginger,1283.0
Karnataka,UDUPI,2003,Rice,126487.0
Karnataka,UDUPI,2003,Sesamum,46.0
Karnataka,UDUPI,2003,Groundnut,3138.0
Karnataka,UDUPI,2003,Horse-gram,975.0
Karnataka,UDUPI,2003,Moong(Green Gram),52.0
Karnataka,UDUPI,2003,Other  Rabi pulses,43.0
Karnataka,UDUPI,2003,Rice,30362.0
Karnataka,UDUPI,2003,Urad,3550.0
Karnataka,UDUPI,2003,Rice,804.0
Karnataka,UDUPI,2003,Arecanut,8838.0
Karnataka,UDUPI,2003,Banana,5866.0
Karnataka,UDUPI,2003,Black pepper,602.0
Karnataka,UDUPI,2003,Brinjal,4199.0
Karnataka,UDUPI,2003,Citrus Fruit,1107.0
Karnataka,UDUPI,2003,Coconut ,61126.0
Karnataka,UDUPI,2003,Dry chillies,831.0
Karnataka,UDUPI,2003,Mango,2184.0
Karnataka,UDUPI,2003,Onion,42.0
Karnataka,UDUPI,2003,Other Fresh Fruits,617.0
Karnataka,UDUPI,2003,Pome Fruit,61.0
Karnataka,UDUPI,2003,Sugarcane,1901.0
Karnataka,UDUPI,2003,Sweet potato,3090.0
Karnataka,UDUPI,2003,Tapioca,526.0
Karnataka,UDUPI,2003,Turmeric,279.0
Karnataka,UDUPI,2004,Dry ginger,1236.0
Karnataka,UDUPI,2004,Horse-gram,483.0
Karnataka,UDUPI,2004,Moong(Green Gram),7.0
Karnataka,UDUPI,2004,Other Kharif pulses,103.0
Karnataka,UDUPI,2004,Rice,124492.27
Karnataka,UDUPI,2004,Sesamum,48.0
Karnataka,UDUPI,2004,Urad,683.0
Karnataka,UDUPI,2004,Groundnut,3423.0
Karnataka,UDUPI,2004,Horse-gram,2.0
Karnataka,UDUPI,2004,Moong(Green Gram),12.0
Karnataka,UDUPI,2004,Other  Rabi pulses,14.0
Karnataka,UDUPI,2004,Rice,34153.0
Karnataka,UDUPI,2004,Urad,109.0
Karnataka,UDUPI,2004,Rice,792.0
Karnataka,UDUPI,2004,Arecanut,8954.0
Karnataka,UDUPI,2004,Banana,922.0
Karnataka,UDUPI,2004,Black pepper,628.0
Karnataka,UDUPI,2004,Coconut ,623687.68
Karnataka,UDUPI,2004,Dry chillies,347.0
Karnataka,UDUPI,2004,Onion,36.0
Karnataka,UDUPI,2004,Sweet potato,2718.0
Karnataka,UDUPI,2004,Tapioca,518.0
Karnataka,UDUPI,2004,Turmeric,228.0
Karnataka,UDUPI,2005,Dry chillies,81.0
Karnataka,UDUPI,2005,Rice,132551.0
Karnataka,UDUPI,2005,Sesamum,91.0
Karnataka,UDUPI,2005,Dry chillies,534.0
Karnataka,UDUPI,2005,Gram,7.0
Karnataka,UDUPI,2005,Groundnut,3899.0
Karnataka,UDUPI,2005,Horse-gram,836.0
Karnataka,UDUPI,2005,Maize,114.0
Karnataka,UDUPI,2005,Moong(Green Gram),51.0
Karnataka,UDUPI,2005,Onion,21.0
Karnataka,UDUPI,2005,Other  Rabi pulses,74.0
Karnataka,UDUPI,2005,Rapeseed &Mustard,5.0
Karnataka,UDUPI,2005,Rice,22966.0
Karnataka,UDUPI,2005,Sunflower,2.0
Karnataka,UDUPI,2005,Urad,3368.0
Karnataka,UDUPI,2005,Dry chillies,311.0
Karnataka,UDUPI,2005,Maize,3.0
Karnataka,UDUPI,2005,Rice,338.0
Karnataka,UDUPI,2005,Arecanut,42915.0
Karnataka,UDUPI,2005,Banana,482.0
Karnataka,UDUPI,2005,Black pepper,649.0
Karnataka,UDUPI,2005,Coconut ,63504.0
Karnataka,UDUPI,2005,Dry ginger,1260.0
Karnataka,UDUPI,2005,Sugarcane,972.0
Karnataka,UDUPI,2005,Sweet potato,2675.0
Karnataka,UDUPI,2005,Tapioca,455.0
Karnataka,UDUPI,2005,Turmeric,374.0
Karnataka,UDUPI,2006,Rapeseed &Mustard,6.0
Karnataka,UDUPI,2006,Rice,131763.0
Karnataka,UDUPI,2006,Sesamum,69.0
Karnataka,UDUPI,2006,Gram,2.0
Karnataka,UDUPI,2006,Groundnut,4015.0
Karnataka,UDUPI,2006,Horse-gram,806.0
Karnataka,UDUPI,2006,Maize,95.0
Karnataka,UDUPI,2006,Moong(Green Gram),61.0
Karnataka,UDUPI,2006,Other  Rabi pulses,180.0
Karnataka,UDUPI,2006,Rice,24184.0
Karnataka,UDUPI,2006,Sunflower,2.0
Karnataka,UDUPI,2006,Urad,3671.0
Karnataka,UDUPI,2006,Maize,19.0
Karnataka,UDUPI,2006,Rice,404.0
Karnataka,UDUPI,2006,Arecanut,9230.0
Karnataka,UDUPI,2006,Banana,1812.0
Karnataka,UDUPI,2006,Black pepper,665.0
Karnataka,UDUPI,2006,Coconut ,63931.0
Karnataka,UDUPI,2006,Dry chillies,853.0
Karnataka,UDUPI,2006,Dry ginger,1142.0
Karnataka,UDUPI,2006,Onion,6.0
Karnataka,UDUPI,2006,Sugarcane,874.0
Karnataka,UDUPI,2006,Sweet potato,2433.0
Karnataka,UDUPI,2006,Tapioca,471.0
Karnataka,UDUPI,2006,Turmeric,369.0
Karnataka,UDUPI,2007,Dry chillies,107.0
Karnataka,UDUPI,2007,Rice,124387.0
Karnataka,UDUPI,2007,Sesamum,37.0
Karnataka,UDUPI,2007,Dry chillies,325.0
Karnataka,UDUPI,2007,Groundnut,4279.0
Karnataka,UDUPI,2007,Horse-gram,880.0
Karnataka,UDUPI,2007,Maize,54.0
Karnataka,UDUPI,2007,Moong(Green Gram),67.0
Karnataka,UDUPI,2007,Other  Rabi pulses,174.0
Karnataka,UDUPI,2007,Rice,23099.0
Karnataka,UDUPI,2007,Urad,2404.0
Karnataka,UDUPI,2007,Dry chillies,61.0
Karnataka,UDUPI,2007,Maize,13.0
Karnataka,UDUPI,2007,Rice,343.0
Karnataka,UDUPI,2007,Arecanut,44313.0
Karnataka,UDUPI,2007,Banana,6421.0
Karnataka,UDUPI,2007,Black pepper,914.0
Karnataka,UDUPI,2007,Coconut ,73730.0
Karnataka,UDUPI,2007,Dry ginger,1970.0
Karnataka,UDUPI,2007,Sugarcane,592.0
Karnataka,UDUPI,2007,Sweet potato,2464.0
Karnataka,UDUPI,2007,Tapioca,487.0
Karnataka,UDUPI,2007,Turmeric,630.0
Karnataka,UDUPI,2008,Dry chillies,112.0
Karnataka,UDUPI,2008,Rice,117825.84
Karnataka,UDUPI,2008,Sesamum,52.0
Karnataka,UDUPI,2008,Dry chillies,295.0
Karnataka,UDUPI,2008,Groundnut,4167.0
Karnataka,UDUPI,2008,Horse-gram,770.0
Karnataka,UDUPI,2008,Maize,123.0
Karnataka,UDUPI,2008,Moong(Green Gram),62.0
Karnataka,UDUPI,2008,Other  Rabi pulses,179.0
Karnataka,UDUPI,2008,Rice,22594.0
Karnataka,UDUPI,2008,Urad,2805.0
Karnataka,UDUPI,2008,Dry chillies,49.0
Karnataka,UDUPI,2008,Maize,19.0
Karnataka,UDUPI,2008,Rice,336.0
Karnataka,UDUPI,2008,Arecanut,45820.0
Karnataka,UDUPI,2008,Banana,11282.0
Karnataka,UDUPI,2008,Black pepper,1258.0
Karnataka,UDUPI,2008,Cashewnut,12273.67
Karnataka,UDUPI,2008,Coconut ,118416.0
Karnataka,UDUPI,2008,Dry ginger,3154.0
Karnataka,UDUPI,2008,Sugarcane,864.0
Karnataka,UDUPI,2008,Sweet potato,3846.0
Karnataka,UDUPI,2008,Tapioca,582.0
Karnataka,UDUPI,2008,Turmeric,342.0
Karnataka,UDUPI,2009,Rice,116481.07
Karnataka,UDUPI,2009,Sesamum,28.0
Karnataka,UDUPI,2009,Dry chillies,471.0
Karnataka,UDUPI,2009,Gram,395.0
Karnataka,UDUPI,2009,Groundnut,4479.0
Karnataka,UDUPI,2009,Horse-gram,395.0
Karnataka,UDUPI,2009,Maize,32.0
Karnataka,UDUPI,2009,Moong(Green Gram),32.0
Karnataka,UDUPI,2009,Other  Rabi pulses,120.0
Karnataka,UDUPI,2009,Rice,21400.0
Karnataka,UDUPI,2009,Urad,2331.0
Karnataka,UDUPI,2009,Dry chillies,46.0
Karnataka,UDUPI,2009,Maize,8.0
Karnataka,UDUPI,2009,Rice,316.0
Karnataka,UDUPI,2009,Arecanut,49084.0
Karnataka,UDUPI,2009,Banana,23835.0
Karnataka,UDUPI,2009,Black pepper,1091.0
Karnataka,UDUPI,2009,Cashewnut,15293.0
Karnataka,UDUPI,2009,Coconut ,130132.0
Karnataka,UDUPI,2009,Dry ginger,2960.0
Karnataka,UDUPI,2009,Sugarcane,5373.0
Karnataka,UDUPI,2009,Sweet potato,2103.0
Karnataka,UDUPI,2009,Tapioca,547.0
Karnataka,UDUPI,2009,Turmeric,433.0
Karnataka,UDUPI,2010,Dry chillies,72.0
Karnataka,UDUPI,2010,Rice,122102.0
Karnataka,UDUPI,2010,Sesamum,31.0
Karnataka,UDUPI,2010,Cowpea(Lobia),92.0
Karnataka,UDUPI,2010,Dry chillies,340.0
Karnataka,UDUPI,2010,Groundnut,3699.0
Karnataka,UDUPI,2010,Horse-gram,187.0
Karnataka,UDUPI,2010,Maize,50.0
Karnataka,UDUPI,2010,Moong(Green Gram),22.0
Karnataka,UDUPI,2010,Rice,19578.0
Karnataka,UDUPI,2010,Urad,2088.0
Karnataka,UDUPI,2010,Dry chillies,24.0
Karnataka,UDUPI,2010,Maize,10.0
Karnataka,UDUPI,2010,Rice,382.0
Karnataka,UDUPI,2010,Arecanut,86311.0
Karnataka,UDUPI,2010,Banana,26014.0
Karnataka,UDUPI,2010,Black pepper,207.1
Karnataka,UDUPI,2010,Cashewnut,9117.0
Karnataka,UDUPI,2010,Coconut ,154889.0
Karnataka,UDUPI,2010,Dry ginger,314.8
Karnataka,UDUPI,2010,Sugarcane,6589.0
Karnataka,UDUPI,2010,Sweet potato,1754.0
Karnataka,UDUPI,2010,Tapioca,597.0
Karnataka,UDUPI,2010,Turmeric,287.0
Karnataka,UDUPI,2011,Dry chillies,67.0
Karnataka,UDUPI,2011,Rice,121037.0
Karnataka,UDUPI,2011,Sesamum,22.0
Karnataka,UDUPI,2011,Cowpea(Lobia),121.0
Karnataka,UDUPI,2011,Dry chillies,231.0
Karnataka,UDUPI,2011,Groundnut,4904.0
Karnataka,UDUPI,2011,Horse-gram,187.0
Karnataka,UDUPI,2011,Maize,29.0
Karnataka,UDUPI,2011,Moong(Green Gram),25.0
Karnataka,UDUPI,2011,Rice,18951.0
Karnataka,UDUPI,2011,Urad,2628.0
Karnataka,UDUPI,2011,Dry chillies,21.0
Karnataka,UDUPI,2011,Maize,44.0
Karnataka,UDUPI,2011,Rice,231.0
Karnataka,UDUPI,2011,Arecanut,57642.0
Karnataka,UDUPI,2011,Banana,28143.0
Karnataka,UDUPI,2011,Black pepper,98.2
Karnataka,UDUPI,2011,Cashewnut,7110.0
Karnataka,UDUPI,2011,Coconut ,171739.0
Karnataka,UDUPI,2011,Dry ginger,283.2
Karnataka,UDUPI,2011,Sugarcane,5107.0
Karnataka,UDUPI,2011,Sweet potato,1437.0
Karnataka,UDUPI,2011,Tapioca,496.0
Karnataka,UDUPI,2011,Turmeric,246.0
Karnataka,UDUPI,2012,Dry chillies,66.0
Karnataka,UDUPI,2012,Rice,110579.0
Karnataka,UDUPI,2012,Cowpea(Lobia),53.0
Karnataka,UDUPI,2012,Dry chillies,246.0
Karnataka,UDUPI,2012,Groundnut,2821.0
Karnataka,UDUPI,2012,Horse-gram,121.0
Karnataka,UDUPI,2012,Maize,33.0
Karnataka,UDUPI,2012,Moong(Green Gram),4.0
Karnataka,UDUPI,2012,Rice,15362.0
Karnataka,UDUPI,2012,Urad,1939.0
Karnataka,UDUPI,2012,Cowpea(Lobia),42.0
Karnataka,UDUPI,2012,Dry chillies,17.0
Karnataka,UDUPI,2012,Maize,14.0
Karnataka,UDUPI,2012,Rice,221.0
Karnataka,UDUPI,2012,Arecanut,58405.0
Karnataka,UDUPI,2012,Black pepper,960.0
Karnataka,UDUPI,2012,Cashewnut,6898.0
Karnataka,UDUPI,2012,Coconut ,172475.0
Karnataka,UDUPI,2012,Dry ginger,2358.0
Karnataka,UDUPI,2012,Sugarcane,5518.0
Karnataka,UDUPI,2012,Sweet potato,1279.0
Karnataka,UDUPI,2012,Tapioca,454.0
Karnataka,UDUPI,2012,Turmeric,204.0
Karnataka,UDUPI,2013,Dry chillies,72.0
Karnataka,UDUPI,2013,Rice,120373.0
Karnataka,UDUPI,2013,Sesamum,1.0
Karnataka,UDUPI,2013,Cowpea(Lobia),45.0
Karnataka,UDUPI,2013,Dry chillies,157.0
Karnataka,UDUPI,2013,Groundnut,3472.0
Karnataka,UDUPI,2013,Horse-gram,103.0
Karnataka,UDUPI,2013,Maize,46.0
Karnataka,UDUPI,2013,Moong(Green Gram),9.0
Karnataka,UDUPI,2013,Rice,17231.0
Karnataka,UDUPI,2013,Urad,1871.0
Karnataka,UDUPI,2013,Cowpea(Lobia),53.0
Karnataka,UDUPI,2013,Dry chillies,13.0
Karnataka,UDUPI,2013,Maize,26.0
Karnataka,UDUPI,2013,Rice,291.0
Karnataka,UDUPI,2013,Arecanut,60751.0
Karnataka,UDUPI,2013,Black pepper,1015.0
Karnataka,UDUPI,2013,Cashewnut,7032.0
Karnataka,UDUPI,2013,Coconut ,177939.0
Karnataka,UDUPI,2013,Dry ginger,1548.0
Karnataka,UDUPI,2013,Sugarcane,4912.0
Karnataka,UDUPI,2013,Sweet potato,1140.0
Karnataka,UDUPI,2013,Tapioca,280.0
Karnataka,UDUPI,2013,Turmeric,252.0
Karnataka,UDUPI,2014,Dry chillies,71.0
Karnataka,UDUPI,2014,Rice,119359.0
Karnataka,UDUPI,2014,Sesamum,1.0
Karnataka,UDUPI,2014,Cowpea(Lobia),33.0
Karnataka,UDUPI,2014,Dry chillies,148.0
Karnataka,UDUPI,2014,Groundnut,3647.0
Karnataka,UDUPI,2014,Horse-gram,71.0
Karnataka,UDUPI,2014,Maize,98.0
Karnataka,UDUPI,2014,Moong(Green Gram),12.0
Karnataka,UDUPI,2014,Rice,17690.0
Karnataka,UDUPI,2014,Urad,1868.0
Karnataka,UDUPI,2014,Cowpea(Lobia),44.0
Karnataka,UDUPI,2014,Dry chillies,10.0
Karnataka,UDUPI,2014,Maize,3.0
Karnataka,UDUPI,2014,Rice,283.0
Karnataka,UDUPI,2014,Arecanut,109506.0
Karnataka,UDUPI,2014,Black pepper,2066.0
Karnataka,UDUPI,2014,Cashewnut,6217.0
Karnataka,UDUPI,2014,Coconut ,313547.0
Karnataka,UDUPI,2014,Dry ginger,1423.0
Karnataka,UDUPI,2014,Sugarcane,3830.0
Karnataka,UDUPI,2014,Sweet potato,3053.0
Karnataka,UDUPI,2014,Tapioca,269.0
Karnataka,UDUPI,2014,Turmeric,311.0
Karnataka,UTTARA KANNADA,1997,Arhar/Tur,51.0
Karnataka,UTTARA KANNADA,1997,Black pepper,29.0
Karnataka,UTTARA KANNADA,1997,Dry chillies,331.0
Karnataka,UTTARA KANNADA,1997,Dry ginger,14.0
Karnataka,UTTARA KANNADA,1997,Groundnut,520.0
Karnataka,UTTARA KANNADA,1997,Horse-gram,112.0
Karnataka,UTTARA KANNADA,1997,Jowar,150.0
Karnataka,UTTARA KANNADA,1997,Maize,174.0
Karnataka,UTTARA KANNADA,1997,Paddy,192088.0
Karnataka,UTTARA KANNADA,1997,Ragi,92.0
Karnataka,UTTARA KANNADA,1997,Rice,128113.0
Karnataka,UTTARA KANNADA,1997,Dry chillies,28.0
Karnataka,UTTARA KANNADA,1997,Groundnut,4467.0
Karnataka,UTTARA KANNADA,1997,Horse-gram,1052.0
Karnataka,UTTARA KANNADA,1997,Jowar,27.0
Karnataka,UTTARA KANNADA,1997,Maize,6.0
Karnataka,UTTARA KANNADA,1997,Paddy,7327.0
Karnataka,UTTARA KANNADA,1997,Ragi,22.0
Karnataka,UTTARA KANNADA,1997,Rice,4888.0
Karnataka,UTTARA KANNADA,1997,Jowar,170.0
Karnataka,UTTARA KANNADA,1997,Paddy,7329.0
Karnataka,UTTARA KANNADA,1997,Rice,4888.0
Karnataka,UTTARA KANNADA,1997,Arecanut,12727.0
Karnataka,UTTARA KANNADA,1997,Cardamom,24.0
Karnataka,UTTARA KANNADA,1997,Sugarcane,99400.0
Karnataka,UTTARA KANNADA,1997,Turmeric,56.0
Karnataka,UTTARA KANNADA,1998,Arhar/Tur,95.0
Karnataka,UTTARA KANNADA,1998,Cotton(lint),14823.0
Karnataka,UTTARA KANNADA,1998,Dry ginger,102.0
Karnataka,UTTARA KANNADA,1998,Groundnut,713.0
Karnataka,UTTARA KANNADA,1998,Horse-gram,120.0
Karnataka,UTTARA KANNADA,1998,Jowar,218.0
Karnataka,UTTARA KANNADA,1998,Maize,92.0
Karnataka,UTTARA KANNADA,1998,Moong(Green Gram),1.0
Karnataka,UTTARA KANNADA,1998,Ragi,96.0
Karnataka,UTTARA KANNADA,1998,Rapeseed &Mustard,1.0
Karnataka,UTTARA KANNADA,1998,Rice,146655.0
Karnataka,UTTARA KANNADA,1998,Sesamum,4.0
Karnataka,UTTARA KANNADA,1998,Gram,70.0
Karnataka,UTTARA KANNADA,1998,Groundnut,6409.0
Karnataka,UTTARA KANNADA,1998,Horse-gram,776.0
Karnataka,UTTARA KANNADA,1998,Jowar,35.0
Karnataka,UTTARA KANNADA,1998,Linseed,15.0
Karnataka,UTTARA KANNADA,1998,Maize,2.0
Karnataka,UTTARA KANNADA,1998,Moong(Green Gram),1111.0
Karnataka,UTTARA KANNADA,1998,Ragi,16.0
Karnataka,UTTARA KANNADA,1998,Rice,4738.0
Karnataka,UTTARA KANNADA,1998,Sunflower,23.0
Karnataka,UTTARA KANNADA,1998,Onion,4890.0
Karnataka,UTTARA KANNADA,1998,Ragi,4.0
Karnataka,UTTARA KANNADA,1998,Rice,5646.0
Karnataka,UTTARA KANNADA,1998,Arecanut,63023.0
Karnataka,UTTARA KANNADA,1998,Black pepper,303.0
Karnataka,UTTARA KANNADA,1998,Cardamom,25.0
Karnataka,UTTARA KANNADA,1998,Coconut ,26748.0
Karnataka,UTTARA KANNADA,1998,Dry chillies,111.0
Karnataka,UTTARA KANNADA,1998,Turmeric,41.0
Karnataka,UTTARA KANNADA,1999,Arhar/Tur,121.0
Karnataka,UTTARA KANNADA,1999,Cotton(lint),7351.0
Karnataka,UTTARA KANNADA,1999,Dry ginger,153.0
Karnataka,UTTARA KANNADA,1999,Groundnut,428.0
Karnataka,UTTARA KANNADA,1999,Horse-gram,83.0
Karnataka,UTTARA KANNADA,1999,Jowar,117.0
Karnataka,UTTARA KANNADA,1999,Maize,175.0
Karnataka,UTTARA KANNADA,1999,Mesta,28.0
Karnataka,UTTARA KANNADA,1999,Other Kharif pulses,1.0
Karnataka,UTTARA KANNADA,1999,Ragi,36.0
Karnataka,UTTARA KANNADA,1999,Rice,136236.0
Karnataka,UTTARA KANNADA,1999,Sesamum,6.0
Karnataka,UTTARA KANNADA,1999,Soyabean,1.0
Karnataka,UTTARA KANNADA,1999,Sunflower,1.0
Karnataka,UTTARA KANNADA,1999,Gram,67.0
Karnataka,UTTARA KANNADA,1999,Groundnut,5357.0
Karnataka,UTTARA KANNADA,1999,Horse-gram,611.0
Karnataka,UTTARA KANNADA,1999,Jowar,41.0
Karnataka,UTTARA KANNADA,1999,Linseed,17.0
Karnataka,UTTARA KANNADA,1999,Maize,3.0
Karnataka,UTTARA KANNADA,1999,Moong(Green Gram),973.0
Karnataka,UTTARA KANNADA,1999,Other  Rabi pulses,358.0
Karnataka,UTTARA KANNADA,1999,Ragi,14.0
Karnataka,UTTARA KANNADA,1999,Rapeseed &Mustard,1.0
Karnataka,UTTARA KANNADA,1999,Rice,5064.0
Karnataka,UTTARA KANNADA,1999,Safflower,2.0
Karnataka,UTTARA KANNADA,1999,Sunflower,32.0
Karnataka,UTTARA KANNADA,1999,Urad,442.0
Karnataka,UTTARA KANNADA,1999,Ragi,1.0
Karnataka,UTTARA KANNADA,1999,Rice,7304.0
Karnataka,UTTARA KANNADA,1999,Sunflower,1.0
Karnataka,UTTARA KANNADA,1999,Banana,39382.0
Karnataka,UTTARA KANNADA,1999,Black pepper,345.0
Karnataka,UTTARA KANNADA,1999,Cardamom,25.0
Karnataka,UTTARA KANNADA,1999,Coconut ,27608.0
Karnataka,UTTARA KANNADA,1999,Dry chillies,19.0
Karnataka,UTTARA KANNADA,1999,Onion,886.0
Karnataka,UTTARA KANNADA,1999,Sannhamp,2.0
Karnataka,UTTARA KANNADA,1999,Sugarcane,164266.0
Karnataka,UTTARA KANNADA,1999,Sweet potato,368.0
Karnataka,UTTARA KANNADA,1999,Turmeric,39.0
Karnataka,UTTARA KANNADA,2000,Arhar/Tur,63.0
Karnataka,UTTARA KANNADA,2000,Cotton(lint),12536.0
Karnataka,UTTARA KANNADA,2000,Dry ginger,1057.0
Karnataka,UTTARA KANNADA,2000,Groundnut,740.0
Karnataka,UTTARA KANNADA,2000,Horse-gram,109.0
Karnataka,UTTARA KANNADA,2000,Jowar,148.0
Karnataka,UTTARA KANNADA,2000,Maize,505.0
Karnataka,UTTARA KANNADA,2000,Mesta,7.0
Karnataka,UTTARA KANNADA,2000,Other Kharif pulses,8.0
Karnataka,UTTARA KANNADA,2000,Ragi,53.0
Karnataka,UTTARA KANNADA,2000,Rice,145985.0
Karnataka,UTTARA KANNADA,2000,Sesamum,5.0
Karnataka,UTTARA KANNADA,2000,Soyabean,1.0
Karnataka,UTTARA KANNADA,2000,Sunflower,0.1
Karnataka,UTTARA KANNADA,2000,Gram,40.0
Karnataka,UTTARA KANNADA,2000,Groundnut,4342.0
Karnataka,UTTARA KANNADA,2000,Horse-gram,888.0
Karnataka,UTTARA KANNADA,2000,Jowar,33.0
Karnataka,UTTARA KANNADA,2000,Linseed,14.0
Karnataka,UTTARA KANNADA,2000,Maize,2.0
Karnataka,UTTARA KANNADA,2000,Moong(Green Gram),455.0
Karnataka,UTTARA KANNADA,2000,Other  Rabi pulses,151.0
Karnataka,UTTARA KANNADA,2000,Ragi,39.0
Karnataka,UTTARA KANNADA,2000,Rapeseed &Mustard,3.0
Karnataka,UTTARA KANNADA,2000,Rice,5044.0
Karnataka,UTTARA KANNADA,2000,Safflower,2.0
Karnataka,UTTARA KANNADA,2000,Sunflower,20.0
Karnataka,UTTARA KANNADA,2000,Urad,351.0
Karnataka,UTTARA KANNADA,2000,Rice,6943.0
Karnataka,UTTARA KANNADA,2000,Arecanut,15169.0
Karnataka,UTTARA KANNADA,2000,Banana,24163.0
Karnataka,UTTARA KANNADA,2000,Black pepper,330.0
Karnataka,UTTARA KANNADA,2000,Cardamom,20.0
Karnataka,UTTARA KANNADA,2000,Coconut ,28093.0
Karnataka,UTTARA KANNADA,2000,Dry chillies,47.0
Karnataka,UTTARA KANNADA,2000,Onion,441.0
Karnataka,UTTARA KANNADA,2000,Sugarcane,126709.0
Karnataka,UTTARA KANNADA,2000,Sweet potato,317.0
Karnataka,UTTARA KANNADA,2000,Turmeric,44.0
Karnataka,UTTARA KANNADA,2001,Arhar/Tur,43.0
Karnataka,UTTARA KANNADA,2001,Cotton(lint),10033.0
Karnataka,UTTARA KANNADA,2001,Dry ginger,637.0
Karnataka,UTTARA KANNADA,2001,Groundnut,5166.0
Karnataka,UTTARA KANNADA,2001,Horse-gram,82.0
Karnataka,UTTARA KANNADA,2001,Jowar,94.0
Karnataka,UTTARA KANNADA,2001,Maize,112.0
Karnataka,UTTARA KANNADA,2001,Mesta,7.0
Karnataka,UTTARA KANNADA,2001,Other Kharif pulses,1.0
Karnataka,UTTARA KANNADA,2001,Ragi,44.0
Karnataka,UTTARA KANNADA,2001,Rice,87420.0
Karnataka,UTTARA KANNADA,2001,Sesamum,2.0
Karnataka,UTTARA KANNADA,2001,Sunflower,
Karnataka,UTTARA KANNADA,2001,Gram,12.0
Karnataka,UTTARA KANNADA,2001,Horse-gram,175.0
Karnataka,UTTARA KANNADA,2001,Jowar,2.0
Karnataka,UTTARA KANNADA,2001,Linseed,2.0
Karnataka,UTTARA KANNADA,2001,Moong(Green Gram),212.0
Karnataka,UTTARA KANNADA,2001,Other  Rabi pulses,55.0
Karnataka,UTTARA KANNADA,2001,Ragi,25.0
Karnataka,UTTARA KANNADA,2001,Rice,4459.0
Karnataka,UTTARA KANNADA,2001,Sunflower,21.0
Karnataka,UTTARA KANNADA,2001,Urad,241.0
Karnataka,UTTARA KANNADA,2001,Rice,2638.0
Karnataka,UTTARA KANNADA,2001,Arecanut,15608.0
Karnataka,UTTARA KANNADA,2001,Black pepper,389.0
Karnataka,UTTARA KANNADA,2001,Coconut ,28864.0
Karnataka,UTTARA KANNADA,2001,Dry chillies,21.0
Karnataka,UTTARA KANNADA,2001,Onion,1081.0
Karnataka,UTTARA KANNADA,2001,Sugarcane,109658.0
Karnataka,UTTARA KANNADA,2001,Turmeric,62.0
Karnataka,UTTARA KANNADA,2002,Arhar/Tur,92.0
Karnataka,UTTARA KANNADA,2002,Cotton(lint),8308.0
Karnataka,UTTARA KANNADA,2002,Dry ginger,229.0
Karnataka,UTTARA KANNADA,2002,Groundnut,338.0
Karnataka,UTTARA KANNADA,2002,Horse-gram,47.0
Karnataka,UTTARA KANNADA,2002,Jowar,38.0
Karnataka,UTTARA KANNADA,2002,Maize,171.0
Karnataka,UTTARA KANNADA,2002,Mesta,2.0
Karnataka,UTTARA KANNADA,2002,Moong(Green Gram),1.0
Karnataka,UTTARA KANNADA,2002,Other Kharif pulses,7.0
Karnataka,UTTARA KANNADA,2002,Ragi,20.0
Karnataka,UTTARA KANNADA,2002,Rice,96656.0
Karnataka,UTTARA KANNADA,2002,Sesamum,2.0
Karnataka,UTTARA KANNADA,2002,Sunflower,1.0
Karnataka,UTTARA KANNADA,2002,Gram,6.0
Karnataka,UTTARA KANNADA,2002,Groundnut,5136.0
Karnataka,UTTARA KANNADA,2002,Horse-gram,88.0
Karnataka,UTTARA KANNADA,2002,Jowar,1.0
Karnataka,UTTARA KANNADA,2002,Linseed,5.0
Karnataka,UTTARA KANNADA,2002,Maize,3.0
Karnataka,UTTARA KANNADA,2002,Moong(Green Gram),90.0
Karnataka,UTTARA KANNADA,2002,Other  Rabi pulses,62.0
Karnataka,UTTARA KANNADA,2002,Ragi,6.0
Karnataka,UTTARA KANNADA,2002,Rapeseed &Mustard,0.1
Karnataka,UTTARA KANNADA,2002,Rice,3710.0
Karnataka,UTTARA KANNADA,2002,Sunflower,10.0
Karnataka,UTTARA KANNADA,2002,Urad,77.0
Karnataka,UTTARA KANNADA,2002,Jowar,8.0
Karnataka,UTTARA KANNADA,2002,Maize,3.0
Karnataka,UTTARA KANNADA,2002,Rice,3227.0
Karnataka,UTTARA KANNADA,2002,Arcanut (Processed),16072.0
Karnataka,UTTARA KANNADA,2002,Atcanut (Raw),76602.0
Karnataka,UTTARA KANNADA,2002,Banana,24577.0
Karnataka,UTTARA KANNADA,2002,Black pepper,328.0
Karnataka,UTTARA KANNADA,2002,Brinjal,136.0
Karnataka,UTTARA KANNADA,2002,Cardamom,25.0
Karnataka,UTTARA KANNADA,2002,Cashewnut Processed,68.0
Karnataka,UTTARA KANNADA,2002,Cashewnut Raw,270.0
Karnataka,UTTARA KANNADA,2002,Citrus Fruit,69.0
Karnataka,UTTARA KANNADA,2002,Coconut ,29306.0
Karnataka,UTTARA KANNADA,2002,Dry chillies,23.0
Karnataka,UTTARA KANNADA,2002,Mango,6364.0
Karnataka,UTTARA KANNADA,2002,Onion,982.0
Karnataka,UTTARA KANNADA,2002,Other Fresh Fruits,135.0
Karnataka,UTTARA KANNADA,2002,Papaya,48.0
Karnataka,UTTARA KANNADA,2002,Pome Fruit,92.0
Karnataka,UTTARA KANNADA,2002,Sugarcane,64769.0
Karnataka,UTTARA KANNADA,2002,Sweet potato,190.0
Karnataka,UTTARA KANNADA,2002,Tomato,55.0
Karnataka,UTTARA KANNADA,2002,Turmeric,43.0
Karnataka,UTTARA KANNADA,2003,Arhar/Tur,51.0
Karnataka,UTTARA KANNADA,2003,Cotton(lint),14522.0
Karnataka,UTTARA KANNADA,2003,Dry ginger,293.0
Karnataka,UTTARA KANNADA,2003,Groundnut,251.0
Karnataka,UTTARA KANNADA,2003,Horse-gram,38.0
Karnataka,UTTARA KANNADA,2003,Jowar,52.0
Karnataka,UTTARA KANNADA,2003,Maize,1043.0
Karnataka,UTTARA KANNADA,2003,Mesta,2.0
Karnataka,UTTARA KANNADA,2003,Other Kharif pulses,19.0
Karnataka,UTTARA KANNADA,2003,Ragi,46.0
Karnataka,UTTARA KANNADA,2003,Rice,125609.0
Karnataka,UTTARA KANNADA,2003,Sesamum,3.0
Karnataka,UTTARA KANNADA,2003,Sunflower,8.0
Karnataka,UTTARA KANNADA,2003,Gram,3.0
Karnataka,UTTARA KANNADA,2003,Groundnut,4688.0
Karnataka,UTTARA KANNADA,2003,Horse-gram,47.0
Karnataka,UTTARA KANNADA,2003,Jowar,2.0
Karnataka,UTTARA KANNADA,2003,Linseed,1.0
Karnataka,UTTARA KANNADA,2003,Maize,4.0
Karnataka,UTTARA KANNADA,2003,Moong(Green Gram),170.0
Karnataka,UTTARA KANNADA,2003,Other  Rabi pulses,59.0
Karnataka,UTTARA KANNADA,2003,Ragi,3.0
Karnataka,UTTARA KANNADA,2003,Rice,7190.0
Karnataka,UTTARA KANNADA,2003,Sunflower,12.0
Karnataka,UTTARA KANNADA,2003,Urad,351.0
Karnataka,UTTARA KANNADA,2003,Jowar,7.0
Karnataka,UTTARA KANNADA,2003,Rice,4930.0
Karnataka,UTTARA KANNADA,2003,Arecanut,16552.0
Karnataka,UTTARA KANNADA,2003,Banana,1819.0
Karnataka,UTTARA KANNADA,2003,Black pepper,401.0
Karnataka,UTTARA KANNADA,2003,Brinjal,171.0
Karnataka,UTTARA KANNADA,2003,Cardamom,25.0
Karnataka,UTTARA KANNADA,2003,Citrus Fruit,16.0
Karnataka,UTTARA KANNADA,2003,Coconut ,29601.0
Karnataka,UTTARA KANNADA,2003,Dry chillies,140.0
Karnataka,UTTARA KANNADA,2003,Mango,4949.0
Karnataka,UTTARA KANNADA,2003,Onion,783.0
Karnataka,UTTARA KANNADA,2003,Other Fresh Fruits,120.0
Karnataka,UTTARA KANNADA,2003,Pome Fruit,66.0
Karnataka,UTTARA KANNADA,2003,Sannhamp,0.0
Karnataka,UTTARA KANNADA,2003,Sugarcane,58536.0
Karnataka,UTTARA KANNADA,2003,Sweet potato,171.0
Karnataka,UTTARA KANNADA,2003,Tomato,27.0
Karnataka,UTTARA KANNADA,2003,Turmeric,39.0
Karnataka,UTTARA KANNADA,2004,Arhar/Tur,83.0
Karnataka,UTTARA KANNADA,2004,Cotton(lint),10162.0
Karnataka,UTTARA KANNADA,2004,Dry ginger,216.0
Karnataka,UTTARA KANNADA,2004,Groundnut,380.0
Karnataka,UTTARA KANNADA,2004,Horse-gram,10.0
Karnataka,UTTARA KANNADA,2004,Jowar,398.0
Karnataka,UTTARA KANNADA,2004,Maize,2883.0
Karnataka,UTTARA KANNADA,2004,Mesta,2.0
Karnataka,UTTARA KANNADA,2004,Other Kharif pulses,34.0
Karnataka,UTTARA KANNADA,2004,Ragi,45.0
Karnataka,UTTARA KANNADA,2004,Rice,139814.1
Karnataka,UTTARA KANNADA,2004,Sesamum,3.0
Karnataka,UTTARA KANNADA,2004,Sunflower,10.0
Karnataka,UTTARA KANNADA,2004,Gram,4.0
Karnataka,UTTARA KANNADA,2004,Groundnut,5045.0
Karnataka,UTTARA KANNADA,2004,Horse-gram,91.0
Karnataka,UTTARA KANNADA,2004,Jowar,1.0
Karnataka,UTTARA KANNADA,2004,Linseed,3.0
Karnataka,UTTARA KANNADA,2004,Maize,5.0
Karnataka,UTTARA KANNADA,2004,Moong(Green Gram),148.0
Karnataka,UTTARA KANNADA,2004,Other  Rabi pulses,81.0
Karnataka,UTTARA KANNADA,2004,Ragi,5.0
Karnataka,UTTARA KANNADA,2004,Rice,6493.0
Karnataka,UTTARA KANNADA,2004,Sunflower,16.0
Karnataka,UTTARA KANNADA,2004,Urad,224.0
Karnataka,UTTARA KANNADA,2004,Jowar,2.0
Karnataka,UTTARA KANNADA,2004,Maize,6.0
Karnataka,UTTARA KANNADA,2004,Rice,4599.0
Karnataka,UTTARA KANNADA,2004,Arecanut,16701.0
Karnataka,UTTARA KANNADA,2004,Banana,4705.0
Karnataka,UTTARA KANNADA,2004,Black pepper,430.0
Karnataka,UTTARA KANNADA,2004,Cardamom,25.0
Karnataka,UTTARA KANNADA,2004,Coconut ,301499.04
Karnataka,UTTARA KANNADA,2004,Dry chillies,24.0
Karnataka,UTTARA KANNADA,2004,Onion,697.0
Karnataka,UTTARA KANNADA,2004,Sweet potato,178.0
Karnataka,UTTARA KANNADA,2004,Turmeric,19.0
Karnataka,UTTARA KANNADA,2005,Arhar/Tur,72.0
Karnataka,UTTARA KANNADA,2005,Dry chillies,12.0
Karnataka,UTTARA KANNADA,2005,Groundnut,272.0
Karnataka,UTTARA KANNADA,2005,Horse-gram,18.0
Karnataka,UTTARA KANNADA,2005,Jowar,325.0
Karnataka,UTTARA KANNADA,2005,Maize,4424.0
Karnataka,UTTARA KANNADA,2005,Ragi,21.0
Karnataka,UTTARA KANNADA,2005,Rice,157443.0
Karnataka,UTTARA KANNADA,2005,Sesamum,2.0
Karnataka,UTTARA KANNADA,2005,Soyabean,173.0
Karnataka,UTTARA KANNADA,2005,Sunflower,4.0
Karnataka,UTTARA KANNADA,2005,Dry chillies,8.0
Karnataka,UTTARA KANNADA,2005,Gram,8.0
Karnataka,UTTARA KANNADA,2005,Groundnut,4572.0
Karnataka,UTTARA KANNADA,2005,Horse-gram,110.0
Karnataka,UTTARA KANNADA,2005,Jowar,4.0
Karnataka,UTTARA KANNADA,2005,Linseed,
Karnataka,UTTARA KANNADA,2005,Maize,63.0
Karnataka,UTTARA KANNADA,2005,Moong(Green Gram),229.0
Karnataka,UTTARA KANNADA,2005,Onion,746.0
Karnataka,UTTARA KANNADA,2005,Other  Rabi pulses,84.0
Karnataka,UTTARA KANNADA,2005,Ragi,17.0
Karnataka,UTTARA KANNADA,2005,Rapeseed &Mustard,
Karnataka,UTTARA KANNADA,2005,Rice,4418.0
Karnataka,UTTARA KANNADA,2005,Sunflower,84.0
Karnataka,UTTARA KANNADA,2005,Urad,334.0
Karnataka,UTTARA KANNADA,2005,Jowar,5.0
Karnataka,UTTARA KANNADA,2005,Maize,12.0
Karnataka,UTTARA KANNADA,2005,Rice,4791.0
Karnataka,UTTARA KANNADA,2005,Arecanut,92799.0
Karnataka,UTTARA KANNADA,2005,Banana,2069.0
Karnataka,UTTARA KANNADA,2005,Black pepper,572.0
Karnataka,UTTARA KANNADA,2005,Cardamom,26.0
Karnataka,UTTARA KANNADA,2005,Coconut ,34229.0
Karnataka,UTTARA KANNADA,2005,Cotton(lint),5939.0
Karnataka,UTTARA KANNADA,2005,Dry ginger,509.0
Karnataka,UTTARA KANNADA,2005,Sugarcane,90912.0
Karnataka,UTTARA KANNADA,2005,Sweet potato,209.0
Karnataka,UTTARA KANNADA,2005,Tobacco,25.0
Karnataka,UTTARA KANNADA,2005,Turmeric,5.0
Karnataka,UTTARA KANNADA,2006,Arhar/Tur,39.0
Karnataka,UTTARA KANNADA,2006,Groundnut,136.0
Karnataka,UTTARA KANNADA,2006,Horse-gram,5.0
Karnataka,UTTARA KANNADA,2006,Jowar,135.0
Karnataka,UTTARA KANNADA,2006,Maize,1581.0
Karnataka,UTTARA KANNADA,2006,Ragi,14.0
Karnataka,UTTARA KANNADA,2006,Rice,154515.0
Karnataka,UTTARA KANNADA,2006,Sesamum,1.0
Karnataka,UTTARA KANNADA,2006,Soyabean,135.0
Karnataka,UTTARA KANNADA,2006,Sunflower,7.0
Karnataka,UTTARA KANNADA,2006,Gram,6.0
Karnataka,UTTARA KANNADA,2006,Groundnut,4318.0
Karnataka,UTTARA KANNADA,2006,Horse-gram,77.0
Karnataka,UTTARA KANNADA,2006,Jowar,2.0
Karnataka,UTTARA KANNADA,2006,Linseed,1.0
Karnataka,UTTARA KANNADA,2006,Maize,18.0
Karnataka,UTTARA KANNADA,2006,Moong(Green Gram),234.0
Karnataka,UTTARA KANNADA,2006,Other  Rabi pulses,126.0
Karnataka,UTTARA KANNADA,2006,Ragi,7.0
Karnataka,UTTARA KANNADA,2006,Rice,4791.0
Karnataka,UTTARA KANNADA,2006,Sunflower,95.0
Karnataka,UTTARA KANNADA,2006,Urad,333.0
Karnataka,UTTARA KANNADA,2006,Maize,131.0
Karnataka,UTTARA KANNADA,2006,Rice,3717.0
Karnataka,UTTARA KANNADA,2006,Sunflower,2.0
Karnataka,UTTARA KANNADA,2006,Arecanut,20135.0
Karnataka,UTTARA KANNADA,2006,Banana,4232.0
Karnataka,UTTARA KANNADA,2006,Black pepper,621.0
Karnataka,UTTARA KANNADA,2006,Cardamom,29.0
Karnataka,UTTARA KANNADA,2006,Coconut ,35570.0
Karnataka,UTTARA KANNADA,2006,Cotton(lint),4285.0
Karnataka,UTTARA KANNADA,2006,Dry chillies,27.0
Karnataka,UTTARA KANNADA,2006,Dry ginger,993.0
Karnataka,UTTARA KANNADA,2006,Onion,457.0
Karnataka,UTTARA KANNADA,2006,Sugarcane,108988.0
Karnataka,UTTARA KANNADA,2006,Sweet potato,216.0
Karnataka,UTTARA KANNADA,2006,Tobacco,59.0
Karnataka,UTTARA KANNADA,2006,Turmeric,5.0
Karnataka,UTTARA KANNADA,2007,Arhar/Tur,54.0
Karnataka,UTTARA KANNADA,2007,Dry chillies,11.0
Karnataka,UTTARA KANNADA,2007,Groundnut,230.0
Karnataka,UTTARA KANNADA,2007,Horse-gram,7.0
Karnataka,UTTARA KANNADA,2007,Jowar,132.0
Karnataka,UTTARA KANNADA,2007,Maize,8409.0
Karnataka,UTTARA KANNADA,2007,Ragi,26.0
Karnataka,UTTARA KANNADA,2007,Rice,155370.0
Karnataka,UTTARA KANNADA,2007,Sesamum,1.0
Karnataka,UTTARA KANNADA,2007,Soyabean,104.0
Karnataka,UTTARA KANNADA,2007,Sunflower,3.0
Karnataka,UTTARA KANNADA,2007,Dry chillies,9.0
Karnataka,UTTARA KANNADA,2007,Gram,9.0
Karnataka,UTTARA KANNADA,2007,Groundnut,4699.0
Karnataka,UTTARA KANNADA,2007,Horse-gram,115.0
Karnataka,UTTARA KANNADA,2007,Jowar,12.0
Karnataka,UTTARA KANNADA,2007,Linseed,1.0
Karnataka,UTTARA KANNADA,2007,Maize,145.0
Karnataka,UTTARA KANNADA,2007,Moong(Green Gram),687.0
Karnataka,UTTARA KANNADA,2007,Onion,598.0
Karnataka,UTTARA KANNADA,2007,Other  Rabi pulses,140.0
Karnataka,UTTARA KANNADA,2007,Ragi,13.0
Karnataka,UTTARA KANNADA,2007,Rice,4075.0
Karnataka,UTTARA KANNADA,2007,Sunflower,145.0
Karnataka,UTTARA KANNADA,2007,Urad,226.0
Karnataka,UTTARA KANNADA,2007,Maize,168.0
Karnataka,UTTARA KANNADA,2007,Onion,84.0
Karnataka,UTTARA KANNADA,2007,Rice,3847.0
Karnataka,UTTARA KANNADA,2007,Arecanut,97101.0
Karnataka,UTTARA KANNADA,2007,Banana,5453.0
Karnataka,UTTARA KANNADA,2007,Black pepper,814.0
Karnataka,UTTARA KANNADA,2007,Cardamom,47.0
Karnataka,UTTARA KANNADA,2007,Coconut ,38738.0
Karnataka,UTTARA KANNADA,2007,Cotton(lint),5504.0
Karnataka,UTTARA KANNADA,2007,Dry ginger,1888.0
Karnataka,UTTARA KANNADA,2007,Sugarcane,125472.0
Karnataka,UTTARA KANNADA,2007,Sweet potato,197.0
Karnataka,UTTARA KANNADA,2007,Tobacco,46.0
Karnataka,UTTARA KANNADA,2007,Turmeric,8.0
Karnataka,UTTARA KANNADA,2008,Arhar/Tur,36.0
Karnataka,UTTARA KANNADA,2008,Groundnut,108.0
Karnataka,UTTARA KANNADA,2008,Horse-gram,6.0
Karnataka,UTTARA KANNADA,2008,Jowar,85.0
Karnataka,UTTARA KANNADA,2008,Maize,13141.0
Karnataka,UTTARA KANNADA,2008,Ragi,18.0
Karnataka,UTTARA KANNADA,2008,Rice,115401.83
Karnataka,UTTARA KANNADA,2008,Sesamum,1.0
Karnataka,UTTARA KANNADA,2008,Soyabean,21.0
Karnataka,UTTARA KANNADA,2008,Sunflower,3.0
Karnataka,UTTARA KANNADA,2008,Dry chillies,7.0
Karnataka,UTTARA KANNADA,2008,Gram,5.0
Karnataka,UTTARA KANNADA,2008,Groundnut,4031.0
Karnataka,UTTARA KANNADA,2008,Horse-gram,70.0
Karnataka,UTTARA KANNADA,2008,Jowar,2.0
Karnataka,UTTARA KANNADA,2008,Linseed,3.0
Karnataka,UTTARA KANNADA,2008,Maize,728.0
Karnataka,UTTARA KANNADA,2008,Moong(Green Gram),176.0
Karnataka,UTTARA KANNADA,2008,Onion,481.0
Karnataka,UTTARA KANNADA,2008,Other  Rabi pulses,153.0
Karnataka,UTTARA KANNADA,2008,Ragi,3.0
Karnataka,UTTARA KANNADA,2008,Rice,4456.0
Karnataka,UTTARA KANNADA,2008,Sunflower,174.0
Karnataka,UTTARA KANNADA,2008,Urad,225.0
Karnataka,UTTARA KANNADA,2008,Maize,371.0
Karnataka,UTTARA KANNADA,2008,Rice,2650.0
Karnataka,UTTARA KANNADA,2008,Sunflower,2.0
Karnataka,UTTARA KANNADA,2008,Arecanut,102368.0
Karnataka,UTTARA KANNADA,2008,Banana,10552.0
Karnataka,UTTARA KANNADA,2008,Black pepper,1369.0
Karnataka,UTTARA KANNADA,2008,Cardamom,53.0
Karnataka,UTTARA KANNADA,2008,Cashewnut,2525.02
Karnataka,UTTARA KANNADA,2008,Coconut ,54795.0
Karnataka,UTTARA KANNADA,2008,Cotton(lint),6391.0
Karnataka,UTTARA KANNADA,2008,Dry ginger,10163.0
Karnataka,UTTARA KANNADA,2008,Sugarcane,107371.0
Karnataka,UTTARA KANNADA,2008,Sweet potato,273.0
Karnataka,UTTARA KANNADA,2008,Tobacco,33.0
Karnataka,UTTARA KANNADA,2008,Turmeric,14.0
Karnataka,UTTARA KANNADA,2009,Arhar/Tur,21.0
Karnataka,UTTARA KANNADA,2009,Gram,10.0
Karnataka,UTTARA KANNADA,2009,Groundnut,145.0
Karnataka,UTTARA KANNADA,2009,Horse-gram,10.0
Karnataka,UTTARA KANNADA,2009,Jowar,36.0
Karnataka,UTTARA KANNADA,2009,Maize,15271.0
Karnataka,UTTARA KANNADA,2009,Ragi,9.0
Karnataka,UTTARA KANNADA,2009,Rice,146628.87
Karnataka,UTTARA KANNADA,2009,Sesamum,
Karnataka,UTTARA KANNADA,2009,Soyabean,8.0
Karnataka,UTTARA KANNADA,2009,Dry chillies,12.0
Karnataka,UTTARA KANNADA,2009,Gram,99.0
Karnataka,UTTARA KANNADA,2009,Groundnut,4667.0
Karnataka,UTTARA KANNADA,2009,Horse-gram,99.0
Karnataka,UTTARA KANNADA,2009,Jowar,1.0
Karnataka,UTTARA KANNADA,2009,Maize,603.0
Karnataka,UTTARA KANNADA,2009,Moong(Green Gram),167.0
Karnataka,UTTARA KANNADA,2009,Onion,421.0
Karnataka,UTTARA KANNADA,2009,Other  Rabi pulses,140.0
Karnataka,UTTARA KANNADA,2009,Rice,4209.0
Karnataka,UTTARA KANNADA,2009,Sunflower,140.0
Karnataka,UTTARA KANNADA,2009,Urad,245.0
Karnataka,UTTARA KANNADA,2009,Maize,487.0
Karnataka,UTTARA KANNADA,2009,Rice,4707.0
Karnataka,UTTARA KANNADA,2009,Sunflower,1.0
Karnataka,UTTARA KANNADA,2009,Arecanut,104162.0
Karnataka,UTTARA KANNADA,2009,Banana,22836.0
Karnataka,UTTARA KANNADA,2009,Black pepper,1485.0
Karnataka,UTTARA KANNADA,2009,Cardamom,71.0
Karnataka,UTTARA KANNADA,2009,Cashewnut,1906.0
Karnataka,UTTARA KANNADA,2009,Coconut ,53902.0
Karnataka,UTTARA KANNADA,2009,Cotton(lint),5287.0
Karnataka,UTTARA KANNADA,2009,Dry ginger,8723.0
Karnataka,UTTARA KANNADA,2009,Sannhamp,4.0
Karnataka,UTTARA KANNADA,2009,Sugarcane,105002.0
Karnataka,UTTARA KANNADA,2009,Sweet potato,177.0
Karnataka,UTTARA KANNADA,2009,Tobacco,4.0
Karnataka,UTTARA KANNADA,2009,Turmeric,15.0
Karnataka,UTTARA KANNADA,2010,Arhar/Tur,23.0
Karnataka,UTTARA KANNADA,2010,Cotton(lint),8226.0
Karnataka,UTTARA KANNADA,2010,Groundnut,228.0
Karnataka,UTTARA KANNADA,2010,Horse-gram,9.0
Karnataka,UTTARA KANNADA,2010,Jowar,30.0
Karnataka,UTTARA KANNADA,2010,Maize,17818.0
Karnataka,UTTARA KANNADA,2010,Other Kharif pulses,3.0
Karnataka,UTTARA KANNADA,2010,Ragi,8.0
Karnataka,UTTARA KANNADA,2010,Rice,143863.0
Karnataka,UTTARA KANNADA,2010,Sesamum,2.0
Karnataka,UTTARA KANNADA,2010,Cowpea(Lobia),88.0
Karnataka,UTTARA KANNADA,2010,Dry chillies,19.0
Karnataka,UTTARA KANNADA,2010,Gram,6.0
Karnataka,UTTARA KANNADA,2010,Groundnut,4273.0
Karnataka,UTTARA KANNADA,2010,Horse-gram,106.0
Karnataka,UTTARA KANNADA,2010,Jowar,1.0
Karnataka,UTTARA KANNADA,2010,Maize,625.0
Karnataka,UTTARA KANNADA,2010,Moong(Green Gram),117.0
Karnataka,UTTARA KANNADA,2010,Onion,500.0
Karnataka,UTTARA KANNADA,2010,Other  Rabi pulses,51.0
Karnataka,UTTARA KANNADA,2010,Ragi,7.0
Karnataka,UTTARA KANNADA,2010,Rice,4460.0
Karnataka,UTTARA KANNADA,2010,Sunflower,185.0
Karnataka,UTTARA KANNADA,2010,Urad,265.0
Karnataka,UTTARA KANNADA,2010,Maize,302.0
Karnataka,UTTARA KANNADA,2010,Rice,3137.0
Karnataka,UTTARA KANNADA,2010,Arecanut,232441.0
Karnataka,UTTARA KANNADA,2010,Banana,26060.0
Karnataka,UTTARA KANNADA,2010,Black pepper,96.1
Karnataka,UTTARA KANNADA,2010,Cardamom,64.0
Karnataka,UTTARA KANNADA,2010,Cashewnut,1860.0
Karnataka,UTTARA KANNADA,2010,Coconut ,65107.0
Karnataka,UTTARA KANNADA,2010,Dry ginger,738.2
Karnataka,UTTARA KANNADA,2010,Sannhamp,8.0
Karnataka,UTTARA KANNADA,2010,Sugarcane,137256.0
Karnataka,UTTARA KANNADA,2010,Sweet potato,280.0
Karnataka,UTTARA KANNADA,2010,Turmeric,5.0
Karnataka,UTTARA KANNADA,2011,Arhar/Tur,14.0
Karnataka,UTTARA KANNADA,2011,Cotton(lint),3298.0
Karnataka,UTTARA KANNADA,2011,Groundnut,147.0
Karnataka,UTTARA KANNADA,2011,Horse-gram,7.0
Karnataka,UTTARA KANNADA,2011,Jowar,4.0
Karnataka,UTTARA KANNADA,2011,Maize,10596.0
Karnataka,UTTARA KANNADA,2011,Ragi,7.0
Karnataka,UTTARA KANNADA,2011,Rice,144585.0
Karnataka,UTTARA KANNADA,2011,Sesamum,1.0
Karnataka,UTTARA KANNADA,2011,Cowpea(Lobia),77.0
Karnataka,UTTARA KANNADA,2011,Dry chillies,14.0
Karnataka,UTTARA KANNADA,2011,Gram,2.0
Karnataka,UTTARA KANNADA,2011,Groundnut,3418.0
Karnataka,UTTARA KANNADA,2011,Horse-gram,162.0
Karnataka,UTTARA KANNADA,2011,Maize,690.0
Karnataka,UTTARA KANNADA,2011,Moong(Green Gram),292.0
Karnataka,UTTARA KANNADA,2011,Onion,446.0
Karnataka,UTTARA KANNADA,2011,Other  Rabi pulses,112.0
Karnataka,UTTARA KANNADA,2011,Ragi,7.0
Karnataka,UTTARA KANNADA,2011,Rice,4262.0
Karnataka,UTTARA KANNADA,2011,Sunflower,127.0
Karnataka,UTTARA KANNADA,2011,Urad,262.0
Karnataka,UTTARA KANNADA,2011,Jowar,4.0
Karnataka,UTTARA KANNADA,2011,Maize,994.0
Karnataka,UTTARA KANNADA,2011,Rice,2818.0
Karnataka,UTTARA KANNADA,2011,Sunflower,4.0
Karnataka,UTTARA KANNADA,2011,Arecanut,240463.0
Karnataka,UTTARA KANNADA,2011,Banana,28977.0
Karnataka,UTTARA KANNADA,2011,Black pepper,110.9
Karnataka,UTTARA KANNADA,2011,Cardamom,66.0
Karnataka,UTTARA KANNADA,2011,Cashewnut,1872.0
Karnataka,UTTARA KANNADA,2011,Coconut ,59392.0
Karnataka,UTTARA KANNADA,2011,Dry ginger,1781.8
Karnataka,UTTARA KANNADA,2011,Sugarcane,151194.0
Karnataka,UTTARA KANNADA,2011,Sweet potato,393.0
Karnataka,UTTARA KANNADA,2011,Turmeric,30.0
Karnataka,UTTARA KANNADA,2012,Arhar/Tur,24.0
Karnataka,UTTARA KANNADA,2012,Cotton(lint),5964.0
Karnataka,UTTARA KANNADA,2012,Groundnut,102.0
Karnataka,UTTARA KANNADA,2012,Horse-gram,4.0
Karnataka,UTTARA KANNADA,2012,Jowar,6.0
Karnataka,UTTARA KANNADA,2012,Maize,23044.0
Karnataka,UTTARA KANNADA,2012,Ragi,18.0
Karnataka,UTTARA KANNADA,2012,Rice,144149.0
Karnataka,UTTARA KANNADA,2012,Soyabean,4.0
Karnataka,UTTARA KANNADA,2012,Cowpea(Lobia),33.0
Karnataka,UTTARA KANNADA,2012,Dry chillies,16.0
Karnataka,UTTARA KANNADA,2012,Gram,3.0
Karnataka,UTTARA KANNADA,2012,Groundnut,2949.0
Karnataka,UTTARA KANNADA,2012,Horse-gram,113.0
Karnataka,UTTARA KANNADA,2012,Jowar,3.0
Karnataka,UTTARA KANNADA,2012,Maize,720.0
Karnataka,UTTARA KANNADA,2012,Moong(Green Gram),152.0
Karnataka,UTTARA KANNADA,2012,Onion,353.0
Karnataka,UTTARA KANNADA,2012,Other  Rabi pulses,49.0
Karnataka,UTTARA KANNADA,2012,Ragi,6.0
Karnataka,UTTARA KANNADA,2012,Rice,3421.0
Karnataka,UTTARA KANNADA,2012,Sunflower,70.0
Karnataka,UTTARA KANNADA,2012,Urad,125.0
Karnataka,UTTARA KANNADA,2012,Cowpea(Lobia),45.0
Karnataka,UTTARA KANNADA,2012,Groundnut,691.0
Karnataka,UTTARA KANNADA,2012,Maize,1014.0
Karnataka,UTTARA KANNADA,2012,Rice,2499.0
Karnataka,UTTARA KANNADA,2012,Sunflower,9.0
Karnataka,UTTARA KANNADA,2012,Arecanut,249912.0
Karnataka,UTTARA KANNADA,2012,Black pepper,1614.0
Karnataka,UTTARA KANNADA,2012,Cardamom,98.0
Karnataka,UTTARA KANNADA,2012,Cashewnut,1974.0
Karnataka,UTTARA KANNADA,2012,Coconut ,59692.0
Karnataka,UTTARA KANNADA,2012,Dry ginger,8538.0
Karnataka,UTTARA KANNADA,2012,Sannhamp,15.0
Karnataka,UTTARA KANNADA,2012,Sugarcane,327606.0
Karnataka,UTTARA KANNADA,2012,Sweet potato,403.0
Karnataka,UTTARA KANNADA,2012,Turmeric,263.0
Karnataka,UTTARA KANNADA,2013,Arhar/Tur,6.0
Karnataka,UTTARA KANNADA,2013,Cotton(lint),2763.0
Karnataka,UTTARA KANNADA,2013,Groundnut,149.0
Karnataka,UTTARA KANNADA,2013,Horse-gram,8.0
Karnataka,UTTARA KANNADA,2013,Maize,14718.0
Karnataka,UTTARA KANNADA,2013,Ragi,15.0
Karnataka,UTTARA KANNADA,2013,Rice,163211.0
Karnataka,UTTARA KANNADA,2013,Cowpea(Lobia),70.0
Karnataka,UTTARA KANNADA,2013,Dry chillies,13.0
Karnataka,UTTARA KANNADA,2013,Gram,10.0
Karnataka,UTTARA KANNADA,2013,Groundnut,3994.0
Karnataka,UTTARA KANNADA,2013,Horse-gram,137.0
Karnataka,UTTARA KANNADA,2013,Jowar,2.0
Karnataka,UTTARA KANNADA,2013,Maize,778.0
Karnataka,UTTARA KANNADA,2013,Moong(Green Gram),152.0
Karnataka,UTTARA KANNADA,2013,Onion,429.0
Karnataka,UTTARA KANNADA,2013,Other  Rabi pulses,78.0
Karnataka,UTTARA KANNADA,2013,Ragi,1.0
Karnataka,UTTARA KANNADA,2013,Rice,4115.0
Karnataka,UTTARA KANNADA,2013,Sunflower,56.0
Karnataka,UTTARA KANNADA,2013,Urad,197.0
Karnataka,UTTARA KANNADA,2013,Cowpea(Lobia),46.0
Karnataka,UTTARA KANNADA,2013,Dry chillies,16.0
Karnataka,UTTARA KANNADA,2013,Jowar,3.0
Karnataka,UTTARA KANNADA,2013,Maize,1333.0
Karnataka,UTTARA KANNADA,2013,Rice,2997.0
Karnataka,UTTARA KANNADA,2013,Sunflower,3.0
Karnataka,UTTARA KANNADA,2013,Arecanut,196828.0
Karnataka,UTTARA KANNADA,2013,Black pepper,1903.0
Karnataka,UTTARA KANNADA,2013,Cardamom,85.0
Karnataka,UTTARA KANNADA,2013,Cashewnut,3618.0
Karnataka,UTTARA KANNADA,2013,Coconut ,61630.0
Karnataka,UTTARA KANNADA,2013,Dry ginger,7288.0
Karnataka,UTTARA KANNADA,2013,Sugarcane,419797.0
Karnataka,UTTARA KANNADA,2013,Sweet potato,294.0
Karnataka,UTTARA KANNADA,2013,Turmeric,33.0
Karnataka,UTTARA KANNADA,2014,Arhar/Tur,3.0
Karnataka,UTTARA KANNADA,2014,Cotton(lint),2612.0
Karnataka,UTTARA KANNADA,2014,Groundnut,109.0
Karnataka,UTTARA KANNADA,2014,Horse-gram,3.0
Karnataka,UTTARA KANNADA,2014,Maize,21938.0
Karnataka,UTTARA KANNADA,2014,Ragi,15.0
Karnataka,UTTARA KANNADA,2014,Rice,145604.0
Karnataka,UTTARA KANNADA,2014,Soyabean,3.0
Karnataka,UTTARA KANNADA,2014,Cowpea(Lobia),70.0
Karnataka,UTTARA KANNADA,2014,Dry chillies,9.0
Karnataka,UTTARA KANNADA,2014,Gram,13.0
Karnataka,UTTARA KANNADA,2014,Groundnut,3779.0
Karnataka,UTTARA KANNADA,2014,Horse-gram,226.0
Karnataka,UTTARA KANNADA,2014,Maize,632.0
Karnataka,UTTARA KANNADA,2014,Moong(Green Gram),143.0
Karnataka,UTTARA KANNADA,2014,Onion,384.0
Karnataka,UTTARA KANNADA,2014,Other  Rabi pulses,49.0
Karnataka,UTTARA KANNADA,2014,Ragi,2.0
Karnataka,UTTARA KANNADA,2014,Rice,4012.0
Karnataka,UTTARA KANNADA,2014,Sunflower,27.0
Karnataka,UTTARA KANNADA,2014,Urad,165.0
Karnataka,UTTARA KANNADA,2014,Cowpea(Lobia),38.0
Karnataka,UTTARA KANNADA,2014,Dry chillies,17.0
Karnataka,UTTARA KANNADA,2014,Groundnut,28.0
Karnataka,UTTARA KANNADA,2014,Maize,1432.0
Karnataka,UTTARA KANNADA,2014,Rice,3086.0
Karnataka,UTTARA KANNADA,2014,Sunflower,2.0
Karnataka,UTTARA KANNADA,2014,Arecanut,227247.0
Karnataka,UTTARA KANNADA,2014,Black pepper,4532.0
Karnataka,UTTARA KANNADA,2014,Cardamom,67.0
Karnataka,UTTARA KANNADA,2014,Cashewnut,3718.0
Karnataka,UTTARA KANNADA,2014,Coconut ,69463.0
Karnataka,UTTARA KANNADA,2014,Dry ginger,10805.0
Karnataka,UTTARA KANNADA,2014,Sannhamp,18.0
Karnataka,UTTARA KANNADA,2014,Sugarcane,483525.0
Karnataka,UTTARA KANNADA,2014,Sweet potato,339.0
Karnataka,UTTARA KANNADA,2014,Turmeric,42.0
Karnataka,YADGIR,2010,Arhar/Tur,48218.0
Karnataka,YADGIR,2010,Bajra,18167.0
Karnataka,YADGIR,2010,Castor seed,19.0
Karnataka,YADGIR,2010,Cotton(lint),87054.0
Karnataka,YADGIR,2010,Cowpea(Lobia),83.0
Karnataka,YADGIR,2010,Dry chillies,1385.0
Karnataka,YADGIR,2010,Groundnut,3893.0
Karnataka,YADGIR,2010,Horse-gram,52.0
Karnataka,YADGIR,2010,Jowar,1666.0
Karnataka,YADGIR,2010,Maize,921.0
Karnataka,YADGIR,2010,Moong(Green Gram),20298.0
Karnataka,YADGIR,2010,Niger seed,25.0
Karnataka,YADGIR,2010,Onion,1952.0
Karnataka,YADGIR,2010,Other Kharif pulses,43.0
Karnataka,YADGIR,2010,Rice,106769.0
Karnataka,YADGIR,2010,Sesamum,61.0
Karnataka,YADGIR,2010,Small millets,69.0
Karnataka,YADGIR,2010,Sunflower,3189.0
Karnataka,YADGIR,2010,Urad,544.0
Karnataka,YADGIR,2010,Bajra,50.0
Karnataka,YADGIR,2010,Cowpea(Lobia),14.0
Karnataka,YADGIR,2010,Dry chillies,60.0
Karnataka,YADGIR,2010,Gram,18141.0
Karnataka,YADGIR,2010,Groundnut,18873.0
Karnataka,YADGIR,2010,Horse-gram,177.0
Karnataka,YADGIR,2010,Jowar,58731.0
Karnataka,YADGIR,2010,Linseed,8.0
Karnataka,YADGIR,2010,Maize,291.0
Karnataka,YADGIR,2010,Onion,1952.0
Karnataka,YADGIR,2010,Rice,8166.0
Karnataka,YADGIR,2010,Safflower,650.0
Karnataka,YADGIR,2010,Sunflower,883.0
Karnataka,YADGIR,2010,Wheat,1605.0
Karnataka,YADGIR,2010,Bajra,462.0
Karnataka,YADGIR,2010,Dry chillies,6.0
Karnataka,YADGIR,2010,Jowar,42.0
Karnataka,YADGIR,2010,Maize,58.0
Karnataka,YADGIR,2010,Onion,192.0
Karnataka,YADGIR,2010,Rice,81236.0
Karnataka,YADGIR,2010,Sunflower,70.0
Karnataka,YADGIR,2010,Coconut ,2084.0
Karnataka,YADGIR,2010,Coriander,
Karnataka,YADGIR,2010,Mesta,8.0
Karnataka,YADGIR,2010,Sugarcane,13082.0
Karnataka,YADGIR,2010,Sweet potato,157.0
Karnataka,YADGIR,2011,Arhar/Tur,29975.0
Karnataka,YADGIR,2011,Bajra,9655.0
Karnataka,YADGIR,2011,Castor seed,23.0
Karnataka,YADGIR,2011,Cotton(lint),109239.0
Karnataka,YADGIR,2011,Cowpea(Lobia),139.0
Karnataka,YADGIR,2011,Dry chillies,1998.0
Karnataka,YADGIR,2011,Groundnut,2120.0
Karnataka,YADGIR,2011,Horse-gram,34.0
Karnataka,YADGIR,2011,Jowar,368.0
Karnataka,YADGIR,2011,Maize,374.0
Karnataka,YADGIR,2011,Moong(Green Gram),8486.0
Karnataka,YADGIR,2011,Niger seed,1.0
Karnataka,YADGIR,2011,Onion,2764.0
Karnataka,YADGIR,2011,Other Kharif pulses,11.0
Karnataka,YADGIR,2011,Rice,102798.0
Karnataka,YADGIR,2011,Sesamum,47.0
Karnataka,YADGIR,2011,Small millets,15.0
Karnataka,YADGIR,2011,Sunflower,2944.0
Karnataka,YADGIR,2011,Urad,331.0
Karnataka,YADGIR,2011,Bajra,545.0
Karnataka,YADGIR,2011,Cotton(lint),6.0
Karnataka,YADGIR,2011,Cowpea(Lobia),5.0
Karnataka,YADGIR,2011,Dry chillies,5.0
Karnataka,YADGIR,2011,Gram,4627.0
Karnataka,YADGIR,2011,Groundnut,13247.0
Karnataka,YADGIR,2011,Horse-gram,42.0
Karnataka,YADGIR,2011,Jowar,33855.0
Karnataka,YADGIR,2011,Linseed,5.0
Karnataka,YADGIR,2011,Maize,308.0
Karnataka,YADGIR,2011,Moong(Green Gram),3.0
Karnataka,YADGIR,2011,Onion,3056.0
Karnataka,YADGIR,2011,Rapeseed &Mustard,9.0
Karnataka,YADGIR,2011,Rice,18015.0
Karnataka,YADGIR,2011,Safflower,343.0
Karnataka,YADGIR,2011,Sunflower,577.0
Karnataka,YADGIR,2011,Urad,1.0
Karnataka,YADGIR,2011,Wheat,1126.0
Karnataka,YADGIR,2011,Bajra,647.0
Karnataka,YADGIR,2011,Dry chillies,14.0
Karnataka,YADGIR,2011,Jowar,146.0
Karnataka,YADGIR,2011,Maize,480.0
Karnataka,YADGIR,2011,Onion,92.0
Karnataka,YADGIR,2011,Rice,11222.0
Karnataka,YADGIR,2011,Sunflower,72.0
Karnataka,YADGIR,2011,Coconut ,2167.0
Karnataka,YADGIR,2011,Coriander,1.0
Karnataka,YADGIR,2011,Mesta,6.0
Karnataka,YADGIR,2011,Sugarcane,25354.0
Karnataka,YADGIR,2012,Arhar/Tur,34389.0
Karnataka,YADGIR,2012,Bajra,18977.0
Karnataka,YADGIR,2012,Castor seed,19.0
Karnataka,YADGIR,2012,Cotton(lint),183167.0
Karnataka,YADGIR,2012,Cowpea(Lobia),23.0
Karnataka,YADGIR,2012,Dry chillies,1365.0
Karnataka,YADGIR,2012,Groundnut,5921.0
Karnataka,YADGIR,2012,Horse-gram,42.0
Karnataka,YADGIR,2012,Jowar,1095.0
Karnataka,YADGIR,2012,Maize,318.0
Karnataka,YADGIR,2012,Moong(Green Gram),8310.0
Karnataka,YADGIR,2012,Niger seed,15.0
Karnataka,YADGIR,2012,Onion,1401.0
Karnataka,YADGIR,2012,Other Kharif pulses,78.0
Karnataka,YADGIR,2012,Rice,64608.0
Karnataka,YADGIR,2012,Sesamum,14.0
Karnataka,YADGIR,2012,Small millets,11.0
Karnataka,YADGIR,2012,Sunflower,2973.0
Karnataka,YADGIR,2012,Urad,473.0
Karnataka,YADGIR,2012,Cowpea(Lobia),5.0
Karnataka,YADGIR,2012,Gram,9328.0
Karnataka,YADGIR,2012,Groundnut,16512.0
Karnataka,YADGIR,2012,Horse-gram,66.0
Karnataka,YADGIR,2012,Jowar,59463.0
Karnataka,YADGIR,2012,Linseed,1.0
Karnataka,YADGIR,2012,Maize,1174.0
Karnataka,YADGIR,2012,Onion,1702.0
Karnataka,YADGIR,2012,Rice,9731.0
Karnataka,YADGIR,2012,Safflower,484.0
Karnataka,YADGIR,2012,Sunflower,1625.0
Karnataka,YADGIR,2012,Urad,1.0
Karnataka,YADGIR,2012,Wheat,873.0
Karnataka,YADGIR,2012,Groundnut,9665.0
Karnataka,YADGIR,2012,Maize,313.0
Karnataka,YADGIR,2012,Onion,23.0
Karnataka,YADGIR,2012,Rice,9285.0
Karnataka,YADGIR,2012,Sunflower,101.0
Karnataka,YADGIR,2012,Coconut ,2107.0
Karnataka,YADGIR,2012,Mesta,5.0
Karnataka,YADGIR,2012,Sugarcane,97896.0
Karnataka,YADGIR,2013,Arhar/Tur,66589.0
Karnataka,YADGIR,2013,Bajra,20531.0
Karnataka,YADGIR,2013,Castor seed,140.0
Karnataka,YADGIR,2013,Cotton(lint),381928.0
Karnataka,YADGIR,2013,Cowpea(Lobia),18.0
Karnataka,YADGIR,2013,Dry chillies,1324.0
Karnataka,YADGIR,2013,Groundnut,5228.0
Karnataka,YADGIR,2013,Horse-gram,20.0
Karnataka,YADGIR,2013,Jowar,203.0
Karnataka,YADGIR,2013,Maize,202.0
Karnataka,YADGIR,2013,Moong(Green Gram),11177.0
Karnataka,YADGIR,2013,Niger seed,4.0
Karnataka,YADGIR,2013,Onion,1674.0
Karnataka,YADGIR,2013,Other Kharif pulses,4.0
Karnataka,YADGIR,2013,Rice,101680.0
Karnataka,YADGIR,2013,Sesamum,25.0
Karnataka,YADGIR,2013,Small millets,12.0
Karnataka,YADGIR,2013,Sunflower,4580.0
Karnataka,YADGIR,2013,Urad,251.0
Karnataka,YADGIR,2013,Cowpea(Lobia),30.0
Karnataka,YADGIR,2013,Dry chillies,70.0
Karnataka,YADGIR,2013,Gram,8711.0
Karnataka,YADGIR,2013,Horse-gram,33.0
Karnataka,YADGIR,2013,Jowar,71604.0
Karnataka,YADGIR,2013,Linseed,2.0
Karnataka,YADGIR,2013,Maize,165.0
Karnataka,YADGIR,2013,Onion,5558.0
Karnataka,YADGIR,2013,Rice,13859.0
Karnataka,YADGIR,2013,Safflower,376.0
Karnataka,YADGIR,2013,Sunflower,1778.0
Karnataka,YADGIR,2013,Wheat,532.0
Karnataka,YADGIR,2013,Groundnut,26239.0
Karnataka,YADGIR,2013,Jowar,18.0
Karnataka,YADGIR,2013,Maize,289.0
Karnataka,YADGIR,2013,Onion,24.0
Karnataka,YADGIR,2013,Rice,18875.0
Karnataka,YADGIR,2013,Sunflower,408.0
Karnataka,YADGIR,2013,Coconut ,1563.0
Karnataka,YADGIR,2013,Sugarcane,107785.0
Karnataka,YADGIR,2014,Arhar/Tur,28414.0
Karnataka,YADGIR,2014,Bajra,15552.0
Karnataka,YADGIR,2014,Castor seed,30.0
Karnataka,YADGIR,2014,Cotton(lint),362752.0
Karnataka,YADGIR,2014,Cowpea(Lobia),30.0
Karnataka,YADGIR,2014,Dry chillies,1424.0
Karnataka,YADGIR,2014,Groundnut,3225.0
Karnataka,YADGIR,2014,Horse-gram,5.0
Karnataka,YADGIR,2014,Jowar,441.0
Karnataka,YADGIR,2014,Maize,2316.0
Karnataka,YADGIR,2014,Moong(Green Gram),3598.0
Karnataka,YADGIR,2014,Niger seed,4.0
Karnataka,YADGIR,2014,Onion,2029.0
Karnataka,YADGIR,2014,Other Kharif pulses,6.0
Karnataka,YADGIR,2014,Rice,146014.0
Karnataka,YADGIR,2014,Sesamum,34.0
Karnataka,YADGIR,2014,Small millets,20.0
Karnataka,YADGIR,2014,Sunflower,2114.0
Karnataka,YADGIR,2014,Urad,65.0
Karnataka,YADGIR,2014,Cowpea(Lobia),14.0
Karnataka,YADGIR,2014,Dry chillies,96.0
Karnataka,YADGIR,2014,Gram,12026.0
Karnataka,YADGIR,2014,Horse-gram,72.0
Karnataka,YADGIR,2014,Jowar,48023.0
Karnataka,YADGIR,2014,Maize,385.0
Karnataka,YADGIR,2014,Onion,2180.0
Karnataka,YADGIR,2014,Rice,36542.0
Karnataka,YADGIR,2014,Safflower,311.0
Karnataka,YADGIR,2014,Sunflower,136.0
Karnataka,YADGIR,2014,Wheat,1137.0
Karnataka,YADGIR,2014,Cowpea(Lobia),4.0
Karnataka,YADGIR,2014,Groundnut,23140.0
Karnataka,YADGIR,2014,Jowar,61.0
Karnataka,YADGIR,2014,Maize,59.0
Karnataka,YADGIR,2014,Onion,34.0
Karnataka,YADGIR,2014,Rice,35029.0
Karnataka,YADGIR,2014,Sunflower,5.0
Karnataka,YADGIR,2014,Coconut ,1499.0
Karnataka,YADGIR,2014,Coriander,
Karnataka,YADGIR,2014,Sugarcane,78614.0
